Hash,MalwareFamily,Arch,group,inert,split
2e3a8f4554cd24964841de3f6dc2761d45051324d5aa11aac0f952cc944602ac,Agent,arm,arm:16668519264017085037,true,inert
000caec391b52f3defd8a23a6b798e39f1c209f8fcb29a2046958fec1b6fe27f,Benign,arm,arm:10917112589632919530,true,inert
002f1a63cb68e811e7e8bbbe1518967c424255dc9053b9c7449f785c9a1c10ce,Benign,arm,arm:10917112589632919530,true,inert
003c6dd3a297f5931cf10ebabd858043f6e010aff2c739edde1da0d3ee9bf315,Benign,arm,arm:10917112589632919530,true,inert
004510506d5a14dec5db1e086224fb3129b715dc9fe7d4931813b053f877a75c,Benign,arm,arm:10917112589632919530,true,inert
004a84fb6fff180372a8ea7611ddede70b2f530058eb4eae0dce0b872034e452,Benign,arm,arm:10917112589632919530,true,inert
005b7c5ce84ead2567d277949c133cb60e5377e265e67e29ee2a7fe71cf3ec74,Benign,arm,arm:10917112589632919530,true,inert
00a9e7c135919a7077b8d49a0ec5fd33a81819733cfe1a0f0a8ad9f57f207f42,Benign,arm,arm:10917112589632919530,true,inert
00cff0de6e2e81a2b24405b13d9079565fcb05c811eef152a255eaae480c2b10,Benign,arm,arm:3656664277496154216,true,inert
00f5ec44eaffd32c7eff3be0a70de92efed4ebb20101fb52506fb4b79849cd8e,Benign,arm,arm:10917112589632919530,true,inert
010c19c43f80abc86426ee97b8252613ae0888f465a2dbbfda5c48f903086ba4,Benign,arm,arm:10917112589632919530,true,inert
011edfc089b3c50327d9bae3d5ea572cc29733277461a426e21cf1f8dfd48d36,Benign,arm,arm:10917112589632919530,true,inert
012e73e5e6849684a30c126864d7d7a40c56e9f2245e560c2c05baee35b639ee,Benign,arm,arm:10917112589632919530,true,inert
01807b597a2d1fff17596ac9f81d41e0d7801788e5a16452307362e8a2dfede3,Benign,arm,arm:10917112589632919530,true,inert
01a1b6f6bdf7165609c41cc8aa1b6965b07474978f7165472e6d5a38c96ddc6c,Benign,arm,arm:10917112589632919530,true,inert
01f17532a3a71a5bf94cd6a371673ca967727526ebb48666665db5b68a161f85,Benign,arm,arm:10917112589632919530,true,inert
01f5364d4e0c81bc18954d2fe929a458803190eb02d93486b3d71c72ffb4f661,Benign,arm,arm:10917112589632919530,true,inert
02194ba19f2384ef3a411f7a34b924212543f474b85a37e4aa6330fee75b7984,Benign,arm,arm:10917112589632919530,true,inert
02196f5b771c04b8804a93ae66195f52642f8f45ea587454fe23a981ca7729c8,Benign,arm,arm:10917112589632919530,true,inert
02ae71553da39927b8fd22e485b08e8faed9bdb2cf2b878606b6dbb2f9bb34e0,Benign,arm,arm:10917112589632919530,true,inert
02f789895826b760711a7a3641cae4202cc78e63e869f1435a66b75e735a3349,Benign,arm,arm:3656664277496154216,true,inert
034b8a2a7ffadb178033544e429cf2e98f3b19485a5164e87d5a5aa97c45b441,Benign,arm,arm:10917112589632919530,true,inert
038247611afca1d0289a6fe0c274de93d335527241e96f8100ecef477da199dc,Benign,arm,arm:10917112589632919530,true,inert
039286e9f8dcc58479a01fde69d171897c070ad4a8cf509a25adb5dacc379fde,Benign,arm,arm:10917112589632919530,true,inert
03a14cc986b3ac38dd553ff3cbc0be360cd7424317ec90dbf34279ef6602ab57,Benign,arm,arm:10917112589632919530,true,inert
03a5a976a8a6f35c539a19486dc39cd5302e070a4acc1c42dcaaf832e4cf72dd,Benign,arm,arm:10917112589632919530,true,inert
03b56839d6bd3b54c883c585f46eb2bcb7394e3730ab1551b37baa6173c4392f,Benign,arm,arm:10917112589632919530,true,inert
03f58dcf8b7da0a3e777ec868ba896eba385a70a417fc55463d0884a8a4d5de6,Benign,arm,arm:10917112589632919530,true,inert
0494a8eb0bee6d12f848db70abcb0762e3b49781457640572af09a8f2b401d30,Benign,arm,arm:10917112589632919530,true,inert
04acbbcadc622e2beeaa5380e84a3bfda6db7c0a0acbeca6ac0ebe74479b0410,Benign,arm,arm:10917112589632919530,true,inert
04c5759fd1c40bab7d93a56b370505cbb5a98f0b4307358d8dcda74e8615a302,Benign,arm,arm:10917112589632919530,true,inert
050a0eb62e6bcfb8392be6ba58bc27935e2fe2a14a02c027feaa7215f972b77d,Benign,arm,arm:10917112589632919530,true,inert
05243ee6e47c37564bd93e04eb80b601a9138231ce489cb5aeca895417531466,Benign,arm,arm:10917112589632919530,true,inert
05c724abcf88370327e0922c03b2bf8d89ff3dea84c725b7e7710be9e3933a11,Benign,arm,arm:10917112589632919530,true,inert
05f568c9286b1f1c75443c874de2ff630c238d0556084bcc2335929519f19c13,Benign,arm,arm:10917112589632919530,true,inert
0627b9ad7950e76bd1e5b8373a3210b38ff786e3086ab134ea41866881bfec57,Benign,arm,arm:3656664277496154216,true,inert
06d9af81cfb2f4b9281ee341fc2f7709a4ac5dbd5fbfea5fcbb0eb6b87828f7b,Benign,arm,arm:10917112589632919530,true,inert
071f5870bd74ab369f1f62a5efd70c67d0b63746aa09016f87f060d92fb06fe8,Benign,arm,arm:10917112589632919530,true,inert
0745c956a9461acaec55278ae04bd11daff08913126cc5f761a792fb753ed128,Benign,arm,arm:10917112589632919530,true,inert
0771b3ab29b8223aede26020fc76973c00a6974d0c5641dcbb3572fbd99e8499,Benign,arm,arm:10917112589632919530,true,inert
07a0c7ab9704b8790cc078b9cc6d9df43592a011c3302810ed59d363871e4cd1,Benign,arm,arm:10917112589632919530,true,inert
07c04f22eb3721034560fd1301e4b42a70646af2966477e6fd0d850e4df2fd48,Benign,arm,arm:10917112589632919530,true,inert
07f57ff02a007dcabdf13cb77ef83bbf5cce994c98825e83baf78d4c458829c9,Benign,arm,arm:10917112589632919530,true,inert
08760cbffe12c5b5ad1b2ba88bd97f95b29f8c3aa0f00d8d961581edc73dd665,Benign,arm,arm:10917112589632919530,true,inert
087da0bfe444442e807a789e8c83fa903928225677429dd58ce7e7190e4bcf9f,Benign,arm,arm:10917112589632919530,true,inert
0881b1721dd289401c1db8401d9835c207b2e641b76bdc152f342685545523c4,Benign,arm,arm:10917112589632919530,true,inert
08979b79163001f0c9c806eb89445f2d3d1023278f9c927ab6e40077c390f5e1,Benign,arm,arm:10917112589632919530,true,inert
08bb2ea2b4a423f8dfc899e83ddd277f9d1f1d97056aa4de9092f9f3c93325df,Benign,arm,arm:10917112589632919530,true,inert
08c6ef64f6d4dd1de1f27155cf5e1c13fe0886f275cc70600e7eb8c07fa56e84,Benign,arm,arm:10917112589632919530,true,inert
0960470b6f001de4bd4da54e5263666aa32864bf7fe4e5ec806ef5efac76c062,Benign,arm,arm:10917112589632919530,true,inert
0975d9ae1b14918c66aed592cf6a887333145b980357f41fe1388547ecd30501,Benign,arm,arm:10917112589632919530,true,inert
09a5fb4627bbb943d39d890067f38436f26a789df93f63077ca0d9e40435cd43,Benign,arm,arm:10917112589632919530,true,inert
09d893fa2354e4d1eee100432cefe61eb460d2d7fe0bb0de8c4185eb47f8c138,Benign,arm,arm:10917112589632919530,true,inert
09d8d92990f22fb0d8642ce89b0cffbf61de6cd20c33686a5f95af18f22ddc11,Benign,arm,arm:10917112589632919530,true,inert
0a07fe2d1360f88158f9670d53536ad2d4082df86814628a9a9d03846880e6f4,Benign,arm,arm:10917112589632919530,true,inert
0a0e440b50df10a1731e1dea5e99b94b42933127be86a5d008508f59ca8d7d94,Benign,arm,arm:10917112589632919530,true,inert
0a1b6d6c90114f4488dad4fc5d235203b12a661e84357342ec387378ee941542,Benign,arm,arm:10917112589632919530,true,inert
0a4d6cbc37576b1192c3c25d638a8adab72da959534258dd01ff572307d79bff,Benign,arm,arm:10917112589632919530,true,inert
0a517b56668ea1d855daba6dfb5b7d194c6047ab8d81e8bbcd9e242aba32c28f,Benign,arm,arm:10917112589632919530,true,inert
0a871fbd1b769275bb7e534c73c4a43a2ced3b3a694ec0147fa0111ef376c5ad,Benign,arm,arm:10917112589632919530,true,inert
0a8c5de710b7bc933d0bf92d0026671bc399d966803288179fb3e882deb9ffc0,Benign,arm,arm:10917112589632919530,true,inert
0ace8e072ad2fc2c740152b495cd3e18867246cc743dafbc5c72f4e3df3c8932,Benign,arm,arm:10917112589632919530,true,inert
0b2ed6421d66711bfef6c67d6ae828afb41db6b60b8f9388410a4504c4493e11,Benign,arm,arm:10917112589632919530,true,inert
0b4ab0b624b43f3c99cf28f1b8d098d1db5dfbe02b8c58f13148436bcf604383,Benign,arm,arm:10917112589632919530,true,inert
0b4f057ef936a4930d8c10062faee563e8da6ff6b31b3dbc493af2231323ff2b,Benign,arm,arm:10917112589632919530,true,inert
0b8ed02cf33de2c2629a05a7b4818e6f2b30507f809cc70dbea367a9071499e1,Benign,arm,arm:10917112589632919530,true,inert
0b9a3677eaaa82cd86cc3ab2d5de6ad5d3240d12145ee4c9738c33b2bbf197f3,Benign,arm,arm:10917112589632919530,true,inert
0bc0d5f3345baa817405ef3fb9ad294149dd1da3cd002d0b3d1c1d0ff4804e2b,Benign,arm,arm:10917112589632919530,true,inert
0be25df5574205f9f9aad591c0304eeb1629dae19958d5c2e60c691339dd6ec9,Benign,arm,arm:10917112589632919530,true,inert
0c3fa85786b01c658930a8e1b7420bc9612b1b70ed1650ba7423f79276b9c28b,Benign,arm,arm:10917112589632919530,true,inert
0c4650aec14934f153edf6a6ee5a6f570becd81581d9d709e3f778dc8b860401,Benign,arm,arm:3656664277496154216,true,inert
0c8210e8a60f44d1b5808b45158ac306f4768d5a0a7c7c6ddec3b950d642bf0d,Benign,arm,arm:10917112589632919530,true,inert
0c8d41294ccbbda68febabe6c1744ecb5413323773d659510f9ce35c37c14e7f,Benign,arm,arm:10917112589632919530,true,inert
0c90622b666ee505d5306765a2274a8ee35db0527567d7eca6a16fbffc2814b6,Benign,arm,arm:10917112589632919530,true,inert
0c9dc5bb4f44104242962b236fc1ff42da1de6f81c8603be9280d373f390f604,Benign,arm,arm:3656664277496154216,true,inert
0cc1edcc88832474a27c0c55bc84ce4f1aeb1ee23e7e0c9daffe013aacc3b81f,Benign,arm,arm:10917112589632919530,true,inert
0ccb9499fd1884e05c5e3fd821c180850ade2ea732a11f916e30330ca987ff72,Benign,arm,arm:10917112589632919530,true,inert
0cd3c2423b32732efe130a2306e682c98ebbdfcd7c06d3fdcc1c94c6823423d6,Benign,arm,arm:10917112589632919530,true,inert
0cff10ababf65471534a1ff6439348bed55cf8d726e6d5f456852385a697834b,Benign,arm,arm:3656664277496154216,true,inert
0d2a01d7c591849d7b6bfbdcb61e7008ba34c5a8ef0697dbad357329c7efde8a,Benign,arm,arm:10917112589632919530,true,inert
0d4fecd70e500dcced44558fdcfe854bd0623426bdf7482d7753593164bf042d,Benign,arm,arm:10917112589632919530,true,inert
0d513565ce9139246e45f1ed867d7cde867cfc49a04692289d0729b72eb0ab3a,Benign,arm,arm:10917112589632919530,true,inert
0d536b91c24dcdff31cf484c1efa34b9404477cc337d4f70d9e9e9d17bc8bc25,Benign,arm,arm:10917112589632919530,true,inert
0dc08336b1aaacc079990590e12ac9f0ecd92207a01bec5f86766931b1dd438b,Benign,arm,arm:10917112589632919530,true,inert
0e33085d481e9c261fd259afdcd2d80fdaf600f06ab390c5553717d0aa51a730,Benign,arm,arm:10917112589632919530,true,inert
0e794eb04b26a76802600c40c4766f2c775156dadc2c49bb6ac6b2a1ea056366,Benign,arm,arm:10917112589632919530,true,inert
0e81655acd2874eef9dffc21807d894e6e023e16ea84f6c7f29b40227b5da8ac,Benign,arm,arm:10917112589632919530,true,inert
0e951bc098dd2efb8555fa89565df251a59ec010b1e938fe46a8ecf41a3af114,Benign,arm,arm:10917112589632919530,true,inert
0e9598c0dd46192f3833fbf4839387dd290287da64a64fd96e05be137ff0ca46,Benign,arm,arm:10917112589632919530,true,inert
0e9c6b908cb0c08a22f9168a195d570c06d302a25fef4f3fc4daf8830fecd5f8,Benign,arm,arm:10917112589632919530,true,inert
0eb4b2fa7e2656011e0c9f02809d251d5b738329d8c20839a3b01b9b29e6ce98,Benign,arm,arm:10917112589632919530,true,inert
0eb9f73eba2a9d4f9f94d9c61b67b9ddddf4926d8d02c2a775494ed9a5f166b2,Benign,arm,arm:10917112589632919530,true,inert
0ec7b071046b98f3b01187380e579b16006619ed84d845db20e5843f5bcea85f,Benign,arm,arm:10917112589632919530,true,inert
0f4a04353e57eb1670426261542f2880e987b5e49b557507480f961251910b0d,Benign,arm,arm:10917112589632919530,true,inert
0f4a346bfd72a4921c42dc7b782b29e8660ed0e75f1606441c5c40361c5f372f,Benign,arm,arm:3656664277496154216,true,inert
0f547a9999b85b2d469cfe4c29392139cce44b85bb425b5fe5419fb538c36068,Benign,arm,arm:10917112589632919530,true,inert
0fcd4c154a6ad18794565599c240ad8ae920e3734e89b2c6d01be50b58f7a7b3,Benign,arm,arm:10917112589632919530,true,inert
0fee47f5fee09b12868e9d587d04f4162bd4aa43b6afefff8b692784de04b201,Benign,arm,arm:10917112589632919530,true,inert
104e382140fdb2b80176ff55c0f1f10f23d9d975c1d12444012f1b5068fda508,Benign,arm,arm:10917112589632919530,true,inert
105b2afa06205aba29099a9859e2221d2ceb7587c1aef56042a8ab3c75fedaef,Benign,arm,arm:10917112589632919530,true,inert
106aa1263081d8b2a7933abfd75d7a60dfb3cdf65bc71f8f018a100d43f2d65a,Benign,arm,arm:10917112589632919530,true,inert
106ed7af1de24e45db48cae3340a3855fcda607d0a5b29a3f1df07036910ca5a,Benign,arm,arm:3656664277496154216,true,inert
10e12d4c361eca5b2b2994809b62078aca7714a99263a4cb0ef913df95203e8b,Benign,arm,arm:10917112589632919530,true,inert
10eaf6757147d6f4b05a46e0faac8a296dbd4f35ca37b4c2a858e5e8ba147f99,Benign,arm,arm:10917112589632919530,true,inert
1112a2225d1d46502f144aeb17eab5ce501df3e175776d0d36e68bc25232388f,Benign,arm,arm:10917112589632919530,true,inert
11435bb5201c7b8bac2caa749d2cf2fadabf120b06b7960cf0ab4a4be9997395,Benign,arm,arm:10917112589632919530,true,inert
114699642c498824b2e05823291323597ad59dcfad220bd491b7d76c0cd178bd,Benign,arm,arm:3656664277496154216,true,inert
11667b823f86e37deb13be1206f1304c2386f800f1149649c6032088c68d13e1,Benign,arm,arm:10917112589632919530,true,inert
116a0dd070affb8dfce25e46f4027c2a3fb0feffead9737db55a2a6b9fef42b1,Benign,arm,arm:10917112589632919530,true,inert
1196b25b8bc5895b254364af83692191a5b1590f8a90d16bca73688c8580f223,Benign,arm,arm:10917112589632919530,true,inert
11a13df24220fa12ef6588d10208430f116cf012e757b3696fe54c4064a043c8,Benign,arm,arm:10917112589632919530,true,inert
11d3234437a215f4ceb3f4d71cf5d0dfdf76a398b00dfa32563d40fa45988ef0,Benign,arm,arm:10917112589632919530,true,inert
11f72317c275f57920086fecf0e9dcb39fdb0b06a3beaa6e16c53bc7ed626762,Benign,arm,arm:10917112589632919530,true,inert
121202b74acce45a1d5694c5efb51ef14b9b85c60a9b37e688b8d5bc71ea48d6,Benign,arm,arm:10917112589632919530,true,inert
1219ccd271f678c8b870fb9dda566334d0da5df036f6774b3eb0112450906cb4,Benign,arm,arm:10917112589632919530,true,inert
1228a4762b0fa3b0bf4635f18bc502a2ace415a88b9cc097b3b0fce4da5ad95e,Benign,arm,arm:10917112589632919530,true,inert
129d50182924d043f5ab691c89c959cfe92f0403d22c3cf05364f31adb87181e,Benign,arm,arm:10917112589632919530,true,inert
12a743d5042efe97b766aa2434ab04121a388d17caa3a1de7a4356ec002258f5,Benign,arm,arm:10917112589632919530,true,inert
12d0c9a37964fb66aa15cf94f261ef720fe4c253831db642020f7805d4654eda,Benign,arm,arm:10917112589632919530,true,inert
12f20758d3f93d37488c4389d781229403dd330dd0d05405ac9c5771cf19ee26,Benign,arm,arm:3656664277496154216,true,inert
131fec40b412cc567eba9956f39ce151c68db8d8505107d9d6db12446355c355,Benign,arm,arm:10917112589632919530,true,inert
134685df4569c6986e0790743e8f86bb4a036a838acfa45b0427d7271571fbf7,Benign,arm,arm:10917112589632919530,true,inert
1387e7c0f2de558a80676a32b227e42446b74f36b808c7567b11a2afe4ab8414,Benign,arm,arm:10917112589632919530,true,inert
13a9a9637dbbbdc211c69df2e7b649299619af2f5de2b6be8cbd63ae93a89abf,Benign,arm,arm:10917112589632919530,true,inert
13abf5e7fd4c34f7ec9662e69db167b2c4badae35e04c4a357831e678b109447,Benign,arm,arm:10917112589632919530,true,inert
13bce477ccd824c03b4a9592dea9ed2d2f7e0f864613e24cfdd29b1e10fdf45e,Benign,arm,arm:10917112589632919530,true,inert
13f3426f3b4f46958f49028346b6a1bdad1c8d168afea581261d2cea8b8271f8,Benign,arm,arm:10917112589632919530,true,inert
1422faf7e406e5052cbdc59424a8fae6365e09ddbec86d0263f2c57217d4271e,Benign,arm,arm:10917112589632919530,true,inert
14299f8b707b1d58ae779d2449e24b83954b45ae41df47776e1b150c2ac8337d,Benign,arm,arm:10917112589632919530,true,inert
14bb74b6b5da51e5297a646b7f908d524f0502c7373d47fc30cfb69d46d259ac,Benign,arm,arm:3656664277496154216,true,inert
14cf9110c7a2d48a5da0ba89aef61be7c569fdc1390393181655a60efd107291,Benign,arm,arm:10917112589632919530,true,inert
150412de57146438b6998b9307d44eac9ece5e091a02b5687aad02f18a8f3671,Benign,arm,arm:10917112589632919530,true,inert
151eb28adaa1817656dd417cad3c79837e52886ab35e3c9bc1d39bbc502ce60f,Benign,arm,arm:10917112589632919530,true,inert
152f8162c1386ee5602a5bde796d81feddcb36205c975d5ef6b399dd48aec198,Benign,arm,arm:10917112589632919530,true,inert
153ae218fe1ffb78eeb9e214c6494f72582309c5d4be850be8e9261d7dfa3e19,Benign,arm,arm:10917112589632919530,true,inert
1561e262546466c121457007441e33f8ee6a6501d992fd21d345d11feb7007be,Benign,arm,arm:10917112589632919530,true,inert
15a13369c43e882957ec32e2f8e3e631dbfc339ec802157f13ae96cc498d86fe,Benign,arm,arm:10917112589632919530,true,inert
15a6ded4fba0fe6658fc32f8271d6a72b39990c2741d98f0422a8a93c06ad22f,Benign,arm,arm:10917112589632919530,true,inert
15abffbc81cb94f04bb1e2f88ee67c63f00fe37a329f6d2bc51968345d298081,Benign,arm,arm:3656664277496154216,true,inert
15c24f2b7cc8c2c8b65be0e4cf6265ccada8d7efe63d4bad5a45b5923ba87c95,Benign,arm,arm:10917112589632919530,true,inert
15c997d4205c0b6183c71de0750eba933f3b2548b36fa13d5ffd0f92678369d6,Benign,arm,arm:3656664277496154216,true,inert
15e5be1b9e3b4c57f01ce19b1d16ffad733277264723c832d7d34a959cbf5cde,Benign,arm,arm:10917112589632919530,true,inert
1619ad949b7c9934fdcf47955a95628286e28f48eddc500601d4ab887df37398,Benign,arm,arm:10917112589632919530,true,inert
162d26842c280a3a77073600551f1b4bf22df25e4f8b1807e3063a86f1a36143,Benign,arm,arm:10917112589632919530,true,inert
166fc15feb8b78f3fa0133fc714a5776b91b4548c2c34e1d8c83b4c1405ad2b6,Benign,arm,arm:10917112589632919530,true,inert
169ab8c2162fb5364f2f0602ee687ae961a49253621b486d1327773594e560fa,Benign,arm,arm:10917112589632919530,true,inert
16a28f6e32b25f131353c0775510460778c12586dc18d62f972e8e82889ce3a2,Benign,arm,arm:10917112589632919530,true,inert
16c15be6aff8f338a3ced000f9b88ac2664b8cfb0afe398af12fefc945cacbcf,Benign,arm,arm:10917112589632919530,true,inert
16cd2346475dc3e71b9b73bb03345c39826163a55f6067de064eae3e841c04de,Benign,arm,arm:10917112589632919530,true,inert
16f7e58e38e2eb1bf49b190fe65074b4ca7775472e8df322ab64246ca9202e61,Benign,arm,arm:10917112589632919530,true,inert
1703770a92f2b4c7ac4211a64759c459b7c9689f083d92e63f4e4bdac209ae99,Benign,arm,arm:10917112589632919530,true,inert
172604b29a280ae0a37135fe218ff84148a1c52d3267af75c739a8ea0006f387,Benign,arm,arm:10917112589632919530,true,inert
173691789fd1636260f1772d2b904af27b9b3b42ee5638c201e9670041941147,Benign,arm,arm:10917112589632919530,true,inert
173f2d7a4cdd2c0ec5e3330e1a324f16a1f593924110b74e28c7b1946ad63442,Benign,arm,arm:3656664277496154216,true,inert
1740ef4a6380e1618bd9e0dc2c6706f8ab0091ca3d799b5f34b9d43f305a1ba5,Benign,arm,arm:10917112589632919530,true,inert
1749859f54da46db5475aff0f14ec5ed68222eb3d71f84015fbc811817716a34,Benign,arm,arm:10917112589632919530,true,inert
17876a4d7324bf3331422a66be71a1fd0d2fb372177e75442a4095f991a3b3fa,Benign,arm,arm:10917112589632919530,true,inert
178f0429c0b4a947b5b2cee578806f39d37a1d605859121e4bf95c92a1c010af,Benign,arm,arm:10917112589632919530,true,inert
17b5c270b249fcbcf9715c22b57b570a7b35cb9e6132d3783c19090d1afbc826,Benign,arm,arm:10917112589632919530,true,inert
17b84c6105a03bfc5f3cd11b95d4d18740c5e324ddace107200daec56e67a0cf,Benign,arm,arm:10917112589632919530,true,inert
17d82a7a542861e49077db61662590301776f40878dbc9d2c4655eba5cc6a2a6,Benign,arm,arm:10917112589632919530,true,inert
17f51fb1af6465db68b8ed2ef98af0059257d7df76847334dd820449d1b5504c,Benign,arm,arm:10917112589632919530,true,inert
1806967489ed19c64fe20c992c7bc5e84b27526a7c3651a3c8cec38c835c375e,Benign,arm,arm:3656664277496154216,true,inert
18070adbc9755941cf2ec7e01f77ae8afe6e18a1b378afbd5a83aed484ef4f30,Benign,arm,arm:10917112589632919530,true,inert
18110b4ad26847c46d2cd39f82dcaf3fcb3e804f1887f61367409a415d1ead0c,Benign,arm,arm:3656664277496154216,true,inert
1816b4e40272f8aa3c0ce3da7700504335f6e138208628c648a3edf51c9b2ce1,Benign,arm,arm:10917112589632919530,true,inert
18506de65baf27df692a404e6e5609a1634ddb62e5530e6a5ed3025ba8207635,Benign,arm,arm:10917112589632919530,true,inert
1855fe4c8b0f6868daa4e51b4dd4362efc7bc8cad3f1c5ac01675a93dcfdda47,Benign,arm,arm:10917112589632919530,true,inert
185e51aad27ac249124d9c69ab5af3f51fffb5317c20967847775eec10cfbb04,Benign,arm,arm:10917112589632919530,true,inert
187a8a8a359525622a54e0cffad234c9307b68f499d1077f2dc13bf5188054cc,Benign,arm,arm:10917112589632919530,true,inert
1887a9ba8240589bfbf979c56de9796594599f0ce3aba2ee1027368f21d2d533,Benign,arm,arm:3656664277496154216,true,inert
18af84d0f391718996a2c27c4f05c0042dab74e18818ed14bfeb1142b9431bee,Benign,arm,arm:3656664277496154216,true,inert
18cf85fa7cab513bddb305d61682a981334af762b8b8c2b830d23d5b3b0b7fc4,Benign,arm,arm:2386425896683794942,true,inert
18d922426edf956c1c01540f6311226548986fc6885342b558647dcefb8ea3e3,Benign,arm,arm:3656664277496154216,true,inert
1902839c255b845256d2a6003708d49dc7c9663c49bc7f1cde813fbe34c58011,Benign,arm,arm:10917112589632919530,true,inert
1925eb4d5087e23b5781faa4e9c1b691267fc9ad240bc1929e3b3cf814932ba9,Benign,arm,arm:10917112589632919530,true,inert
192d81ec70b7f0db8f99b09509fba22befecd16d4e136037cd7bc4f5669210ba,Benign,arm,arm:10917112589632919530,true,inert
197c0fb29d39fbb3b51246ec8f8272c1045f8e62fad1fcdefc8c7f23fc30eeaf,Benign,arm,arm:3656664277496154216,true,inert
19fede89d4716024618a495b46ed5e34f846a788567767f432339d41691d776f,Benign,arm,arm:10917112589632919530,true,inert
19ff4c8f79e7cea667f21f93aac1a4ae37144c8d69279e9b3f18bd64972d0219,Benign,arm,arm:10917112589632919530,true,inert
1a184cb32c046ce62cc8771cef265b9b28477185dca41e1b52a78b8c814f0dde,Benign,arm,arm:10917112589632919530,true,inert
1a990dcc0d70d4d08ee8a22b1bad883e1daca4f83c84c9b2178d5c5d0936506f,Benign,arm,arm:10917112589632919530,true,inert
1ab0d9504b2f1af5d1330d3990cdd1e543611dd2133ea0005f60781a554b78ff,Benign,arm,arm:10917112589632919530,true,inert
1acb84ad0e17c076a3cdf030362c87cf243141fb7de94c856858c85334a04c7a,Benign,arm,arm:10917112589632919530,true,inert
1acda09fbb7ed6f1ed853261cd6b0fce280dfa00d4f728ced3fee67238f22e8f,Benign,arm,arm:10917112589632919530,true,inert
1ada0724ae898a926a33f21613f38d1a4b02618bf55635434b282acaedb248c6,Benign,arm,arm:10917112589632919530,true,inert
1ae4e363546b00551a38c2b42d7ac5e141350206964f2f8a8fd1a39594b23235,Benign,arm,arm:10917112589632919530,true,inert
1b12978c1977f5c1f7c767da85f7493b123b7710df75e721171b59e2f059189f,Benign,arm,arm:10917112589632919530,true,inert
1b4ef57f4ede613f837171949b0e53cdb7887ec0789d89c332015beea56d47ca,Benign,arm,arm:10917112589632919530,true,inert
1b7247a891424629e0136d01f139603ffc3be1196cc13005047ca1cd7c3512c9,Benign,arm,arm:10917112589632919530,true,inert
1b76d87b0f1e9cec85154dda67333af9dd64de5b2438c287c07e3c4b5b81a9e1,Benign,arm,arm:10917112589632919530,true,inert
1b858cb213360cc97cb3823466ec4a34bfd33d0b030495e8319d54817ea21f62,Benign,arm,arm:10917112589632919530,true,inert
1bc9283bde10b87201b97da0a1a5868fdfba79e881a02004cf27c55737fab1a0,Benign,arm,arm:10917112589632919530,true,inert
1be814e7c6295e602d1716a03fd00d9b68f088083bafe35450f618fe74d33f9f,Benign,arm,arm:10917112589632919530,true,inert
1c0052fc26a95e2912ebc6894167dc087657864ebdd3526d771346decf5a0f97,Benign,arm,arm:10917112589632919530,true,inert
1c3e72a7af5ce5f0c4903e70631d8c1267cffb059866e209f35dc6bf669ffc68,Benign,arm,arm:10917112589632919530,true,inert
1c67e025e80875d10d021de8b2303100cd3a4c9de8d5a759de513d03dca81560,Benign,arm,arm:10917112589632919530,true,inert
1c7f9e5462dcd82cc93cb1f38f04cd1f918bb9a5091cba00111c7e978ec6bfa8,Benign,arm,arm:10917112589632919530,true,inert
1d04839b50fdac9fd5db023b0b37e6e5408787e6d66ee86c6d10c13195cc36e9,Benign,arm,arm:10917112589632919530,true,inert
1d05648c395a4cc3e791d5720310ce3962614071c757d34d08873a6a6e8770cc,Benign,arm,arm:10917112589632919530,true,inert
1d143160a17179f5ec911190ab5804c19f9cc6b0eede04f902045f590ff1a208,Benign,arm,arm:3656664277496154216,true,inert
1d174d3bee19e1e72d6c1e21fea4cd70d63f8a77dc53ba3dc23bf96df30b5a65,Benign,arm,arm:10917112589632919530,true,inert
1d8c51250872d1f46789e032fc26ef012fcf5c5e5c29353cf6b823e45b256597,Benign,arm,arm:10917112589632919530,true,inert
1dc5b60a9d817a978bee2c1c8ea7ee82b582213f515f78fc668d4584b9e9a956,Benign,arm,arm:10917112589632919530,true,inert
1df456c5a4e3f55bd06b277d69dfdbb1c9333a12dd504dfd94588b998deef5ae,Benign,arm,arm:10917112589632919530,true,inert
1df9e40547d40f0eea048a4cfff962a816a8f7664229f54f308d54b7288f1667,Benign,arm,arm:10917112589632919530,true,inert
1e069aac95dd1b157b5bbd775d5e8431b263d48bb3aad1f2a7d7a328a7922613,Benign,arm,arm:10917112589632919530,true,inert
1e2ff49877f3222bdac270a3bc2e89483524d0c1325fe6dc842277cbb1c06c5f,Benign,arm,arm:10917112589632919530,true,inert
1e74c24268f2a55faad8651c2227496d2ce6d5c0b101b78ab41c63fd12903379,Benign,arm,arm:10917112589632919530,true,inert
1e86846b188f0f173a737ff4d1f635d490d7ce44f44afd23c78833f8cafddc41,Benign,arm,arm:10917112589632919530,true,inert
1e9830cc1f42e8ad6cddb731641081e70adf43d2bacb9d7a43cae7c0fc17191b,Benign,arm,arm:10917112589632919530,true,inert
1ea7735b42e6549ff7b0406ac9510d0eeaae9c7280109561c654f8cacd3e6701,Benign,arm,arm:10917112589632919530,true,inert
1ef974152cc3371d3eab3395f1f69ed716450d9c3bf474c8a89efbda99ea3ffe,Benign,arm,arm:10917112589632919530,true,inert
1f019461e774e08187caa49519fd5db98b107d088fdb8da0c76632f1330fc08c,Benign,arm,arm:10917112589632919530,true,inert
1f426cdad8dfd0ba9820330db9639e0cae45b735c19abccaa721dfb1cb57a399,Benign,arm,arm:10917112589632919530,true,inert
1f79fe763592425ff77f416a23eac2e7c1b09e290b3acb9ed528bd873856a7e1,Benign,arm,arm:10917112589632919530,true,inert
1f85945c694f954d21ea1205202c823203ec13cb0a6282fdf9a202ce8b5da46c,Benign,arm,arm:10917112589632919530,true,inert
1f90f0d90722c08a63630c090cf9d9c9f770d4484f4ca4b5b865bcf224b32492,Benign,arm,arm:10917112589632919530,true,inert
1f9decd80039fa14e977bd5b7e73b8de1879e42e9dc6de2a37e09b8ee614188f,Benign,arm,arm:10917112589632919530,true,inert
1ffadcbf8048d0b9524b6a4e4b030d615f12b853fce9b6e5117f3f7ec9ddcbf8,Benign,arm,arm:10917112589632919530,true,inert
2005dc390d91d712a3fabfe88949225abc3bf369eb452dc3c386116ad2409832,Benign,arm,arm:10917112589632919530,true,inert
2017c32a322853ab7634f53a59c421b8422ba2e3f89363a21c0470dc3b536160,Benign,arm,arm:10917112589632919530,true,inert
201d1d29903b08d98a66b61b8d700e4e094ef3849e092711e6859627542d863d,Benign,arm,arm:10917112589632919530,true,inert
201db615327917253fe847b425e852cbba85f5726f54e353de8e441fe961ca6b,Benign,arm,arm:10917112589632919530,true,inert
20a4c258f284a10a09262f804be0c10d6ff3f50623740417cc648352c0834968,Benign,arm,arm:10917112589632919530,true,inert
20b3e070d4f76f56bd56c023582ec5fd6f705dda6b7dae66a9156383f89cd7ee,Benign,arm,arm:10917112589632919530,true,inert
2103f4e0fea224075c6baaf58850207ac31a1f37383c07fd10b1eb211f16147a,Benign,arm,arm:10917112589632919530,true,inert
21260262f0a8675dd967349af1d1d660793a93b3fdcb8b16eede0d5646ba689e,Benign,arm,arm:10917112589632919530,true,inert
219cbda2cf7dbbda6d2e03fdd644232679ca58c2d7af885d679235ee69effd80,Benign,arm,arm:10917112589632919530,true,inert
21adf3a5f40d94c1303709433b5ff67e5e89b982ca0d71e00c036a656485c05b,Benign,arm,arm:10917112589632919530,true,inert
21d0aa79e0d94b230e3e67af154e34ff28ea6fc1615f93e89889e5a250f47b7b,Benign,arm,arm:10917112589632919530,true,inert
21f659eae2b59ba6c953401160575e12dba2aed83c34dfdc4dbbbbb35bdfd2da,Benign,arm,arm:10917112589632919530,true,inert
220fa00db87d79c9f6a284965bc3266c5c569aa3158babab61f458da86950eb0,Benign,arm,arm:10917112589632919530,true,inert
2218292fd057e2722e602b22d8d3554ba4a6d15a6cbb79b15f1bdec0dcc5795b,Benign,arm,arm:10917112589632919530,true,inert
221fae4311a3a2358122908cd55b3e8bdf0ac950520c3e8ca0035dfdaa4cf404,Benign,arm,arm:10917112589632919530,true,inert
22244b68733c74e84f5a03d93542de7c301993f05eafa697b40ddc0b21f46b41,Benign,arm,arm:10917112589632919530,true,inert
223822ab1cf065e2dd28a81717d72a61b55119ea6651055d6585f12f046b4335,Benign,arm,arm:10917112589632919530,true,inert
226b9005388102867489526d8237ab8685700f35e82a182545190162df44501f,Benign,arm,arm:10917112589632919530,true,inert
226ec0e46b7f6e577cbf9d5c2dd648dde14b9c6147d51ca2059e722c94fe0976,Benign,arm,arm:10917112589632919530,true,inert
2279a1d9e159ada14550224995f835d58fe24c95a466bbb6d652c8fc98b8683b,Benign,arm,arm:10917112589632919530,true,inert
227b90f1797135b325518bbdedbc4865ba1a85ca618ac8727883c9317843233b,Benign,arm,arm:10917112589632919530,true,inert
2288b9672c75e65e13d6086bd1d2d6a9e07c91ac278d1da708c05edac411baa7,Benign,arm,arm:10917112589632919530,true,inert
228add1bd29a46b8dfb68409f739b132a97b91d6e576a21a6f22f3c5b9fd3b4c,Benign,arm,arm:10917112589632919530,true,inert
2294e5968bf048c50646ed3392d5fdbe32c85fe9cd94c1e7204450c37ff418ac,Benign,arm,arm:10917112589632919530,true,inert
22aa19df1972f0df7ed2da8796f8586d306bf951ea415fa08e480260be40f920,Benign,arm,arm:10917112589632919530,true,inert
22b2866e0a832157cd29a76fec5a5d60ad6c3b6d54252243ca57d8833cd5938b,Benign,arm,arm:10917112589632919530,true,inert
22d5e99a41d21f5575ff77cea3383c489debc9e3354102ed4badf421b2f0a537,Benign,arm,arm:10917112589632919530,true,inert
22e5d70fcdaad39ff9a8325add8e79289a845745f5bf1e765c872e652c5301b4,Benign,arm,arm:10917112589632919530,true,inert
23039ba0d2440e9984b2d31e5f7841ae6175123c1933ccf543a8facbce049e8b,Benign,arm,arm:10917112589632919530,true,inert
230b35bd92214d9d5dda3a7310d94be453dd4c78ac1d9a89519c66f84f70849e,Benign,arm,arm:10917112589632919530,true,inert
2310baeee76db8b47a071014a60ed0f035de7cefabd3da1718c23c89ed1bd08a,Benign,arm,arm:10917112589632919530,true,inert
23418fb8a71cf16931052f9e6f2b8be35d123bca4f671320d230254433e3082f,Benign,arm,arm:10917112589632919530,true,inert
23a71a21987839c199f0d1180b74257fcb68b8bb164691a84c6208b01f9b42d5,Benign,arm,arm:10917112589632919530,true,inert
23ce501ed47b5b41a13ce1069193a2ce5e880c33fd5187a2a07d61a5b1fa4352,Benign,arm,arm:3656664277496154216,true,inert
24513f9edbed421aae0c59e691850a135a71653f7823bae97d901509cfacd8db,Benign,arm,arm:3656664277496154216,true,inert
245e5b3786d3279df680fda81daa31f5136dbbe9bf377a7355161dac465e670c,Benign,arm,arm:10917112589632919530,true,inert
24a4a26599bb2ae125987c4ba318e0cf1ff32c8c5954835c40e0d450243af364,Benign,arm,arm:10917112589632919530,true,inert
24b9252c6cd2285e1e2fb08d7870cbea32590dd6812889b4fae8c34787d29e62,Benign,arm,arm:10917112589632919530,true,inert
24d7549db0d9ec71f2ae874f7e83c70ff3ced01987b7a57dc471c8443c929d16,Benign,arm,arm:10917112589632919530,true,inert
24f64ee179559cf8c148cfe189d706cde3ff9763e81662a4ba909f92ad9381ff,Benign,arm,arm:10917112589632919530,true,inert
251690412f7c486bc045374423dea631e071149d4d8aaf2182ce8c3a09541194,Benign,arm,arm:3656664277496154216,true,inert
251f64250d6e5a4720176b4d67b76ced58be53404421f48a148f8acf7ee07700,Benign,arm,arm:10917112589632919530,true,inert
2563c0d6d92a56f1bddc1447202d8fb97131c6ca9f58ea505bca946c644033cd,Benign,arm,arm:10917112589632919530,true,inert
256b62faa83b37d2615a73d05d94c4b5b6d092cd0c500c2452c66262fe72e263,Benign,arm,arm:10917112589632919530,true,inert
25835f5ef36f7355f9be8fb4caa3073c8e4973f0b3d8e9fc4b43652f176f03c5,Benign,arm,arm:3656664277496154216,true,inert
25c15dbb1f4b7dbe2a51b9e91de7810672c0012ccb588c3dad119f6f34c90a5b,Benign,arm,arm:3656664277496154216,true,inert
25db36dce95bb590f599511af0fd6b1394db056bd66bbb80e3f6db58d4e91a4f,Benign,arm,arm:10917112589632919530,true,inert
2607a1a5876a546a10c004c9def23e6808cda38097f3f46659bd36ab9a601f76,Benign,arm,arm:10917112589632919530,true,inert
2609e8f46e3afc5bd18bfa12f5af78cda3d06b1e41379499ab0611dbd0d014b1,Benign,arm,arm:10917112589632919530,true,inert
267ada15787119c762feb6630a046137ded543656451c6451135fc7913f81eea,Benign,arm,arm:10917112589632919530,true,inert
267fabe96e44c381ffc5df3d3f1ea3952620ce7de35c94833168c8afe9659b61,Benign,arm,arm:10917112589632919530,true,inert
26a0281fafdf67208c578fa99cdfa2dfe12536393e1c0409296b12cb8417d201,Benign,arm,arm:10917112589632919530,true,inert
26dab42a17538ede543c9c104670e614ed28e63d2e8119211ce9e2f7ecb29434,Benign,arm,arm:10917112589632919530,true,inert
26e8ad3276a8f1fd74fb1d19aefb543f6cd8d4d8775144bc443f58c6f4085537,Benign,arm,arm:10917112589632919530,true,inert
26f1a23173a3d16c135d3cafa68565fabcc75d6f45f43c9864a7060841886134,Benign,arm,arm:10917112589632919530,true,inert
26fbca60b7a9354c76157fa3d8709aeb0ce6afd310d74f2d781632a603e8dc3e,Benign,arm,arm:10917112589632919530,true,inert
27090d7e6f2da14b4c79ca542de0eda12521165598dc8b5bd7857c716262f0f5,Benign,arm,arm:10917112589632919530,true,inert
2732b5a9454b048f00fcbc9f794490bd1b06f9b9eedcc51884c046355c180c44,Benign,arm,arm:10917112589632919530,true,inert
2767f4bbe0c484f281de4208e0b50f2248de98e97379f41c237a77fa9b29a481,Benign,arm,arm:10917112589632919530,true,inert
27ed22c0214abb4e5f744a05a30e1c5b78bf076826c2229b0ceac51eafe974ea,Benign,arm,arm:10917112589632919530,true,inert
280433870f78e2ce9e53587ddb40b49ab97a077399f97c396ddaf63629189e19,Benign,arm,arm:10917112589632919530,true,inert
283886050fe756b455e5fc4989bfae8a0b0619dc3ca884387861dfbc7110c79a,Benign,arm,arm:10917112589632919530,true,inert
28468a4bc846abdf5dd2732859c5d42d57108781e715773e2b17c50c57d3fede,Benign,arm,arm:10917112589632919530,true,inert
284849a9bb959bf899c7916ee2eea9422e094b31b8d78934e1ca3aec61366cc1,Benign,arm,arm:10917112589632919530,true,inert
2899f8b40e0eafb91e409e2d76120b4f7b1004cc6366115902ec48ba0f3d0a28,Benign,arm,arm:10917112589632919530,true,inert
28b409c364ba3ff2ec8ad87492e74ba101858f7e9a2fa5083a52147491649ae0,Benign,arm,arm:10917112589632919530,true,inert
291dc8245d12887f8751e6ae491eafa8419b16fb994b624ac9b79c9b4578b012,Benign,arm,arm:10917112589632919530,true,inert
292e411285a31cc74dd31c99983dc46761720052e6ddaad106a91d28b47f7626,Benign,arm,arm:10917112589632919530,true,inert
2936eac065d020472ab4e9082e6c6c74cc524c6058f5d65d0445ecbef823e375,Benign,arm,arm:10917112589632919530,true,inert
29635ce0b0dae3dde0d683e2b00e39d1020a76480b328ea012d6325ed563a27e,Benign,arm,arm:10917112589632919530,true,inert
296eaee606ba43e1a93685295e2aea2b29146fc409fd099d6190ef41de18f10a,Benign,arm,arm:10917112589632919530,true,inert
29e09d063564c594d3ca96ca11157d68a0e4660140163e0220fa9039d008c7c4,Benign,arm,arm:10917112589632919530,true,inert
29f567e03a635ab0d06779482eff154c75e425d84d36b2503d164e45423e7558,Benign,arm,arm:10917112589632919530,true,inert
2a22a7346d55aa3e5a0e0335d8ad0846d518439086d48c15608b8ab3a0fcdd08,Benign,arm,arm:10917112589632919530,true,inert
2a22d0db9601f3f1b6e696d20296ef27f2bb869d620f17b841687ed5d6f5de74,Benign,arm,arm:10917112589632919530,true,inert
2a385cde663c9486598f9b1a44201d988e137f41587038000ab5bfc81ed58ea3,Benign,arm,arm:10917112589632919530,true,inert
2a5b1925ed139b4e8f2d50b4801ebe2f3b01804779809d98e1f215a175c84ce3,Benign,arm,arm:10917112589632919530,true,inert
2a61ffa33039d0736513601312017f06ba8b6ba8cff8c1126bb8d7ec860663ed,Benign,arm,arm:10917112589632919530,true,inert
2a686d275a2df1e92e4c180c6f1522ae006463433fd01d681f05b403e4b9965d,Benign,arm,arm:10917112589632919530,true,inert
2a9b8a529a3d459d7b77aa21ded0de5e034af67121321a47d8ae7f6574ecefa2,Benign,arm,arm:10917112589632919530,true,inert
2aec6e425f45337175725f0e1f0044bdb780953ba60d22b18e48c86e5f9779b1,Benign,arm,arm:10917112589632919530,true,inert
2afcc732f56a4616ffde2de14d45f3262095fb8b742ec1c0a5db93791221b492,Benign,arm,arm:10917112589632919530,true,inert
2b0ad1bfac174b16111579b9b8fa9129db8d9620627211e7792ae203fffcc2e3,Benign,arm,arm:10917112589632919530,true,inert
2b1d932ed5cde57c133e02c01754cac6e37c506eedb3923d9e6a636c6c585488,Benign,arm,arm:10917112589632919530,true,inert
2b3c7680c1693edabbef5c24c80801b39f599e723cb21a53006b998580a3b9fb,Benign,arm,arm:10917112589632919530,true,inert
2b5f6c195c80a753a31337c7a90a5dcd290312c31635b71d7e7bd7ed5baf400b,Benign,arm,arm:10917112589632919530,true,inert
2b6770859a8d2d2762b0dd342a2d31674883c1fe794073d1f810e08339b23531,Benign,arm,arm:10917112589632919530,true,inert
2b7bef87bf8bd3e2b8a66ff1be0192ebd2f1781b2748b8b871e9fbcf395f2f6d,Benign,arm,arm:10917112589632919530,true,inert
2b95908c55d5f67e66ab12d01bbf3395586200241aeab3388b8c9f8a73da337c,Benign,arm,arm:10917112589632919530,true,inert
2bbe9a0280c23503ce2109cb5cc9cc3fe9d27a4795bf0a3f8d6790553ce7dad8,Benign,arm,arm:10917112589632919530,true,inert
2bcdf448c0fe5c3cd1e898921dbfe660128c94a5c5087e5f3ad9168c74012fe9,Benign,arm,arm:10917112589632919530,true,inert
2c595e34e94759c7ce74c60c3d3900f3f9086f148f8ec96116213b89c839f093,Benign,arm,arm:10917112589632919530,true,inert
2c6817a4298909638e747967b920c424baace742c77d46837879616ada4e1235,Benign,arm,arm:10917112589632919530,true,inert
2c7b5323c141cbd65161b6dbc5748f931391fefcdd95258a6062b7cf646e1c87,Benign,arm,arm:10917112589632919530,true,inert
2cce45d16575adabb74a7dae436b66d07b324c73f0c759cf600f8cdf7ebe1ad1,Benign,arm,arm:10917112589632919530,true,inert
2d080f1633229520ef136c43c2022e9e9a10c4641802e9348938b7287e5bae63,Benign,arm,arm:10917112589632919530,true,inert
2d173db23bc674d93fda7ae57ad7221b45f78cc2397f8ace7777ccf78fc449d6,Benign,arm,arm:10917112589632919530,true,inert
2d22f36196a70d413e4c5bb0f78b0e142114dd5e45dfbc55cf85090a6e89ed44,Benign,arm,arm:10917112589632919530,true,inert
2d49ece39ea8e717445815c0782f7691a3750ae05fb492eb433570f26122ad6b,Benign,arm,arm:10917112589632919530,true,inert
2d4a7a7258d986f9e322c06a8fd352ec4dc89362be9110617d8b7df37de1bffb,Benign,arm,arm:10917112589632919530,true,inert
2d4ddf6d6ec7c24a724f6614fe05ba3c672342804bc5078c9d9fd7957acb834c,Benign,arm,arm:10917112589632919530,true,inert
2d685743015324cff44a88c0c413cba6c98803a7382037612b9ae70eaed19629,Benign,arm,arm:10917112589632919530,true,inert
2d952953b262019ed52508b49bce3aa0d8c7ba3d74394f5cc862be75d582803a,Benign,arm,arm:10917112589632919530,true,inert
2dce29b7635ce2046cdbe140abe7e063af16c53c7e661394184b0d2c462dbe4d,Benign,arm,arm:10917112589632919530,true,inert
2dd3265591f6f67bf805fbe8943f7fce085502320261ec80e98c15007c64bfed,Benign,arm,arm:10917112589632919530,true,inert
2dd807604b72db28b8443645aad45190f35c401fb60b91d637820ddbd28ba4eb,Benign,arm,arm:10917112589632919530,true,inert
2e305ef96a7a884b333dea908882ba3f23287fd77cadd3066b4bec4e63c91238,Benign,arm,arm:3656664277496154216,true,inert
2e387d6d1f98a5d50f4c5160ee0244ae6ddf3ecb9dff796b4849f5b918867805,Benign,arm,arm:10917112589632919530,true,inert
2e73555ebb0d1f88ade260e8d88a81ea88bf6276c2ed62c1e279a98670257cb2,Benign,arm,arm:10917112589632919530,true,inert
2e7e5f94f52c6caa53887249a203317b761ec6b32d6a780bce24ccd711aa5682,Benign,arm,arm:10917112589632919530,true,inert
2ee04d142a716d1f9aa7ae3bd54b84db190ff8bc01a85fab848412661ceb74f9,Benign,arm,arm:10917112589632919530,true,inert
2ef05191378631ad2a231eed9939cc58d1bbab21ffde389ab9491bec90fca3b1,Benign,arm,arm:10917112589632919530,true,inert
2ef636b624e2fdac22feb585eafe5942071e5f7f020bcdc9291c03f17f8c2b36,Benign,arm,arm:10917112589632919530,true,inert
2f0018ffbc8cf929ea2bb68bcde5dc4b95393baed8a26f76595834768e98c513,Benign,arm,arm:10917112589632919530,true,inert
2f17c0080581ebf2edb7248c2c5af3a570a854de25fefe8daf52b14f8fa86ab6,Benign,arm,arm:10917112589632919530,true,inert
2f22c54ff022ae3e093f7c2c10776275adf9123272c77532f28412be953fda75,Benign,arm,arm:10917112589632919530,true,inert
2f2584cf1363a8e83378828453513bf04edc82c90f8079b46bab6dfb296f8619,Benign,arm,arm:10917112589632919530,true,inert
2f3739816838a8bbad80531ad7de1d79a888c43dae419eaa0b034789aa2c97c6,Benign,arm,arm:10917112589632919530,true,inert
2f646a95eb1b7f3c89d961f4a2f8885508959e47850cd9291dd89eb6d284e1b5,Benign,arm,arm:10917112589632919530,true,inert
2fa14a23a1785367656afd03eb6acec85e1eb964f358d907670e54ff3858bd2d,Benign,arm,arm:10917112589632919530,true,inert
2fb158aa7df7e802da71a523aecbe2bba89a6b44b7de2f091ebbae74048d4ca4,Benign,arm,arm:10917112589632919530,true,inert
2fcd0beea3dee2cf29df8087675f6e230b8e454f48b36338104a37a25d1146f2,Benign,arm,arm:10917112589632919530,true,inert
2fe6eba350a5797160b59f0dbfb01c7eda42a05a6f6e9c48c968b1c3f1b6e2ca,Benign,arm,arm:10917112589632919530,true,inert
300b74f0416bd3cbe2417ba3ff6539f7f3385e6f00a1d78c16585e12fe407cae,Benign,arm,arm:10917112589632919530,true,inert
300ba04d070c834765794ad8fdf6ab94dc09d147607ffcce245f0c2e4364353b,Benign,arm,arm:10917112589632919530,true,inert
301820826e9959e7f26d6a7eeeae731f0dd9b7b4632afcb5bdab0d5b90be3043,Benign,arm,arm:10917112589632919530,true,inert
303ef9a6a0e1683d6c094c9789bef19309d1b5fcf56a3b1da77dd8233ff58cd6,Benign,arm,arm:3656664277496154216,true,inert
3066589dfd140d4b16c7d140ab8bfadd22e03bc673635b6efe8b8a581ad428b0,Benign,arm,arm:10917112589632919530,true,inert
30743cae9bdf0e8e2e64bf1226b20f42cf9bad7626947b76120ea8e77114cdd4,Benign,arm,arm:10917112589632919530,true,inert
30d98cd9d111a3018943e2e5a879088a09c77f262c23d8207811617047381282,Benign,arm,arm:10917112589632919530,true,inert
30f1f6b7064d2c49966bfe4eac55e9a641aeb9fee3f7962f58dfa440f4337ee6,Benign,arm,arm:10917112589632919530,true,inert
30f473bb4c5b4259fd8572f57eac921a6bd26b18511916db211e03322e11d381,Benign,arm,arm:10917112589632919530,true,inert
3124dc70ca3ea6a3445e306ea2efc5b712bc1511f630e9eb8d2c2f2f575f0f3e,Benign,arm,arm:10917112589632919530,true,inert
317adab3ec39e8d7511b64bd0cacc594620feca04213f313c011982175a6db87,Benign,arm,arm:3656664277496154216,true,inert
318b48c628ca8c68e7c5cfb815c3ffbd05bb2f83ad12e49b11f1cf88a9d0e092,Benign,arm,arm:10917112589632919530,true,inert
31ed3cd225cc4ecf2434c2b03f9f812521b9d66772e93ea50880151ef0ad99a0,Benign,arm,arm:10917112589632919530,true,inert
31ef739b786f4e5c23aaa0a78f62473f832dea94943d5b22b8f7c319923a1577,Benign,arm,arm:10917112589632919530,true,inert
31f793b3e771d9f0da32d8490ff0695cfd87f1bfb2e83db8692af1346b83007f,Benign,arm,arm:10917112589632919530,true,inert
32076bf9fb80e4077e0ded4cd7a25a38d0f578a6c6619190d7f4285348a40f11,Benign,arm,arm:10917112589632919530,true,inert
322b37117e1318e4c887c4371c76a027d66df01be78db5bac770ebacf93ad7a6,Benign,arm,arm:10917112589632919530,true,inert
326d6c5e85a4ba08026c4306a587a49e5136b8ac5ba99da1ab05b4054fb8659a,Benign,arm,arm:10917112589632919530,true,inert
3275b0822a45ea2aed7835a935a337e096dc1af5c42e934e96b01809be61caf4,Benign,arm,arm:3656664277496154216,true,inert
32913378549a99aec4f873fd494500b367a70316baa79250aea4c6cebddaa7fa,Benign,arm,arm:10917112589632919530,true,inert
32b4fca9ee8f26190021bfd5770f92a1052d46ba4f42a06428001fe705b81f52,Benign,arm,arm:3656664277496154216,true,inert
32ddc39255d7c29aa892edc4ba5c9f0a09079324d52bfdf01a1d4b23e7b17593,Benign,arm,arm:10917112589632919530,true,inert
32e2123a29f77833c7979bf4837f13818c2106f87e2ab142fa0091504e9c0bd4,Benign,arm,arm:10917112589632919530,true,inert
330664f570a1702c6674654b82724a3a6359eee810a7ffec538fba9779ff0677,Benign,arm,arm:10917112589632919530,true,inert
330de0341e5f0da3fefca468f0d3089490829b5ddb1addada02d9856575d79f4,Benign,arm,arm:10917112589632919530,true,inert
3319d49e3552b0bac16670866fc140e9c001463d1e83ccf904a662e339c45f2a,Benign,arm,arm:10917112589632919530,true,inert
332762470892f636300eee1027c1549d869bd1dcde5e3fa388396ffebefd2d19,Benign,arm,arm:10917112589632919530,true,inert
3337126d543dffdd62e07e4da6f2d3bae07f723d94d8df9de1f02baeb330bdad,Benign,arm,arm:10917112589632919530,true,inert
3361a8ad33231bb225c91535ce5f131f047b51ca281439609fd6df33f1c96c29,Benign,arm,arm:3656664277496154216,true,inert
336f604bd17126d11c805e20719a91fe6b31ad9a90e3bc9e6e3939ddd221d124,Benign,arm,arm:10917112589632919530,true,inert
33e4ddf09fbdf948ef339998f53a7ec9d97e6637d4fe0f57b36be3e441d4d9ee,Benign,arm,arm:10917112589632919530,true,inert
33ec4b651388db2b54aa7fc7c55b7a3497fee2e7f09781454e007020b53846b7,Benign,arm,arm:10917112589632919530,true,inert
33f188c736f028902354306e1f7d1f41dc730a9967b33a895273804972d16d8d,Benign,arm,arm:10917112589632919530,true,inert
33f4a9bb0418a87d68cece2d5d570bfa04f34e6b0be25d2f69ae0df9a41648ee,Benign,arm,arm:10917112589632919530,true,inert
3405ac487e5d71e0546bd3b82f80d4dc3f7e411a91b7fde8e43a67758cae24b7,Benign,arm,arm:10917112589632919530,true,inert
343b12083ca3f0ddc0bdd178339af8fc70cd48669e307adb075ee62508912b58,Benign,arm,arm:10917112589632919530,true,inert
34783d929831de23683858355de9222b3a0e82f0b684b9420c3362163c0bc4a7,Benign,arm,arm:10917112589632919530,true,inert
347854a0e06d262d60f44116e6999e05827454f29060a0eecf90e58f6dc4da8b,Benign,arm,arm:10917112589632919530,true,inert
347899c15392368162e44b476fb669b62d690902547787fadc62401111d45b6d,Benign,arm,arm:10917112589632919530,true,inert
347f5363a95abc578ced5965d3af84d6252429c17896e1cf63be00fde4e895cf,Benign,arm,arm:10917112589632919530,true,inert
34abb7984f23dc37e88955a0376a5faca9e4139f37509b6ad22638b634bc24cb,Benign,arm,arm:10917112589632919530,true,inert
34bbb648232c26c85b54a569061dc2c0d80f85142364886bd2114251c3277f27,Benign,arm,arm:10917112589632919530,true,inert
34d4b71649b5e4209a83e38acad2647173c70e82718f1fbd18c1842c6c03de5b,Benign,arm,arm:3656664277496154216,true,inert
34f0b10eafe7873260ece9b06d8221e681684444cc592cda82e4ab9c6b996bf7,Benign,arm,arm:3656664277496154216,true,inert
34fcae9b244d104ba517c89ed500b9423420c5ac876d8c556bce9fdb1ea66a82,Benign,arm,arm:10917112589632919530,true,inert
352d9684d9e3d30901b3a99dfff824932f914e54352e11f3462bcfa7e7c546f8,Benign,arm,arm:10917112589632919530,true,inert
352e2a1639dd9e90cc74b3de04cdd2ad062a9395b23531d59c971fdb2abcbe07,Benign,arm,arm:10917112589632919530,true,inert
35421882f13690aae3dcf5b3b7cd430f259f07a498d414344515c3f7b6e8b86c,Benign,arm,arm:10917112589632919530,true,inert
35472999b4086d5598ab731497f8b99278f0616d730da0224242de52bbfce623,Benign,arm,arm:10917112589632919530,true,inert
35c6e6544eac88b3d968b2347c34b3f8d222be62a557a268ba9ad957a872920d,Benign,arm,arm:10917112589632919530,true,inert
35f25656d9475c23c237c7d0195c4aede3667c5a0b30998fe3e5030f861ff827,Benign,arm,arm:10917112589632919530,true,inert
3617b36667c9c0007ab8226963207a4c97e42c76cd988c32494ba398e7393e07,Benign,arm,arm:10917112589632919530,true,inert
367bbde8e5b5217d276edd63f533745b9af632354f47ca8d3f7a4558fe45d383,Benign,arm,arm:10917112589632919530,true,inert
3694e246e7ca6fb0e66c8a44b76bb8ea164db2b48efe8a3ecab4cc09873635a0,Benign,arm,arm:10917112589632919530,true,inert
36d455562b744286a4b417631b43efbbdb6936be2af946f82ab913f09a76710a,Benign,arm,arm:3656664277496154216,true,inert
36f3b890d30773f44d3f5ab106f2ddc4fe6778f5bdf6a4a085dc77cab01c8271,Benign,arm,arm:10917112589632919530,true,inert
37653b64d3b82e811e17a1d1ba2df11460e630016fd4f8fabbd0e5d77f44bd86,Benign,arm,arm:10917112589632919530,true,inert
376c5079fde0e02ebc1e5486116a6c67ab1c754d38922cefc73a337a717647df,Benign,arm,arm:10917112589632919530,true,inert
37ac26ceab31a865a524deda7e363719365da9eff83e4f68330747acf4e2bc5c,Benign,arm,arm:10917112589632919530,true,inert
37dbac483c6803db0d4c8561fbd5e9cab006dd2196ece560d9ac642d68b8de79,Benign,arm,arm:10917112589632919530,true,inert
37f86239e453d2c8a2ef8e9752353fb769ed6c92ed140cd4a26a5701b4b6ea6c,Benign,arm,arm:10917112589632919530,true,inert
37facce06eab99531a96293c417779334b0bfd16c15ef444b6ff6f09744b118e,Benign,arm,arm:10917112589632919530,true,inert
38031a980bd0831f302cd9edd1bbf3c0d5f700b0c8602fcd24c86625b50cd80d,Benign,arm,arm:10917112589632919530,true,inert
38175f5632ad8515381167db862ca48270456ada419f60a04632a355e7a259dd,Benign,arm,arm:10917112589632919530,true,inert
385ddc4079585bd2d000672d8cb9dc8d9e0c6f3dc28e411cb5e5b9864ebf2bb1,Benign,arm,arm:10917112589632919530,true,inert
386280a5ebf105a81fe7f479d394607211ff7aec4bfa4ff57c142d935b03b5c9,Benign,arm,arm:10917112589632919530,true,inert
3898363b2c43a2639b1d568da8fc4d8ec56ed45314ef9294daa6928f55cf4253,Benign,arm,arm:10917112589632919530,true,inert
38a82e739364b23a6ac5b53cc2a53cf247aa62e59d0779d82ed7d67c63510587,Benign,arm,arm:10917112589632919530,true,inert
38adda8ccc53aaa2b1d20f7a0be19cd43c10045c7b492e456612521d616541c3,Benign,arm,arm:10917112589632919530,true,inert
38ee615c370469ce83a33851a0fba93dc13bfdc0ec96956f7b293d58a54455ee,Benign,arm,arm:10917112589632919530,true,inert
38f9f655cc46d52cfec4c96906137da3f0de8d4310963a0c3c557a5226d1b25f,Benign,arm,arm:10917112589632919530,true,inert
392edc1c1c3ad04caede131f2abcf450fcabb35427b341324614465e3aac1aae,Benign,arm,arm:10917112589632919530,true,inert
395c04d3aabcfd5f1c95549f156d22cdb0b913ec09133d42e3429c558212c538,Benign,arm,arm:10917112589632919530,true,inert
3965b6f9a8bfd97f9c6fee7422401d299d8fafc878c16f9dece50222b7d4330c,Benign,arm,arm:10917112589632919530,true,inert
396771372bf1f1cf4b8bb645a0d64edbaa051a733c322353c130e67ed65bd18a,Benign,arm,arm:10917112589632919530,true,inert
396c0f14cd6c3831f23fa09f38d9917932e1a8bcfd408dead850c1e68209c7ea,Benign,arm,arm:10917112589632919530,true,inert
39702e2abbb32fcc7a202ea21aaf6121b3c9aaca943d7af934c0ec8351024632,Benign,arm,arm:10917112589632919530,true,inert
39b90d42dad1a854be405100d14d4ecc22b5327501d6f65456d76d27197657bd,Benign,arm,arm:10917112589632919530,true,inert
39c5f981b03c4ac84d9cceade91951989bee95f5e206dbd7055f6978aac137ff,Benign,arm,arm:10917112589632919530,true,inert
3a02c302e0c81ed861e1d1a5133dfa7de59381c056d35c6fbf46af48657569d4,Benign,arm,arm:10917112589632919530,true,inert
3a08a081d3e574fda8fb717635676c11c821c6f464724ca2f4737821f8ead098,Benign,arm,arm:10917112589632919530,true,inert
3a31b5cbadec028506879e67c202dd73f77a484ef8b4342bb58c9d1911a69367,Benign,arm,arm:10917112589632919530,true,inert
3a3c13bfee3df6faa9c1ea559f2a23b4a50308b858241138b1f45fde8d01dbe2,Benign,arm,arm:10917112589632919530,true,inert
3a6dbe6ed46a03335ec161cd1ddc73a224fc406b4e6b6c021d71d7ed5082f413,Benign,arm,arm:10917112589632919530,true,inert
3a8d89a660cfedaa768ea0ab94de40089dc46a2476c1ae7aaea7ee0c1c0ce4a0,Benign,arm,arm:10917112589632919530,true,inert
3ab86ca9395d1d3c6661824c33ea75fea71c7daf05052f33d6ba68dbfa336f53,Benign,arm,arm:10917112589632919530,true,inert
3b239cc3f279e5368bfe561f3b18b489ded52fbe6e223f6bbcef87f811810d5a,Benign,arm,arm:10917112589632919530,true,inert
3b2da02cd05b16e08c333542aba1536fbb82ebfd11edaae3c20b97b342d69828,Benign,arm,arm:10917112589632919530,true,inert
3b47b8dc599fa86f311e2c8e1b10b0ddfb303892fea255414368e866f3d330a6,Benign,arm,arm:3656664277496154216,true,inert
3b6a2f96cc8f36d9ae0e39392bdf10513f026b8228b8fea16b02845a43991171,Benign,arm,arm:10917112589632919530,true,inert
3b726f226828146ed709a0b2da66be275501d9e905a241d454e77f4d8e3161f8,Benign,arm,arm:10917112589632919530,true,inert
3b7fcfc6938e3a5e3469d7ffe52358d6e8e67237071c56deb926e8b7cd749725,Benign,arm,arm:10917112589632919530,true,inert
3b83d89e97472073f00946006bafe86cad972cec63c2d9f9f650e14499228a0f,Benign,arm,arm:10917112589632919530,true,inert
3ba4839b12879a9813b2ae3c031ac426c984f167a1e45e25b87a160c6afb3845,Benign,arm,arm:10917112589632919530,true,inert
3bbf889227ded5ab04620bad1c2d6bbf71fc6b5536624f9644a970ec899f2230,Benign,arm,arm:10917112589632919530,true,inert
3bc20161d37f17bb9f4b6dea04b28db312683ee025d2e747cce1b1410ae9923f,Benign,arm,arm:10917112589632919530,true,inert
3bd06277862580a55e1a187d4d75a116222b550ccf7d8a1bd380cce43ac796ab,Benign,arm,arm:10917112589632919530,true,inert
3bf77dc39485b8e299fc109946fdea7243280e4e7cbc06ac283556faeb113d6a,Benign,arm,arm:10917112589632919530,true,inert
3c01a9d0a258aa85d0328e96b16bd56cdd237bb94834014fd26c8cd2470f4c2b,Benign,arm,arm:10917112589632919530,true,inert
3c2aa58f09a1112d9dd417be249c2845d3e7aad1e4f26efa38041939af845f19,Benign,arm,arm:10917112589632919530,true,inert
3c59a33c8b2995d0cdd3972ff7cc08f5913db79ff1d908598be6ae3ab3ed71ac,Benign,arm,arm:10917112589632919530,true,inert
3c6ff9d225b5f5d53ad96da070ff2e2e4f0c7b569dd98a5a0c3b5837c8779d48,Benign,arm,arm:10917112589632919530,true,inert
3c71ea6935d151d4a642c5144f411d75458d97ca7495a31f119c7f9f80a9b6f3,Benign,arm,arm:10917112589632919530,true,inert
3ca8e27ab17f2a8f03218b5485272050d05ed73ca535eeb7e9c59f093908002c,Benign,arm,arm:10917112589632919530,true,inert
3cb4e75e222b44ba859e8014751c0f2c1c95fb541ffbf61fb164af97f500a1e2,Benign,arm,arm:10917112589632919530,true,inert
3cbef83987680a5e06816eafda9756055f9dc7ec7d19a1b54779f7f6c5b2d51b,Benign,arm,arm:10917112589632919530,true,inert
3ceb6a8ac1773e5de012ab823506d4c2adb85e4f5d34b3e88521d24bccca646c,Benign,arm,arm:10917112589632919530,true,inert
3d0e6bb84bc3db7e6a7ada5ac1de20953ae52810b404d3e0b10735c4d94c30ec,Benign,arm,arm:10917112589632919530,true,inert
3d0f076475e7258a3e3f96eb407762db68c705e268f3d5a979e112a2ffeedec2,Benign,arm,arm:10917112589632919530,true,inert
3d3cfe09d82278e3ab75fafab6fb47849de40dc833bbbe370b3e4864e475e2fb,Benign,arm,arm:10917112589632919530,true,inert
3d485d5256d3d572b89ad3c3a0093b8436c4583b903a5360fcf8864653b5c2de,Benign,arm,arm:3656664277496154216,true,inert
3d6383703566348ae63b8fd082d0aa860a1e58d4981583352d5e080c304047cc,Benign,arm,arm:10917112589632919530,true,inert
3d78ad72693dad3b1b8dfbb1ae9510b13774c7c4c07c5e335100236913f49e0c,Benign,arm,arm:10917112589632919530,true,inert
3d929e4a1e8065dd429cc54a199d8c113d3c5dede2356064a17b71ae98738ba0,Benign,arm,arm:10917112589632919530,true,inert
3da84b261237054c75edcf2ae0c6841a57139d43813ff7e47b0e276f5889f31a,Benign,arm,arm:10917112589632919530,true,inert
3dd42a549973a18ac60adade140a7e871ad6fc2bfc4f8958484571394253c5a0,Benign,arm,arm:10917112589632919530,true,inert
3dda88d7c14ab0157b59c66f3679cb6bc25a96bca6d8d34d53bbb68ed39a582e,Benign,arm,arm:10917112589632919530,true,inert
3e2e594e56f5c26ec796329c73de8ab3bf5d225aa00b491dcdecaa3239d8c788,Benign,arm,arm:10917112589632919530,true,inert
3e38384c96162ace221ff9b77de9c5b3c3a881b30a27c73d0cdec1e9754c6fe8,Benign,arm,arm:3656664277496154216,true,inert
3e3ca309addf98960715bcb9a4362e401d3f84e11b42fb3fa3c285b9d7062fec,Benign,arm,arm:10917112589632919530,true,inert
3e51bc5132a5faaacc8c70dda4d71e92aefa27c4ad8276d153f5a06947a30b86,Benign,arm,arm:10917112589632919530,true,inert
3e5760b3d9da41156bbdd4eba90d56233c710ba0a53d57d73fb6cc06a5949ab0,Benign,arm,arm:10917112589632919530,true,inert
3ea0a068015e654c83ddf6b0ddc6e247cd8a02d6072847bba3bf0dcd432d00cc,Benign,arm,arm:10917112589632919530,true,inert
3ec6fc2460c313e575f7cb3213e1050cd0701155400483293850077f43e34a7e,Benign,arm,arm:10917112589632919530,true,inert
3efeccd7db556581d12c0e7384f37a2246ace1cc6d5fb0e94ca3dc60cedbcbc2,Benign,arm,arm:10917112589632919530,true,inert
3f2ec1ce64bfbadadbd1c01d484ae4075492b4b0020706ff2b9171971f25716f,Benign,arm,arm:10917112589632919530,true,inert
3f321e5ccbbaa81f4cacd733fcb3b33e924e76279daf8582663f3c09b9b0662c,Benign,arm,arm:10917112589632919530,true,inert
3f707e8f7ff13ae7ecde37f0d9013807dd2a8a786a1d8385600dfa5227925716,Benign,arm,arm:10917112589632919530,true,inert
3f7af90e7a1b4ea1a3b87295bf673ad429c9694528e6e31ce21641ce991efddf,Benign,arm,arm:10917112589632919530,true,inert
4017c639ddb490271c28162fab2772b4349519e790a3470a0895adc4e84d9eee,Benign,arm,arm:10917112589632919530,true,inert
4018c89c489ce72a6719a82e1bb7c10e71ac7638fdfeb0949a38f754683157c0,Benign,arm,arm:10917112589632919530,true,inert
4026ad1d954ec140e6dc1f2898bc976571402b3a933429c738c1933b1609a5bd,Benign,arm,arm:10917112589632919530,true,inert
403539d4d4219eeedb4d6e663c4882e9e0d4771dbe590ec759539d1d2787fc79,Benign,arm,arm:10917112589632919530,true,inert
405d72fc84ae127b72d200f4bac59a5bf1f09ef65467668364971346366af69c,Benign,arm,arm:10917112589632919530,true,inert
408e713f2ab33220c4073c779df73f732693971abace21da87e5a8a72ec21d51,Benign,arm,arm:10917112589632919530,true,inert
4099ab8b3ee23cc23e9387803c74562bbf13a95f39138c9b78f39c98e3e0a0bb,Benign,arm,arm:10917112589632919530,true,inert
40a5adf2d6809fb92acb589e62d2811b430fd5136c52bf301d7638223444e8be,Benign,arm,arm:10917112589632919530,true,inert
40a86c4fe3188b8c98d8867e51c410a58aa7df6e850b64de5ba5aaa79c80147f,Benign,arm,arm:10917112589632919530,true,inert
40b7ca1c62c3515ffab45e41bce74daf265c665f54b45b7e7e670e8bc8ceff39,Benign,arm,arm:10917112589632919530,true,inert
40bb1494457f3d8f98eebe5b3227cdd196875a0b4735de3c0b7196c2790853f7,Benign,arm,arm:10917112589632919530,true,inert
40c1967c649ea38b65a6ae940d44061512f8f08b2f0a0e19c4bc1bb0aa5bcf23,Benign,arm,arm:3656664277496154216,true,inert
410bad0af652e41256d08661f86fcaafecb647e0935402a9affc87671dbef7a8,Benign,arm,arm:10917112589632919530,true,inert
411b8ba80c5beabe9e3539c7dae2f80c0a75f97bdbd892d03e0f992455b65b17,Benign,arm,arm:3656664277496154216,true,inert
41291dbe769f426c9f214cb826b848dba989da9467d3329a05bde1536d15395e,Benign,arm,arm:10917112589632919530,true,inert
412961b2fa09c400956aff196086809cb9a2a2c742447cf4bb4dbc9a1469c69b,Benign,arm,arm:10917112589632919530,true,inert
413e53198b34cbcfae942183fd3f624ef8a954df4298574e371ca1bafcc1a7ef,Benign,arm,arm:3656664277496154216,true,inert
41ac73d1ed88ef253a3b016202fab808963add58f74fd6a983eebfde79212789,Benign,arm,arm:10917112589632919530,true,inert
4203fd904c13687fd829ef3ca3bd230cc816aa03efd5116695a27c0cc2e84446,Benign,arm,arm:10917112589632919530,true,inert
4222a148895af9e6db8eb4e9618757216a8f06a4df95ee1afa5f2b39dab82e15,Benign,arm,arm:10917112589632919530,true,inert
422748bbd90f012fe901e641e5dad2c9d19e6a6521eaf22401233a2e6e604d91,Benign,arm,arm:10917112589632919530,true,inert
42563a8006984710576bf035f9bc21d8083a4983d80ddf8930733392c4e94115,Benign,arm,arm:10917112589632919530,true,inert
4258a9ee224891f4434c723e63850ab8ecb769746fe6d0dbb2664fc321f90c25,Benign,arm,arm:10917112589632919530,true,inert
425d2c41d94d1b7b7d5d3dba5895e015f9be792d477efd9a83a6e4ee0cde8559,Benign,arm,arm:10917112589632919530,true,inert
429d87bc8ccab97dc830ba20affc0b2a945508b355b57467e13d51e2d8bfb0dc,Benign,arm,arm:10917112589632919530,true,inert
42b07a3ec3bca9e273ad89f65edae34437381b5e727dffa29c0127e4d2bcdb12,Benign,arm,arm:10917112589632919530,true,inert
42b7879e6d3f33119bc18158fd4d44f5d3f4b8d4c1460f7d15e7a2fd2948cddc,Benign,arm,arm:10917112589632919530,true,inert
42ba52ab04394612bb10c2cfd58c2cd7527258994032e89532396bf14a5507f4,Benign,arm,arm:10917112589632919530,true,inert
42c051944e6034ea8829cafd424a9d18683545da50ba75784adeaa973a9ff423,Benign,arm,arm:10917112589632919530,true,inert
42cf5ca2f22fab6d8520c690bc9b5db1bbad1e57317eeea9a53745112a8b21c2,Benign,arm,arm:10917112589632919530,true,inert
42cf7c6a15ae54ccb72c6f497560161c8c2bf68d9fee085f6d8bee8bd51dae13,Benign,arm,arm:10917112589632919530,true,inert
42fcb2a7d8a8312da57f21dee68b83a83c894f152912b6b308aec526c6178f40,Benign,arm,arm:10917112589632919530,true,inert
4326eea35bc25d34b310fb150cff90b8bf2ba845cb3fd4610122abaeac440527,Benign,arm,arm:10917112589632919530,true,inert
4368e541c347870b4d221c60b45350600b230b8d2983adf13c90fe49fb902af7,Benign,arm,arm:3656664277496154216,true,inert
43c7210475932683e99c41057d282abfa2a6d9cde6273760d81852a2551de424,Benign,arm,arm:10917112589632919530,true,inert
43e2e5be6336a5c257372355e2af83dab6df360de471b757891eb18a05de360f,Benign,arm,arm:10917112589632919530,true,inert
43e6058e1e00b1acc40cc012e08a811bbc8e12681a2a78ad39acfded97a7c1f5,Benign,arm,arm:10917112589632919530,true,inert
4407a2b11e399431b8fb40e41748723590beed44ad84ca4d5c2cdecd61d29712,Benign,arm,arm:10917112589632919530,true,inert
440f348e8fa29de72ef08054c922d4cfedb6dada456373163f19200c72dad600,Benign,arm,arm:10917112589632919530,true,inert
4466a00e7c2fb84d06f6fc76db64d758063c7368345c9831ccce845ac582edf6,Benign,arm,arm:10917112589632919530,true,inert
4498ef85b20a857f9fcb3411be1103958d29c8e8402adfbf0ecb518b7b6297c9,Benign,arm,arm:10917112589632919530,true,inert
44b229a928b169b210260615b576ebeed55c8e7abade43b7f5598dde23293870,Benign,arm,arm:10917112589632919530,true,inert
44c7df08e1aaaa1fed838ff5eb2884f269634f5fb6fcb5c0c6e8cfd2f5350324,Benign,arm,arm:10917112589632919530,true,inert
44e2b8035cd36a16099636802ad8aff5dd4b1d6e1ecabe16f292049a07a27776,Benign,arm,arm:10917112589632919530,true,inert
44ff5fde9141c18b21e5e3540686ea1962c68997e1bb0987b206b817c97adc67,Benign,arm,arm:10917112589632919530,true,inert
45286e9aff7df79f2e222baa16d28bddb9c671e20a17718bdc939f02d2838495,Benign,arm,arm:10917112589632919530,true,inert
456b46a1ecf8e4092ad1740761ceff025feb62963a9ca1074f40079e580db2f9,Benign,arm,arm:10917112589632919530,true,inert
4588b0feb1b64f8f7d049bb9f21e367f56f05b859adf7a0c22a0b807600142a3,Benign,arm,arm:10917112589632919530,true,inert
45d93575cc6bf19e756af3dcc2a8bddb8178c239e91779ae87052127c2ea8353,Benign,arm,arm:10917112589632919530,true,inert
45e1df4ce3daaa89534c84c5aaebb1773f8ec1893597443dcfe3f64df1dfd3d6,Benign,arm,arm:10917112589632919530,true,inert
463aa147b1208299afdcd465e50860b6701332006c1864c38b25a45fb9f521f1,Benign,arm,arm:3656664277496154216,true,inert
466cae1ceff1f2e4d64de06bed331cdb34d63b0e967048f569e2a0b1b1567659,Benign,arm,arm:10917112589632919530,true,inert
466ff68b166222534c299bd43fafccdc1ae2a3bfef56b3ccb2e9c9599054e4e8,Benign,arm,arm:10917112589632919530,true,inert
4682314910f874fea8489c3d65b043ff3cf24f8e531c3cbf776bc18a3b04be5f,Benign,arm,arm:10917112589632919530,true,inert
46900e16575da1ae862440debfd2f0efd7b6f715a5faee91a93571f6da41f773,Benign,arm,arm:10917112589632919530,true,inert
46932fadbe424350feca15a68f0085401b9c920e733e1ae28d2028cdbf19ed71,Benign,arm,arm:10917112589632919530,true,inert
46b165b7cd69b24e24ecf08452e7bdf32cb18d76b321371ef8af74c3c21bec58,Benign,arm,arm:10917112589632919530,true,inert
47057d0307220d880e7dfb6b1bb03e4b6d8fe234ba82ef70e3c4e8262a70eb94,Benign,arm,arm:10917112589632919530,true,inert
47532ddd31b502fa339e8572cd1fc67666022752687bf506996c1da5f7a1c881,Benign,arm,arm:10917112589632919530,true,inert
4772820401a14f8bd1a718efa8f1769c8cfdaf93548d9cfbf5ff5864b3862b6a,Benign,arm,arm:10917112589632919530,true,inert
47a0279d4c7cba58a746cfa6bb1feceb48cb301870522154f976b2d7d24efd54,Benign,arm,arm:10917112589632919530,true,inert
47a2234fccc16309fc9f56497b8150ba703a00ab18a60cdde2a6dddcfb80f75e,Benign,arm,arm:10917112589632919530,true,inert
47b14b071f84d776d6e5183fdca6b25fe31900126dd3e87c51ae5123cc127579,Benign,arm,arm:10917112589632919530,true,inert
47b71af41ef345ad99327c5348f0d6989b8dd1ca0699f7415e05c1e54c0bb32a,Benign,arm,arm:3656664277496154216,true,inert
4800b244f7852187f9550a8e342c4afe1cc6fc65a0fdd1907c62e8480bfa89f1,Benign,arm,arm:10917112589632919530,true,inert
486f77595f273b6438abea76cbe045bf35bf14057bd8907311a35a0267a6751a,Benign,arm,arm:10917112589632919530,true,inert
488c3f77f0ed383a75278de16bfa163eb7269240f999f3667b4b7a2449dc4a9a,Benign,arm,arm:10917112589632919530,true,inert
48a1ad8f508f57010f37bfa021e770eda4be08c8166c201efb0b440292d79194,Benign,arm,arm:10917112589632919530,true,inert
48e0d24f4d8b1fecb56a39a52c84bdcc891cb3e4d5979b7cabbd06fbab31810e,Benign,arm,arm:10917112589632919530,true,inert
48f5800cf7760b2bf56ca7bdb6c3e7e9add2eab1e1032488ec67ae587a9853db,Benign,arm,arm:10917112589632919530,true,inert
493cde3dfdef2a586745ec561d3fa74a6b8ce1d8e05eee371a48da109ea434e4,Benign,arm,arm:10917112589632919530,true,inert
49491ea9b9b272cf666d04decbe5791b91473ebe17391ae0a4094ce1ed2d3233,Benign,arm,arm:10917112589632919530,true,inert
4a3ebe97488e13c1bbf7212bd8e1cb5c47fe96b94dc10462fe4bfb5b2aa56fe6,Benign,arm,arm:10917112589632919530,true,inert
4a578e53ced363a5db8971bfcc61c0ca960a74f4757818084a7ca3bf6b719e9e,Benign,arm,arm:10917112589632919530,true,inert
4a71631182112b5f74d160b1acb48fe6458fbf944449da2795136e5a01f7ef32,Benign,arm,arm:10917112589632919530,true,inert
4a7aee82e617546f3dcdab6e26612891c9b8e3f90febdac1e627d8a16d8d4e12,Benign,arm,arm:10917112589632919530,true,inert
4aa0d2a276d590a11d542547ba527828fbbf1525660c97274b1aa6f4b378e84b,Benign,arm,arm:10917112589632919530,true,inert
4ace8d62b86d15a61d7387f806399cd814acd2311d884cf8cee7a38ddc11a6f5,Benign,arm,arm:10917112589632919530,true,inert
4ad04f80b1aceb2803e2718b9277a0bf3bd87422dfed85922cb31da810294263,Benign,arm,arm:10917112589632919530,true,inert
4ad68aacfa3119061cea1c1d1e9089a570a6ce7b8fbc09509575d00273d0f129,Benign,arm,arm:10917112589632919530,true,inert
4adb0f3fb606edc9c7656d0abdfc740ec241c79bdb8f9588c2fdac790abf40e3,Benign,arm,arm:10917112589632919530,true,inert
4b148d09ce1c6c560317eb68bc545809005efa5d4ce994bcf5ad51f8a94a8c05,Benign,arm,arm:10917112589632919530,true,inert
4b4f61c57201dc5f11eb46948cc7e0018dc1b87d87a2cb8e8566346941354781,Benign,arm,arm:10917112589632919530,true,inert
4b5b04c310964600626a7e84a45e13234ce66a7eafe5ee5a0bdc1b5b8e768d34,Benign,arm,arm:10917112589632919530,true,inert
4b7c6d7af27ba70b7423ba6fc0ecf0526da92fb74aaa035359030e155187e1d8,Benign,arm,arm:10917112589632919530,true,inert
4bcf051b7ffa021ee017e2fb6ef38c770c0e77564ef4a654b8ab09ebc33bbd25,Benign,arm,arm:10917112589632919530,true,inert
4bd36d191405a4d9591cdc3278d4be10d9bf317e4e340ff8ae4ab6afc106c0db,Benign,arm,arm:10917112589632919530,true,inert
4bfc9f6e124b3e844c3487263086feeba81d1256ddb4dc8a9c2b5f72281f3e18,Benign,arm,arm:10917112589632919530,true,inert
4c266e3e4e6a4116da1b7967bb517afcf1202479acf95e5a953ad5b08040586a,Benign,arm,arm:10917112589632919530,true,inert
4c53946bb01c3fd84d98816121c5bd4797af7fb36084f371c6d3f619e09ed42b,Benign,arm,arm:3656664277496154216,true,inert
4ca216b64892486e0d31a69d1b73805caad25d005d2140076e896ff396c310e9,Benign,arm,arm:10917112589632919530,true,inert
4cf61058e947a35d82fb733019aca1d3aaf94e77e18ac543e544444e7d7db84d,Benign,arm,arm:3656664277496154216,true,inert
4d07d3b0eb8d507f3fe80e7de4a5eddcf850684802de73798515d565bcc8c522,Benign,arm,arm:10917112589632919530,true,inert
4d0c5367e1a8b78ac2e0fa9846f7b310754d7902f13c28a6d8ce10dc477e321e,Benign,arm,arm:10917112589632919530,true,inert
4d0d9a0ec410e4c263de70e55bf0c784bef48fe84ee4ad56d336d0aaa4525663,Benign,arm,arm:10917112589632919530,true,inert
4d118103da1c1da88bbb2840e12844b8fbb4d03661c37bf9867eeae44e8f210a,Benign,arm,arm:10917112589632919530,true,inert
4d1ab9b46858e7770516600d9d856a469bcc11eb4acea4319b323627d67f3072,Benign,arm,arm:10917112589632919530,true,inert
4d6bcbdd60f8e829adcfe53e2236f36478233d3f15d9b79def85310d36480f27,Benign,arm,arm:10917112589632919530,true,inert
4d76cab8359526d5c4d6067cfa80095072f2ebd6e761a4b8d63bb19c44d23716,Benign,arm,arm:10917112589632919530,true,inert
4d9be04a52de5c4e288728b9dcdb44bd431cfc9e54b428b49978465c040fb07a,Benign,arm,arm:10917112589632919530,true,inert
4da1aa8469e6537708193b882c1d87335b13afec0f844a4e94eb93f6e79f7278,Benign,arm,arm:3656664277496154216,true,inert
4db009129d168a6eaa830128fcf26341338df04ef001712294de614a7d137f85,Benign,arm,arm:10917112589632919530,true,inert
4e03922f804c05b25e15f3e49524ab1e1213e55efc9a9fcabf1786abf929232a,Benign,arm,arm:10917112589632919530,true,inert
4e542549119fed5dbef6283876d464fdeb01ab5c5126036b0db00ab774229642,Benign,arm,arm:10917112589632919530,true,inert
4ec4297322c03d1fc53dd2254d5aec2c775db839fb6c1cb7cbbb28421064c0e2,Benign,arm,arm:10917112589632919530,true,inert
4ec4b337e36b5835d4b08706c299e170b35b72e748cda404d9ebced5ae7787f0,Benign,arm,arm:10917112589632919530,true,inert
4f5ba05e7de4268b4412b130497d63dcfa37cdd39d6dca3132cde4fcf3a3a79f,Benign,arm,arm:10917112589632919530,true,inert
4fd628885bcb25657c6908541f4974fd89056a98d03da941c0616eba880f1f0f,Benign,arm,arm:10917112589632919530,true,inert
4fda72daef349a648f07b7d78462a03adee18b2cd7b7f1c33d096f6cadbed2f6,Benign,arm,arm:10917112589632919530,true,inert
4fe1a50c0173c30c216645753ba166de7b93f7d33dbfa8ac137a3f63ef575ccb,Benign,arm,arm:10917112589632919530,true,inert
502fe4eb1725b236c3b5091154acd723f5afebed5916b36cd6baceb0146d1fe0,Benign,arm,arm:3656664277496154216,true,inert
50736ae1f8d9e54603c36b4a139713a55569448a749d31f62c1c33072afe7ff1,Benign,arm,arm:10917112589632919530,true,inert
507abe189116ba61e8f14f97971e3741c934da955d860278ef28767e3e5d6d81,Benign,arm,arm:10917112589632919530,true,inert
5102f2a3c18001a6387c1be4841dc2de0982ba36d3d260298400e2b93c50a97b,Benign,arm,arm:10917112589632919530,true,inert
5112573cef4ebc73207d5f787d7c9b7f3d10660fcfbb4499bde71f8bb42dad46,Benign,arm,arm:10917112589632919530,true,inert
51ad78986d0810458f9f9005014c728f195e05d97ee19e0188b90de1f5355785,Benign,arm,arm:10917112589632919530,true,inert
51ed238052b457e143e4558de3038e3bc7e60ae1e5dafc2d73cda5ba2b022ddb,Benign,arm,arm:10917112589632919530,true,inert
51f91fb56896dcc9136a55d722112d2b5b1bd410fc5abccf0ba969b62384f2ee,Benign,arm,arm:10917112589632919530,true,inert
5226882a4f7651337540528d8bd202a3d9dc685abee3f6ee3e51fd7898e542ca,Benign,arm,arm:10917112589632919530,true,inert
526d5d2569bfb63a6c6a2a9ab76d40b7e37929cf3ff04502c1b72c1db0288d4c,Benign,arm,arm:10917112589632919530,true,inert
52837e56a49ca729b0462c0ce35ad6be957e63176dd76312d69b7a74cd72263f,Benign,arm,arm:10917112589632919530,true,inert
52e1eb604762b755ea16acb26d5014aeebca188819f91b6f64b3887a8258e4d5,Benign,arm,arm:10917112589632919530,true,inert
531495bb51fa777c878a97100b610a4943733639b50db5f5ca093bbc694dab18,Benign,arm,arm:10917112589632919530,true,inert
533060b4be3f2db3c6f9f0bbe5a957810a3e90860169420e38bde418d0f7657e,Benign,arm,arm:10917112589632919530,true,inert
5330cde35ed4ca6814ec2a6db2f63ec626b84d4beae098d602baddfa14ddc740,Benign,arm,arm:3656664277496154216,true,inert
5397cab8023e5fbf67044a4f49970372bda8efe2e0dc31cd777cb75b50d43353,Benign,arm,arm:10917112589632919530,true,inert
53a00edea50f672ea73632fced91597b9d863052fdb62a3b70daa8358869c5a4,Benign,arm,arm:10917112589632919530,true,inert
53aec25cff144ea23afb2d71dd2d0d1a8929ff6b0d718ca4a62bc8770de82794,Benign,arm,arm:10917112589632919530,true,inert
53ceeff0e5018112af251135671b17acaf422fee85c76cc28e0e006d68131570,Benign,arm,arm:10917112589632919530,true,inert
53d6813e34fa7c4d74a0b0743c3a574f721613a32d8a39586f59de72784cd63f,Benign,arm,arm:10917112589632919530,true,inert
53df7a2b37f442560dd6b5c1dc58001032986cbbcfaec217bd85ac9862ffaa18,Benign,arm,arm:10917112589632919530,true,inert
5448ec29332b6eb81871e4cb63037548ae297b65a3efbac6a10f0af671ad92c3,Benign,arm,arm:10917112589632919530,true,inert
545dd76aa259bb677369b4d5017891dd4853b9337b19b98edda14972731ff4d3,Benign,arm,arm:10917112589632919530,true,inert
546518659eb7e4652cbf1509d78eca1ecc7dd62280028861c138f0ce05c0c3e7,Benign,arm,arm:10917112589632919530,true,inert
54812de068b7829564b80193a0239b877059ff5aa0deae024a2fe9d2d6f83ef5,Benign,arm,arm:10917112589632919530,true,inert
54871ed1647bf5b86d20f571d63c3272fb2e192bd9b34abff1789e1754e46109,Benign,arm,arm:10917112589632919530,true,inert
54a425aa40415b46cfc722634e2f6143ad3dc9c7fc87d007ad35153a758b0a53,Benign,arm,arm:10917112589632919530,true,inert
54acc08060bcb858a2e019cf32f99a8cab8c186cceb30510b41db2869c0fe45b,Benign,arm,arm:2386425896683794942,true,inert
54b2db93778d74fe31ea238ebe6460b5980d0893ff22c36e52ca5a84ddbfe5cf,Benign,arm,arm:10917112589632919530,true,inert
54c30cfe75b637da772f9a1ef608b79b47de9a04c2911362d5c8ee7ca54d8aea,Benign,arm,arm:10917112589632919530,true,inert
54d58170c54b649a446e23eb66ac341282bba10b8a2bf0e75b43f0c5dc30d2bd,Benign,arm,arm:3656664277496154216,true,inert
5538696834c94038570f289d3eddfb8b56236018329142e3e46edf827bc6f4cb,Benign,arm,arm:3656664277496154216,true,inert
55518e13ed08a6f51f52993a04c19ce70c5ea320e2299f278371eb3acc885b3c,Benign,arm,arm:3656664277496154216,true,inert
5562296c47cc9bab0b61c1a36c03e7548dfc6f48f701f14811a931aa6bc51327,Benign,arm,arm:10917112589632919530,true,inert
559681cb405c50c02f37b199433e35998ffd855b72f4f38f4c4732c798870d01,Benign,arm,arm:10917112589632919530,true,inert
559e68c7dfd445c1c8418dd74f0ef09a6ca4493df0ecafa22f0ff9710b45a12b,Benign,arm,arm:10917112589632919530,true,inert
55a11b64363fc826d5e6064f4749b80150ad19e695e1fc4e03e07958256e7aca,Benign,arm,arm:10917112589632919530,true,inert
55ac77ae90f5778a08605b5190875ba5fea9420521aa09321c33e3913fd8399b,Benign,arm,arm:10917112589632919530,true,inert
55ac8007695de4d4ed7648feacc4e4f881e55e3b8d16c03013fd80d541b78be6,Benign,arm,arm:10917112589632919530,true,inert
55b6a8b553a40a2339354d8a72098a2d183757cb39a2672a86862d1dfa1c2cfa,Benign,arm,arm:10917112589632919530,true,inert
55ebda5a1a0627671e4395f6d14e593260c0adfda7a582a436cb57a517366ea8,Benign,arm,arm:10917112589632919530,true,inert
56355f905ec45546da533ff61fecfe98ac15737bca086757665db1c14fbd9a36,Benign,arm,arm:10917112589632919530,true,inert
56754f6f6e3d47ff6a79095cfe82eeb13723724ce90275e0212d0f0226cdb59d,Benign,arm,arm:10917112589632919530,true,inert
5702119bde68decc4cf117665505a222715c08f00b280804eae3cc5c4ba09277,Benign,arm,arm:10917112589632919530,true,inert
570c6dcd62f66c6a459910f5de83ab85f9901de5cf965c91012c3b0fd85454fd,Benign,arm,arm:10917112589632919530,true,inert
574cbd24aa9decbd7b6b4730f5346918b43c2360b8b3e59acd0b7693516153c0,Benign,arm,arm:10917112589632919530,true,inert
574f077f78d3225f999b7f14cede7339969316c75c110726735edb23cf67849f,Benign,arm,arm:10917112589632919530,true,inert
575913c7dd6375101b1855803e02b43eba282f6a09e1b53272acdb06882de8c3,Benign,arm,arm:10917112589632919530,true,inert
57bcbc714a93d8f9f9fb351383dab55ebe16e760fd4d04612acaa2670db2b003,Benign,arm,arm:10917112589632919530,true,inert
57e5fc65c4a260c3f98edab63820172889b095ca19e69ddb03d83592c6e07aa4,Benign,arm,arm:10917112589632919530,true,inert
57f328308c5a57e9ba0d02eaeb1c46d4ff2ff7b47d84d78837b068505525a141,Benign,arm,arm:10917112589632919530,true,inert
58063fb3c45bde16bcbf724b1fac878620211216b585b3955d0c46793b282ff3,Benign,arm,arm:10917112589632919530,true,inert
580e359aa77ae805ac271ad915f8a7863a23cdab2376980b8694f618a8b8a5c0,Benign,arm,arm:10917112589632919530,true,inert
58ba9534f34082e5c3cf7739efcbc86c8ebb87dc1cfc721e8404fa098250e218,Benign,arm,arm:10917112589632919530,true,inert
5907e0d6b02867e11c5a6a0eb78ab409c4f4114913def76d086f3e4e2270af98,Benign,arm,arm:10917112589632919530,true,inert
59170295bc58716e9486cadba5d50f0ce9f1db9f8e13cbbfd50f5cb8c303d783,Benign,arm,arm:10917112589632919530,true,inert
59349002e24dfd6e56849fc5fba56943b0bdbc8d2cac7367c187d31476ab9d4e,Benign,arm,arm:10917112589632919530,true,inert
5949bbe25cb3cfdc4917eef35a4c0a4aec9c2013e7c173c0b10d711a1a88cd95,Benign,arm,arm:10917112589632919530,true,inert
599c7b5646000b775d4d8badb8da5dd7ec5a52e1d2b31f07a0c6a13b5773ad2f,Benign,arm,arm:10917112589632919530,true,inert
599f5f85eab1b44522b64213b615b127c6e5834840caee59e08007d593c5a86b,Benign,arm,arm:10917112589632919530,true,inert
59d9d364b2e714ab43f80a8124cc3a9ede091feed51b708e99f853c9fb2ca945,Benign,arm,arm:3656664277496154216,true,inert
59ffc484728909091aff71f12afa6507bc954efbaf679000934c550c03435f8b,Benign,arm,arm:10917112589632919530,true,inert
5a23386464ca3899b7a761c5b40c8d2e4b4f4fffcee7f1eaff2181ad027e82bc,Benign,arm,arm:10917112589632919530,true,inert
5a30f2008af5de7c055217346fbd08f3ea6d5ad95a217d8018fa065855b62056,Benign,arm,arm:10917112589632919530,true,inert
5a491486014e9497a4dacde4708005d1be1e94c16a565217593aebe9752511ed,Benign,arm,arm:10917112589632919530,true,inert
5a5e7948dbe60dc48047d35ad77dc89c5c544ecafbe414fe67be12bf5504e74b,Benign,arm,arm:3656664277496154216,true,inert
5a5fadaafa8642fd060a5c77b7ca56af6bc5e126b59f48acc02805d260712757,Benign,arm,arm:10917112589632919530,true,inert
5a6a74fd1ae7079aa20844157f3836ee589c5864b0009a50ceb1aba6e6f1320b,Benign,arm,arm:10917112589632919530,true,inert
5a9853b6b1e75db555377bfac8decf0fe039edaf245d8274b82e91ba86c341f2,Benign,arm,arm:10917112589632919530,true,inert
5ace43847edf394ef94f7da21602ad0cb4c346a48da02a31221c5927b37d064a,Benign,arm,arm:3656664277496154216,true,inert
5ae4d23c8de338c84b9959b50b0761ae1626d5c9c57110e8701bd9dc5c1ad315,Benign,arm,arm:10917112589632919530,true,inert
5aeb9613e1f3d118983d5282bf94c9afb03a16503539e9e42cfb74ce6819671e,Benign,arm,arm:10917112589632919530,true,inert
5afa52d5b9b15870e280d16a6078a6afbcdae45fa6c122fa8b7af2c53f502ead,Benign,arm,arm:10917112589632919530,true,inert
5b05b4f4bb638cf22daf71dccf27b98655f194b6a2a416a1b5f4810773027357,Benign,arm,arm:10917112589632919530,true,inert
5b2c00d7e89ea096e8c9724e0acb560eb7a7523abbcd2ca6e6ea085a6ff97f91,Benign,arm,arm:10917112589632919530,true,inert
5b4360841c047ad9c0e38add33d7903a814db4235c9eef508469e69e9c36d30e,Benign,arm,arm:10917112589632919530,true,inert
5b4d092113aa45fe23929b88767fed8020fa24d5c99a05677d79409c50b4135d,Benign,arm,arm:3656664277496154216,true,inert
5b818ed87b4872d31be30e9fa1740ab0aa9a7c22b746c1105716c0ab6339ef97,Benign,arm,arm:10917112589632919530,true,inert
5ba249e9ef5a34791d344c028f8f88228bbc71c342137d617a9d9848ebd3e209,Benign,arm,arm:10917112589632919530,true,inert
5bd7892e7e355b86670f887ea6d81e365de6c45fc055a0d6d8c12e4f2a48ad49,Benign,arm,arm:10917112589632919530,true,inert
5bfc31f83a5c485672673b3b61364746f0f3c6352f8ac9dd13a74e984aad6e1a,Benign,arm,arm:10917112589632919530,true,inert
5c1bb96f767406fc9b9b79e32d5b986675f5a15d6d97670509dd78eaa2961784,Benign,arm,arm:10917112589632919530,true,inert
5c2d193694123250c5cd82f16e003e5935d7e0a4b4e7022612603d7a3c28835c,Benign,arm,arm:10917112589632919530,true,inert
5c597ed268f83edc10e1ec7ac05f5fd00f7867618aa53765a5f54e51763d9ea7,Benign,arm,arm:10917112589632919530,true,inert
5ce4209fe2563a35e072eb02924527a13314e66131c16418b9b1ad40de590c0c,Benign,arm,arm:10917112589632919530,true,inert
5d468fd065e5866dbcd574466d9b52f496d4fead148f213e72b9cfef83b072ac,Benign,arm,arm:10917112589632919530,true,inert
5d63eb6accb855da8d54de470c8710e8e2cc43427cb62cacc8d57666dc08f7a9,Benign,arm,arm:10917112589632919530,true,inert
5d91729dd6b60b645dc1d5f9cd5c72aa8030169c1234e65af3c9b143fd9f6cd3,Benign,arm,arm:10917112589632919530,true,inert
5d9388622b4affdf716ff3f1659596b9eed547951575da20b57df61509001703,Benign,arm,arm:10917112589632919530,true,inert
5d949daf231b3fd58d302e9c85a10add6150fabdfe7f270c6ee246b6f740a49c,Benign,arm,arm:10917112589632919530,true,inert
5da9194e33e273c25f221fec56de039fb600d58b2ab455fcb764cdb5d590c74d,Benign,arm,arm:10917112589632919530,true,inert
5dd685b0df48fc72f8c8c7b669c785b4fb038cdaec254a69108e83c5557f37b7,Benign,arm,arm:10917112589632919530,true,inert
5e04fa6ca26d424ef8adb93f2bf00afa8b26e89920752b721e83b22f7f02f5bc,Benign,arm,arm:10917112589632919530,true,inert
5e43374c8eb2067f3fcedec511b3477e2c36212c9de5a5824deb845b09f4a252,Benign,arm,arm:10917112589632919530,true,inert
5eaaa67b160945e2bea3ee7d6e4c257a9b0263c93006090c74b2755d0a292e91,Benign,arm,arm:10917112589632919530,true,inert
5f17f660e6b17790c058c527606dd5e9106101f1deb72bca393d02ff05373d02,Benign,arm,arm:10917112589632919530,true,inert
5f434a6c49f19a813886018a313861030224829093bd4ec2f45a890c3781fcd5,Benign,arm,arm:10917112589632919530,true,inert
5f5466db6696ae4d4e5844457adfe816adc38a6abafd25713661891ed3c28861,Benign,arm,arm:10917112589632919530,true,inert
5f68e9f24653180d192594050f9e54bb5d15b6ab7c2833e20fc8d5de3255cb7e,Benign,arm,arm:3656664277496154216,true,inert
5f9e48aa811a856f73f105d209bd76f1fe2ceb7106b14540614058619c251cee,Benign,arm,arm:10917112589632919530,true,inert
5faeadb4ef3c5f413f25f83f5aed05bd7c83bfb6e56180b21f382a9e8093edfa,Benign,arm,arm:10917112589632919530,true,inert
5ffa2e1de0ca9ec71140e2eaf5138733ee8d815755c2f9297cc7731f394d69da,Benign,arm,arm:10917112589632919530,true,inert
602675dedf2f9eb0190f850e600b00a7081778baa6ab5e717eb8030f014d850e,Benign,arm,arm:10917112589632919530,true,inert
6109c01f84e09b47955eddd38452f0313386653aa4d740cd3e653b49736c6bae,Benign,arm,arm:10917112589632919530,true,inert
611d9b526bebba5e2bb8946f527c58fa2ecce45e72b3d128fbfdc904e46f7016,Benign,arm,arm:10917112589632919530,true,inert
613b2fe46bea9d93f5baccc5e5c746ea8ead2c6dec9dfd9b73c9cccb581d6dda,Benign,arm,arm:3656664277496154216,true,inert
61486fdb38acf24f8cce7e58a8521c05d58a857153b8f30b925527aa3919a906,Benign,arm,arm:10917112589632919530,true,inert
6158c829b03377653e07db204c531d9deb57fb7bdfb347dfb773c5ab43b971d5,Benign,arm,arm:10917112589632919530,true,inert
616c1993072789e4ee0437ea8911b502e07840b592c738fc0b7d88ead50327b9,Benign,arm,arm:10917112589632919530,true,inert
6183f3eb334d1e920b48a205b545755063d5f084db3f6b55796465bd2b09ecde,Benign,arm,arm:10917112589632919530,true,inert
61f9b541252b5a21f0553c0fdcd0afdd1767d030444962f6cb318a4dd7233334,Benign,arm,arm:10917112589632919530,true,inert
624a40c2c4aa8a83a8b30e95eb4e9a765e9063adf3f4ae2d3d405d598dd872c9,Benign,arm,arm:10917112589632919530,true,inert
627b5b81ff043c49243f97536785e28f3d14d51f428bc6fb4169159a693524b0,Benign,arm,arm:10917112589632919530,true,inert
627cdbfb7f489856bf911f2c9add57fd2513e65678c12fd40fa1dc42bc3cac98,Benign,arm,arm:3656664277496154216,true,inert
628603c3a53924739a87b75b7d2558ab31a927da6b7a4465e288000009dbec16,Benign,arm,arm:10917112589632919530,true,inert
62aa21aeb8f00e8859adc09abbca0bd46d54b5c86310575673d2330f6fdf2745,Benign,arm,arm:10917112589632919530,true,inert
62cf49353f7dc3c416b7afdc27755cd98fe35e76d02fa14a4b294e54736524e7,Benign,arm,arm:10917112589632919530,true,inert
63236c4dfc34b81cf2458394d4f90d67f9211d273a9954eb753ca7c19e26d0db,Benign,arm,arm:10917112589632919530,true,inert
63dd3a01ec694a8282680585bbe4b675882a262c21e652fb94322ddaf79d94af,Benign,arm,arm:10917112589632919530,true,inert
63e6d1c41763e7d64035879b7558db66cfbfda6d70fe1a45c3daa818f27baa65,Benign,arm,arm:10917112589632919530,true,inert
6405111182fe10bb3ba8e31c39233345d70ff829be5b79a691e5a2c87582769a,Benign,arm,arm:10917112589632919530,true,inert
643455265f9fe102464031adc94c04d8f252815085cbc467955900e403655186,Benign,arm,arm:10917112589632919530,true,inert
6449ed13692c0c622fb65a8d9405b055858ebf98585d55f5dbbab67e5d1f70bc,Benign,arm,arm:10917112589632919530,true,inert
649ba610a3f47efbf07120cdf1739066ec2f08a0dbc17f0d53f630554e72069c,Benign,arm,arm:10917112589632919530,true,inert
649cada76f57711b9659795b4d9402a323dc462e7a793929d43354398ab58c7e,Benign,arm,arm:10917112589632919530,true,inert
650f6399b48242ae61d3df9dfce5f1aefb5571c7331a20417d464882f898d331,Benign,arm,arm:10917112589632919530,true,inert
6536705b68232631a9295fb5c0736bbe6953ba19e14dd34c110e1b40db1b02ba,Benign,arm,arm:10917112589632919530,true,inert
6593862d533354596ae53b1393658160aa0fe35e6c5a4a7fd939f40c0898881c,Benign,arm,arm:10917112589632919530,true,inert
659dec7e2f7b839596477b231277acb47341cffc703f57c65e3cb825044adb6f,Benign,arm,arm:10917112589632919530,true,inert
659fd0f0bbd09c0f76969d24efbcce8c080c805a845f09ab97f7ca3ba529093c,Benign,arm,arm:10917112589632919530,true,inert
65a00d7ca9ea1c509c224a2c89047493647c53994d211f53e827a6cc2410b010,Benign,arm,arm:10917112589632919530,true,inert
65d29f857b422466482936817b5081ec7794644bd0cd782f9ba11a852ef6b078,Benign,arm,arm:10917112589632919530,true,inert
65ee392c596ea326ee8960f5692d9c7445fc68c27077519cb746a61bb3d0070c,Benign,arm,arm:3656664277496154216,true,inert
660777f3af5dff7b06dc0d993ec2610abfbf835f5d37488c72f728e456731cca,Benign,arm,arm:3656664277496154216,true,inert
660f5d131160ed7adb6fda8e30d3b961968972994066a37c7fcaa4cbee25c9a8,Benign,arm,arm:10917112589632919530,true,inert
66288ca4411dc62b00647cb0efcd02c5b39fcc5d17ae2337214a49277ae869f3,Benign,arm,arm:10917112589632919530,true,inert
664629df6fba77d1654bd2f54ca480956dee2ee71f89c026d73a3979609e606d,Benign,arm,arm:10917112589632919530,true,inert
667a0b8c90e7b5cea26667be96ddf4dca86bc4ca9f8a0a000860ad0d48c1a770,Benign,arm,arm:10917112589632919530,true,inert
6693ea4656bf281773ce022561d33d8cd3391b0ab943e8c31c48205673ac0965,Benign,arm,arm:3656664277496154216,true,inert
66a5014b9366bdae610a89eca22c9a5adb5d7352eacbc2943e7f521c862a758d,Benign,arm,arm:10917112589632919530,true,inert
66d95ecfe8af6c16b591957fc210fbba76082251c04b92660abae649da61b0c5,Benign,arm,arm:10917112589632919530,true,inert
66de34ce28cd8c6486062ba8a7ffb5e3db2c4ac250a825aa734f7d83c48d85bf,Benign,arm,arm:10917112589632919530,true,inert
6709689dffe9a9d6666f289a6698fb635695acbd1b1940f0d9f7b3a0f4d1b5f8,Benign,arm,arm:10917112589632919530,true,inert
67280901f06804da884f080ef1cb139440f515bc2f6fd6e8995abac458147a91,Benign,arm,arm:10917112589632919530,true,inert
67445e71d718cfe84b3ace49dd30ecdbb526b39d509bf7ce7a8293419f60d1a6,Benign,arm,arm:10917112589632919530,true,inert
675d9419c7dae31ab99c9b258b0bceb4300f5d735a0ee0d89d9a1e17f2bcdaef,Benign,arm,arm:10917112589632919530,true,inert
6770d5445723d8366fc39e68e22319246db65dc392caceaef888df751871c455,Benign,arm,arm:10917112589632919530,true,inert
67dbe0fb921a9a6da76d928cfd350e44ac7bcd682c88068279f8e5568c1b043d,Benign,arm,arm:10917112589632919530,true,inert
680c933a55d0f11c3c412abbc95743ef1cd43c3995c9bd7c9ee7fd508eb3fea5,Benign,arm,arm:10917112589632919530,true,inert
681a44149cec7516874259f00f932779959dc3dc974e625d62374d7eb6e3e68d,Benign,arm,arm:10917112589632919530,true,inert
681c6210fc0c788c60875c7422092eadaebbbd288abb969f41d39abeeb73b157,Benign,arm,arm:10917112589632919530,true,inert
6834fc3f7e632540cd0b6dfec886d953d1054657ae73ee08c12ad91100129fc9,Benign,arm,arm:10917112589632919530,true,inert
6858a4b4d6ee5c9e9eabceb9277feb1f36023397d0c4ad6c8253481e0133fbc6,Benign,arm,arm:10917112589632919530,true,inert
685f24ff217fa535366a754fd0670c4b18f7aaee0a767f102e6392daa7d1567c,Benign,arm,arm:10917112589632919530,true,inert
6868b2a49e838bf1fa412e14aaf9fb3a24b99dfc4824a896a0e9c480a77b8278,Benign,arm,arm:10917112589632919530,true,inert
68da8110584eb0be73cd3a203dba5bcaf24dabc77c15fbfb2cf360c773d6466f,Benign,arm,arm:10917112589632919530,true,inert
68e07c6fa41bf8358e656cb1dcc1ada741903eef1fe2c30f644fffc5fb13c3a3,Benign,arm,arm:10917112589632919530,true,inert
68f20681597c8c0345c7a543bf8ed050f8b0f2a7a8d9cd5e467a9dafea6bc192,Benign,arm,arm:10917112589632919530,true,inert
68ffba3b241a2e9110b92a4ca699dabff76f7cf58094f34bb50e1527416bc9f0,Benign,arm,arm:10917112589632919530,true,inert
693a091c8f254456598d7ee595a4667c69b27fa3a59d94c7b3e7089e8f5d0e55,Benign,arm,arm:10917112589632919530,true,inert
6942a9451c2bdacdee12448ed3aee4ae2587237055b731a3196a3a6f27d9dc06,Benign,arm,arm:10917112589632919530,true,inert
69bc4e8a1d41e642eef5288c6c83e1158a4761cb6b4357343c9c023f2618324f,Benign,arm,arm:10917112589632919530,true,inert
69d73b392f83711f3c250ffb9bfe8f462bce5af7ce0ab2c59ba6b618ed4cc65f,Benign,arm,arm:10917112589632919530,true,inert
6a003e8824ca43c019b966cac63babda64f1afaca1eff7efff9a501afa2c9625,Benign,arm,arm:10917112589632919530,true,inert
6a252e12823307be77ce19573873a161bfe5607ef542601c64fd5114955701f7,Benign,arm,arm:10917112589632919530,true,inert
6a45c30ed6bb41b62986010f59e6d4427c675bb42c319a3e5e7080cebf14105b,Benign,arm,arm:10917112589632919530,true,inert
6a50f861ab2d4a08a7475d99e56392a0428864bd92cc61ed939bc23ee180fce2,Benign,arm,arm:10917112589632919530,true,inert
6a5732ae625f6db34973e3da3f8fc9e1cde92db9ef6863167a4d4c9a664ccac5,Benign,arm,arm:10917112589632919530,true,inert
6a596f086b35df957529804c6c7bfe5a4398ea7f86a286b8334434dfca3e37a5,Benign,arm,arm:10917112589632919530,true,inert
6a80e3e868c89a4973c114c594baf6022b662ab92c7a8a91e134c6945fd6f28f,Benign,arm,arm:10917112589632919530,true,inert
6a82213d302054da9b32f029770e1241373b9ecf3d3033f5c412223b8aaad14a,Benign,arm,arm:3656664277496154216,true,inert
6a9833738fd9c8a7f4933f7e90cafa6eb7a0b36cc39ef6e829a5c06921841376,Benign,arm,arm:10917112589632919530,true,inert
6aa5c5442cefddbf91e37769c3d25992ce32ca0285466dfeeab86755c818d612,Benign,arm,arm:10917112589632919530,true,inert
6ab48d718bd18b3d2576c90050df9cb78feea887992af3f4c9dab1f2c0f085d0,Benign,arm,arm:10917112589632919530,true,inert
6ab5e393a3fce2ce6beea077298126def658ee23c03779dc55f68344c36ef0c2,Benign,arm,arm:10917112589632919530,true,inert
6adf7aaa53b23be24a84e9656b571de58ffea45973872f7967e99a2ec06fd694,Benign,arm,arm:10917112589632919530,true,inert
6afd2998b01c8f2c47df4dddc9691434b6af553658ac84cd2d2f60c2aafa2747,Benign,arm,arm:10917112589632919530,true,inert
6b1a209ea235d2ff6078e51007712934640886fe33dd9945f1611868e9253034,Benign,arm,arm:10917112589632919530,true,inert
6ba5e3a8a854d6ca17a6fb8e140621cd7bc74cf36147f258d30fcafc7e182a70,Benign,arm,arm:10917112589632919530,true,inert
6be3efc02e10f54579521e9ef7ecdf27853082b1ecc2573416402f7bcf151e73,Benign,arm,arm:10917112589632919530,true,inert
6bfe013006e82282d5a655297c674a39fbcbd7afbc2179e25a1c88b68cd5bbd1,Benign,arm,arm:10917112589632919530,true,inert
6c0726c088015e73ca4fd534ac53707c8283d3ec2eb1018b5cd8f1458c331b91,Benign,arm,arm:10917112589632919530,true,inert
6c647d34414f89f3a97910bfa2c91dcdc117f1a7e942d4e24d15a255c05ffb19,Benign,arm,arm:3656664277496154216,true,inert
6c81bf654b5d76825ba66a7b6bc2c51a597b125aabe50c381de6909842cea036,Benign,arm,arm:10917112589632919530,true,inert
6cbbf4ac56a4759223803e0f38de414ca37a60392e4a8007905e38bda3dfc62e,Benign,arm,arm:10917112589632919530,true,inert
6cde5e26c53d21766a2488f223d08e0100a1315ccd50a37bdaff7c52724a79d0,Benign,arm,arm:10917112589632919530,true,inert
6ce464e3be785e4c0c90703a6e0a64e2e5b9013927f99017b05379a2768afbe4,Benign,arm,arm:10917112589632919530,true,inert
6d0ae355481a68119769f4cac9de29a38f3adbd8609439e60f1d9022d82fd514,Benign,arm,arm:10917112589632919530,true,inert
6d1fbe21949f05a65d508d5d52a9eeb3d0a2aa32175d15504f1be5b25ed0b8d2,Benign,arm,arm:10917112589632919530,true,inert
6d414510f5072234537b50ea8771b043ffa90c81e6a47e1d79862f18e8fb0fbc,Benign,arm,arm:10917112589632919530,true,inert
6dc6431267a1005dfe68d7a2722d867b88547f8fa47ee68b8fef503a97f926bd,Benign,arm,arm:10917112589632919530,true,inert
6dc943f2a906634bcd029b892fcb4bc5ee273bea4c8af7e813f1d983d074d18e,Benign,arm,arm:10917112589632919530,true,inert
6de353aa5813700a48d36714deb9035d6fce5de09e8b15f85159cc163b2a5a5a,Benign,arm,arm:10917112589632919530,true,inert
6e132c480691ca4144a5a81fe4a8baa393e8de80bc1c4f04e1f7ab4e0c9ba013,Benign,arm,arm:10917112589632919530,true,inert
6e199d0d3762d47eec98d9f91877b4600d275143d9f9add4722fbd97587f4f0b,Benign,arm,arm:3656664277496154216,true,inert
6e547132c43b43c33204e02bfe6eaa2ce8b70f34f649fc823b6ec22591462163,Benign,arm,arm:10917112589632919530,true,inert
6e85c59e97f5c6038fd06565e25ee61f949421b43af8156f16c196e250e4f7a1,Benign,arm,arm:10917112589632919530,true,inert
6e97eb3547bba956f1d8297ee9917f2a37c4d652f64f283a7c5ab613b0bef648,Benign,arm,arm:10917112589632919530,true,inert
6eafdef16caac7d0eb3eb570624d0878f35c1e9a2bf90e53374792e4f7e207f4,Benign,arm,arm:3656664277496154216,true,inert
6eb9ea9675dbad530c5d0c6a284f2120006f0f2a19173cf0022b6bc6b7681cc7,Benign,arm,arm:10917112589632919530,true,inert
6ee016a5d4a2d846c49cf69cc8cee77bbddfbdedb783a370a57658b932bd53dd,Benign,arm,arm:10917112589632919530,true,inert
6ef015d29a919361fd4bbf07c4b50eaf01672f70d3c88d1786ea7d475552d13a,Benign,arm,arm:10917112589632919530,true,inert
6ef908e823b2729f7b7258645dd675795142195d36bfbb39054d270100ce75e1,Benign,arm,arm:10917112589632919530,true,inert
6f45056fcae9b48f51551bafb0370ef56c44637c00d41a90bb9b5ebb93b20d3a,Benign,arm,arm:10917112589632919530,true,inert
6f451fd3d1e89bb6a56db3dff8cddf55833f4709b9f35d0ffe19c1a079c4cffd,Benign,arm,arm:10917112589632919530,true,inert
6f5739058d01cb66a6d02ecc75b0f3ee1bb94de35bfab3e6926e8205e6d26e21,Benign,arm,arm:10917112589632919530,true,inert
6f5db67b917177ba2e4da29afac8ddee07ab09edca373d7ac4a6cd3262c8decf,Benign,arm,arm:10917112589632919530,true,inert
6ff40c89dc85c1071d9e20ff142bc60b600d901f6b50af633934f2c66631f993,Benign,arm,arm:10917112589632919530,true,inert
6ff99b21360f6a68426f48f027043bd19cbcd5d5bfc3ec3285d515dae91b1a35,Benign,arm,arm:10917112589632919530,true,inert
7058fbe1bc050ee8b8513c53d250a4e2a98818bac197b228ca111d0d6a63b55f,Benign,arm,arm:10917112589632919530,true,inert
70590b83471a4bb307df4ffddb9bb149bed28b85e79b2269874137319ab67c84,Benign,arm,arm:10917112589632919530,true,inert
70720f47f6d48aafa298a334733425d7caeb1eeb82684c4257f8cbcb5fd88fd0,Benign,arm,arm:3656664277496154216,true,inert
70cef8a758fd33316a21b7a4b02889312f6d419fe46d13020b88b283343bc3c6,Benign,arm,arm:10917112589632919530,true,inert
70de9a047cde31c8eba4d2a3079fda813e7e8a932cc0af63ef9bf1b30341f530,Benign,arm,arm:10917112589632919530,true,inert
7154b9b18c23f997c4bde5a47924193e09d368da98ab26d29fcbb3cbd538da2e,Benign,arm,arm:10917112589632919530,true,inert
7155eb80e4fd46492f62e5248401bec29033dd5f382ec5c3996f090f29817d50,Benign,arm,arm:10917112589632919530,true,inert
716e142b1263766d5cbe0be6b99849084371e9cfff189c4280fdb07cb78fc970,Benign,arm,arm:10917112589632919530,true,inert
71c70b5f0e77225c7af70809a6bbb175434b4dc2fbd9fa9ff79702732dfd6068,Benign,arm,arm:10917112589632919530,true,inert
71e5c21cbd363085745ed8db93a2432c547ec22b2a107e409651d1bbeb8c9760,Benign,arm,arm:10917112589632919530,true,inert
72037b3ea632e329fe9049cc2a4b9a1825a27364baf4d71f43a59f360c3e2453,Benign,arm,arm:10917112589632919530,true,inert
7227419e5e93a4a203dc6881966472d078c7f3c34781954601d0ab97ba9fb013,Benign,arm,arm:10917112589632919530,true,inert
7286f9af443f45e891239e7cef139f93a5bf76a19e69644528e5c8030f19e038,Benign,arm,arm:10917112589632919530,true,inert
72b19a96a9c93dff441ef46779405554cbab6e3ac647db93b1b69c45163a0318,Benign,arm,arm:10917112589632919530,true,inert
72cf1d381addc0b5962abcf4aede7aa40445e6b31022439b213321d283adeddb,Benign,arm,arm:10917112589632919530,true,inert
72cf4476efe09402bec1d2b9c045b937bcaae35737851e4dcbb56644cd0c0c7e,Benign,arm,arm:10917112589632919530,true,inert
72e008824b95147a8508067b4f45ec15b3517358f9c5db0928f9cb3139b69638,Benign,arm,arm:10917112589632919530,true,inert
7304754dea506a8a51d3e6aadf0f29ac93b7057ad863572b3fe8dbcfe3bfb7b0,Benign,arm,arm:10917112589632919530,true,inert
732086d38b52a7348d8382d1f480e10c2f5bc1a550ca7535588d0c8f96f8ebde,Benign,arm,arm:3656664277496154216,true,inert
7324aa8117f7d8404b8f9136f4fb03f183db4ba8048273f6f0ce6cfa51a4ca93,Benign,arm,arm:10917112589632919530,true,inert
7352f79e8120167b1673975d81ddf023ca72065471a2ca4dfe44486df61acfc6,Benign,arm,arm:10917112589632919530,true,inert
736109f051668c9a18ee8533e447f021e1c785b758e0c99ad0a2b07caf0df1c2,Benign,arm,arm:10917112589632919530,true,inert
737a616a097ef4a33cd3b67e550590c57bf5fbe7f15c2c2e4276e2ac064bfb10,Benign,arm,arm:10917112589632919530,true,inert
7380c1589a2bb498ed449600dd717757d2e5dd47210f01d814ea1b331738066b,Benign,arm,arm:10917112589632919530,true,inert
73a79523023e1ebde7bc0207e33f3536432967ba952e01a9f53718cc86fc8240,Benign,arm,arm:10917112589632919530,true,inert
73d556f81e162e3b495807c92af057d07db3a3825c53658290270b85f9b3ded8,Benign,arm,arm:10917112589632919530,true,inert
73e0e607bd984073c9ac0d7586ba461acd9d8beb8b300db106a7d25c6b417cbc,Benign,arm,arm:10917112589632919530,true,inert
743eefa1a717e901ade56541ff1bdecb4e7a0c67bbc71e8ccd9a35370db5d520,Benign,arm,arm:10917112589632919530,true,inert
745897205d144e0568453567d7ebc777be984ea3fb2481ad0774d90796941692,Benign,arm,arm:10917112589632919530,true,inert
7475a4ca0ba37d0113b7e1d8fb6401adc8f72378f1db88d92d877765c25c5529,Benign,arm,arm:10917112589632919530,true,inert
74b5b596214b1b4e587fd79da48d4e63acc862f6ef07797061ed381e7d9b2b2a,Benign,arm,arm:10917112589632919530,true,inert
74d6c18039c8b5a370d311b365119f13a0433412d523f62869c4be5d9bdc96ac,Benign,arm,arm:10917112589632919530,true,inert
752fa38ef3905e766e75afca14b5416039e7ea234bcafe37fb0f5e9ce3f580e1,Benign,arm,arm:10917112589632919530,true,inert
753eff005072d851faaac1d85a7b988923f758d4feeda48a846908448e446c10,Benign,arm,arm:10917112589632919530,true,inert
75acbc85e1dc111abc8b3fb6b2821b7455f32318da7a7d598eb78b8b80f62447,Benign,arm,arm:10917112589632919530,true,inert
75c239991d7d92d2e5779304e16ac3e3d40c82445ca0a8e6dc2195c6588c2ac0,Benign,arm,arm:10917112589632919530,true,inert
760d3983284485922ede3949993c094c3f9ad7ecddd6ea14af90ead8394ec761,Benign,arm,arm:10917112589632919530,true,inert
7625f1f68ef78e8e3b1325b5bd793741d38e120da8e1c4f3c697af72411095da,Benign,arm,arm:10917112589632919530,true,inert
768e75d156ff12d5c825dd561c278cdb4bb0721f030ad0aa4ef577c2ffa232f7,Benign,arm,arm:10917112589632919530,true,inert
76c203c852cc7a4561b661eb2a6c41bc042da023f343832b751a3ccd84a22f8d,Benign,arm,arm:10917112589632919530,true,inert
76ceadb071dacc06f4a0feae5b96bbf36445dc817c26ebaec96921fb9646965e,Benign,arm,arm:10917112589632919530,true,inert
76d741a58d05ed7539b13234aeac7235cc50565055c1ea757cbe9bf20becc707,Benign,arm,arm:3656664277496154216,true,inert
77076c395b9b26b2e4c51452b1ffa69467fed273a848c9d98b3444bf590df808,Benign,arm,arm:10917112589632919530,true,inert
773fab8581d151963dff1a3235172e391e95be69169ad3a138286cf97d2ea54f,Benign,arm,arm:10917112589632919530,true,inert
77659b6bebf6169022b4b162ac40ea8c36a26de6dd40fbb926b0d07f6f50fac8,Benign,arm,arm:10917112589632919530,true,inert
776c3a1595b597009dee20f92ed439739aabe449493551acee38fb501abc9bf3,Benign,arm,arm:10917112589632919530,true,inert
778077070965d03427258d3e53287e134d6e25807ef11bfedf9e57eb970b8aca,Benign,arm,arm:10917112589632919530,true,inert
778b3a323a171a30e2e2cf40c13bd5f3d0c6a13fb37aef233fe5346e8454afb2,Benign,arm,arm:3656664277496154216,true,inert
77a8378af9b554cbce0b8dcf785e81255179399c545d692a1d073de57f47c4d7,Benign,arm,arm:10917112589632919530,true,inert
77edc03fba2711b51cb2119660d3945bbd822c3598081ee9f42af7664136aa60,Benign,arm,arm:10917112589632919530,true,inert
781a9c6c36242bdf8a44faf5a93c83e52bce48ab1a8b3d4a14f0ac7a3450d7e9,Benign,arm,arm:10917112589632919530,true,inert
7845650b4f76440e301e4613dd8f4083b1b8ed71dc3a4d3807e70da3ccb3dcbc,Benign,arm,arm:10917112589632919530,true,inert
784ddb965b6bdef0d1a3bb8781d14b0adc3fde05eb4cff2706b7b35f1a768f61,Benign,arm,arm:10917112589632919530,true,inert
786ce004ad10196eb125dd6ef5482adbbf6c02bfa51116265bcd017e03d63a1b,Benign,arm,arm:3656664277496154216,true,inert
78764a0dff551e2de009bfed969c37cc6681d370f02af9afaf70624aa4f042cb,Benign,arm,arm:10917112589632919530,true,inert
787aae7a43cb7b541435964767d42a74182db9d459668d9b2cb70f2d52ab6ced,Benign,arm,arm:10917112589632919530,true,inert
78ad642865ce69cf9243e9a2268f3f28dc22518db40b7ed1093c7d6a22c8b4de,Benign,arm,arm:10917112589632919530,true,inert
78c3d9923c85415344e82fcd6dee6fae851e420e1038013fda3efeac3ac11e2f,Benign,arm,arm:10917112589632919530,true,inert
78cd98f41fab30fa40b0d4ba560a33ac96965d963bddb39650055e2909553b73,Benign,arm,arm:10917112589632919530,true,inert
78ee3ee3665bebca584311bc19918698fde9f127f17472a992955046be7eeee0,Benign,arm,arm:10917112589632919530,true,inert
78fcdd9905e8301395c76dd511ffd3c722ad814c1713c7f1bfef69a2ab92ad4f,Benign,arm,arm:10917112589632919530,true,inert
7915b9b7a2730f0d8fad9831c01800541265cad88a70af9e89626c210453c56d,Benign,arm,arm:10917112589632919530,true,inert
791ad011b3499a211c0641f0148c2cf8661dd65360ecd5bc91bea57d8c3e3849,Benign,arm,arm:10917112589632919530,true,inert
7935b0395fc19e1e9f0bbdfbbe58d180b525ab33155b6fe825aabf56167b43c2,Benign,arm,arm:10917112589632919530,true,inert
793f931dd08f7ff24391bd802562ce32386debfa55269317ce1e043c5f6ecbd5,Benign,arm,arm:10917112589632919530,true,inert
797166bed82c88610342c72d2195e397c76696ad106cb8e115557583e424b83e,Benign,arm,arm:10917112589632919530,true,inert
79999a8a80fd29b31c975a47dfebdeff16b6a7400aa40ac2661a81ab95be55bf,Benign,arm,arm:10917112589632919530,true,inert
79aa8aca1161924f655fbe018520ff42f7c9a8b8041213fcf6fa08eed34cdd18,Benign,arm,arm:10917112589632919530,true,inert
79ddd9f0a61d5f2f129ab0e3a81ec1a376df05d891a24804217f4d4a813f3054,Benign,arm,arm:10917112589632919530,true,inert
79ebf9b4c86883f106401aa88b45f5b5b39976e047bfcd4ad69fb7eb8e814f28,Benign,arm,arm:10917112589632919530,true,inert
7a39966499ac1178f7476af2b6029fe2595f606fdf1d3f28ef1bba29b66354e4,Benign,arm,arm:10917112589632919530,true,inert
7a7836daa07db0b4607b56457905095ee0817185f22d05e1564be93e7e59f9b2,Benign,arm,arm:10917112589632919530,true,inert
7abf82c4cda32bd843829010ab59971827a91de46e2672e3880c54b09ac6ae44,Benign,arm,arm:3656664277496154216,true,inert
7ae9326748ea9548de73ef7999caf09a72e3de66cc8bc1e3936254b51dfa18ca,Benign,arm,arm:10917112589632919530,true,inert
7b212fcab178a700db7579a67be8f830fae01db6d1ded753ffb407f9f12f7f7b,Benign,arm,arm:10917112589632919530,true,inert
7b25bc0f3e7bea3baa67cb75d35934fc557b0a12866d1980bfd33b773bda10f2,Benign,arm,arm:10917112589632919530,true,inert
7b479206d3665e7c24c5af4b007d82130923561e41e7e425a740399f90621888,Benign,arm,arm:10917112589632919530,true,inert
7b516c22b899205b870e74d9be0cb69cbd16f30d28709d8685b282e8ad409c10,Benign,arm,arm:10917112589632919530,true,inert
7b5c069567a44ca48301c67d00ce8afd9ed07d1b50091e804ee89efe1d6ca0aa,Benign,arm,arm:10917112589632919530,true,inert
7b73cd90251c2b4d83ceaee1db40b1c1de5420484b13471619180bd1726ba9c6,Benign,arm,arm:3656664277496154216,true,inert
7ba4a8bf238fe3e40d58e6e5349c6f85c79ae0e62a966165716c6acf2d5a5ed5,Benign,arm,arm:10917112589632919530,true,inert
7bf47b9ee1f89a9e7f65fc6f5f6bc2cdaec651b6f69025f082a9eb710e447355,Benign,arm,arm:10917112589632919530,true,inert
7c0cb6cc222df228b8801c198847c975208638d33def796b3d49fea941b6afbc,Benign,arm,arm:10917112589632919530,true,inert
7c2b55752d69568c79c813dd1014fb8def991231adb0d9206bd78b2e196a7fd9,Benign,arm,arm:10917112589632919530,true,inert
7c47507ddd78cdfd947f1a305db6eda333934a49aeb3420f11ff55e12d18e299,Benign,arm,arm:10917112589632919530,true,inert
7c90015c4af17317078236ef67ef09a458df67d8b6de876c26b831b940d23e2a,Benign,arm,arm:10917112589632919530,true,inert
7c9f6cc8bc617371f8600cfaf607064c72f3f49dfdad71dcca39a15c84727055,Benign,arm,arm:10917112589632919530,true,inert
7cff0faf0452da8b3a470066f03b51d651c07764a74b10ac8a4400be6844491a,Benign,arm,arm:10917112589632919530,true,inert
7d1155e6477b73d73fc42ac81ae0390bf71d5a12dbd213eb2072e88436c281f4,Benign,arm,arm:10917112589632919530,true,inert
7d86f1aa80554b1c0ff803270a977053981bfc564b9017dbb1e660f169eb66e8,Benign,arm,arm:10917112589632919530,true,inert
7d8fd856beff1c2b301c35a63aa4b9f124064e327c8a16a6089f9b620f04378d,Benign,arm,arm:10917112589632919530,true,inert
7da33704b7f2ead4d07e0feb2ff2d606a74fb88a3443d54c38620810d4c302e8,Benign,arm,arm:10917112589632919530,true,inert
7dc279029d5d9a4739dea7027e6f15a3cc77585fd03196432ab0ceb110da89a1,Benign,arm,arm:10917112589632919530,true,inert
7de142948d7c79a7baa9100700e9a946d53b91b838359053f1d9fe733c9f7344,Benign,arm,arm:10917112589632919530,true,inert
7deea6e6e41022dc1a78243b40ba95e6759db3ad8b8df525561dd07c53e03acd,Benign,arm,arm:3656664277496154216,true,inert
7e0ad29279075c9f501e4bece45923174da495ff68d23c1707d8007e88af36f1,Benign,arm,arm:10917112589632919530,true,inert
7e1373956b902dfde033b474480be7ec18d35701d766dc47d590f544686764e3,Benign,arm,arm:10917112589632919530,true,inert
7e73a29b2fb0ab463eb34590d9db0239d005a9d0b77214e7088e7543fe83b76c,Benign,arm,arm:10917112589632919530,true,inert
7eb0b6304fd4cc0dbf91f5da382908179a969a07edfea62d856e8745f61274df,Benign,arm,arm:3656664277496154216,true,inert
7ec6add93bb18e7fc07cb5775d900009b98ed736b45f2815a0321f7931abe35d,Benign,arm,arm:10917112589632919530,true,inert
7ec6be1dcbbaef1bdd4cb344417c169965574752e5a76cd12ce23ed6e6cd8442,Benign,arm,arm:10917112589632919530,true,inert
7f0e429d5f76c1bf50654f4c61cb59389eec371a8bd2c56e083f4d3123a13c4c,Benign,arm,arm:10917112589632919530,true,inert
7f2a15c2f436c8930e00b669ada36f10abdb074ced12aff94197fca7694311a6,Benign,arm,arm:10917112589632919530,true,inert
7f32924ec8c5b33c76b9cafe223ccecc17ef8dfc28f5477764eeffc0bbab60e9,Benign,arm,arm:10917112589632919530,true,inert
7f5ce33be31c85034fb1c733ef29585d8b277fa93c20fab92ac9a74eb58ab64b,Benign,arm,arm:10917112589632919530,true,inert
7f67c6ba75a65f3284efc829fcb06720e10adcc7b4e40d10d03a784ea83fd8d5,Benign,arm,arm:10917112589632919530,true,inert
7f7c9b3cfd998ac5e675315215eb0d37c7ce803ee73c221eb57bcbb83d886f58,Benign,arm,arm:10917112589632919530,true,inert
801c28cc4dec9b36ce096c0522391830416aa1b360351ed0d3c6b0cb9b65bf8a,Benign,arm,arm:10917112589632919530,true,inert
803bc351dd59f30bb156b3694afc119e84721087b24415618f2a55ca395d43c2,Benign,arm,arm:10917112589632919530,true,inert
803ff4167efb82cd18cf67058428bcb89a60bf422f5af16399be57ce552fb168,Benign,arm,arm:10917112589632919530,true,inert
804a9ee574dea189b1ecffe01aad65b6f066f7244dc1e45da4cb86c3c7dda9ee,Benign,arm,arm:10917112589632919530,true,inert
8059f37346e1b9a1e484540556386a17f6690309acca6da4e406ed6d04081249,Benign,arm,arm:10917112589632919530,true,inert
8089a95c13552e619eced66dd57655d5e6401ece351992d832bbf2db1da66fc1,Benign,arm,arm:10917112589632919530,true,inert
80f31ef03ba4806814b7d2202a6772baca144fc895dd3df7dfae81e5b86419d8,Benign,arm,arm:10917112589632919530,true,inert
811dd49a133e2b3a8fdde7576021d68020abb3494746612e215a3a78e4fa8629,Benign,arm,arm:10917112589632919530,true,inert
811fa53d230786764681fd848cc227b71591e3bd51bf1998efc2610b3276767b,Benign,arm,arm:10917112589632919530,true,inert
81337d89d90adc87990c15ae177ecc6c2639eaf629c6050553ddb2f98199c004,Benign,arm,arm:10917112589632919530,true,inert
814f6669378b85f054d245278961b310c69021e283e22226eda14746b95317f3,Benign,arm,arm:10917112589632919530,true,inert
8168a1901f1666c72dc1a69aecb3b308c97a553bf591d04021b4e99bcfbd787d,Benign,arm,arm:10917112589632919530,true,inert
816924fcba83d685ed7abfb9155c9f49c315a4159d23efbfca34da290048fd06,Benign,arm,arm:10917112589632919530,true,inert
81c486af14fded4f18009f4dea350f2ce672ec4d26a649d671b7192728ccdbde,Benign,arm,arm:10917112589632919530,true,inert
81d3df8e06855f458a280c2fc6ea349753a760c2db9ba3d239c99ba48457a991,Benign,arm,arm:10917112589632919530,true,inert
821d8b038431074f43e5cf9fd3ab4effe01d30e486bc548c68d58f0a9656c299,Benign,arm,arm:10917112589632919530,true,inert
822bcee134beae1d99c64eabfd4a59b8dc3c15b2156e0b70bf72a3f2c0539f43,Benign,arm,arm:10917112589632919530,true,inert
8248772ca13db386fee7b203da589bab8f045eb16e366676671ea143fc2c90b0,Benign,arm,arm:10917112589632919530,true,inert
824a52da082eebffe91611f10ad963121ed7a3cf748bb487fde2538245b3cfa7,Benign,arm,arm:10917112589632919530,true,inert
8259dd7d8270596d62622ff2dd1e8a6c889b89954561a4325ce3c5c56d9c42ae,Benign,arm,arm:3656664277496154216,true,inert
826f5c9ccac8323eda50138bd30b1db9b31ff608de34f073a2f06844e815fdb7,Benign,arm,arm:3656664277496154216,true,inert
82713a4628a328851158c6e452bc141417a3439b2a7f5b1a309186c0a1d6b09c,Benign,arm,arm:10917112589632919530,true,inert
8279621ea77c873cdc8c31ebe8b89167048b283c2753b400e38f01acd4f0d9d8,Benign,arm,arm:10917112589632919530,true,inert
8291a28f7e6b6390d89969486b36d6cd467cd5fcdc6e5e6f505e9d64a9995514,Benign,arm,arm:10917112589632919530,true,inert
829619de4a00aeab67228f2d35a180d8b069fd8563868950caa0a780b4079741,Benign,arm,arm:10917112589632919530,true,inert
82a837e62668c7d95a717e6bf82159c3ad8119fe9197a60667017330b3fc79cc,Benign,arm,arm:10917112589632919530,true,inert
82c24ee128c0c9cd72448575875a6c8b8553d4f7c98c3a25395d8f2e5445e407,Benign,arm,arm:10917112589632919530,true,inert
834af14eeccf051fd7e42ab875ce5a1ba8bd48724e8fbe4777451b1b73f2694c,Benign,arm,arm:10917112589632919530,true,inert
83555f43570ad53c3cda2bfe783098ae8d9f04127e09353a6a6c537baf01e306,Benign,arm,arm:10917112589632919530,true,inert
83791306e18615e673324660522075dc435357cbf8dd45a7a1aed0a38341d8e5,Benign,arm,arm:10917112589632919530,true,inert
837c2b08eb1bdb0571fea53018673d489d0ba2434328c7bf8caaa53fb5fc71d9,Benign,arm,arm:10917112589632919530,true,inert
839259f3f95f5ee17038842689c8f60bd168e992dc65776b76073987d118467c,Benign,arm,arm:10917112589632919530,true,inert
8393b6d8b83c0dac34ad93bf786ec2752dc1279bebce7b57a23659a24dde0f17,Benign,arm,arm:10917112589632919530,true,inert
841b3526830fd0d62e6e1609b47c47452d4e3f01d2a00070676ff7261fbb7ac9,Benign,arm,arm:10917112589632919530,true,inert
848e75037b4d77df4ae8dbaf72210d37c86fbcea85959595e04a130c6faf970c,Benign,arm,arm:10917112589632919530,true,inert
84ae84a41859b1b238e20124c9d5bc64a53daeececfcaf0a2d99571330aa22bd,Benign,arm,arm:10917112589632919530,true,inert
854f8986a9c5c50121fce8d242f708c08f56e1e712d1f01f5a3025a2f26ead64,Benign,arm,arm:10917112589632919530,true,inert
859c06cdf16426caf05107bfb6871256e130718cac2c2b2a3eb626feb6016ab3,Benign,arm,arm:10917112589632919530,true,inert
86084139533f16236ad5913a91c70847071c20ad581eca3e7d3bfc985cd35e9b,Benign,arm,arm:10917112589632919530,true,inert
861ed134586863832020b056053323b45b1e50e0c3e571ee5f6620129eb51c26,Benign,arm,arm:10917112589632919530,true,inert
867542766ae5ed98b11f6560156aaf21793d3a569150653744b01120ebd58a22,Benign,arm,arm:10917112589632919530,true,inert
8680674cb145846d4eccbdca02b27c781a1e377db2740e2056dbfeea950cf4fb,Benign,arm,arm:10917112589632919530,true,inert
868f246fb958e203bdb5e227a22f13d4dcde633e64190f0465e6939bc4037419,Benign,arm,arm:3656664277496154216,true,inert
86985a773aa504af5c93b030e1ffeb9d1e33c78027213db63d5285fbe6bba506,Benign,arm,arm:10917112589632919530,true,inert
86a1ac7e3f767e23e2168897733346727ad82e3e54e0254aab025a0b32047f27,Benign,arm,arm:10917112589632919530,true,inert
86b42c4e114acb8451e91b8f77a37785d53ad239e6d0146b1aaf67898485905d,Benign,arm,arm:10917112589632919530,true,inert
86d385ac33e4c277e3b777ac02a014f7dcde65698269ad8205f22d5cfd7fb058,Benign,arm,arm:10917112589632919530,true,inert
86ddd95a3ae5fc72a46b98b67e23256b4fb56aa1d9a6b9f42c91ffccce06ef0f,Benign,arm,arm:10917112589632919530,true,inert
86ee83abd093313d2d900958889cb9507071732ea3eb2c08c9cbe7e554091511,Benign,arm,arm:10917112589632919530,true,inert
870565aed21ae129ee9d316bb694e1b6954a317a9b6fad18dc7ae3e750f13ba0,Benign,arm,arm:10917112589632919530,true,inert
870f3300885322aea6813f24f679e235b7ad23aab536c95fdfb9eebd64008ea3,Benign,arm,arm:10917112589632919530,true,inert
8727b552e8c40ed942987c6fa6b617e6e268bb0b4c7de53f6a3fd0c8f240898f,Benign,arm,arm:10917112589632919530,true,inert
873c3b4368bc5df4e477612afa20657786381da14b0435358b2317f285992657,Benign,arm,arm:10917112589632919530,true,inert
8786dad61e166aa8f1eaefd69bea854bd550451bce7b2408ac2acc43ade31f0b,Benign,arm,arm:10917112589632919530,true,inert
87a227cbd913336f6a27cdf621bb4ab03196a95952dd4b23f21b749832e2e6b9,Benign,arm,arm:10917112589632919530,true,inert
87bab05fcebdd7c4430692c48e0ee6f8b88808590cbd2da3e4251068e9608e0b,Benign,arm,arm:10917112589632919530,true,inert
87dc5718a8cd9a9347a1f064ea5c88b85b702846f3d1edece9d7433eaa139d1a,Benign,arm,arm:10917112589632919530,true,inert
87f0aa0f2c4b158d4f89adb3b84c659be077dd272cd84b16af414d2b8d906006,Benign,arm,arm:10917112589632919530,true,inert
87fb49e255edc0fcfd1da415dc0dde91ea2cc51d2559c4b48d02507cb8e65750,Benign,arm,arm:10917112589632919530,true,inert
88534dec3fbbc501457d97213191fb0196e00a3c6bd867e409403298ce98f3e3,Benign,arm,arm:10917112589632919530,true,inert
885c716f7ef45f7390b22c06fe627b2fdd969e015f172cc646bdc14ebbc91fa3,Benign,arm,arm:10917112589632919530,true,inert
8880861529db1ed58913d6447bbb3e9477295b6db140fb4e5f5344e9d05bd641,Benign,arm,arm:10917112589632919530,true,inert
888281e36798a1d81d31f9555d32440f1b50676dd6d7f1f9d3a25b3f684b6570,Benign,arm,arm:10917112589632919530,true,inert
888d767eff8c1597cdc2e33f75423b5cc417e1cbf8cabcdb6111651a75befc57,Benign,arm,arm:10917112589632919530,true,inert
88907ecbcadf029bcfd25c4d6762d29ec83b68b19154f7fced71670d686ef0b2,Benign,arm,arm:10917112589632919530,true,inert
8899429309c19d0199e7cef3044384abb278ed338d5cc1c5b2a38579a23d780e,Benign,arm,arm:3656664277496154216,true,inert
88dc954a7f8a80e37cb1e077fbf3aaae9958ee73d43e6da59681a6e463b8e103,Benign,arm,arm:10917112589632919530,true,inert
88fa96619c88d37c859bb47f97ec94d2a1baf94720b5a9d4865184a0cd53acaf,Benign,arm,arm:10917112589632919530,true,inert
89410c978c30ac81da651866f3b0577dcf816a5e91c0c2157a84877ced2f7b32,Benign,arm,arm:10917112589632919530,true,inert
8949ab2b9ec06364de79a408f4145a2c034652065273f723ac45f763399297d7,Benign,arm,arm:10917112589632919530,true,inert
89567a66fa24a148ee5a5a8710a4586107cbb4ea11083051500dc8e9c2238b60,Benign,arm,arm:10917112589632919530,true,inert
8994736feb76d101b8a9e279645e854e435eb4deb2933eedc635dd6eae18cf72,Benign,arm,arm:10917112589632919530,true,inert
89a20095df099dd0f601dd89492d5aaf450a4acd1d88076d206de275839c6cf2,Benign,arm,arm:10917112589632919530,true,inert
89b0891eb767e74d1988f95f2833a74b6da9d8011681ab739a9133a1732209ee,Benign,arm,arm:10917112589632919530,true,inert
89b35cfd9994b61516528ea58c3eeb22f2e4bfdc91ffd5033b4074353ee72a11,Benign,arm,arm:10917112589632919530,true,inert
8a16137189162a2caf8e299f6ddb1fc4a7a5b9ef0cc584cdbcfe641c0fb29c46,Benign,arm,arm:10917112589632919530,true,inert
8a38612bc82944e535e30271c009730b5f0ae450fe585b8ad95e8827b911b8ea,Benign,arm,arm:10917112589632919530,true,inert
8a520cee512d5d29f9f26ec2441181842f244689e7863f6ebd77b9dc90eeee9c,Benign,arm,arm:10917112589632919530,true,inert
8a757aaf1ca12b3efca78cf6d5b5cfa98ad0879f690ba2c98cfbb4a016a5705d,Benign,arm,arm:10917112589632919530,true,inert
8ab3ea314fa7453429b6b03996f7be94c90b1eea8f4440b5f6c4b24f7ffc51ba,Benign,arm,arm:10917112589632919530,true,inert
8aee2185f39c0e908a1a018ce64c7ec12523ea046e0c84fd5b816a855499ec01,Benign,arm,arm:10917112589632919530,true,inert
8b34662bbd7f1a59b7a64bd99a9f23f4f2c5df28ea34802038e4761762c6348f,Benign,arm,arm:10917112589632919530,true,inert
8b51661b0117c306a1600be6c7b36f5451a6b424916a76f06040fd6013ae6fdf,Benign,arm,arm:10917112589632919530,true,inert
8b6999d4edee5cc64920a010982596bbcde97285427c988713c7748940cebe16,Benign,arm,arm:10917112589632919530,true,inert
8baef97cadc2e6638e59434afb026853f819a5d013544eca56bc75c7aea503f0,Benign,arm,arm:10917112589632919530,true,inert
8bafe03419c4e55ca1453045cf126ed4e68563f58f40617a7e2e65d745bc8327,Benign,arm,arm:10917112589632919530,true,inert
8bf9cc1bc6b1156ebd5d20ad3aa9b9f78ed7f386d6fa7be02e9bcd67b3e5cf51,Benign,arm,arm:10917112589632919530,true,inert
8c3a1d81b469008d13b1d5f8028f1d0fe3328a6a61e3e011f178f20e32566215,Benign,arm,arm:10917112589632919530,true,inert
8c44a12bd6c580d1bc379131a6e8881c8614a63198702ae58111a4fdae6897e9,Benign,arm,arm:10917112589632919530,true,inert
8c7fddb3e956d3359722a5a75e909040ef22ab572f073cd56c8169f4e66f8b79,Benign,arm,arm:10917112589632919530,true,inert
8ca6526eae655b1da31432bed386691d90562344118d07c111f932030a5a2072,Benign,arm,arm:10917112589632919530,true,inert
8cd0e15b496261dc5bf5772d3c536c901c9b77a28e7ace21b97bd2f9f0e39923,Benign,arm,arm:10917112589632919530,true,inert
8d0ec0e3110551d9eafa5f40a5a10fae9a36a92fb99299f789c7d2f5bd781e6c,Benign,arm,arm:10917112589632919530,true,inert
8d71e2fa420e3f0c73a0a5fa3daa6202c1c496bf3cfe7a2a507589128cefcbcd,Benign,arm,arm:10917112589632919530,true,inert
8d7863e6d5c3c95fb5b8b463aa6f7c4272f80b7573ebc930e27aafc4004b9452,Benign,arm,arm:10917112589632919530,true,inert
8d8b496cdd12fa643203d54635fa56c5d3087dde58000ef4ec449c89decb212e,Benign,arm,arm:10917112589632919530,true,inert
8d900339ff818379f21a1354409d649de9c21bc4a93326863646cc7e122110b2,Benign,arm,arm:10917112589632919530,true,inert
8d949bb4dd775a6b82ff36da93306d750543a6c0027ad8bfafb8a74e37b58259,Benign,arm,arm:10917112589632919530,true,inert
8d9d7ef9251db181e05edef85f4c0d344de7c51c0d0afd1241a8edd8c4ad2f78,Benign,arm,arm:10917112589632919530,true,inert
8db4d6cfcdba812ad08e6dd11eb456c1393c89f66c115afa02c699c292d86c06,Benign,arm,arm:10917112589632919530,true,inert
8e17128bf24a36ddd8a5e631f4e17ee363f6190c14e348b0c6308ba664354677,Benign,arm,arm:10917112589632919530,true,inert
8e5106df2a8256181fb6d5f455c29cb7781b916d0bc93f1c36e31b0194d07122,Benign,arm,arm:10917112589632919530,true,inert
8e73b9ce6dcd099ec980498178423fd111225faa378088d9feae04465abaf51b,Benign,arm,arm:10917112589632919530,true,inert
8ecd871af66f6b5676156fad25d5c278ef9152161026963ff1f90064e369b131,Benign,arm,arm:10917112589632919530,true,inert
8f59feea4541ed07f0227d91b7dc959f64b9bb2c894371cee9fcd058febcce8e,Benign,arm,arm:10917112589632919530,true,inert
8f870248787b8b7ea4f09bc3c6af534763b29e5389aebd6b85b4f6711e6a20b0,Benign,arm,arm:10917112589632919530,true,inert
8fab3ec4781a3aca35c1dc6916d9c130150045819b84c1d39f10230e4a91ec08,Benign,arm,arm:3656664277496154216,true,inert
8fb60dc60137549b2db3132dc55e40192e530f67322ffe437782541a34dbe469,Benign,arm,arm:10917112589632919530,true,inert
8ffe218e6e3a52098ee68100123cebc44c3aed47e0351850bffae9bd47f66807,Benign,arm,arm:10917112589632919530,true,inert
90678a13a2dc1895dc7a063ab0033cc66f0b1d58851fd455b39b3db6af512796,Benign,arm,arm:10917112589632919530,true,inert
90964e4b3fff444aff8db1d924b56e28f738c3ea20d2a6076ca03c19dfb216cd,Benign,arm,arm:10917112589632919530,true,inert
90c373134c5ba0804f6aad8b022754e3e538c1838e037ac76ec284ebb3968354,Benign,arm,arm:10917112589632919530,true,inert
90d09b712e83a7f0d3c9867dbba2ca4ce8ba13170d24a9dc5a094c41f60b9304,Benign,arm,arm:3656664277496154216,true,inert
90d8a8075505975ecb9ed35798142e32acf7b92834b09a71444bba56906a1a45,Benign,arm,arm:10917112589632919530,true,inert
90ee76a9bf259170f992a2c61c9206a3e5fffffa088d96b08ef6461cf8f82196,Benign,arm,arm:10917112589632919530,true,inert
912fed1460b233993e0cfa21c65a5b7d1137c74e6f6337adc088b920a15ab2c5,Benign,arm,arm:10917112589632919530,true,inert
9134f519a15321408a2a660bd848a93166721031fd14fad48184df03fab667f6,Benign,arm,arm:10917112589632919530,true,inert
913583b9b8ed748f3fa7d920d2116024e1ba64f629aad14ec53e8b8917080f66,Benign,arm,arm:10917112589632919530,true,inert
91502cd6f41dad9ce6a006470fb16038387a961860c82e7954345acdbd24791c,Benign,arm,arm:10917112589632919530,true,inert
91541077581d2cd5cedc7a97f5c9a3814c8141f88d5a9213476fd7ee5cf0710b,Benign,arm,arm:10917112589632919530,true,inert
9175743101dba8ac29251d63699169b6cc727ce9657f0ebdde05e3c0ec27b40a,Benign,arm,arm:10917112589632919530,true,inert
917bfc31aac56477d280ccfb57b0577686ac729c3d7622da6bb922dd4d1b2e7d,Benign,arm,arm:10917112589632919530,true,inert
9184d8e98678f4c11b67fea35910e737533cbf29c0695161755fcb63da8554ea,Benign,arm,arm:10917112589632919530,true,inert
919ac39352d8bed8491b0bf456174db250935a19269073696e2c6a09841e1d5a,Benign,arm,arm:10917112589632919530,true,inert
919d70c24e1767808203d435aa23bfb235f429f1ca69f8ab6856e65be6f88497,Benign,arm,arm:10917112589632919530,true,inert
91a8b09496442450bbc7985417f6205f1cdc51af6d9186374cad6cdd121611fa,Benign,arm,arm:10917112589632919530,true,inert
91e452a3826990ec2aa4b2da632083ce0e1727a39bcaddbfdda631d70f84c8d7,Benign,arm,arm:10917112589632919530,true,inert
926a4a9274f3d3f52bd75da4e8e9d14fbead22a3e95c8e0f69d1b77f0c573d28,Benign,arm,arm:10917112589632919530,true,inert
927b41e2071b3e52100b5ac28545e670616d03024ab4d4566856050bcd8fdd13,Benign,arm,arm:10917112589632919530,true,inert
92c202e382050235d3610daccb094501c8a9e304a247dbe51f6f403ee4791b5d,Benign,arm,arm:10917112589632919530,true,inert
9330f3d6cd6f88f9f6fd1f4bc3088d97d20e6b0753ffad44425ea59826dc1e64,Benign,arm,arm:10917112589632919530,true,inert
9356034ee183b3d60bfa5e8a82f8daf4d173c56812934e400a78c927fef2f7ce,Benign,arm,arm:10917112589632919530,true,inert
936c081d86ac306170ef09c27450297d81e02e80ec7b6d6f7344eb2263fb4e68,Benign,arm,arm:10917112589632919530,true,inert
936ea40a6b4b8fe6e2b16aca5d6b9e58c9f63ea88de6eb50ba649ea9ff23e2ef,Benign,arm,arm:10917112589632919530,true,inert
9371e003d3870910b9a3042f5e4b322b77e41e9415a4074ad71f5d3a6a02c2fd,Benign,arm,arm:10917112589632919530,true,inert
9377077e99ddbd43eb9a6e30eae4bdb11e4df71c2048a65985d3514576297c5d,Benign,arm,arm:10917112589632919530,true,inert
93908835e76f5a4b921e3e7a8ddb8a77fd4a9fff5dbb9b72d43a94cf74202858,Benign,arm,arm:10917112589632919530,true,inert
93988597f31950b9f7b4488d72975124d76eaaec20616579f3c628cfbf0dca64,Benign,arm,arm:10917112589632919530,true,inert
93c548051a2d82276c29babfc551dd44397f4301a6b85410e8a2a2ea9170ab05,Benign,arm,arm:10917112589632919530,true,inert
93cf97823c60c1a7fe4e6ee81988d4685fbb056594c435b379b47e5f1e4cbb37,Benign,arm,arm:10917112589632919530,true,inert
93e1c93633087d807ce6de78e13ab14f29a847648a313539f6406a10373e4c93,Benign,arm,arm:10917112589632919530,true,inert
93f59d5ed307f04243ac1c871fb25f374c6f5e9af6c32729a3d6603b5fa18efb,Benign,arm,arm:10917112589632919530,true,inert
93fbfc3cd2d0f02c57aa9cdf9be3e0aa182575dfb2d555dae054306a93e0c2e7,Benign,arm,arm:2386425896683794942,true,inert
946cd8ed9469d1075f45de3cd8bd72578ff10ed7b0fc984c77af0e850fa008e8,Benign,arm,arm:10917112589632919530,true,inert
94728f48c442432ba5b21aad198aec4b3ebf270af6f350dd31065ba0642d2685,Benign,arm,arm:10917112589632919530,true,inert
947d076a62ccbafe599e4f4a8c9013d3eaab2d4369200a6975b78a7cf11fa611,Benign,arm,arm:10917112589632919530,true,inert
94b2e10553f2341a3278f733e9e534933b30e7e8279518521cc156f169f760ed,Benign,arm,arm:10917112589632919530,true,inert
94c1be6ed6358c067cc76e0c641b9f8224ab2eb98584e01806c7983f673faf98,Benign,arm,arm:10917112589632919530,true,inert
94ccc4006c1aeca4853b2af36cce616e84b0304abffc2a54ae67c6f72befa87c,Benign,arm,arm:10917112589632919530,true,inert
94dbb819fc0518b7624bd0c7190896a8da13e07fbe5d6d9dfa78dc77e6eb46cd,Benign,arm,arm:10917112589632919530,true,inert
95320de94bb3f5ceb7629edb9de931db43b5f310aabfe0ebffb1e899ad635044,Benign,arm,arm:10917112589632919530,true,inert
9534a61eda9a56d2af0dce34adf5a3df55920196710f3a862ffa68af404f3914,Benign,arm,arm:10917112589632919530,true,inert
95519951c72b462091773a3260e6adb278d9d17e0b24467102ab18b510ac0a72,Benign,arm,arm:10917112589632919530,true,inert
9560eb58e1db545f3e3082017b2dded12db0559fbed29afb85a707dd49714607,Benign,arm,arm:10917112589632919530,true,inert
9564c7c192007c24d6d2dfd51bcd47ee2c93fc2a50a776496834213ee418ad39,Benign,arm,arm:10917112589632919530,true,inert
95657d5332a9e18d63def52ca6318eb5a20641dc16f0b855d6ecc191b8b30389,Benign,arm,arm:10917112589632919530,true,inert
959050600413a0b2458798a7cc0eaa35f7be672e3bdd462b60bf2a4dda84c210,Benign,arm,arm:10917112589632919530,true,inert
95977df54d2d64a29c8cbd97dcb8c353fad45fbaea5d9eb2d088d92685b16186,Benign,arm,arm:10917112589632919530,true,inert
96114d69551e028067351fef374716e721985987a61fcab8e5caae072c206e43,Benign,arm,arm:10917112589632919530,true,inert
961a8562ee370fc965bb8b15f4df1c99b58eb15f94c6e7af1a89863f25600e20,Benign,arm,arm:10917112589632919530,true,inert
967eb0742156240c7c5e6bfa038412ab10664c713eb652074ee1155237ba759d,Benign,arm,arm:10917112589632919530,true,inert
96849776f647096f7fcb0ec88f01df68a330041fac285291972941dfc4f7b774,Benign,arm,arm:10917112589632919530,true,inert
969a9a321228a00390cefd794ef6e8e353b17154fbd083c19663da85a681244a,Benign,arm,arm:10917112589632919530,true,inert
96bb47b00e86d0110a46d07b11b78b6b094095223490984e01df82e41c005ed1,Benign,arm,arm:10917112589632919530,true,inert
96f05a18c5dc61af186a9ce5bd2b63f63bc8565d8277e096515899985f691a34,Benign,arm,arm:10917112589632919530,true,inert
9715b8cfd651b22df0cf34ad276719c363006bf3713cb160b7b63862d77bed97,Benign,arm,arm:10917112589632919530,true,inert
977877f869acf3909669ef6c9fe8d96027de078bf022e6bf18dd71eeca53a6d4,Benign,arm,arm:10917112589632919530,true,inert
97e26947995a1a16c6dba4f058d8f53bed08bcc95005ffcbdb221ec35c59be29,Benign,arm,arm:10917112589632919530,true,inert
97e516bfb17c4234a0abe130a781b288004e6ea2af31a72af2a9a7dea800119c,Benign,arm,arm:10917112589632919530,true,inert
97e97d704d1dc9b76f233c7c97a7bf84a09b7696619617fc38de8c68e36e5aa3,Benign,arm,arm:10917112589632919530,true,inert
97f26ea0b394dd9fd16df4402acc6b0c63b480af2f10e47a82c8ec98ed3defc4,Benign,arm,arm:10917112589632919530,true,inert
97fae95c881d288bb4c41a7aaa555a145fb6d810b1a5e3341189d40c78398a30,Benign,arm,arm:10917112589632919530,true,inert
9817249848a90ef513b7c3ad530acb3895e23ff087d8c8ccbf8d2bf77f7a03c7,Benign,arm,arm:10917112589632919530,true,inert
9839f934d791e474e847012c0dea2830bb3f1cc8affe3bbd2a85d7db947a189d,Benign,arm,arm:10917112589632919530,true,inert
9841bb85d93d2ba4a801f91db1dcd32961476d29eeb0c82f82d7138c5b2bcc3e,Benign,arm,arm:10917112589632919530,true,inert
986783264b8f3c3bb61a9d91e3eb64fcc38f28d2f2549a7211a95f770c164dfe,Benign,arm,arm:10917112589632919530,true,inert
987c29f6c30a2efef30753a1571d4497564a34bb6eff3a587b3b48c5b067231f,Benign,arm,arm:10917112589632919530,true,inert
988746dc57357b781b5203cff92945e8679ccf6f7ca22fe14bde7a3dd4700c80,Benign,arm,arm:3656664277496154216,true,inert
9898bf6b7b17d370f7d86729373008d63a6a3695b176c0fdbfb90d6d5574787d,Benign,arm,arm:10917112589632919530,true,inert
98995343f158be865f6ad2b27d24f4288b465884f6199fd0c420900e88449034,Benign,arm,arm:10917112589632919530,true,inert
98a26a7930979e1d91b4a88d5ac8d3644329fc50edb970d5ad003e013c2588f3,Benign,arm,arm:10917112589632919530,true,inert
98ad967b56c7015d1dc9a621b4de4c91aa9bc72b0ae75d82e65f1fe2553efadf,Benign,arm,arm:10917112589632919530,true,inert
98e5cfb2aba5aa6252bcf67741e81f0eae4e4cce2bc9b4a79271e8d77dcd43c1,Benign,arm,arm:10917112589632919530,true,inert
992c2dccd89cd63f7ee65dfc0654d84eb85efe34ee248532ebb24de1d9c5bd4f,Benign,arm,arm:10917112589632919530,true,inert
9950a9d94f0b79367fdb235d02b847750c7833610dc4174c3f5ec94dcc7c83e4,Benign,arm,arm:10917112589632919530,true,inert
995f0b8d8a2bf5fbe3457a54a33a5d5c40d500a9263e35e1bff44e511410a407,Benign,arm,arm:10917112589632919530,true,inert
996ff4c46dc3ac8b3e31d9756e66cffbe49d60271aa6763e5c2bdf90fbd36a1b,Benign,arm,arm:10917112589632919530,true,inert
99c8d1acfa4126158bdbd1367deeb08ef206ecf4c2a7a30c5caa583248784f4d,Benign,arm,arm:10917112589632919530,true,inert
99dda404e368804de83619ae7fc94857adf606526095908bb9d2fb5ce525b84c,Benign,arm,arm:10917112589632919530,true,inert
99e5dfcc332dd1eb036219be9e38377fee16f00ebbc689e26f61552ccf03cd05,Benign,arm,arm:10917112589632919530,true,inert
99f05eea8afc30c183d609966a4ea3525939c7bd3ba232f3d9ee3fa62bbbddd2,Benign,arm,arm:10917112589632919530,true,inert
9a4a58de1190cb17e5243b133948bd25f0b86966771a92151db45d03480e0589,Benign,arm,arm:10917112589632919530,true,inert
9a7431d947631de790dd284dee335c9a0b456e48df523e15cc8124d81246388b,Benign,arm,arm:10917112589632919530,true,inert
9a89c9eb62626a8148cc2fd1d8d14826fb227563ff6c15944e493904d176809e,Benign,arm,arm:10917112589632919530,true,inert
9aab761f0858f8061eaaddd4bdf29b79c24d8bdf892d9019786e8437046f3dbe,Benign,arm,arm:10917112589632919530,true,inert
9abdcb85fda077ebdba21954616e3f2f132bdd25b0e26d8823f417c5a3840142,Benign,arm,arm:10917112589632919530,true,inert
9ac37af63325c7d46c12388c54661da4a0a0c4d185e9e53fa163871c29b74713,Benign,arm,arm:10917112589632919530,true,inert
9bbeb16d214e933c30e7d071be3ad4a9807da54b355e87f093c5a3e84cd821c5,Benign,arm,arm:10917112589632919530,true,inert
9be211adec7e988e4f26019ce056f01c0930a1e7ce591ce65dbfb0133e2dfb18,Benign,arm,arm:10917112589632919530,true,inert
9c6e2fd36e105394d34b8daf439a2c5a738896e6c35f94febb541fb21566ba24,Benign,arm,arm:10917112589632919530,true,inert
9c890f4ee5e557cd000c16865624e74c063e7f2aef7da8fedb9b6027fec1864f,Benign,arm,arm:10917112589632919530,true,inert
9c8fdfa8fa184744e8e1f5c287a588a63068674b12d734ab1660bb042f707845,Benign,arm,arm:10917112589632919530,true,inert
9ca002ec53c701f72567efc33b0c522b2d2cf3101188ca57c083d330ed32fa4c,Benign,arm,arm:10917112589632919530,true,inert
9cc53ac22f6a7318285ed4b3a9f25eaf2496df7f3ac7d99d93c5b6f62a2dccfa,Benign,arm,arm:10917112589632919530,true,inert
9cd8904fd20e3ad43c85f6205a4511dd57d6a8e1fa5cfdcc0f38c2dfa0842f20,Benign,arm,arm:10917112589632919530,true,inert
9d01154d645436b68f0d62516725b1de10936e4b37eaa173cea7bec1182cf6f5,Benign,arm,arm:10917112589632919530,true,inert
9d09f86632271d1e9d3d8a1f5ba9f8e226a987d9f5d202dead50036e5d2d8848,Benign,arm,arm:10917112589632919530,true,inert
9d0dbb497df079a1f29b7c79592f5f687bb2c137f769bc407940addc9435fb9b,Benign,arm,arm:10917112589632919530,true,inert
9d1ffd5a3ebf3ceb60e33c9f26a3d2b1d6c412592f284a53c0c02c0397878de9,Benign,arm,arm:10917112589632919530,true,inert
9d63ccebe6cc5dbb5b8919ee356dd2b48c9b0767aa544208d5409aeb7cf7cf8a,Benign,arm,arm:10917112589632919530,true,inert
9d6ab6d886c5869582a8de1c3cf1f1ab7de61683a52288300d0e39dc58598601,Benign,arm,arm:10917112589632919530,true,inert
9d74778a35d63de1c5fbff46a80e170b994e47fee9f8345214338c3eb9b8809e,Benign,arm,arm:10917112589632919530,true,inert
9d8c4d763a90983b87e2fccc75a5343ed2dd266e71350a23d1d89dd3b46bf4cf,Benign,arm,arm:10917112589632919530,true,inert
9d90f00f0b505c90e76ad22bd5dd4aff24dbb4c52e961287b853b807279dffdb,Benign,arm,arm:10917112589632919530,true,inert
9da6e89eef29440d35399c2405e722d89c4f8c9cd346c5450628139902d70842,Benign,arm,arm:10917112589632919530,true,inert
9dd56d0425d3f5cc508444cfd9919955cbe50b02e596aa4a30ce325661fad84c,Benign,arm,arm:10917112589632919530,true,inert
9e1833a97c404f5633adba27c2fb0fe6de398bd69c628f1a1383c53349db1471,Benign,arm,arm:10917112589632919530,true,inert
9e589d71b73531900ec5f230246c640eb5472e7dc42df7541a56ddadb4c754df,Benign,arm,arm:10917112589632919530,true,inert
9e5b144e7ee0bc005e5db27fd03d60dae741ccdfc2c42acb4031eda21e1ca0f4,Benign,arm,arm:10917112589632919530,true,inert
9e5f59f9a25ba5bd242941545dd84341900260ada698562c103a20f36c71085b,Benign,arm,arm:10917112589632919530,true,inert
9eacf88975e9e8805776c0c4b4397746e202f30e3676fef35ce0c0300f0dd774,Benign,arm,arm:3656664277496154216,true,inert
9ed8c0b44524fe13ee1cd2cc7a30c7b2790a598bd45b163f93d70647a7254374,Benign,arm,arm:10917112589632919530,true,inert
9ee468bb1094e5ebcefd8925aabd9f34fdeb61b4eeef9484f8ae3ea03382125d,Benign,arm,arm:3656664277496154216,true,inert
9f1d009fb44792bfac1280ebba7b31a979f2fee4d8f1df0aea099be7a2e5e758,Benign,arm,arm:10917112589632919530,true,inert
9f4d062ec824aed86cd4ebcf36f8c21b1b487da30fd932065dcdb7e322d42413,Benign,arm,arm:10917112589632919530,true,inert
9f97fb97bc022e07240f0b347d34ea17c8ea4366813ce33d87eeac48a8c89027,Benign,arm,arm:10917112589632919530,true,inert
9ff0c5fa6156633d9f3fc72ae5be80e3b4da4415260a35081beeb90593d0ae9f,Benign,arm,arm:10917112589632919530,true,inert
a03945d5b5e5cd74a7139d0fc95523d7e2271edb86a26d6e43e96486a0fcbf39,Benign,arm,arm:10917112589632919530,true,inert
a03dd09072390af2606383db6af7861fa20495cfba6f240dccf1ebb91b53377b,Benign,arm,arm:10917112589632919530,true,inert
a0738969e694d399ee3b01c226665afc449b67e1516e05a7b0d0db9922ae927e,Benign,arm,arm:10917112589632919530,true,inert
a07d88a264bdc934992a7467512643dbcd3a246bf4b19f50fbba16930888e2df,Benign,arm,arm:10917112589632919530,true,inert
a09586c64c9b35efed8a37ac637654ff3c66d19617469b33ae748687ee628291,Benign,arm,arm:10917112589632919530,true,inert
a10e718883c5f012a2de2a615d7af489ac50fd7c71a5c632070f1b6075c0d40c,Benign,arm,arm:10917112589632919530,true,inert
a13526f303d15d6671646a8a25762a0fb811a4ff0d738251a1d156cbb071cd2f,Benign,arm,arm:10917112589632919530,true,inert
a1579853074edb618f5073022ad2a2f5be63f18fa3abf1546e2c888a80dd1a3a,Benign,arm,arm:10917112589632919530,true,inert
a17cca7ae30744854be0398e55405daf252fac396fdc736e6965c8738a389b50,Benign,arm,arm:10917112589632919530,true,inert
a1a3d6dd0b6f27c73aef88bcd04471f0bc559c76926bcb33024a75dfddd67ce0,Benign,arm,arm:10917112589632919530,true,inert
a1ecc3418865c88f0f50005cb2c37af618453c2e45b0644d754b3fbc5656d611,Benign,arm,arm:10917112589632919530,true,inert
a20861e80222b00e90b49f55a132bcc461566b9608a48b5088a3cddcc1696b4b,Benign,arm,arm:10917112589632919530,true,inert
a20d9f95474c36239bcdfba64d6568f0eb82e1a4f4a139e656fbf8585341f6ac,Benign,arm,arm:10917112589632919530,true,inert
a247f1ec7c681cce2e9b55034c8b06e604aee651ff905ca4dc06ba682aa523da,Benign,arm,arm:10917112589632919530,true,inert
a27635d6e91bb011e5b6d5fadb8a8ee541779f21fdd2da249e861e5b262a6be8,Benign,arm,arm:10917112589632919530,true,inert
a2a27726f0982311ffa208ab9de8014e953c5127036db145937b905f9d6dd11b,Benign,arm,arm:10917112589632919530,true,inert
a2b0d793d05ca92b1e387fb81eda800a399f3b7fb2789710d23c1eabdb9b3903,Benign,arm,arm:10917112589632919530,true,inert
a2e08d30ba03ddc979d43fb9506b5b2657cc4c6331506ba3ef0375bf0fa06afc,Benign,arm,arm:10917112589632919530,true,inert
a2fcb8b2f9aa97aabf554b91f05251a119cc2c4b77d3ac54d3f1941e2406c39b,Benign,arm,arm:10917112589632919530,true,inert
a3354e60c009d86291d37b3e6e1691ee10a357432b41236e3c18653d47f45fc5,Benign,arm,arm:10917112589632919530,true,inert
a33c0f9048fe1574f0c9ecf1fb9fb5ee32682ccaf579297b7fe3ac46cd571179,Benign,arm,arm:10917112589632919530,true,inert
a341975dafd3e8fb4305037d2cca1b42dcf75373b8caa124245f6c53220e5b06,Benign,arm,arm:10917112589632919530,true,inert
a34212538e73470beba2a68d6243873d14edd21fc2d926f69a85cd10195c70b2,Benign,arm,arm:10917112589632919530,true,inert
a34d47c8b4beb3d6aa167d4ab1839051cf39ba59b3cbe87a67166206821596ad,Benign,arm,arm:3656664277496154216,true,inert
a34dfe5c346b1adce4f919637396a107265d7f5b4f2e6e6d351cdfd81690bc05,Benign,arm,arm:10917112589632919530,true,inert
a35b8c784cb49407a29cb29c61a2b7916d31541e551944479e4d553d13b91747,Benign,arm,arm:3656664277496154216,true,inert
a37019b6c7bb502d9b36d5de213111695124088c6e40a8cd413072916e99527d,Benign,arm,arm:10917112589632919530,true,inert
a3e34646a80fcadda8c962ca3a435da2636c2b6e3f5a16369b6b872f647e1f23,Benign,arm,arm:10917112589632919530,true,inert
a41c0ce2f06461af387b340ad2e25a139bdf9e349dc9727aa8739456af31a563,Benign,arm,arm:10917112589632919530,true,inert
a4427ddddc90a126f1fb97ccce58be02fd2413917e1d8fb688d7aafed906d8fb,Benign,arm,arm:10917112589632919530,true,inert
a488abcd2509006c4d81a0cda07db6f1a685fe638ab141e5f532bc6b4a4e0190,Benign,arm,arm:10917112589632919530,true,inert
a48eaf42fa473894dde4ddd991a371fdf9039f81f745697ccb94f803f9e23f91,Benign,arm,arm:10917112589632919530,true,inert
a4a2e71b9e520ee7152613d650c80e2293b929d30b86a3ef2356709e44e1ca5a,Benign,arm,arm:10917112589632919530,true,inert
a4e9ac171c9e541a19e4425f591fed803778a4d1fc751b6120fcbe2dc6379323,Benign,arm,arm:3656664277496154216,true,inert
a50ee37d1924fd07a63db45325be9b6e5179fd62411020c647ce927704ae8284,Benign,arm,arm:10917112589632919530,true,inert
a51cf25e3e0c1610c18a785e4f46d78477e05295f071a37cacf6bd7940cfa4ae,Benign,arm,arm:10917112589632919530,true,inert
a529777f7ff0f429b1a59260763fdc66dcecfb823371e46de5cd0ff9b07ae8f1,Benign,arm,arm:10917112589632919530,true,inert
a533a4549c3e823138c955558c20e4bc876660acad9d092ea1297be65c34da9a,Benign,arm,arm:10917112589632919530,true,inert
a54969975abba3d1225a82621706c17bfcdc886674d7759b30d4b99b5e105fbd,Benign,arm,arm:10917112589632919530,true,inert
a5572b74c5411673745b4f08cbf8f13b853a385f3ede43182c325da923731c28,Benign,arm,arm:10917112589632919530,true,inert
a56ad198b685600605e8634a43c6055b2c517d927bd9dca452a3d7d530b9825f,Benign,arm,arm:10917112589632919530,true,inert
a59669314326c4a2f30b727169edd49f10f5ccfcaa5a551566fe22e06e207051,Benign,arm,arm:3656664277496154216,true,inert
a59bf06f049d5f9d19beaf0582f843507a81a618e9145d4e9c32447125733f8b,Benign,arm,arm:10917112589632919530,true,inert
a59e86e2d8426e61ceb27d0f5a46c2ec99a4b4c2bc7badffaf9bf8169fc5c6a8,Benign,arm,arm:3656664277496154216,true,inert
a5df4b2c40a4e5285d994e91e272339e36c4ce7fd07992776843447761ee0083,Benign,arm,arm:10917112589632919530,true,inert
a5e2cadaf8cac57a521b63af1e1af188cc409d56adfe9498bb433402e3c81d98,Benign,arm,arm:10917112589632919530,true,inert
a5f0284822365095e5c05e99979260efda66c9f897070f261825e33ad2a3b806,Benign,arm,arm:10917112589632919530,true,inert
a6012b4073721ff9d0bdcd4af0f7fca08fa693c2f07f7c77950d59c983522386,Benign,arm,arm:10917112589632919530,true,inert
a6199e661dc80c207bb9460dfc22ecd9f2d70c388c28035f0a85982391c38311,Benign,arm,arm:10917112589632919530,true,inert
a623b63cef9d35597a8c03152443f98d0b23103192ca43009bf6b2bda1ad8f1c,Benign,arm,arm:10917112589632919530,true,inert
a679c411eaab0bcf6809ffec80ae1550c0d69e73184e14057738d9c68416b1a4,Benign,arm,arm:10917112589632919530,true,inert
a68dbb2f1e7d0984ad728edd33e3939c70b4087d0f9534e4825fd87323c8eb92,Benign,arm,arm:10917112589632919530,true,inert
a6acb1a580ac34aa7afc8e2db5c355f484affed2a4c725fa1bc20b285bddcf69,Benign,arm,arm:10917112589632919530,true,inert
a6ae94adeba1d0647518860016345f455d2a5f588bf746b1e770d14a0c0c4c83,Benign,arm,arm:10917112589632919530,true,inert
a6d5410a883f6e74974f796a4842a0c925ba27f405288e8bb56e60a4701fd31d,Benign,arm,arm:10917112589632919530,true,inert
a6e97729f5a88ba84ea9aec9eab0807ce185bccefc20d46d9076990486e13ad1,Benign,arm,arm:10917112589632919530,true,inert
a6fbf2e3cae541c8e9a8602501defdedc8e74f7412ebafb2c8f6799635a11ce5,Benign,arm,arm:10917112589632919530,true,inert
a729c5cfd73d5c01be681af93b69ef0ee49ed9c8251bf38784c141d42dc02709,Benign,arm,arm:10917112589632919530,true,inert
a72a44777f0075dda089b5951a8bf3798f51e116f0241e6e7fd4953b0e2ae076,Benign,arm,arm:10917112589632919530,true,inert
a75473b23275879f74c208cecfde3aa18a6b5f5fef10f7ed3a26a54fb4f0de48,Benign,arm,arm:10917112589632919530,true,inert
a77e1eb9f31264d58db3de0c7b33fbe2409a150790c9d2253f2dd157d321039f,Benign,arm,arm:10917112589632919530,true,inert
a7c484e4ede94711c736e8286e897d4df2de89a1a195960dd6ee09dc38eb94c7,Benign,arm,arm:10917112589632919530,true,inert
a826bae354c603a5b87fbce9a4f074efc34a02279aab7519b60d879af0b919da,Benign,arm,arm:10917112589632919530,true,inert
a8a3c4b041e0c3a70a7db0209afbfad56668574598da2e7cd83e1d36f95152fe,Benign,arm,arm:10917112589632919530,true,inert
a8c8777c57171c92cd4cc5ce5cad2546a14a770f41057a87f63f937d58804b05,Benign,arm,arm:10917112589632919530,true,inert
a8ccab845c5ac689a1f8ae84a403af7a208af651b13cf0499c124ca1c4d4a22c,Benign,arm,arm:10917112589632919530,true,inert
a8e613bb29268b81ee7ff0f7f09cbd8a14f9448af28bbf0d92eda0369f8e4775,Benign,arm,arm:10917112589632919530,true,inert
a8f4ad4cea073e17da6f9f39b105bac5da35d7de9ff811de04f4945aa98e2e3f,Benign,arm,arm:10917112589632919530,true,inert
a8f728b75054c4db06e2bb84f45e812e7429e9b3b6e0b330f0e83534bddc809f,Benign,arm,arm:10917112589632919530,true,inert
a905ba6ab11ad4ac1e6b82059009f390387c705cbb8f2d86e635114973b5bb53,Benign,arm,arm:10917112589632919530,true,inert
a912a1bd79caec6e5dd0913905b6f9030ee5d6b9b0ee144320bc532d9269288c,Benign,arm,arm:10917112589632919530,true,inert
a9249a013c4e3a3d72dc61f659c542fcccc40c03bfc5722927dd4154d04641e0,Benign,arm,arm:10917112589632919530,true,inert
a94962ab2e92f47e333f082469b7a6ac0e5bee9a694bb8d53579e60257bc8b75,Benign,arm,arm:10917112589632919530,true,inert
a95c247fd8b8bced8ad49328075857cfcea7f35dc137c0be255cc7db3dd45250,Benign,arm,arm:10917112589632919530,true,inert
a962fc32414d1a22ec4a911d8d81278069ca9d11f3c6e11e54e9f76865b50afb,Benign,arm,arm:10917112589632919530,true,inert
a989315c2b60e991e46516172a82397f182212876b8405b61fd94e0d68c9bc1f,Benign,arm,arm:10917112589632919530,true,inert
a9d0132faa5c1cdbcc3c714716e3165cbf9c8d45a9498dcabac5759f361ea51d,Benign,arm,arm:10917112589632919530,true,inert
a9d01d9e9542042497beb8bd0bc670a869cddb28e5b4a035599c376cef7780b1,Benign,arm,arm:3656664277496154216,true,inert
a9e8ff1ec6ab16435b499a32489be60de7a9f2af7ab15ff8e8daf94adae26dcb,Benign,arm,arm:10917112589632919530,true,inert
aa149c67114a30ef6c36ddb67a6f1d6364fe47ebc0fc9172f7275ed5c228b43c,Benign,arm,arm:10917112589632919530,true,inert
ab39c8e2a4a12f0f3b41ba7dae68ff75cd2234685ddcf26e0c31fd163b548e94,Benign,arm,arm:10917112589632919530,true,inert
ab4e9036d5f76a42c1462a6dee110411d85c237e24a46ce8789765fbeffc75af,Benign,arm,arm:10917112589632919530,true,inert
aba1d379997c3f76cfe08ac304e82c87e4fed86d1e11848d011cf201d26b1c51,Benign,arm,arm:10917112589632919530,true,inert
aba6ccf94d335f0d30dc277a4f775c3dd786b0e014313f01d442397224f1ddee,Benign,arm,arm:10917112589632919530,true,inert
abaddc0115dc7ac6c9fe77093280e80b2ae815940cf59b688588f2cc9bc70dbc,Benign,arm,arm:10917112589632919530,true,inert
abdb247734ddba6204c18a9abe2eea2116357064a719af0f4772697ac032788f,Benign,arm,arm:10917112589632919530,true,inert
abf4afa985df6ce6af2dd91a4a53d4b40baddda3b63deeb1e822fb1f8f486371,Benign,arm,arm:10917112589632919530,true,inert
ac250ed61ff99f0d211d8c70f39a06a6a946a71f416cf04f3755679508dfd771,Benign,arm,arm:10917112589632919530,true,inert
ac9d1efff8a56165b458f45a7946bbdfabd992e027dfd0b5d24e3f8084f9fda5,Benign,arm,arm:3656664277496154216,true,inert
acc98f740b017fa5785bb64878e1023257bbaa83e4622e019f98a1c77b72027c,Benign,arm,arm:10917112589632919530,true,inert
acea47c91742408e0585b4c54c94456eac1d3d1a25c72680a78dc8941fa676d6,Benign,arm,arm:10917112589632919530,true,inert
ad10114e6ae13800105bcf2f1c7b7391e1f0f139c0bc0fd1e68a693ee8cd75ba,Benign,arm,arm:10917112589632919530,true,inert
ad4fa7ec36408318128af2e091fd9a41a2fa1365a5eec8821a709e617ed5db80,Benign,arm,arm:10917112589632919530,true,inert
ad53cc5ed62527e9e8d4a174f272e637230d01f9f8b6ce5f55530f2c9ff8605c,Benign,arm,arm:10917112589632919530,true,inert
ad5df9e962203ade7e51c7a57956c745f504c32068ddbbf667b654d3b21b2bee,Benign,arm,arm:10917112589632919530,true,inert
ad5f89e1c2a28b0d2780c3347bede254ca275af33c7e069ba639e5a88501e622,Benign,arm,arm:10917112589632919530,true,inert
ad7c08614729efebacce672dfcc56d1d97cfc2d17337af348d3c5cff59a0e39b,Benign,arm,arm:10917112589632919530,true,inert
adfa7e9ecb2102484abbb1081c4a118009c24b0054fa1f42adc97acfbc45c17c,Benign,arm,arm:10917112589632919530,true,inert
ae182db1227d6804a75e30ea12ab21c6797eeaf3a8202df82ee0b4790015b7bf,Benign,arm,arm:10917112589632919530,true,inert
ae200f7ef95c4de403191994600f023b1a1563d35c557f093e17f2f7fe1effb2,Benign,arm,arm:10917112589632919530,true,inert
ae483a84cdee9880a970858e4f7036e4aa298a30b51d8a598ceef23a1c10aa48,Benign,arm,arm:10917112589632919530,true,inert
ae6aa83506ae67dd2babf1e755abe7e456f10143aac4d741c9603807ffa30ede,Benign,arm,arm:10917112589632919530,true,inert
af08f33f5b6db62f868127aead749d3f8d71d9e1e66787368c8f82fa8fb0c3c0,Benign,arm,arm:10917112589632919530,true,inert
af283ef370584ecf1827c5e1c66384fc8690dbd4a5c08697cad881b79b19d478,Benign,arm,arm:10917112589632919530,true,inert
af435304a4a3918d43c67dc3670f865c3aeea86a7f255dd94f8a3ce3c06142de,Benign,arm,arm:10917112589632919530,true,inert
af6439f7429b1595638e52b41eccc126288b255ea2b2520d715e2793637367fe,Benign,arm,arm:3656664277496154216,true,inert
af68ab4e23ccafba33b74aea311d6817531710b0747d8868467d9c87e2c4ee19,Benign,arm,arm:10917112589632919530,true,inert
af6a4a4bbd68858eb4690217bb34f39b11757f6ae3987a1dc4e7260b76b8c2bd,Benign,arm,arm:10917112589632919530,true,inert
af6a8636b57d10208a41a25e2a123b0b32925eff4d0fde603ca858c50aac4323,Benign,arm,arm:10917112589632919530,true,inert
af748099a5db96577eafcebe75cf2c5dd944dd9ae8ec32e089e87c14a67cf992,Benign,arm,arm:3656664277496154216,true,inert
af801dca28bcc4a2263bed56addc961b0c402f807c6f8986969daf10d1dd01a7,Benign,arm,arm:3656664277496154216,true,inert
af9043d7a1bcd2e2bda5cf327fa37a30a9489c9253ce740df2872144edf10cda,Benign,arm,arm:10917112589632919530,true,inert
b00249d65906bffcb9527178f42a6edd93ea1cf027e85bf8b647283e3314c9de,Benign,arm,arm:10917112589632919530,true,inert
b00f1eb0dbf4c0ab6b7dc6b552afbb37fee48c6d1e320252495ab33f55dd4fa2,Benign,arm,arm:10917112589632919530,true,inert
b012ac44564c187f23e9814e4b81f4c6519ded9e9ea38dfbed3331fa2cf4d49c,Benign,arm,arm:10917112589632919530,true,inert
b01bcc51fd37fbea3ef97e1327a309cbd8cc80d9dd39ec621ec08a4703fb5078,Benign,arm,arm:10917112589632919530,true,inert
b03e05160ce70aaccad55f245272176f8d923df2e08ad027f346d381b7057e3d,Benign,arm,arm:10917112589632919530,true,inert
b077864a058bb85f2791782a1b86bbcccd422d3f41c35f074016de362bb80b57,Benign,arm,arm:10917112589632919530,true,inert
b0eae4c98b22b7f3e1686c4844dabb137c200a74bc8e0a1d7e8ddc6212bcbe4f,Benign,arm,arm:10917112589632919530,true,inert
b12b1852bd6c5270223d18f6ca4fe9aba0f2bb080c11ab7e9bb1c2a1a745dccd,Benign,arm,arm:10917112589632919530,true,inert
b1306d6abd32ccd20ec8030b9eb9f069399445ac53b04bbae8e90949d717e7ab,Benign,arm,arm:10917112589632919530,true,inert
b151b9e548946a13c48fd460bf7744a323e349f19671e4c439bcabd88d9898dd,Benign,arm,arm:10917112589632919530,true,inert
b15235c84610bfc41ab3bb1505510b5f983e1645cda8e8dc083be2e9b025562f,Benign,arm,arm:10917112589632919530,true,inert
b157a8ec24b140852965928372e3b99ad15a35e4b600062c7345e89991ee0336,Benign,arm,arm:10917112589632919530,true,inert
b1bc2271030cb85c8bcede6d39dbb2223c9b058265b3963247306f26860ed20f,Benign,arm,arm:10917112589632919530,true,inert
b1bec70b3819fedeae29bd157ccc32bd8c56f2b9c060d4393878bfdc49265d32,Benign,arm,arm:10917112589632919530,true,inert
b1bfd240171ad9cf875ea346fe7461d0fc7de5f99d229cd556ca04a8548050ce,Benign,arm,arm:10917112589632919530,true,inert
b1c20a85db11690885c41b0cf88a3d39fe672e511d0d95c28ac9f47fc4848b14,Benign,arm,arm:10917112589632919530,true,inert
b1cc952eff373951e3803d8ce8e561a82f1c551a8347651bde886a064140d2cb,Benign,arm,arm:10917112589632919530,true,inert
b1d04557f07a6282b111c42d52cbe962f9b7d282009086f90418bb7ce53733b4,Benign,arm,arm:10917112589632919530,true,inert
b1dad8ddbb5c3105d99ce04570db9452a5695f791df811b151afee5afc0232d8,Benign,arm,arm:10917112589632919530,true,inert
b1f3ee162b05660286a4e9b06533969d1ab74dce660febb757b34cb22d17fea8,Benign,arm,arm:10917112589632919530,true,inert
b2215534345fb18faa81caa36561d4c8de35e2a1900a0b2037be0100fd828e1b,Benign,arm,arm:10917112589632919530,true,inert
b22e18c48c355bfdde9ec80f559e323ca755526197c1cd87fa763b23a5251f6e,Benign,arm,arm:10917112589632919530,true,inert
b23a9a76cfc0e58dd50ef0e7c292519e426f39ad26807aaf2de36d1ed4c00e89,Benign,arm,arm:10917112589632919530,true,inert
b284c9317c0ef662e34633be03e048e9e506be1d106d6c7bb9e87f1a7eb57636,Benign,arm,arm:10917112589632919530,true,inert
b2b81c1985420e7f8bd9f73e015742f8c54d5f1e5a143474c5ceb6f6f28f6366,Benign,arm,arm:10917112589632919530,true,inert
b2c1ada84d31e47e7325d2779ca047fc57ca189280c03f4ba1553f4932631ae1,Benign,arm,arm:10917112589632919530,true,inert
b30ca7d0ae21a97c2521cb01ceea9ae124abf3272de5589a999cb0a19b1b1aca,Benign,arm,arm:10917112589632919530,true,inert
b322fd3bbc9815ba1e3a0924b0fe6862144b2f34e163c0320b0e10a326ebc3bb,Benign,arm,arm:10917112589632919530,true,inert
b33bbb2e65d9e24c58105b13ffcdfa808fe8fa4647e291dfb0ca7eb33de784c8,Benign,arm,arm:10917112589632919530,true,inert
b35f18f01aa5e422dd7fd6700cf181e231ff7502052d04a4a5ebe14e075329db,Benign,arm,arm:3656664277496154216,true,inert
b36f43f03dbefab66549dbd083ac152146ba006ac1203c41f502bad20dde13db,Benign,arm,arm:10917112589632919530,true,inert
b37f8841a227b1d0683de1b3d775209d1207943d4f8f47d56e8a3746a8d60ff8,Benign,arm,arm:3656664277496154216,true,inert
b389c7eddc2f8b226484dd0a45aab0c8af4b114fb8c482932dfb2886ce0d6fcd,Benign,arm,arm:10917112589632919530,true,inert
b38be53476724d9e161ad813ded92190803a323f1009bafedde8d04dce20d163,Benign,arm,arm:10917112589632919530,true,inert
b398ee27305050f29b6686759a017098fdf5d3d178d9d13b3f3347dee7cc4a0b,Benign,arm,arm:10917112589632919530,true,inert
b3e3013d25ef82d1c596275e6a2cbf3a40e254e091d87fbe0d062725aad8944b,Benign,arm,arm:10917112589632919530,true,inert
b42ad32cc327c3eaf0a8634ce37c37385b9b2776551a7940f2c99ef6fe7f0b51,Benign,arm,arm:10917112589632919530,true,inert
b4c88ad0d24d1bf989c1b767f93dabd20e08c1eeda8c4e16bd99a200ca0dd5a2,Benign,arm,arm:10917112589632919530,true,inert
b4cfddee57110936e82357a17cdfd02256f62aa814754c39eadf13fb442ee582,Benign,arm,arm:10917112589632919530,true,inert
b537ac4d18f6a7da91d094e00117c9c8c6a5ced47150abe67b5043b77e53e395,Benign,arm,arm:10917112589632919530,true,inert
b53fd32f7e7a0e19a454f1fe835a555a5d00d31590709be72810cc74cf298eb5,Benign,arm,arm:10917112589632919530,true,inert
b5449dfff41b99b5b4a6b045081fd43c7f8677dd92435f06aac37e1ddca05e92,Benign,arm,arm:10917112589632919530,true,inert
b5462ea26f6ce87b167e932841ab3dea565b6eca79826b24c8eadd1f11027356,Benign,arm,arm:10917112589632919530,true,inert
b57bd9b4bd910120947ffcafa82de322d59645fee05e9742652c7aaf516b47f7,Benign,arm,arm:10917112589632919530,true,inert
b594b7187525bc023cbce6cd0d1112217f39434722165353990424cf5791677c,Benign,arm,arm:10917112589632919530,true,inert
b5a4957b85adb74d0b29a2814db56f13d63b618141830d6bff320482d449e5f5,Benign,arm,arm:10917112589632919530,true,inert
b5f0cfc0c11c580307b60feb933ca809195c5eca2143915dda4e22257861120d,Benign,arm,arm:10917112589632919530,true,inert
b62a40c27b19230bff5779be0eb444c2700edf8c1f73206f99c5008f2d5bcae1,Benign,arm,arm:10917112589632919530,true,inert
b694237cd27de232cef6e86f26b6b516d017de0e6d0420cebe2b2524d8d2e4b7,Benign,arm,arm:10917112589632919530,true,inert
b69976969cf8383d1eecedc665bc97b406632238ee7dc7e4d2f12b650b4bf5fd,Benign,arm,arm:10917112589632919530,true,inert
b70762bb7145fa7aef49abdd38497f28bc179882edbe5279f275fb58a1c025bc,Benign,arm,arm:10917112589632919530,true,inert
b73fd0664c3b60fc63b9d93a0bd1e2f51b3e508a4a9b4b8c8c29e1d59fee88a3,Benign,arm,arm:10917112589632919530,true,inert
b7940ef19ac38e5819d5cbe8673c6ed6de089e072fc8fa8add56fd6cc89606c5,Benign,arm,arm:10917112589632919530,true,inert
b79801794c0ff6385709b2c0f5fdce4fbb7f13539d9781ba4e1f18db40e7a586,Benign,arm,arm:10917112589632919530,true,inert
b7c1b3dfced0170eb111d703aab9e6931155764357288d1c3c01b8784c27687f,Benign,arm,arm:10917112589632919530,true,inert
b7c3fd4692744ef4ca62350b590e1360d17dd37e6ca473568ccac38132e25204,Benign,arm,arm:10917112589632919530,true,inert
b7cc4f32ea2205d85f2141bcff8888cca7a787f806402ee907e9393e94e1b1fc,Benign,arm,arm:10917112589632919530,true,inert
b7cdb953082a8ce215a8846e043fdc43f3ad7c215f49ffb7a2025752ca22fca1,Benign,arm,arm:10917112589632919530,true,inert
b84061ef423b884f0920a65a798b96c7d2d4844a14ce1e6b01a7ceadf6bc8ac7,Benign,arm,arm:10917112589632919530,true,inert
b8809c59bfb8808905759168848167bab6bfdda81a8c240ccd0b0ad259a56ee3,Benign,arm,arm:10917112589632919530,true,inert
b89abd5c633dcc73e894114abb099b26930699a7ff872026a65ad1d07c5b079e,Benign,arm,arm:10917112589632919530,true,inert
b89c0688883bcf84ff1c4b53b42f8a61cb69fcbb6971c39f6d45e85998558a92,Benign,arm,arm:10917112589632919530,true,inert
b8dcf6a7a15ac41a42d2584f94ead4666b4661639250225adcd5927713c7e593,Benign,arm,arm:10917112589632919530,true,inert
b8ffdd16e2e483e7773be6aab109545509e32323e98952b7e338e8fb16d7cca9,Benign,arm,arm:10917112589632919530,true,inert
b91a3183bbb71adef67294c98353d05b12e1aa53cb46457411bab7d42867b896,Benign,arm,arm:10917112589632919530,true,inert
b9a3f53fbce4b0ed5c5a5e548530f165a5499e2df6202129e2546c4eb0e0c8c0,Benign,arm,arm:10917112589632919530,true,inert
b9b64a22ba92f7a7a75810376ee52fda9a5ce78fce10a59a094a830ea48a91f1,Benign,arm,arm:10917112589632919530,true,inert
b9fd0a00d34492606e0387ec418f21cf801f6054bb0d9e512048bbed9724e144,Benign,arm,arm:10917112589632919530,true,inert
b9fdcd6d28b796d183304876b280f6656619cadd253f21ebd59ddacc70017f57,Benign,arm,arm:10917112589632919530,true,inert
ba0cf57954c7b26695a951e32e6574f497c6a655c760acbfa963b2a85c4d8590,Benign,arm,arm:10917112589632919530,true,inert
ba14e5a54574af99e574ccb56287af6df4e8cb002de74298922d62b7447547e1,Benign,arm,arm:10917112589632919530,true,inert
ba71b5cb1f2d31f3707a39eb9b6fd984055beedcd624b4b9e9c56e064811dd44,Benign,arm,arm:10917112589632919530,true,inert
baa3d726d73e2259f43c663d2b6ee2e7319d70f52abfd74d4436705c98e49bfe,Benign,arm,arm:10917112589632919530,true,inert
bae9359891db01ac7448d48164a48ed6c69c2345dee3b97bf2c755ff5c384e89,Benign,arm,arm:10917112589632919530,true,inert
bafd43da6ea8208b204db35709770b72c8cfdb95dab096b59992665f0365d2fb,Benign,arm,arm:10917112589632919530,true,inert
bb1ce3577ad8790095dabc8959631771d962ae8ecf72a6c133c6a8c54dd70208,Benign,arm,arm:10917112589632919530,true,inert
bb291d8dc6ac864a01443a60b4a7df8808dedcade0b9b45bc96dc3e2cf257539,Benign,arm,arm:10917112589632919530,true,inert
bb63b85346fe0db26dbf1ced033062d90cf7e90ef4fed3799e427bafc34209ec,Benign,arm,arm:10917112589632919530,true,inert
bb6d23ec0e9551cd91f8acd3a76dee9750f5a0dec6f4f03833c91cb7cc312a73,Benign,arm,arm:10917112589632919530,true,inert
bbb9194ec5fb8768d6aea47873206f4b5427cdb2b46ee6b4ab2785bea93a29fb,Benign,arm,arm:3656664277496154216,true,inert
bc0d2b519ac52205dc0425196b47f2224a2f6fc664e57e466e3191abfc7ba0ff,Benign,arm,arm:10917112589632919530,true,inert
bc2f043d254f15be26bba22b081170aa9ab3545db1207dbf51e9a3faac88accd,Benign,arm,arm:10917112589632919530,true,inert
bc574d516c088b6a2afc56450b9d0cb1cfab20dafad6db613fddc5e44bba5117,Benign,arm,arm:3656664277496154216,true,inert
bc70ccdefcd29c509aa5b16b191f6ee6dc05174d34045b4f9fc29b49bbdd5de6,Benign,arm,arm:10917112589632919530,true,inert
bc7a4f7fc6c1021e5fbc1da31473595821f578cb2325206e5ae44c41913f64a6,Benign,arm,arm:10917112589632919530,true,inert
bc86f11becec1058a8d26000753eeacaf8c23605b80b641392eab4d09236da43,Benign,arm,arm:3656664277496154216,true,inert
bcb1a56ec2097271faa08c1d0d11d4aa06ea0b1610158b7a4a3777d70a46db12,Benign,arm,arm:10917112589632919530,true,inert
bcb7677222290e234f2ce1399e837c5883845ccc9eb8667964631e2ae4a48499,Benign,arm,arm:3656664277496154216,true,inert
bcc5e695fb45a23b8aa597e77387e826195de24efe317ccc95b9c7a5190020ec,Benign,arm,arm:10917112589632919530,true,inert
bcfe70112a7af6a0943efa9e6ec397a4462ef889e7fe1da7f246e222343368cb,Benign,arm,arm:10917112589632919530,true,inert
bd25b525686e9e42de885fd5e563c50645684c5ad401a19184cd0e6fc99220b4,Benign,arm,arm:10917112589632919530,true,inert
bd29cbeb248d2e72d57dd0c9b2a02465ab83ea3529626246bbccfa029eec36ab,Benign,arm,arm:10917112589632919530,true,inert
bd5995c33621215acc6eb3a85065441fe6336b6c82ac98f4457ef4b772078211,Benign,arm,arm:10917112589632919530,true,inert
bd655c5ad9146bdfa276e4c86676cd7a326889bc9524f705d5dc88cf00089cca,Benign,arm,arm:10917112589632919530,true,inert
bdbc551a4a092c6431b3d70d8d9afc3a0195c458f4810cfa12468822886f8468,Benign,arm,arm:10917112589632919530,true,inert
bddba5aff7c3ccdea362f01fac0f1076d96afd77cc179333f775cce30660deba,Benign,arm,arm:10917112589632919530,true,inert
bdf658ec9bed9c9f4758fc2d3ce10c1aaff2e68d3c902e7e7790ed58d2e6edc0,Benign,arm,arm:10917112589632919530,true,inert
be2578899502fca7e93e92bfa88e6e6c4041b19f0eb8ea12b05d91b1205b1152,Benign,arm,arm:10917112589632919530,true,inert
be485f258371241771b4900d37e7fc90dc70bab5fbd2bc08580eff31caff4e97,Benign,arm,arm:10917112589632919530,true,inert
be490d804783002f7da69b628fd822011299edd6ba9a3f2c12246678bd4d1511,Benign,arm,arm:10917112589632919530,true,inert
be5d362a6fca555de81956ab0e4729cb015956a4315fe8ed0771b26214959400,Benign,arm,arm:10917112589632919530,true,inert
be775f24a287106deb823bd1e88c7844bf16dd70682d59f75ce632c9866e99fe,Benign,arm,arm:10917112589632919530,true,inert
bec40dd1e2f6d3db831a63af92549db5f3b74124e2c872fbc329fc30254d534c,Benign,arm,arm:10917112589632919530,true,inert
bf30f92c3303dbb2ae76fae7362a78e31e65a935a39e5c20a9ac75bed19347c2,Benign,arm,arm:10917112589632919530,true,inert
bf815d90d2929f088ab2d39f38a2a909f4b6845eb535518999adea2fd86978b9,Benign,arm,arm:10917112589632919530,true,inert
bfa9e3e9f14d81275bc6ceb6db44ce10384b63382b5b4290f8c6bdf4631fb7ce,Benign,arm,arm:10917112589632919530,true,inert
bfd40f1bd6d9e055b96277079661f9c33c9dc0aa9f28caa29a51b60050fb6211,Benign,arm,arm:10917112589632919530,true,inert
bffc3ddf03c24bd85ce87e4640f2be17672624bf65221ec4ad1cefbf997ab036,Benign,arm,arm:10917112589632919530,true,inert
c06ea8e54016d73a4c8272a14c6e6ed7a3a5cf70b389d4f57537a40aa752a29e,Benign,arm,arm:10917112589632919530,true,inert
c0736dae256cbd14612f90f3b4211432150c833d123f9ac5015846c4c66da98b,Benign,arm,arm:10917112589632919530,true,inert
c0cb5fb83a69f4cfd8fba0cf8a3283f231b6cdfea16cf38d5524d058952a178e,Benign,arm,arm:3656664277496154216,true,inert
c0e89ae4124f0e21dd8ab072a65274bb6e380f05ac820d5975a60cb08ab4c9d4,Benign,arm,arm:10917112589632919530,true,inert
c10e9cb53c4b743a47abc227009a25f3beb2ceb2c9984e6578491480ab9638de,Benign,arm,arm:10917112589632919530,true,inert
c120e24059fb717c024b7642fe49da5db09a2395e17d0ea3f8856393538529f6,Benign,arm,arm:10917112589632919530,true,inert
c12e40235a5bb37078f2b7d57fa98fb36deed13a5262c360d6dc93678de2f641,Benign,arm,arm:10917112589632919530,true,inert
c1323742282f3c7b688301a9db6abbec7820efc41619e1c009cc436636d00095,Benign,arm,arm:10917112589632919530,true,inert
c13246bc719640cd6e8bbc2d855e5b672fc3bbbabad88366092640b6bc2d5a84,Benign,arm,arm:10917112589632919530,true,inert
c162321d6dcb51c5a8d9b88e6b56fd7c51ff69c5b9dad2dd9a7b76011bb08bc2,Benign,arm,arm:10917112589632919530,true,inert
c164d3ccc9a978393e876f0d88c20c1fa9aaf53df4e7b4283b07d2409a0ab9b2,Benign,arm,arm:10917112589632919530,true,inert
c18efa696d0d7e3272cac059fb1b5bae11a44291f5b5ec7950694a73f3a709fa,Benign,arm,arm:3656664277496154216,true,inert
c19c6dfb7aac2fdb0fb69dc47fb9e9363f8a95da667b9188af9e4142af1825fd,Benign,arm,arm:10917112589632919530,true,inert
c230565c4e6a68dfa6e40838b55c9b07e241c375a40e60626a2222942e45273b,Benign,arm,arm:10917112589632919530,true,inert
c25e293d6db315bdfb57ba7bed72bb14316b82c0de470579db91b24e3b5cf595,Benign,arm,arm:10917112589632919530,true,inert
c262d4e56d5e0027be2c170405c852b08cde2c2fcd6bf41abe190f8509ce7017,Benign,arm,arm:10917112589632919530,true,inert
c2a026d0c89ab6f19c40c5f517501461343ff983c34a5556bf7de68b8a6c9b4a,Benign,arm,arm:10917112589632919530,true,inert
c2a85daec10f2f0c2ff9ff0c7f1d9c53716577c62499600e68f72d608cb92b4a,Benign,arm,arm:10917112589632919530,true,inert
c31b35e16220689bc451b03f279a8bb0b154461d4fafa416905f1b841edc1e54,Benign,arm,arm:10917112589632919530,true,inert
c33930b519fc9b9a601ebcb076d484c054e01061bbc0dd6976eaea8fd11c04be,Benign,arm,arm:10917112589632919530,true,inert
c35106a77d0b31076553ae89b22cf0d7c999d8ab863e753feed8af7e7a16d759,Benign,arm,arm:10917112589632919530,true,inert
c3b2a294ab4f16a27d7ca22e16c564d8288359b4011e1e53ccff1b8c69f8c81b,Benign,arm,arm:10917112589632919530,true,inert
c3d3662cd1f7c496f9c83c22be02ee8f1258f05f2fbcd801162249be271f7d09,Benign,arm,arm:10917112589632919530,true,inert
c4053bff7ba8d510e9ff5ae48904cd259415f0c7cb0b4a0b8b8ba8c35177ffef,Benign,arm,arm:10917112589632919530,true,inert
c40d42b0e88f65cd6d8fcd07603e1d1085e3c36fd2fc99bb68883a18486dac28,Benign,arm,arm:10917112589632919530,true,inert
c452153444f8f641c330e747399dbe0095eefc5412f18484e25d701c567a9bbd,Benign,arm,arm:10917112589632919530,true,inert
c469a34d59db28f54517f50a7261f8d8cdcbb265595ad34b512cb87374a3cbd5,Benign,arm,arm:10917112589632919530,true,inert
c46b3214da22c5a775d59cdb98a5be0cafc67bdf7eaa240ff5a5279f65bed639,Benign,arm,arm:10917112589632919530,true,inert
c49981e5d7d2a0046ba1a79705429399af117dd061b66a8555d3e34aef9576f7,Benign,arm,arm:10917112589632919530,true,inert
c4d0b830de50c671755fb9aa840c574ff2aec8d5c1dda8c133a84a26d548c58c,Benign,arm,arm:10917112589632919530,true,inert
c503d56f62e82588186f8c22093200630efb7a6d81a6382b7288e43559f0f1ff,Benign,arm,arm:10917112589632919530,true,inert
c514313951bcfd2afff2b6b7ac3203f4ccf66d191ddb36ac89151073c5167f48,Benign,arm,arm:3656664277496154216,true,inert
c552a6616a0c00625ac3f28faafe4fcf6a2670034b676b331b6d96319612fc72,Benign,arm,arm:10917112589632919530,true,inert
c5635c38dbd411bf228514ca9fe335466f0c4d8b106adb6bc0d77a2a799f9c1b,Benign,arm,arm:10917112589632919530,true,inert
c5714ccd2d27fb096c1ef55e9eba3cc62458b718038d22503454b3ff1bea2f21,Benign,arm,arm:10917112589632919530,true,inert
c5a7954e73cfedd09c4d8e3359e67a1b39fa1593c8e371d69d3de606dc63f222,Benign,arm,arm:10917112589632919530,true,inert
c5abcf455ca82101d645e1f8f1f2aed3faf4788e5a7c66b69adf8b0f2db12b76,Benign,arm,arm:10917112589632919530,true,inert
c5aca69e9829a1e0182b8c92c869ed3b001869d8a50ca714f6c8c30a3b7d4b92,Benign,arm,arm:10917112589632919530,true,inert
c5c60090d1261f384c1b4824ebbb4e122423d6b1f2730587cf60cac7bed59e36,Benign,arm,arm:10917112589632919530,true,inert
c5dab75f5347e8d033df074706032327233f119ad483bd44f2fdbd39e0273b28,Benign,arm,arm:10917112589632919530,true,inert
c5def1868e57059e53a5545925d52ea210338a7d09e7c208612ecc22bc28e41e,Benign,arm,arm:10917112589632919530,true,inert
c6021db2ac4c98a3107f09f7de90f26c59bc25f5e218ab97ad3e117b63fc8cca,Benign,arm,arm:10917112589632919530,true,inert
c60bc4fcf507a0b736af686b6c1d9258f224c76358439bc275458f03d782a93b,Benign,arm,arm:10917112589632919530,true,inert
c621b7d8b028efe78e0bf608d8038b1c015033060d0361c36d1876cdd37f8272,Benign,arm,arm:10917112589632919530,true,inert
c6495ea162404e70f5ba2c8c78840de66ed7df481cb51ffeaf02259d6357cd5c,Benign,arm,arm:10917112589632919530,true,inert
c651022b118370fff4859168d5fa9c5c6d893bbee05cfe4fc2103a472476a23d,Benign,arm,arm:10917112589632919530,true,inert
c66334a9edcab632ef48eb596c72c53de751f5df2969b47d72bf0f170e73e2bd,Benign,arm,arm:10917112589632919530,true,inert
c669207d26aed01c1371ad3774b5bc741daa62c8b9b10ece4bd6d237575fd317,Benign,arm,arm:10917112589632919530,true,inert
c6745a6a8e9090e28e245a3d02c718b8bdb6d7ed30e4d27fbe6a5aafd8340fb4,Benign,arm,arm:10917112589632919530,true,inert
c6a98d96e1dd9798f366355587ee4ca9fe27dc103c81ce8dfafc2d2180c3605d,Benign,arm,arm:10917112589632919530,true,inert
c708fa85d7c11d24b21db1956c132752304809ce6b2f1711490fafec7356083d,Benign,arm,arm:10917112589632919530,true,inert
c71675fb9219f126e7a3ff3da6ce688df9b5422cc2f68923f04a5b2081691e71,Benign,arm,arm:10917112589632919530,true,inert
c731932285f247de302356698c93d4d6f8d1cc871531aa9f7c8d715d5f0c987c,Benign,arm,arm:3656664277496154216,true,inert
c734a3bae15293eab4aedc75dc7c674200af052844a8507b68144f6d99d01d2e,Benign,arm,arm:10917112589632919530,true,inert
c76c8daf2a13f6b4ecad405b21ec456a4dac935b441a6b3fa404d5b28f133f27,Benign,arm,arm:10917112589632919530,true,inert
c7733e14385fbd1d5eb8df6109ea6ab23b1ec4175228551bed0cc23fafd869b2,Benign,arm,arm:10917112589632919530,true,inert
c776c2bff35128470d96c28fdddeb297ef35064666cf07b15d69875acc6d5898,Benign,arm,arm:14314307959119483280,true,inert
c77bfe07920d9db047705b96d422bfe483fe85785b493b7cf8630baf3754db72,Benign,arm,arm:10917112589632919530,true,inert
c7a6eb8f5ac75dcd691ae535fe2fc0d6f6a750376afa9585cc811cd644458bef,Benign,arm,arm:10917112589632919530,true,inert
c7c141bd31013a3c518bd8273237a1c7ad44c9a59256e579b6c70eef077ef43c,Benign,arm,arm:10917112589632919530,true,inert
c840e3a085c983ae5712ce075679d431040093c9f87bb29e646d0e7a63cbccf2,Benign,arm,arm:10917112589632919530,true,inert
c890f85d07a9546d91addbb3d2bf25315e412b375a0b938879d0b97abeb6887f,Benign,arm,arm:10917112589632919530,true,inert
c8a52e8ae63b6ec872ed201edab499788a2d7794bf52180493a6e761ca3684cb,Benign,arm,arm:10917112589632919530,true,inert
c8b09fc1fe842045d34591ba135de0fbc0ac7c5a9c4c8ee0f73680b71151f842,Benign,arm,arm:10917112589632919530,true,inert
c8ba6ba551c056fa56f8071197d513af4b60bbfc1a7967a04e9ee105d8dd840f,Benign,arm,arm:10917112589632919530,true,inert
c8de5e23893823167c876aa3eba9f9685b6c20542be84683cd01b4eb540d84e1,Benign,arm,arm:10917112589632919530,true,inert
c94ff86b5aca1f183b45b2829e710b0df116a1596f11e6cf2aa74bf01cc8ecc6,Benign,arm,arm:10917112589632919530,true,inert
c967a1615b33fbcf6d730fe22fa4351c5d80fdc4ba43361be03590ba6eeee433,Benign,arm,arm:3656664277496154216,true,inert
c9816497dcde8ca257ee72e320841ebe31f486f251f559cc1c37d3c29b8eae5d,Benign,arm,arm:10917112589632919530,true,inert
c99fba0ebd31fb0b0fb3d09a792044c575cc9a8973e206bca7d39b15e630b6ba,Benign,arm,arm:10917112589632919530,true,inert
c9a2f159aa18590aa7469c2e8085d7d577ab626a7a6ff6c046c3a86d43a90af9,Benign,arm,arm:10917112589632919530,true,inert
c9c460e7c601c6c50f0e88950bca1e89374e2176a4e11c5f0d140a85b1b0c958,Benign,arm,arm:10917112589632919530,true,inert
c9d52f4a62368a5da754b013ff1a879248f9fc9ceb77fd15ac830a8740b41ccd,Benign,arm,arm:3656664277496154216,true,inert
ca5de9b3e7c55d06006af3f5d75bf05fb08c11626214ce3c47f0ae960383957d,Benign,arm,arm:10917112589632919530,true,inert
ca8247cb5dbf895171acff64c1d7093c65b121bb7120a680d5595e1f61630945,Benign,arm,arm:10917112589632919530,true,inert
ca9387eb338f69d3fdc66b8762befa2ec33ab758ea06ec4e8d03cbea2cc8d8b4,Benign,arm,arm:10917112589632919530,true,inert
cb3185c85027da54bccd62fb7939c08f29cc29415f28a23138ab5c981d108b11,Benign,arm,arm:10917112589632919530,true,inert
cb8aa4de02dbc2488fa586d0a75a98dc8926dc0dc2bff06ba5086ba3be070852,Benign,arm,arm:10917112589632919530,true,inert
cb9b960249e5364729d2d06631ab3b8c7d25ddffb731f96b3e140c62716b6478,Benign,arm,arm:10917112589632919530,true,inert
cba2577208b68cfd31eae0538f4a10023f64d28d591634eee0255909b8a17124,Benign,arm,arm:10917112589632919530,true,inert
cbcf7063510d4e75b33850850c548f73b23305f0142ba7032a1f6b9c36efa007,Benign,arm,arm:10917112589632919530,true,inert
cbe694439853ba7f795dcaa7079c761f31bf69b86d56f46b20451b5444a0941f,Benign,arm,arm:10917112589632919530,true,inert
cbe7b7474e520b1e57e3f762d2eb2fe6ace8cc338db597b578065b0b3ae64a6e,Benign,arm,arm:10917112589632919530,true,inert
cbe97296f18e53273c8b78a07a7f33b21a19616ef8223ab41cecc24162310d57,Benign,arm,arm:10917112589632919530,true,inert
cc08dc18e5e945c536469db24b3c14a490188917cdd0e94d7d5795f469b4a10b,Benign,arm,arm:3656664277496154216,true,inert
cc293e460a572415ae1dc6043423395bd8c4ccc3af9359fe4d4e03d5b514f902,Benign,arm,arm:10917112589632919530,true,inert
cc3ecfb3e115493e320f04a2f6702c9f709b4141b6f2eadc5856979ea7bf8272,Benign,arm,arm:10917112589632919530,true,inert
cc6377acc426f08a27b0e5c7a8459c4d3b7e8146e206544c2f8e10cdadbd163d,Benign,arm,arm:10917112589632919530,true,inert
cc976a8bd65207dcdb37153ac5295a9493f8e50b7bc46118dd468b36c18fb448,Benign,arm,arm:10917112589632919530,true,inert
ccbe1963013fe06ea319cae6ec806ec5dd958996355fe2333e7e575f76e39132,Benign,arm,arm:10917112589632919530,true,inert
ccf5aa5190a189c12a1e6d711fe9b5a666268bc751c9bad6e33a42a904aae2d0,Benign,arm,arm:10917112589632919530,true,inert
cd14af021f5cdb556c4e0547f100a297800f6dc2c8287fb9ae554583a7b5bf09,Benign,arm,arm:10917112589632919530,true,inert
cd1841bfeff8c3423b956b45a806e5ec500d0f1821f149fef78adaec509b3b30,Benign,arm,arm:10917112589632919530,true,inert
cd47000b55e72b57bd3209e2fa700957296ad9f5e701a05560f1d716bcd231db,Benign,arm,arm:10917112589632919530,true,inert
cd559e4da85ec26c0188e6b3e342429aba2b4baff652c246e9476b890b4d8f69,Benign,arm,arm:3656664277496154216,true,inert
cd7ee0d3fd7ec15140377309bb556aa255c40ec0155ec64a09ab05a9e5ee118b,Benign,arm,arm:10917112589632919530,true,inert
cd922b581f0d2c899484af4d5a6c1a2cf6b2944f3d3baec137cd77766e501031,Benign,arm,arm:10917112589632919530,true,inert
cdd89bb0436d01180ecb54e0e35ec9d9fd5f7d7738685cd817feccc926fd5181,Benign,arm,arm:10917112589632919530,true,inert
cde7706fe41464bd3e0e2cc9df8637d05b9c11b76c3333075b5d6c200c589539,Benign,arm,arm:10917112589632919530,true,inert
cde8e7dc83c30c42e9e63f95ebc0aa49efa827eb0912dc594f8a6426eff89568,Benign,arm,arm:10917112589632919530,true,inert
cdfa41f3786cb6cf46f5ffa0a7e376925c9b49cddf8e1dffe6e5c62cd4c623fd,Benign,arm,arm:10917112589632919530,true,inert
ce0e25b52c9e6e1a6b87850820adcc7d970f72f36f98fef99975c14e4ea087e6,Benign,arm,arm:10917112589632919530,true,inert
ce141b21fb4ad31176e9d5457627e59b08b5280a0f70d1b14a4e171fce1e0a2f,Benign,arm,arm:10917112589632919530,true,inert
ce1594097aa160e9d94aa4bd5a83ff8d960ef419dd9adafcac4ee6bd6b09b1a0,Benign,arm,arm:10917112589632919530,true,inert
ce1bc48836fcc21f175f463c6a4ceb2acb449c17a32757fa6f58a6194890626a,Benign,arm,arm:2386425896683794942,true,inert
ce221ae807b8d3a39cb8c1ccd7bbdd432933feacc105c1992808b4111eeb702d,Benign,arm,arm:10917112589632919530,true,inert
ce570ba792a6a294ef60b72d9456c12900dfb712b93157ec786f28681fb5c77d,Benign,arm,arm:10917112589632919530,true,inert
ceadb231749e9422f59fe4a77f53af0615151d33b6abc305ab4844ec53b96569,Benign,arm,arm:10917112589632919530,true,inert
cec999eb5a9fae7a2358cdc1d4599d68aa88b925b306ea84ad35b1c75e744e1e,Benign,arm,arm:3656664277496154216,true,inert
ceda303fc73fe5ab52158812881e5f5f25e6ae40179fedb1d2013cd9e2fc1ac4,Benign,arm,arm:10917112589632919530,true,inert
cf029e08952d5e64822fab19293ca5127f044f26c36166dc67a65985e5468753,Benign,arm,arm:10917112589632919530,true,inert
cf0d2de6d7b21e42b21316de4d9b986f6fc4d22919ed16080d4efb00f43deebe,Benign,arm,arm:10917112589632919530,true,inert
cf18d06f3a85fbca6ae925b86231ebdd5e15f4eac17ddebc335e878d7c16654e,Benign,arm,arm:10917112589632919530,true,inert
cf1b8bb3c04bfc812ed9cf5f1da4a7a830cdce087e70f2f2317249df482d258a,Benign,arm,arm:10917112589632919530,true,inert
cf21b4fa457a4ea7ea279e8c002e4007b3aa67d927a46e26aae9efcd2d645585,Benign,arm,arm:10917112589632919530,true,inert
cf37a45bc9aa24b857baeb273779cc9f8d26f1254ffaad0957dc50147d824b1e,Benign,arm,arm:10917112589632919530,true,inert
cf595b7f7726b64c2efdde0dfcb1342e7495edacac4770426e09b7e7e2984873,Benign,arm,arm:10917112589632919530,true,inert
cf5ba8b7f78514619c2d1735adbb17d593ee7b16a832025841225d589e3f23ff,Benign,arm,arm:10917112589632919530,true,inert
cf67b76bde67ad295bea8ce2b3eba376669d0849e0d6518e232aca199e3685a4,Benign,arm,arm:10917112589632919530,true,inert
cf7b8b6ab1b45ab9f22707b19622286fb9d8f45c49d395273283ba032b883242,Benign,arm,arm:10917112589632919530,true,inert
cfd82e0a58bc517b379e430c67e24556a2ac679ae560e6271392e8b77aa5d31e,Benign,arm,arm:10917112589632919530,true,inert
cff650047ba139ec6d0e65c425f65758c69233b07563bebc0813ce5fba54811d,Benign,arm,arm:10917112589632919530,true,inert
d049035555d50cc73222fea6c29067ec361e866e4c2cbf7c726562b6bfc3d2c5,Benign,arm,arm:3656664277496154216,true,inert
d074be86650920562beb913278ab00a8247590d34d7a1fbd0d995f57985cc625,Benign,arm,arm:10917112589632919530,true,inert
d079c0b2ee5a4369dd0d37d810b8ed0478d7900e3b43cfce8272e3d4e0e83cec,Benign,arm,arm:10917112589632919530,true,inert
d0b1997a0ef87ba5818e40bc88cf747ee313023f0fc47c5563c6bc1506ebf979,Benign,arm,arm:10917112589632919530,true,inert
d0ce39f5adf44635f0f84a3c1d8ebf2b68c2f52cd0ee74fa3eea6ce7937ef46d,Benign,arm,arm:10917112589632919530,true,inert
d0d398e7e199758fabc711eb282b18b2e87c828770e6a4bf56f2738e200f4fbb,Benign,arm,arm:10917112589632919530,true,inert
d10780393bb80f9d98d03bd65daf307ede35d1fc6c02656d821a06fa719eba27,Benign,arm,arm:10917112589632919530,true,inert
d119253a786400e7d115340211a776d108819f14c45ae0be38126c63030b9d72,Benign,arm,arm:10917112589632919530,true,inert
d122d96adbdd8ae15863cc4da7a09d75182a2652f6bf9499d19aa3a23096bee0,Benign,arm,arm:10917112589632919530,true,inert
d1348d9e8d6734f4a0680197ec4707fbefd0d89f9c1b8301723e0fa258717aba,Benign,arm,arm:10917112589632919530,true,inert
d14b4d438f35049bde1feef01b9fcfeb7208ef0fe2ce53a3b09cef995599b052,Benign,arm,arm:10917112589632919530,true,inert
d16c263a6eb9bf9fa33ac5b0a1704152addb1b5f9c791a0bee9db3feed8ef144,Benign,arm,arm:10917112589632919530,true,inert
d1894c865b124dbb5257107ed69b47e34af834ad32f91a3e24dd43492ad049e4,Benign,arm,arm:10917112589632919530,true,inert
d190071cffef50e23a0282267d50e4b0d4106a1a14ae44bac081d1016e28ccc2,Benign,arm,arm:10917112589632919530,true,inert
d1c5b2b6104940b132f330603614c3a321b23dbbc91a9cbfb56801a71fa377f8,Benign,arm,arm:10917112589632919530,true,inert
d1d134625d9e26534db41d7935d7f8497133f9584334c24fa26006638c29b4ab,Benign,arm,arm:10917112589632919530,true,inert
d1f7726dcf0fc1e5128c4791609a85930533f0270fae749f6a6b29291ab1cbfd,Benign,arm,arm:3656664277496154216,true,inert
d2014c99fb07a1d5a7db9dbe59c72b6fc6eb47bdb0bc8232d33af80907ba1acf,Benign,arm,arm:10917112589632919530,true,inert
d22de386275f629b14828d47497e0efa6ea73f93f53e548a5c65a5bc15beceb7,Benign,arm,arm:10917112589632919530,true,inert
d22f40d207136fbab79a95b7d55fb8bc33123f719a8dd10eb0f52f862e8496c7,Benign,arm,arm:10917112589632919530,true,inert
d2400ee0006c28c24aceb6d26aaa3449e0f0935dbcf07d218140173a61137e66,Benign,arm,arm:10917112589632919530,true,inert
d250435f817970f5fe8e7315af0dfe649d8e09ae1ead45be8729e2806db9924d,Benign,arm,arm:10917112589632919530,true,inert
d28bc710bc899be7547400f7b26bb465dc529fde66a2a7b8632d77bd74ca3290,Benign,arm,arm:10917112589632919530,true,inert
d2d044ddbc281813909fadbd06b47b906fd274e4ad07a509befb3d29b37ab147,Benign,arm,arm:10917112589632919530,true,inert
d2da0e7e47372bf5c7e31bdf17e06b32c6f59c349e0db283972ee5e622b008fb,Benign,arm,arm:10917112589632919530,true,inert
d2e2c0e6d560af99ec4cfc10e1e87b6cbb552e6c22255864188f22383db38fbd,Benign,arm,arm:10917112589632919530,true,inert
d2fb3f27af484cbaf2647ab1c5694df59b737238c210a3978e2d522712cb3a35,Benign,arm,arm:10917112589632919530,true,inert
d3340d262b4958f05ce1c34b871e33366f8ccceb174b88cce6c8f1d1713e49ee,Benign,arm,arm:10917112589632919530,true,inert
d3681d646d6c8bc08e2b26da7e0fb773bedeeeffa7971d4c7cf0d48ee37e23ec,Benign,arm,arm:10917112589632919530,true,inert
d3764ecdddc85ab9d37b4c40b9fa2ee8716012e4301a16274f42c615a7f84201,Benign,arm,arm:10917112589632919530,true,inert
d37e92ddf248cdb062b79482be7bfcf2912efbaec0b9b3cdcec3cb1bcbcb8078,Benign,arm,arm:10917112589632919530,true,inert
d387fae597fc6b825f29b71100ba02be0846c9773853161dead049e13eefaeaa,Benign,arm,arm:3656664277496154216,true,inert
d3a18a9132aec3b9e8ee1f5833e86971546baafc54b96061811224b1cb40febb,Benign,arm,arm:3656664277496154216,true,inert
d3c87b8d811ea149aed958164dbfb7fa008c129db9d02fe081666d2cb5979a52,Benign,arm,arm:10917112589632919530,true,inert
d3cb1acc2dc0f306a2230f78e90c763d47808856c2483351e38639eda4053aac,Benign,arm,arm:10917112589632919530,true,inert
d3cb2ef20879f8796eaca28f1e585a03c88b0046d8e5fb77602cc911974e5479,Benign,arm,arm:10917112589632919530,true,inert
d3dc3f8fb0922c7415aa27c9bc487106eb60df6d906fab9b8cdb1161d6a8e354,Benign,arm,arm:10917112589632919530,true,inert
d41ae6a55a4b94c1242830cc47174f9f93a513a4d7d81d0fa40db80fb82f14a3,Benign,arm,arm:10917112589632919530,true,inert
d41b3986123e0e72bb767ccd85b43c30959d56dd6629c188ab34e318ac9392d1,Benign,arm,arm:10917112589632919530,true,inert
d41b626f9ed6b4d96e5711e4b1d910c987d69b73d8669e0925963104483560d8,Benign,arm,arm:10917112589632919530,true,inert
d42912be1ad15af9b8869793e5d74583f494309ed824e5908c3ae73998763472,Benign,arm,arm:10917112589632919530,true,inert
d4443c8de78735c0daf7c15842d9fd782a943c69633a97602df61974ed29c014,Benign,arm,arm:10917112589632919530,true,inert
d44ea049c236912e85bcdc539af58bc574356aa61d531a0d6d4d2ffeceb833d2,Benign,arm,arm:10917112589632919530,true,inert
d45da981be8ce22bf456ec3540f64c0c4f79315c0fb377c33d03a9afd6bf6379,Benign,arm,arm:10917112589632919530,true,inert
d47f787e0f015c160287c33612c35650c38fd879f4814f85bd567ceb7fdf4beb,Benign,arm,arm:3656664277496154216,true,inert
d4889fbe4162c7954b01340fc7aee175766f50b8d4824fc069c7ae6a78b126d3,Benign,arm,arm:10917112589632919530,true,inert
d4905f60b7d72644cc27a2b61c760ed7bf67c46dbcab09e8aa41d9118a7e3661,Benign,arm,arm:10917112589632919530,true,inert
d4abec0c10da4461a09e252fe9cbb345d520c5777ac336aea7aba29ae4b7264d,Benign,arm,arm:10917112589632919530,true,inert
d4ccfb9ea490d2cf973746aecc0d7e0f2e70dc34177d3e53b75348c2be14b630,Benign,arm,arm:10917112589632919530,true,inert
d5064a237a66425392e248dced6f633d29519611e4fca3f22a73d4f8c91841c1,Benign,arm,arm:10917112589632919530,true,inert
d51049c401c2354485427dfe1b32e286050362f07f85367a9e69836740c62414,Benign,arm,arm:10917112589632919530,true,inert
d537c12678af1a253b2d1c7caf7da20766c8ded36fc41fa1bc2da8e0ebc7609d,Benign,arm,arm:10917112589632919530,true,inert
d542907c9c7916def65bde4ec0bad2414e66eb06aaf7a1a9e004056f8145b265,Benign,arm,arm:10917112589632919530,true,inert
d5652a85050bb37e4067191451a6b24ed9b8daaf3b2d53fccd1e595b5803a616,Benign,arm,arm:10917112589632919530,true,inert
d59791dfec2e160d2eae808d9700d4b954624302e1d40b89a13362a9c1b652b1,Benign,arm,arm:10917112589632919530,true,inert
d5b8850f2a78a9f3223e6ae0631a3031a041b9d487260de38d975747e86460f0,Benign,arm,arm:10917112589632919530,true,inert
d5e56730e1e2c58f2174bfb4db0a0964121b50071bfd0ac15027365fce7a485d,Benign,arm,arm:10917112589632919530,true,inert
d60aaf61671583bb50776cada63009eb5fc423695e3c60fbd1271446f251c66d,Benign,arm,arm:10917112589632919530,true,inert
d60c3a3c8cef132d2287893e63cf3930aa72be36cf1ec7ae4545925b79368671,Benign,arm,arm:10917112589632919530,true,inert
d62d48c3280cd309d6bac14b7a67496f75138a4f285b23e9178bd27189625b14,Benign,arm,arm:10917112589632919530,true,inert
d63edc6a273016ed7740d1494d3e48f82993769111879712f839e165af0d38e0,Benign,arm,arm:10917112589632919530,true,inert
d63f3dd7cf3eeb4de5e64240478e17f2f4a5cb1f465da7e0b26928455591fe0b,Benign,arm,arm:10917112589632919530,true,inert
d63f9e092c2288c4b6caae0cd19884f982d771bc89d79d2e17847cfcdd4406f6,Benign,arm,arm:10917112589632919530,true,inert
d6414f19ab81c21ea962c50df6886b8c4e6b40615e45999c6e4065ef8dc3b90a,Benign,arm,arm:10917112589632919530,true,inert
d67672ae354112eb14c8f9ddebd334b075adcfc06612c9d958203999ea0a71cd,Benign,arm,arm:10917112589632919530,true,inert
d6a938cf8e033b9f09a485843a655bb75023f882d96e863691481ae1b45ed8db,Benign,arm,arm:10917112589632919530,true,inert
d6b46e68439112a9657cb3dd57dfc963be5132b67a19b0b77a224615e5eb2791,Benign,arm,arm:10917112589632919530,true,inert
d6c911e5d96d16a34f10b456a1468493caa145afaef08f9cd5aa8fcb5a729e53,Benign,arm,arm:10917112589632919530,true,inert
d6c923cae5715189386abe2f6705254ffd919b7b857b0fa5592cd95a921963e0,Benign,arm,arm:10917112589632919530,true,inert
d6da70ce2025adaadeab5cc2333418685aec31344cbeb7332211cdde544560f7,Benign,arm,arm:10917112589632919530,true,inert
d72ee87e27b877e45578bda7eff13162ec3e4188ef9cdc879061a25e411fae50,Benign,arm,arm:10917112589632919530,true,inert
d73011069849873c5c4656be0ac4b05fa37416204175d830aec39b9c997b1021,Benign,arm,arm:10917112589632919530,true,inert
d75b6e6534386d3ba4ed1e9c8b5dbc01298db0aa0f809711033d2c0e8ca3e268,Benign,arm,arm:10917112589632919530,true,inert
d7815677784ae422c62dac8ed4ebdeca031bb565b9577e43ae615db4a14c850b,Benign,arm,arm:10917112589632919530,true,inert
d7a0a1f429bec2a22930e8798938c83c039da065b64bcdc6542b5c4bf9525517,Benign,arm,arm:10917112589632919530,true,inert
d7b6bd72d496a63444c9653129884caacea988b826f6b5aabb9af2d3b0b49924,Benign,arm,arm:10917112589632919530,true,inert
d7d6723a266ea938afc5279dea62ab98e60041a57ac1af167fba046fc702cd5d,Benign,arm,arm:10917112589632919530,true,inert
d87bdc70f718ba2088856edca31994c2bab1e1a1900d1d6f0f9b929d59f1a61d,Benign,arm,arm:10917112589632919530,true,inert
d8e5077c5cf10b916519d7781ad212cf2504b2ec077859bc40d8349947726bd6,Benign,arm,arm:10917112589632919530,true,inert
d91eecb9efa7c7916d423cdae596765f4ec5a295a0ac0a45e19ac9a42e1a6b2a,Benign,arm,arm:10917112589632919530,true,inert
d9417d63ecae0cee79a39cfcc8ed2227245312111164e85c2326b21b6ef0e4ff,Benign,arm,arm:10917112589632919530,true,inert
d9589dc34d9f141c2dc227fd785d8bc5197769c821b0bb9ad84fc97a7673e0e0,Benign,arm,arm:10917112589632919530,true,inert
d96c90b82b9e77cde8390a99b929b5ba98701300d3cf5ce8df28d79fe4011158,Benign,arm,arm:10917112589632919530,true,inert
d9cb6e6edaf48b27f0dfaf9bced4ca107a1082c8ba9260d60af154904fcb5be7,Benign,arm,arm:10917112589632919530,true,inert
d9d7064762dd651e3586dafc41a9a8e93c84127ffeaf5a82a6148ae0e2527b6d,Benign,arm,arm:10917112589632919530,true,inert
d9d9f61163ccdde93da43636314a47de6dfb73f742f25803b940ec43879bb6fb,Benign,arm,arm:10917112589632919530,true,inert
da0e3a1c47c4f929ca0d880d59c913d2d2782b8c038fd81e26be31607be8ec26,Benign,arm,arm:10917112589632919530,true,inert
da3a68f54c1f3a51d34be52573afdc2b9ea443cad2b718770f6c237450b771f3,Benign,arm,arm:10917112589632919530,true,inert
da5429541fffdfbb9185150f3c25a6c0fbc7236b9d0c6f722803d2001d934fb8,Benign,arm,arm:10917112589632919530,true,inert
da71798b090677a7ea38637b47c8985a8896fda4a73a9056c22cb8dc112063cf,Benign,arm,arm:10917112589632919530,true,inert
da873316311a4abdbf69afa75d35151ee2976489afedebf33d01f5ceeea2a22e,Benign,arm,arm:3656664277496154216,true,inert
dab93efed74f6675bc789ba8c25e500c3778bbfc7f2f2808dc7c04ccc95aa2c4,Benign,arm,arm:10917112589632919530,true,inert
dab9b3a0510a01ae1beb4ef0dfe7833298bf9015f438b7bdb2d86c8a4ee61174,Benign,arm,arm:10917112589632919530,true,inert
dac24c4a708c9e2ee748930cb65eb8bb07b415d0528c6f67c940bc1945a0d952,Benign,arm,arm:10917112589632919530,true,inert
dafd76f1dce2ee147438e175d6a0559921c35b6469274fbee1133326f16e98b8,Benign,arm,arm:10917112589632919530,true,inert
db28443ed98f47ad7059cb01aaf87ceb374c9e3bbddba5080934861439af58c0,Benign,arm,arm:10917112589632919530,true,inert
db3d733743cc6545bb6aea1159c03114d6cb21fdaacf52391e6c428f2144ef05,Benign,arm,arm:10917112589632919530,true,inert
db47a949e74f32fb1faf49fca0b0ec1bd0b674a5dfe596971e5da5407b7c0ef7,Benign,arm,arm:10917112589632919530,true,inert
db5a8f92793675a4d99d304164ed748c15d8e1590fcf9919d59a5e12afa9cc6e,Benign,arm,arm:10917112589632919530,true,inert
db7b3f9feed2b1fa2da4742cc17c640a40fb90410a25a3b2311d8b479843a8ac,Benign,arm,arm:10917112589632919530,true,inert
dba22aa89ac9ff5131c92e40a678078a331cbc18c7f834d045e9ceff584d6068,Benign,arm,arm:10917112589632919530,true,inert
dbc1a73e8acc056da07d3e7105396da698ecee50eb5b69ae13642747ce96a89e,Benign,arm,arm:10917112589632919530,true,inert
dc0a50de1fb14b67285751325854b4607859aaae4ea0b841b7648bf527068c8e,Benign,arm,arm:10917112589632919530,true,inert
dc2b33aaf536187e2b6b2abfcb607c9bb6745c41926c44f1634bbe0dd6f63dbd,Benign,arm,arm:10917112589632919530,true,inert
dc55c8ca9aa92ad0b07ec532abe44449cd53844f46fba1ebc8390752ba71ca0f,Benign,arm,arm:3656664277496154216,true,inert
dc5a095fae639ceff3459e9d0c65dda0c676e36cba8c694494581c2802f23450,Benign,arm,arm:10917112589632919530,true,inert
dc7f0f10933a760fda1deac7168f43ea28d1117f2ac842f8a97222aec33a3a73,Benign,arm,arm:10917112589632919530,true,inert
dc9613e3b59899f3887db416526c749b6ed1c26a86ff6687eea0de8e500e108c,Benign,arm,arm:10917112589632919530,true,inert
dcc4bf10b5d52fdb120bc791137b1e2c4140affa669d1e77e65790f280e4a456,Benign,arm,arm:10917112589632919530,true,inert
dce1aa0c4e467f5f1949a76358ec336435cadb5debb96e749e61ceeade4fd84b,Benign,arm,arm:10917112589632919530,true,inert
dd07b311b3de9ec7b510ca26e613a209db24a7470767c3220bf37959976b0983,Benign,arm,arm:10917112589632919530,true,inert
dd3710a1d75f9a737a1023e90e00c9b16169d95d58dff6140422a976d3730ebb,Benign,arm,arm:10917112589632919530,true,inert
dd3d158b356741dfffdfe9820a3929ad5bb9129a11610595583b65e9c6d19564,Benign,arm,arm:10917112589632919530,true,inert
dd6692b08524703863c8b92b9355d1d9dfc747045a2604bb5aafff3d67f348fd,Benign,arm,arm:10917112589632919530,true,inert
dd8796f2281190e6af1e31cf5e655858b28b25aa476aeaf9eef14e8538c4d817,Benign,arm,arm:10917112589632919530,true,inert
dd9e39bc80f0b4bcabfa33d52c34f01d15f96ba1e0201c900ed2dc35631ce4e7,Benign,arm,arm:3656664277496154216,true,inert
ddac8306efb9d8c30c6ea6b9285f913382852a49c9027d508f4927db1104eaca,Benign,arm,arm:3656664277496154216,true,inert
ddcabefee857a778fa00aa96b714e347a395a37c35736b9d13bb844f6de07b46,Benign,arm,arm:10917112589632919530,true,inert
de03bd96103e2123c2fba244311de02293e859c61946ddcf40fd8a89d8193965,Benign,arm,arm:10917112589632919530,true,inert
de42b45757c8be593c553532d179e56ba23c384f58ed9de59e8b0aa0a56419ef,Benign,arm,arm:10917112589632919530,true,inert
dec05254cd05dd36d0fb7a3a83b119dac5f8363d3a31d399209aa637dd5d5cad,Benign,arm,arm:10917112589632919530,true,inert
deff07110c65a6600315fef2b19772a15baeba0ccb29c0ce034f4e9e78bf09f6,Benign,arm,arm:10917112589632919530,true,inert
deff57a680e1f533cafac7e2dae26849a3717e52ca1112b296f3fe1170e7f0e9,Benign,arm,arm:10917112589632919530,true,inert
df19d5c5001672f9d2463643f80957a34f98adb62595f2a2d625bec1bd927d99,Benign,arm,arm:10917112589632919530,true,inert
df1bf6b557ba4c35c87b4dc8cb89a9e2cc393ea40b84a147ceea3cb1111c8c7f,Benign,arm,arm:10917112589632919530,true,inert
df64c5335831204a3c6e1f4f64b7945ca5a85c355b1941827852471286ed5990,Benign,arm,arm:10917112589632919530,true,inert
df7aaa673b578e4d75103de8bac82386076ed2271e74db9612a5cc4752b46b2c,Benign,arm,arm:10917112589632919530,true,inert
df89c17941b7d030c17c534b31a8cd05c54d850d0c96e827da0a0f878e87c60b,Benign,arm,arm:10917112589632919530,true,inert
df99cef46d104ebad9e187de2487f301ee8ea8d92dddf59aa8fa947a1e29ced6,Benign,arm,arm:10917112589632919530,true,inert
dfb958b1e07841dc59aeccec678ef477a425012d7251c26d674d72771d3adac5,Benign,arm,arm:10917112589632919530,true,inert
dfd2f91b13cea70d9ebd4900e1a8aa0e6a7ffe5bdd2ae9f57d046f196857347b,Benign,arm,arm:10917112589632919530,true,inert
dfed941d2ea9b38925161304891d54633e428edc90256bc0994973dde8087427,Benign,arm,arm:3656664277496154216,true,inert
dff547298f8b45f9a753480fb7ab0c8029ba380685e85012904eb71c40bb2c3d,Benign,arm,arm:10917112589632919530,true,inert
e00eb1f893ce653797be272f7160040d3261f531d8d2f579e68d7815e499457c,Benign,arm,arm:10917112589632919530,true,inert
e04517f7e8b68a36ad55cb5dbebab0fd681fbbd54acb884d93412bcecea040cf,Benign,arm,arm:10917112589632919530,true,inert
e053dee33445a74e8e9b4a4018149ac40a998b653781a985a0165dbbcc680c0e,Benign,arm,arm:10917112589632919530,true,inert
e0546f7fe06f9237e3671324e531009dcd1f1514e7a55977c89bdda2411aa04d,Benign,arm,arm:10917112589632919530,true,inert
e086af4193531e1c41ce59c54498de6dab771438373e21bf8dae8ceca292e030,Benign,arm,arm:10917112589632919530,true,inert
e0bb0b926ff6d2ecf349ed9517a849d394b8d6f90487be3ba2b4b51410f9c0d3,Benign,arm,arm:10917112589632919530,true,inert
e0cf80de2f8514e430d32d244efdeb6c3cd51cad8462bf5eff8f64327d7ca323,Benign,arm,arm:10917112589632919530,true,inert
e0d5b02483bb5aaf719a9a901121425e6e4c5881633f0753b12e40a5122b91a3,Benign,arm,arm:3656664277496154216,true,inert
e11b9083b31c36a9e638fc3ab5cea25e5f8d57abde0e2bb0532f81eed317fbb1,Benign,arm,arm:10917112589632919530,true,inert
e11db998f05c6032890b5aff47be94ef15727db5b95b4ef471ea84b11b8e300e,Benign,arm,arm:10917112589632919530,true,inert
e12acfc1ebb5cf8cbcd6cd9f96cfd1999426135499592d7b53fa8a16b453a152,Benign,arm,arm:10917112589632919530,true,inert
e133aa0d4b6d769abe213c061f1b85165fc102c639fee105541aed12750906ca,Benign,arm,arm:3656664277496154216,true,inert
e14184f8f92b9c7a25dc45b759e0d61ce39f76f997420820db89ac81a1127809,Benign,arm,arm:10917112589632919530,true,inert
e169f77e070a2d3afefd263cc6e67b75c2d4a29f104d9aca2b17954f49db0407,Benign,arm,arm:10917112589632919530,true,inert
e1b8a92fddfd65edf1cf30893432ae2f3158f66a67d1911ef7566f220bcc592a,Benign,arm,arm:10917112589632919530,true,inert
e1c292d9f59ae0e69794df1de9607eb2c6ac0fe67a24ca6f1635abc5d3ae885b,Benign,arm,arm:10917112589632919530,true,inert
e2069e51862a30a2ce2c90c2f391922bcdbadd26ba42b51c024071eed3b439a1,Benign,arm,arm:10917112589632919530,true,inert
e208c7782e0e0c76d9649f3f860291aa0fc0c099343e14ab01287fc2977a2508,Benign,arm,arm:10917112589632919530,true,inert
e20c8fbaafc2094755c8806421c0330513a1fdd5ba6c9dc20cb8522577f13cbb,Benign,arm,arm:10917112589632919530,true,inert
e22164fac2bca21ef985206a63d7f41a165d54da3b1cee34297bdf6ad63610ce,Benign,arm,arm:10917112589632919530,true,inert
e22a7062e5493d3ce5aa6e5b5ecf54617abb6eebd4fd971cc4a7de0d889e72df,Benign,arm,arm:10917112589632919530,true,inert
e22dd07e9910d2c9090163b52864645ea84a27b495a6fd7d27b8f7cb9d714dca,Benign,arm,arm:10917112589632919530,true,inert
e2d1a294413df461e7570ebcb310a20bb64f2f01a0cd7a0e09509b8c27d5c6bf,Benign,arm,arm:10917112589632919530,true,inert
e2ffcf6d8d09ce879101d04d1276c9b585b361ca6ee89c926b151446a18212b4,Benign,arm,arm:10917112589632919530,true,inert
e30e5476339444dd92cf857be22e0e0f85e8d8d9f35ab0b6269bd02591e651aa,Benign,arm,arm:10917112589632919530,true,inert
e3353c9df4d0f139d8d026095df33925eb4b84e1123e1fc9701243d74c97716d,Benign,arm,arm:10917112589632919530,true,inert
e34719193d40c5858ecdfa921d888403aaade54edcabe123b52b677826331086,Benign,arm,arm:10917112589632919530,true,inert
e34ba04e1a3671165268855ff4b934333d74e8440f9d8b531b2d13911db98be1,Benign,arm,arm:10917112589632919530,true,inert
e360397ee67243cf9ebbd96faefd6d73d71022b58fd390f5d48a85da9dc0ef7c,Benign,arm,arm:10917112589632919530,true,inert
e3b12f496fb69284e89b8c1cc869fec4f3abf8ab2a4d162bef458ba83e663a1b,Benign,arm,arm:10917112589632919530,true,inert
e3c887c0133624de46e1e1f7bbe25b0619303a81b2a5defc586fa6c34506e2a9,Benign,arm,arm:10917112589632919530,true,inert
e3c9c3caddf3ef9a584ddf4e2909dcce976256cb2938010f480730d28974bf8f,Benign,arm,arm:10917112589632919530,true,inert
e3ca830fe868919e222b0a7445bcdb24b0533c9937d0df83444c66ceb6aab784,Benign,arm,arm:10917112589632919530,true,inert
e3fa213407c5231d2d1f65f64fb8514c1fcc335f453be1c74b4a74bda450615b,Benign,arm,arm:10917112589632919530,true,inert
e401e5667d9a5d8fad212964fda99d7852b85e5fb2c441de64399da96a93dcb1,Benign,arm,arm:10917112589632919530,true,inert
e42caeaec7e35c40eda3cad8faa703b39fe0a7a7d7a3b60125c92e5d97415766,Benign,arm,arm:10917112589632919530,true,inert
e4638b833e0a33fed6bdb57b120798438f5b9956a51c1f91ddca5ac1b2102f1c,Benign,arm,arm:10917112589632919530,true,inert
e474b3ba1738b783641ec59560a5ac50b8a2ac83756d17627563097916b91bfd,Benign,arm,arm:10917112589632919530,true,inert
e478b3a3ef829ce3b456f2f58bf480449a923577b38d6dd18d00b5a63588e6ad,Benign,arm,arm:10917112589632919530,true,inert
e4a8c64dbcb7877712b97c40104f23f72fb3cf0efa85878344b0b2e2c6ba64cf,Benign,arm,arm:10917112589632919530,true,inert
e4c73c937752ba341c3c4ca6388df44adc7dc9754bc772401a209d6059f3fcc3,Benign,arm,arm:10917112589632919530,true,inert
e519888f589596e5f08c7101208682c5dc1fe009e76e547d920c0d14fd7148e9,Benign,arm,arm:10917112589632919530,true,inert
e525d5bf9bfecb1d7e0b4f999ae008987249bc3b31f7b656ad586f15b26e4da2,Benign,arm,arm:10917112589632919530,true,inert
e527e760b28fcb10fa3e83a6e784082f6ab294ab6afd37b243e3ab4211e7f253,Benign,arm,arm:10917112589632919530,true,inert
e55a2f16943a8cf9eca5a9e6a5339f4ebc9ad2f18b935d8310e8cb5cd82e0d1a,Benign,arm,arm:10917112589632919530,true,inert
e5995e7337987f442477391913baae3cf1cb93ac26d78b87279e2fc03c776890,Benign,arm,arm:3656664277496154216,true,inert
e59db2a0a184aff12cac8071d56172dc19e25aba34ee0f0a5d3ab1f9731c7880,Benign,arm,arm:10917112589632919530,true,inert
e5be65be57c9fdd1f94683ab526e697b3fe3546e4cd54247828688e5a77c4c95,Benign,arm,arm:10917112589632919530,true,inert
e5d9373a93d74d10c0951cc51d3e89c720242923c12488ae6c7f4a190083c65b,Benign,arm,arm:10917112589632919530,true,inert
e64b1f60ce08616e6fc9a86f551f957175d880b7eec998f19c0917b6af85516c,Benign,arm,arm:10917112589632919530,true,inert
e652c2f0ebbd2ca80e139ed529e5f9296884e0f13969129bcd23bfb3345a529c,Benign,arm,arm:10917112589632919530,true,inert
e682df59e330a053624ba4c26f51f85330a2d580325d1c25d106816c700b55aa,Benign,arm,arm:10917112589632919530,true,inert
e6eebf3aa2c1a05c0bc0bfbd80b07bf2a9de64d48eebcb0e83c2e38f9c90d49c,Benign,arm,arm:10917112589632919530,true,inert
e6f7ee44225fae619fb1713ad1f277bd1a364d75f5052ea1c0b5bc630cbc55b0,Benign,arm,arm:10917112589632919530,true,inert
e703bcf517cc2ef0aa4e51e9e40e4ecfe1eca68e720979833bcf559aa3d5151f,Benign,arm,arm:10917112589632919530,true,inert
e71d2afaacfd40c7f08b7572e689777b97e59b37730dd7c1c40c8fbf5d94cc7d,Benign,arm,arm:10917112589632919530,true,inert
e78515652b6bf7c6f7833861f9a49a7dc7bb7c4ddb93b15cff26954d5d27d893,Benign,arm,arm:10917112589632919530,true,inert
e79af892f228878c2cae5f6a644ade7d1be69bc288e528bf27c3c75fc6ccb05a,Benign,arm,arm:10917112589632919530,true,inert
e7cc785c9b185319a24ff84322278e0060ff800036e4e094ea715d50bfedf778,Benign,arm,arm:10917112589632919530,true,inert
e7f10f9da1695438f11ff9b94dbd2bea88d822f2d715fe74bdaf53e430567066,Benign,arm,arm:10917112589632919530,true,inert
e7fef6d4c6f29e50ef6e3c1213d25ea8ee5776429b9090646c2986fc6006b49a,Benign,arm,arm:3656664277496154216,true,inert
e85759475c529b7e9f479b0e23e590a03ff0a772eeee5a38b9d522ae89b46e8f,Benign,arm,arm:10917112589632919530,true,inert
e88aec81149ecc69fa53b9e35f9d4cc03d096bf197dcec9f8a281195ac264732,Benign,arm,arm:10917112589632919530,true,inert
e8e90fee9623929413a0e5bde631ba1323f95e5488ca1a02bdd3aaf3ab686b35,Benign,arm,arm:10917112589632919530,true,inert
e8f843e834f5424a02fd7fae7811e16ec062acc218a670a9b37c023c439f6d14,Benign,arm,arm:3656664277496154216,true,inert
e8fc04355012504a00e1093de083af03d3b14e8d2097896c4bf0456c7dbac6bc,Benign,arm,arm:10917112589632919530,true,inert
e91c76e681f7ce9aa1c4f735e3f8b72c7c81113453fc9be71c4ca43c9667b555,Benign,arm,arm:10917112589632919530,true,inert
e937203a178e613c7085e5ece6e4ce857cda02c41be9925d60fcd6579059ea43,Benign,arm,arm:10917112589632919530,true,inert
e95a9047ecb3bf9c528c90764baa946c59e80f47441d739c81511f9b3993301c,Benign,arm,arm:10917112589632919530,true,inert
e962a4dce048755fbe5b528eb3f041d738ca35c790f283df03979792343220f7,Benign,arm,arm:10917112589632919530,true,inert
e9c1f0d30841eed4c4561a39f834ec0d370d95129ed76f338a596ca30f9f77d4,Benign,arm,arm:10917112589632919530,true,inert
e9f5a6a228040a818e4502818b3a602e50e014ee613d810fcfe408b4a442160e,Benign,arm,arm:10917112589632919530,true,inert
ea0a40ec28123adec82f6fde06f2033863a3e80546af7bba4343856dd51af60e,Benign,arm,arm:10917112589632919530,true,inert
ea25a629a5b1f8f028ae0ca145a8f12d2420a027149eb4a529b15744863958d3,Benign,arm,arm:10917112589632919530,true,inert
ea6d77efb8ce54f89944641163a64b5795d8525e55d7b1e25e01bcb79c79bc01,Benign,arm,arm:10917112589632919530,true,inert
ea802287585af6ced2fd66d8c883a0a85b7aaf11b2060741a702d27ec04a64af,Benign,arm,arm:10917112589632919530,true,inert
eaa6535d953e3abd9e33583f6bb0992cc306ea1cfbb7fa82381e11c96c16d8ec,Benign,arm,arm:10917112589632919530,true,inert
eab7280d1597cd7c85131a1c23b096b731902b5ea2b93a0c6bac43ed7859c75a,Benign,arm,arm:10917112589632919530,true,inert
ead5f88f5f9d3032d9dd927718b7a4f63db82beb3a2e17fc27cbd0f7d1380ab8,Benign,arm,arm:3656664277496154216,true,inert
eaf080c17b433fa0ed6b90e9fa6a6ec847934eb551e5524a5b6fd02c275fe17d,Benign,arm,arm:3656664277496154216,true,inert
eb330cd92e81b05e5c8bed8c005fca459b31910b47644298a8d2b5fe48107fc1,Benign,arm,arm:10917112589632919530,true,inert
eb3d90cb4d28ccd4f77127fb7d9b42757c567fbe8090f7f2e2d5977a25dd8658,Benign,arm,arm:10917112589632919530,true,inert
eb3f910addc919270961a37fbef23153312cf9036e26cca6089cbb8fddf9cb76,Benign,arm,arm:10917112589632919530,true,inert
eb5bdafbcae553fceb74bddd7fe8af7615695a07b08390e9e1b60dbe44deefda,Benign,arm,arm:3656664277496154216,true,inert
eb6b9f6828f2f3149a406c4cb4c8f304c7797d90ef755876bfd9d51d5359b755,Benign,arm,arm:10917112589632919530,true,inert
ebb17209b02f75f1cc635bcf4fbd6cc2438d25faa4df3ea2652bceb94161f523,Benign,arm,arm:10917112589632919530,true,inert
ebd5e35d308e29ca40f11ac243cf94017bef03da9efc233756a501dd74ad215e,Benign,arm,arm:10917112589632919530,true,inert
ebf3cbf09382a73efa98fdadf57cd44ebccc3b1532dfb98499036fb86308cd04,Benign,arm,arm:10917112589632919530,true,inert
ebf4cab8a6bafaf8282d2bd5e308dfe81ebc6df7773c8383193c7cc2ee7ed608,Benign,arm,arm:10917112589632919530,true,inert
ebf57528325f8968e7b93abacf6b9ad4a31e55f91267d07d1d654351c41ef2c2,Benign,arm,arm:10917112589632919530,true,inert
ec05ec96e56314a0ffe74b6372e8478477ca5d4437d906c2bdde4cbabbdbcd7a,Benign,arm,arm:10917112589632919530,true,inert
ec065fa5848a2331d790c97d1241f0b8e5ac2263bd261719c84362a324ba433c,Benign,arm,arm:10917112589632919530,true,inert
ec1849595cd73a6a9b155fe4308e99a48d5abe827bc366216e68334aab3418b7,Benign,arm,arm:10917112589632919530,true,inert
ec283e8bc5a554e75b207377a93046bcd7ddd80d556ba2a57c99fe57414e07da,Benign,arm,arm:10917112589632919530,true,inert
ec40a70c22c9177cb8aef204607c64befdde6dce268ff58f473a407b4cad0108,Benign,arm,arm:3656664277496154216,true,inert
ec933d5cb49190cfb2fa43bc0193440409cf5c39780c3f76c31f76a7d2aa77c7,Benign,arm,arm:10917112589632919530,true,inert
ec96d4120654f866f65d1470d673ea818dbfd6cdc5fadb88d5f1bff66eb342f3,Benign,arm,arm:10917112589632919530,true,inert
ec9aaa0a59d30ddc713e4ab93daa14988ea47ad7cb52362956d04e885309d501,Benign,arm,arm:10917112589632919530,true,inert
ecf1b88b36ebb69e42283f3d2f740ade11f8300505b183113d8526b405b584b1,Benign,arm,arm:10917112589632919530,true,inert
ed61ae7bc242ef78ee9bc3c9b905163f8bd4adda0ec934f3d673df503ab24d90,Benign,arm,arm:10917112589632919530,true,inert
ed750f3b9c715ab88b6458f1610fad8cab21d5eeafdf9aeaa80064801ce5b65f,Benign,arm,arm:10917112589632919530,true,inert
ed7fb4f84e529074a4c9b8bc7356fff13091b47675c9be73408ac728a33c1f23,Benign,arm,arm:10917112589632919530,true,inert
edae02120a013f917ca01eaa51998592710c51ae75070a1ace7efb84f21fec2f,Benign,arm,arm:10917112589632919530,true,inert
eddfbfd7aadfa3b06419b25552e432b373666c5781c5c55d722b6f94c7ce07d8,Benign,arm,arm:10917112589632919530,true,inert
ee268614b40a292842fc040f0d865ed1e106663ece1af71132f70c10aef0f3e6,Benign,arm,arm:10917112589632919530,true,inert
ee39de5c5e94abfa53ecc53b3226e0cd1d819a4e2722090e0fc7814e9ac2500f,Benign,arm,arm:10917112589632919530,true,inert
ee3ee828be2a978355469f4e6107d6b68a7e0237fb2e19396947360293fa2295,Benign,arm,arm:10917112589632919530,true,inert
ee7433247802a8bd2b7ae60ed3d73a76e6c29562afbfe20ebc219a73b3481c59,Benign,arm,arm:10917112589632919530,true,inert
eeb092cd471d232e9ecffe1fcc43f9e4bef49cbe1541d26d94e9f73efcc9dbfa,Benign,arm,arm:10917112589632919530,true,inert
eecadd0fa73220694a5a02bcf3d97b5e7f19e32b0b82f994506a020653e3da5c,Benign,arm,arm:10917112589632919530,true,inert
eedf84c1bccae297806ec7923f2866af401620526ae427a454bd7232e39ecdea,Benign,arm,arm:10917112589632919530,true,inert
ef0a0f5d6c5646d40ce10d798ee66ecd86e9be2765e440ff0ab4fa92bdad8177,Benign,arm,arm:10917112589632919530,true,inert
ef2c6795cb2cc52df24ae4615497f1842c1272084abdc6fe85fe305a2f99c5fa,Benign,arm,arm:10917112589632919530,true,inert
ef34c4e9260005de0c28b023e1ae9b543f7c3d5b781213bc917e82d149eb3393,Benign,arm,arm:10917112589632919530,true,inert
ef6ea8259407bcad14ba7500ab126923564108ca87bf04b6c31213f850f59d38,Benign,arm,arm:10917112589632919530,true,inert
ef715491bdf80154a91948ce982eab5559513a1cc05f23e4f02ce44cef9a8186,Benign,arm,arm:10917112589632919530,true,inert
efa9f3f4ff04c53e7380b66afd108129a71ef18d8894c4eff8937e191b68fe73,Benign,arm,arm:10917112589632919530,true,inert
f00677528818f9e457751aa8d3c5d5c6c4251ccaa5ab53680d927c1effc5b470,Benign,arm,arm:10917112589632919530,true,inert
f07d9b3f154245f5f66712102679bbee62badffe1f41998add59bc13eeb54b1d,Benign,arm,arm:10917112589632919530,true,inert
f0840da97086f31e8f527b6281d2b4fb4918dd166b970ed6757fea42cad9485f,Benign,arm,arm:3656664277496154216,true,inert
f0b1ba06a8968cef33b98f8503802e2d00984cd5557a84d5bd3b0e5115aabac0,Benign,arm,arm:10917112589632919530,true,inert
f0cea369a0c1a8cef439c4d92888ef43469a07d918c51734fd00614885458027,Benign,arm,arm:10917112589632919530,true,inert
f0e6b11437eab9302d67bffe43118bb64d63ff8c52aecfb8ccd33052826409f7,Benign,arm,arm:10917112589632919530,true,inert
f100a5a9055055b3f2d73e7043939c5af09f196d133d2a3217e39894aaaaea81,Benign,arm,arm:3656664277496154216,true,inert
f11d9cfef24f9cb13ea774a01ee1335dc3c90ee7510cb0051de563400a93d4ec,Benign,arm,arm:10917112589632919530,true,inert
f14e4717e9da67b94ae17b465adc2932263993acd76de78f78f3e6c6005838d9,Benign,arm,arm:10917112589632919530,true,inert
f18ee65ac04d5c9ed934d38e63fbffb8df5d1969add121ab037fe9b4cf83a0ba,Benign,arm,arm:10917112589632919530,true,inert
f1a3dd875a4018ccc30376e72351c1c6a52def7adf3da5a87fa231422c1a00d7,Benign,arm,arm:10917112589632919530,true,inert
f1c26f9b50993382d9082f0d77df425fc90001fb64c5b5e0c84dec4fcd95ca64,Benign,arm,arm:10917112589632919530,true,inert
f1d3d234edfac7609265de87547fc6e2a110f89ee4e58ebce8514d4780dc1365,Benign,arm,arm:10917112589632919530,true,inert
f1d53ef53c0a82573046863bd20440d16461cc5b283f8cdd10b9004b83897be6,Benign,arm,arm:10917112589632919530,true,inert
f1fa0f830e2eabc260c2a7451e048c47f89a4b383240793355036e99d8fe15bb,Benign,arm,arm:10917112589632919530,true,inert
f2135dabf15e00f9fa2de98195fdf773c48f7d5e946fc086946304edb3bd525e,Benign,arm,arm:10917112589632919530,true,inert
f24ffd6fc2bc59a684273ffce83ba6c3182c3f9b00fb93ebf8d18764ea91bdc3,Benign,arm,arm:10917112589632919530,true,inert
f252432de7723a3cb6115a13792ee7d98451f5cdf3c102a52eec7f2b945f2ff5,Benign,arm,arm:2386425896683794942,true,inert
f275ea1b66fba65517ab7f23228ae9cac4c958adc54ccd0daf7555e8d1f58aab,Benign,arm,arm:10917112589632919530,true,inert
f28b7a389f6d4e5ddccf29919ed2ae0ee0fcca4dfd3964ea892935e7e7ec39e5,Benign,arm,arm:10917112589632919530,true,inert
f29ccd7ed1dbb10b8b50d9fa09a899148ef847c702c1c3c88b5febd5b274309b,Benign,arm,arm:10917112589632919530,true,inert
f2a45de89fd9e6ab0755e1d9056d1ce2e02442e94a3f8205cc68285b8520f9ff,Benign,arm,arm:10917112589632919530,true,inert
f2af7dc2fd7fb6801cfe23683e6c0098494526afa1840de186aa3790cdb6c829,Benign,arm,arm:10917112589632919530,true,inert
f2fb13a46e27646a1d541e154acfea2407c82d1b9140ddf6ab2a26c1342d94f6,Benign,arm,arm:10917112589632919530,true,inert
f32096ad7a15c6af35a657df14eb996927941fc7199f763f9add30efd78e9c69,Benign,arm,arm:10917112589632919530,true,inert
f335d5376e7f9ff7d3a4f83dc36874f2d2b63917589bf0a96ad75057f68ce454,Benign,arm,arm:10917112589632919530,true,inert
f3861f618c66493911f88793172f1f5be9606bcc8b37ff4de8a3c2cd33832486,Benign,arm,arm:10917112589632919530,true,inert
f3937a621c0939824d701f27c12219218480b6daa0994940b48372b36ed7ed30,Benign,arm,arm:10917112589632919530,true,inert
f3a4a5f4ccbd2824790e93f398f9436f695edc6cbb0345d884fa5cda16271a74,Benign,arm,arm:10917112589632919530,true,inert
f3aeefb14ec1fa2ce593c08a260ebb250ea8b0dece2267145bbd29220b8499f4,Benign,arm,arm:3656664277496154216,true,inert
f3da8048a3a97766c8939dbeee6ca845f885c9c7573fe781e16a397a4943b719,Benign,arm,arm:10917112589632919530,true,inert
f3de3a0338b3775d81b5944edf625679654cf689d43ed9ab219aa6323d7280f4,Benign,arm,arm:10917112589632919530,true,inert
f3e8940b6db3ed029b6dcd934044e6537323c22378953cfe592109a60dbf3b2a,Benign,arm,arm:10917112589632919530,true,inert
f3ead07ed127a2d16f3b97aa984233b53602afab0f966b987db6fb5f35524a25,Benign,arm,arm:10917112589632919530,true,inert
f3ec2e40eef5d583f325e9519cccfcb97079ab6632c169521ca0d9a5d624d6fe,Benign,arm,arm:10917112589632919530,true,inert
f3f2a0701568da0b098bc36e0d5994d6a50e0d1becafbddc134a46dba94145b9,Benign,arm,arm:10917112589632919530,true,inert
f3f64179a19d962c35d8e108cfcc6f6438591f5513db639cba20a7fb180a50f5,Benign,arm,arm:10917112589632919530,true,inert
f3fadeda7751fea0079a7aa0d90055bde4f7848bde2cac3e806b2f3410f8b611,Benign,arm,arm:10917112589632919530,true,inert
f42a2391b0ee83c97bfdc6484ca0ca1d5c9bc04624a44527307a6738af88f0d6,Benign,arm,arm:10917112589632919530,true,inert
f45b40d651de88e22c501d6edb345ae78bd2c054f089c69e5f2134b254eeb158,Benign,arm,arm:10917112589632919530,true,inert
f45b64e2a0270d9c50c1aedbfcac7f87421185596e48db46d1df7e9fd8e70328,Benign,arm,arm:10917112589632919530,true,inert
f46ca6b9ce0dcfd1f7d508a5d7b550d53e553a93677c9a277c1ba2b5efafb9ee,Benign,arm,arm:10917112589632919530,true,inert
f497d3df175478058ad2447776e9bca43ab004876139f3424a9a4bf194ce2d79,Benign,arm,arm:10917112589632919530,true,inert
f4e7b930c41d98e6542dbee641a99bb44471ae3858c332f02ee5938b431d047f,Benign,arm,arm:10917112589632919530,true,inert
f5f2493e838b4476eb664cd419774da96982b00c4d9b7cd3fa85a253bf5e9eed,Benign,arm,arm:10917112589632919530,true,inert
f605a0f989dae6a97b51e511301a6f3bf9c7b7cd8aa693f513596ea9d73a6aaa,Benign,arm,arm:10917112589632919530,true,inert
f60bea28f2e36ab825726c4ff7fe8a73be018500c407c0816c7cfa164de84c3e,Benign,arm,arm:10917112589632919530,true,inert
f66354ac5954b84d36769da8e5b84911e66b00dcbd76d640785c9174d3a5b020,Benign,arm,arm:10917112589632919530,true,inert
f68e25809d9cd26efcddf15bb10a807c80ae345e9116f9c6ac1e0c425493b321,Benign,arm,arm:10917112589632919530,true,inert
f6a5da2f1bc455af2731ad3e02bb4fb2a214fda0efe51205a00bc8d5e5633d87,Benign,arm,arm:10917112589632919530,true,inert
f6abdc2ad74c2ec44dd17a73282f0a9967ac51c4412b1be96a23d47c10db97ab,Benign,arm,arm:10917112589632919530,true,inert
f71a18e8916eb2d2d4470b66a4f0d34974c91e0456cd8181954452f7044a81ac,Benign,arm,arm:10917112589632919530,true,inert
f72bcbe01169379b387978b65ed371c57c936f40c2ddb93f475da672fce215ce,Benign,arm,arm:10917112589632919530,true,inert
f7315ac836a6e1898bf310f292ff2e1aaefc95d04ba28036ffe35c8f67784363,Benign,arm,arm:10917112589632919530,true,inert
f73f1f3ea21f134c2fe1d355da3ee482a090d73e9103fea8ec8716c5e610c042,Benign,arm,arm:10917112589632919530,true,inert
f76264e2a7dcf01af376edc9eaec40e5431ec3d480d463839f4ff4db575b2190,Benign,arm,arm:10917112589632919530,true,inert
f78d8802908bc2a072e6a155b3bf4a866f25658ed7a89212c0434345ea2bc9fd,Benign,arm,arm:10917112589632919530,true,inert
f795917a3959d7ee9cbb20750f93ad51689aff3464c9656de5f9472e9a719ea0,Benign,arm,arm:10917112589632919530,true,inert
f79bc530cfafe54142b4659a9604468b9e9a3f8c66bb3f4fb2c8439c0193d78a,Benign,arm,arm:10917112589632919530,true,inert
f7d50b058f7a9ea2c61f8e97a1f26800014702ec6ba9fc6d9fb0d78aadedcf39,Benign,arm,arm:10917112589632919530,true,inert
f7f14876ff46787e29f1938c8e1f6ff9e1f0d41e87717085b91a069494608051,Benign,arm,arm:10917112589632919530,true,inert
f7f8277cd1656a056dd33d5d4f0be29399675ba507121ed5e9ad472cf069d14e,Benign,arm,arm:10917112589632919530,true,inert
f800fda814dcbe6a3881609560a26c972af6f7468dcc48a374db68c41ffdd0be,Benign,arm,arm:10917112589632919530,true,inert
f82509d6a8380e6fc852546368521af2737a057e38f726ec242d111a2c4a1563,Benign,arm,arm:10917112589632919530,true,inert
f8552f52d8b59503d6f1c81bc868d8c9015073a34a48d7f5de6204618277f9da,Benign,arm,arm:10917112589632919530,true,inert
f872dcd31049c7e5fe7d76df9a999488f55ceca406761376c78ff7a443d0198e,Benign,arm,arm:10917112589632919530,true,inert
f8a8cca9583a1afd5d226473b456333e93cf9f25645cfa4a52a6d52bd5200336,Benign,arm,arm:10917112589632919530,true,inert
f8d4ee66ab8fd8237d5b6a2e786647ce036a092ef7f2d2281fa201ec76308afe,Benign,arm,arm:10917112589632919530,true,inert
f8db42e787bc6c430526c87ce1fc824063e3ab19dfd1dc058795ef0493d68737,Benign,arm,arm:10917112589632919530,true,inert
f8f5f130b060e35c706fd12ab28b3a639aa4ecb07451a742b6429eb074a94f7e,Benign,arm,arm:3656664277496154216,true,inert
f91fa25ebd9836e8010def988b7d65c913643092a84136c16261bc308e343f69,Benign,arm,arm:3656664277496154216,true,inert
f933ab93b43776fcce58452107c5d23162899f680cc335644afd82b1a682e61b,Benign,arm,arm:10917112589632919530,true,inert
f9419d789cc259edde1953b5dcb3756f395556d7f7e2f206b772e8762c708210,Benign,arm,arm:10917112589632919530,true,inert
f96777fdc97898bcbce61b2e75a4de44875fc8fd08d3a0c62f79244144403d4b,Benign,arm,arm:10917112589632919530,true,inert
f9c0a8452d2e68ff8cdbfd66001d70f5695dc324def05ebec096c19bd67b3daa,Benign,arm,arm:10917112589632919530,true,inert
f9c25032c10a2258c7112762998f5fa96f269ade26588c02ae49874c253fe662,Benign,arm,arm:10917112589632919530,true,inert
f9d211360a23d308f76541d0e25d9a03e7214d4e320e7ccccd13ead0e2163f36,Benign,arm,arm:10917112589632919530,true,inert
f9ed9767853cd1ca73417d4d9a196623087a30fa0e3871fd62ec2e384f10a2c0,Benign,arm,arm:10917112589632919530,true,inert
f9f9ab277d70f878663bead050d28112c0779338a30646c4504860521f999b9a,Benign,arm,arm:10917112589632919530,true,inert
fa74d0fe20db87af225ead9510f4fa7584a8e29302b7bc355db007b1d7e4c715,Benign,arm,arm:10917112589632919530,true,inert
fa853b04f8cb39fa262fe37984e524a02a325c4ffd1f324ce6095453a070539c,Benign,arm,arm:10917112589632919530,true,inert
fa8f275d2d441d3a537cc452370ad286b943c12a63b8c1d2ebae604e66f15ca1,Benign,arm,arm:10917112589632919530,true,inert
fab8d10f2db991316fe41e2cdd48333ada04cd5f967cba27cf3fc326d7ec7f55,Benign,arm,arm:10917112589632919530,true,inert
fabbf60cbd1ac2e4c72bba8736b4a0b9f5067da225f9c6881f7cdbcb1fdd1f7d,Benign,arm,arm:3656664277496154216,true,inert
fac6a83c6c5e694834acbc7c1baa653ce7454d7076d3faf871f1b4e959f50b23,Benign,arm,arm:10917112589632919530,true,inert
faea5cbe52d1f809078ca10b44687fe6b3273ed9f74515b01705b35d14802e2c,Benign,arm,arm:3656664277496154216,true,inert
fb2c31120758f343222d2c01f1c0f15dacae0c1cf612c5106253415f2576d983,Benign,arm,arm:10917112589632919530,true,inert
fb7c9d4541758cb1be422ee988efcced054c3d5e156f8bd361d70985d7d2198f,Benign,arm,arm:10917112589632919530,true,inert
fb81cb44f1f24d9336d14c031f56e9cde71c286b3ed28b29cbebd2f0803859d0,Benign,arm,arm:10917112589632919530,true,inert
fb9c648fbce0642b18cf4b9357301ceb56495b644b7ec5745220c6a2a7c480e0,Benign,arm,arm:10917112589632919530,true,inert
fbebbcf27fb2c511ef2953003533408046c0996052568c893050c75d5af01bb3,Benign,arm,arm:10917112589632919530,true,inert
fbf52c81ff006d66dde1ec011e27cd2627d78c22099fbd35b3eea927c8cb8211,Benign,arm,arm:10917112589632919530,true,inert
fc5cb9ca6adb81c25a6d95b963a130a19c15fcff95f988db059e3688e032d458,Benign,arm,arm:10917112589632919530,true,inert
fc718bca634298c2864914ffb998a094d8c3dcb2c109bf34f11c1a0787d78ab8,Benign,arm,arm:10917112589632919530,true,inert
fc97d149318ec85d14e900bd47a592bbb9f77a53c1c00fd95c86cb1e09bde72d,Benign,arm,arm:10917112589632919530,true,inert
fc9c7a2d4172ef153e545312d4ad1e530aaa8dd385b314c21f1d3c5475e2bdc9,Benign,arm,arm:10917112589632919530,true,inert
fcbdca12cb73b705e83a910e23240a490f41f7ddff0de30d0de1a06b8294935a,Benign,arm,arm:10917112589632919530,true,inert
fcc21e904e69359f6e7050a51a3e3408c736d18ef08805ab2617e2ab4f8c5bf9,Benign,arm,arm:10917112589632919530,true,inert
fced3ffc512283875ac6d09168101bd830de3e9b133830feb5aa0ce7ba0a4723,Benign,arm,arm:10917112589632919530,true,inert
fd0ad848b33a3577ba3f048328bfe56a45240ec4acb3cf8e4951c81d2f93427f,Benign,arm,arm:10917112589632919530,true,inert
fd327486846fcb3aa38ad012e1f4c225378c41843917d6434cc23b75a16f6d9d,Benign,arm,arm:10917112589632919530,true,inert
fd5678468c5fe3c931919c26d7168d51f22968c9ed42b5226f2d94d9389bed87,Benign,arm,arm:10917112589632919530,true,inert
fd5e582a7fc4542e0f6c10e8f07141cbe7f0f7e64c27a79bc0c12ae935096e44,Benign,arm,arm:10917112589632919530,true,inert
fd7cfa45aaf5ceef7e46b2257d407ef84c9729b0eaada7a610108776522503e3,Benign,arm,arm:10917112589632919530,true,inert
fd9a8751c721d1e1bb5229b403f9d751927e8b502a5771845f92fbce16f5fe71,Benign,arm,arm:10917112589632919530,true,inert
fda164240000525f96586846f38d708aa8b2e0b520ca37dbe814810d5e184cac,Benign,arm,arm:2386425896683794942,true,inert
fde8902789e28f6c4170620a6da243b8d8e0e56321f46bb9585ae6e6dabb238e,Benign,arm,arm:10917112589632919530,true,inert
fdf484f5ad1bfa748ddeb52bf37c8e3fca0cad33a2d623b16b10d909b197a7fb,Benign,arm,arm:10917112589632919530,true,inert
fe0f111a43ef0854fed390699b5976fb54af3f85f088a6c002ee50d4b71268a5,Benign,arm,arm:10917112589632919530,true,inert
fe71935a0098c0ec8fd651f1d20bba2ecd2c92392dce972f21e2be1f42cb08f2,Benign,arm,arm:10917112589632919530,true,inert
ff1788032a7ad0ea30e99be2827baf5912bfc32ea3b8fa11ee3660dfa4917378,Benign,arm,arm:3656664277496154216,true,inert
ff4c6b6977f8e84da83dd7ecc04f97a2bc592532476f9b0ce953c70ac6f6b10d,Benign,arm,arm:10917112589632919530,true,inert
ff75705e506dea4442a45e20f1db7766b142d8e64bfc87a12f572d121794a429,Benign,arm,arm:10917112589632919530,true,inert
ff96ccd7b5af426ae380e7e437d02aafdf02a5f31f4f8de26f0c60e108df290a,Benign,arm,arm:10917112589632919530,true,inert
081f8140e5bed56c20e3528db8ee576bf52a9ff11bacf37ada58d459d056b2bc,Benign,arm,arm:9667657822941646348,false,test
12606c063209b521ae49ccb47fc7d5c8ad10a1b800524a862d7e9a2e242ec331,Benign,arm,arm:12808309584486990027,false,test
237e989b4ddae8846cde5653ec3144582493a396e7a40625a48efb938953dff6,Benign,arm,arm:8978759560695376955,false,test
36a15e4ee0318b82553c1cfdfd9be88aa3f04894e5ac9655c2656d5b934c3056,Benign,arm,arm:7149897471352512076,false,test
3acc38b62f75432f1c9b35421eeacff73a26b43204ae6c652b8cdafea56590dc,Benign,arm,arm:6875277130739892419,false,test
3e38e22356483eee88fd0f717696fdc373c7e0af243a0cf18240c773c9bdc346,Benign,arm,arm:11595289027087568682,false,test
404a6a7c37c1e1e15be6eb69ce676080abe5b153da8a45929538849ae5a0d2e6,Benign,arm,arm:11004025561419322450,false,test
4b6828a4c45aa88047d4663a3489bb6ec7f83f8ce93eeb9ef49b532496af6224,Benign,arm,arm:3646159323437280718,false,test
550cd6e84e386740bf064a18f3f9be708755af0e5935e85437a5feee2f6d3b50,Benign,arm,arm:1954341475048665413,false,test
5ecc53cc9d8b412a68fb56f5f8f4d536d27a7006ec2cafa141e329a7cb66776f,Benign,arm,arm:6911678353517140254,false,test
627ba4e6d1373a448ceeb7822df8848653c5f3336aa943ce211b2790b095f0a9,Benign,arm,arm:16707844830265259701,false,test
63e1e6a266870c81836eb382e6170282f23486399b67e0d920f86529aa04d7be,Benign,arm,arm:15458355770155673848,false,test
6dbed4e7af0c32d9a60e19910b52bf063464031aa545b0e2245ab3e03d4e9804,Benign,arm,arm:11236205759880244547,false,test
748c70de89448fbd7d302eacabc24ce491f18d9c95504cd378bfc9da39b24a90,Benign,arm,arm:7078075321797157811,false,test
837cb3e10146b3ab7ab0aa131c8213de19810880ef0e9492d7021769ee155e68,Benign,arm,arm:3556740075726885424,false,test
84f8de297bd62959db7f6813f50dadc308fc6ded66a61a5413bb9905f54842e2,Benign,arm,arm:15017141263300218661,false,test
92a6d34a2c9636bd649aeabdfb38dc920066d087aff7f241b044889a65f075df,Benign,arm,arm:4650219719342576864,false,test
9f6fcad3019079228c1857996aded2ef575be5d6a6f0e7d36c33a25af6f8700d,Benign,arm,arm:4948616111089195478,false,test
b36b22c831de548f1bd3d642d834a1d8b3b0d2c4dc1bfc84d244059a0da72f40,Benign,arm,arm:5253503216871908176,false,test
b4950f97e5539628b93e4a27da0a25d2d9c8cf78b50e0d5173a889c0bc976e82,Benign,arm,arm:9666982747154557505,false,test
bf405c15f3fb9e3e5697397a9b4ccf79a86a057b2a9377dc59de48eb834e31aa,Benign,arm,arm:1818153965425830873,false,test
c34eb9d390d2579ebb22c7e650af54e9ae1947f373d5e8dbe45482f34c1d59a1,Benign,arm,arm:823213897341543872,false,test
d056872fda22bd3c60c2f45bebd080efe253afd961c61ab2e20ef568a3f69675,Benign,arm,arm:12841048696704113970,false,test
d0845fffec47284b3bb0c9c5cfc7f3fb2c28666a3cab84e7a31961be1e1b1350,Benign,arm,arm:9712948778491509475,false,test
d9bcc5dd2f2f722ec0297c46dcaa6f2fe0a5a4fd9f7ccdf8012fc4fc08b19df4,Benign,arm,arm:12923018347045308189,false,test
de5e89684a579e12c1d685b08e14780a7d8ed760f988bfe19a3fd547d0335e3c,Benign,arm,arm:9793853520229282033,false,test
e212264e0e65333893914e30b55050f6196ea4142a474775d5048a9f774c44b0,Benign,arm,arm:6878488408673046592,false,test
e7eb3b63663a8270443b4d589250a0fffdf3b125992ebc59664a1457e8307531,Benign,arm,arm:17838478627291414692,false,test
eae02a399999d0a0878b5f461f4c15eb07576ac29f4887065519765a3df77328,Benign,arm,arm:12846721154359560993,false,test
f36a02783f349d7527e9156bc3d4e44ecef97d85d65bb8fe295e008606ca1f66,Benign,arm,arm:7116896099300173324,false,test
004262b8dda1b85b27d5cf1afdc6fbfc46e0c22474b410b6c635f616e68f10ec,Benign,arm,arm:2470760654638251035,false,train
041bf80530da4a72ae045d679599fef8bde36252dd49708d044998efdebe4ef2,Benign,arm,arm:15516745110614786779,false,train
06be7f7b08d778b8f38d4fd3614e75ec6ac348559896b864aa1d674a6585040c,Benign,arm,arm:16464120847118578571,false,train
08827846346b15247de34ae8b0a7af668a211c67857d743a40e62eeaa4d5aac2,Benign,arm,arm:15569546892334354585,false,train
090fd1c7ca253518369ea87d3461db46d41d7e3ddd7d720d22efb6d2c68cbb40,Benign,arm,arm:4144628573792356589,false,train
094bc341cb9784b0bd25824aadc7e0558733fcb01b64ec2f7961a1aacfb769f0,Benign,arm,arm:10691178329219973065,false,train
0dd7536cd2014359d7ff2819e12d89d97c7e72e97944284678f107bc1db87c00,Benign,arm,arm:3791715454938240458,false,train
0ec7efcbd9770972d6ccb8cd69a86127d973eb6c8a743e9a5551cc9b50adfb19,Benign,arm,arm:8940907810973731608,false,train
11853b9f2d422fb5f65e0af728c71703d00881a8c70687dd2a9f74cce64a23fe,Benign,arm,arm:8970308763385912538,false,train
149d65b2ed3a4b5807b62c6a94a4bb377b5b92b9d955bc5186c172d44320690e,Benign,arm,arm:16752665744502443156,false,train
1941c408aa1a19cd978d49a5911752725ac150432c64a0693def8a966430d56a,Benign,arm,arm:1622734065563122997,false,train
1a030940098fe283f8e8e503c93c846eee19ffd0d40f62fda3f0518c3456f846,Benign,arm,arm:15115728036152648239,false,train
1b96a57bc39c9183b8b38537cfe529596110f11196b547e2d3fd82b1afbbc73a,Benign,arm,arm:17161639348106337180,false,train
1c2cd2e2a1f19f0fb350d9ac1a3e83f9e20aaf6f9bce78fc1b2b394039a4ad66,Benign,arm,arm:3679770318967471612,false,train
1ec878fe640b135ff0edc158cfbf51e3c8b6cf6d806de3c48101c95d82620977,Benign,arm,arm:1840142288959374440,false,train
206598672800980f037c536206d5a44e956c88d9febfada3d23deb9833ac04ba,Benign,arm,arm:209005151820456677,false,train
20d2182fcff685851bc6d0facb5306148f9b16077f9d6c6d9adb0e9a1750988f,Benign,arm,arm:5052174348381122110,false,train
21f4e67e49a973b92bf88c746d746e74e2f0b2c09f20fcfa64fe16fa0a600d95,Benign,arm,arm:9727584021840602255,false,train
232a3ebc9cb436dc167d6fdd824ddae588e5ed4540d7385eade58cd6c5a77d8e,Benign,arm,arm:864659784593552904,false,train
262a7b49682e63530cb85b355f4ce33b08e7283fb60f1e39b90f96d24e4dd0b8,Benign,arm,arm:3300413873910720057,false,train
26c64e7921ecd3203156ad469f44ea0f2ae44b2d1c01a09b228d14ea6d8803e5,Benign,arm,arm:2038747579601263367,false,train
27519cb2d9db2cd334ece996342272f7db6c7c2c9eec8c2a83d3f8a05c59877a,Benign,arm,arm:16611796365417249923,false,train
2ba1e4dae27e7a8fc96389b9a52341be11725e3413199ced1a7ac7b94e4e459e,Benign,arm,arm:1302525494883112036,false,train
2c90a77cd1add342233a3b3b20088e514930584e8e0d7f9f24b0f2ce4d2eec74,Benign,arm,arm:10996313138563209875,false,train
2ddb5d3aa319bf9e46eb8d96dd3c085e98ea32a03f953e098a302207d88e57fb,Benign,arm,arm:18227299362962011014,false,train
2e794a5716111a933a1d92ea3e811d854aa238416c5894562a2646c808730380,Benign,arm,arm:9695264456471597675,false,train
314e2469a1cc23cdb6f78a35c722686d667adc3e985e307c8af0310286271e56,Benign,arm,arm:5405485760577547552,false,train
342188602a5a752c3b301f3680bf2a7d76b7db70ff3ce11452e6e7985e5d724d,Benign,arm,arm:11255130713351188158,false,train
3abeec6bfb6b17261da0b4ba0da51f2fe7bb38a4b8c69dc5dc2fba956c073211,Benign,arm,arm:10015119729203477535,false,train
419b121da1d078ea895d707bcc28c910775e9298cd427036d6dd1b6bcf0e343f,Benign,arm,arm:1350282901464403145,false,train
41cc6ef113d88252af3f1637371092d284801e762aa1c83d9536c3156379950b,Benign,arm,arm:11536191417378054573,false,train
4522bd9eb259d13503a95443b94c6cae3773373049b87301e4524d251873a0a3,Benign,arm,arm:6490380623680656737,false,train
45dd0bee65f5f047976d8f8235050122d3d1b76d0e6f386bad9daff445529f12,Benign,arm,arm:2876087350965842306,false,train
46c907ea4701c05e6fed2230664edfbbfb598e047b669b3890348935c76d1c88,Benign,arm,arm:8910135653344434672,false,train
472dceb945cca21e719cc8b3eee261ee77248516bea2f1e3f85de0a49055efdc,Benign,arm,arm:2942398556774577485,false,train
47b7140e6737f042faeee38bc5ce165fd5c41bf95ea25ba2500da35af7650969,Benign,arm,arm:17391786717036319844,false,train
4c27a56bae8b60cc4748711b1d6ba4fb8ebe441a9fa76396e8569cc619a51017,Benign,arm,arm:12363122994934868650,false,train
52528544ea91305dc1e1caaac47c17529054538168e881cc13d9acae52f74045,Benign,arm,arm:9590112329975386470,false,train
577616f23b38085b3409f7ea4afe35b697f3a8b17e2b5d6e00c7598f4c827fd9,Benign,arm,arm:16946448671584480773,false,train
605c772df2076e911d9751328af1061583f49224944ffa8349fb1a879bdc110d,Benign,arm,arm:14819537858589870592,false,train
61caeb0929e925a9979c5ababae6ed2fce6a93dcb4a6a27127b746d781875527,Benign,arm,arm:17876409266127838989,false,train
66764cb306ff9351949730a2958b7b5c8f2290bf4c624f9db384a46c8b58f69e,Benign,arm,arm:17685819185358548320,false,train
69d4f92436c04b9e3b714ca02f6768b20955d53affb9805b7e449125ebfa996d,Benign,arm,arm:6244731967345766401,false,train
6ab771335859d2ad1d48b3e9d8d058f4fa853f3d36c0aa42aeaeb53834f16ba0,Benign,arm,arm:12472358397871679630,false,train
6bd347e0dd95cc4eb716245724511ca5fc88160724a0947668603eba3d403cf8,Benign,arm,arm:1756776911583067779,false,train
6dabf19441a432de82b2627b8295724b8297423a6dd546ac2c912302eed8c3a6,Benign,arm,arm:8911957901138081684,false,train
6dc7d703b4bcf553074f698b5efa694caf9df033a67b82e7b0defa323b39d5a5,Benign,arm,arm:6582731346633840120,false,train
702ab3b47324c0dbc8d84613f8431c1ca32629662d130eb7bd9f45dac76efe2e,Benign,arm,arm:9642980520590232769,false,train
710f81c732fbea90b29349be0af98cf378db6409b70d2f152318e96fc67dff3b,Benign,arm,arm:13634600515211886199,false,train
73ae75f7be12d78581b0b9e2108d6fc1a2fcd676ab70ddbe43ea9bd59c6d502e,Benign,arm,arm:16565568493009539436,false,train
770e244e2a7f14aabde4c88c56479bd353c7f04c5b73e098ae3c5c2eee323fcf,Benign,arm,arm:3963642892224956798,false,train
77aa55933c38d3aa431f1b03d4a51d601584633ada0588086fc986b9c56827a5,Benign,arm,arm:534842311755175170,false,train
811fa8f59508b79b69be30e317c4c6b76f533cb30d2def181cf1f5f9f195b6f0,Benign,arm,arm:10893201411918828514,false,train
8444a146bd28fd51fa42d1c460c37b72812860df202b55fabaf97e0c59ee4c45,Benign,arm,arm:17354900002192296282,false,train
86c937000ea867a3ce5af8c5b34caa1d35c7336f6ebe3e8ca60b4301b6be1f6f,Benign,arm,arm:6557550414124357601,false,train
86f5a14e1afdf956ceb3556f86108cc1eb368369867af52085b044c12ce87aa3,Benign,arm,arm:10402349406214231401,false,train
874214a2a7c65471ada1a68c630ebbfce369b72747b34ebe11b09309cadc8247,Benign,arm,arm:7310479728722303539,false,train
8bc7af267a833e1ff110c710cf3884d48fbadfc6aab67f07ac5bb938afad5d64,Benign,arm,arm:4780963067855431814,false,train
8d7689944ab850a7e91621ac04b8f7133c4352983ab85a5074377df7f50cc1b0,Benign,arm,arm:17453512044146127424,false,train
9227e0507ea83866e818944b8a8805f581d1042aea1a826ca70059f195cba975,Benign,arm,arm:12660939002950639913,false,train
970140d92d0ddee4a3e3bb114dd4bc60318cab2b37ad6531cc2b1721470a3f80,Benign,arm,arm:14154253678885376620,false,train
97b454e77d8ca4e39731dbb6ac4b07b63dbe80a4dcdd8ba1bbed0360ff9b2ce6,Benign,arm,arm:6279322913117683341,false,train
97b65770cc3abd541d0f33cd917a48eb3d97f773a103a15cf09656182aba730c,Benign,arm,arm:15669356783999463542,false,train
9b4b831bd99f99aabaa9c5cf8d61a29897342e22d59a1122d72dee62fd312570,Benign,arm,arm:8344975439921095502,false,train
9c180187cfd654139c11ad37c459b4cee8bde85d2181da2ec1b9cca4476fa520,Benign,arm,arm:9682139715899801336,false,train
9c59749fd8bcec160d4891b972b9235dc6de6c48cfa1603bcfd4f3eb9cf1052b,Benign,arm,arm:5877443019003875173,false,train
9cc77b8b912380ed843c9bccf77fcb5e8bef55ea049556924479a25e0373dad6,Benign,arm,arm:11923877385966830997,false,train
9d66e80b2e2eeb84928d458aafc5a3ee0b36b21efabbba1e210d40f9292efd89,Benign,arm,arm:14564177326002671220,false,train
9e7a3ac74ff70d88e13652450473cb4ac2a913b642b3314222319112b23efcb1,Benign,arm,arm:8810139142568841900,false,train
a0219588bdb062fcfb25ceb88dbac90aa3cc26e1fbb6999c942f66986d7cb3ce,Benign,arm,arm:15020501838637009188,false,train
a1f57abcd7696a0c4a8e5bee78f868154e12ab24be128caaf1fe909e2a832bdb,Benign,arm,arm:11052121097371797467,false,train
a2dd2667d86fc00541f1a335ec04ae8f4146256ec8f7d25d7a4546082293ee20,Benign,arm,arm:3517819454477313019,false,train
a55951c0d3fb0370eabdfcf93d3bf57a81ab318921b5eca54bdaaad4394b0cb8,Benign,arm,arm:11145895445197160676,false,train
a7abc115da3e4e525de61ebdcb86432c19d679862c9541409c1007f53bfe8ea0,Benign,arm,arm:11799999246050626804,false,train
ad0fc7d9b7997606d77f64ecd4c5ccba552f36b54207883a29317018a51aa561,Benign,arm,arm:2566191313071251855,false,train
adb9db90e7032d0b207b090ae6619ce9d7a936cdd9d823afb683dc15ce4068e4,Benign,arm,arm:13026438216603781692,false,train
aed728b04a5c23d3c88f18dcb0d97a8e07fed8ff67987ee09bf11d78115efa5c,Benign,arm,arm:807288397522960823,false,train
b166d62d81cfd7b961f734156d9f9dd6023e4a0afad1dfb2c9d2c794ccb829e7,Benign,arm,arm:9762566978641770068,false,train
b6d7c376b714eaf970315268f03c5b95ba769c8975ccc865cd6098894a0dd1f4,Benign,arm,arm:11619083235428804256,false,train
b7686993d06c80d9c3d3e77a69c56c59fadd72ba282e4fe307d4c2148ff69771,Benign,arm,arm:1620098801449526906,false,train
be8641de11974980148552778320841b1dd4ea7e30552bc6f8760c327c297ae6,Benign,arm,arm:13198518954753136090,false,train
bfcedaf63cdde253142215507168369a38391439dcd86e886c366003f733c5ba,Benign,arm,arm:1534283178980722368,false,train
c3f6e52adff7ec2be8b15b7798e39484daa1aef096cdea2fa91325c72b6b102d,Benign,arm,arm:4762074687713303273,false,train
c472b3a76b22d90347aacd510838487b388eded822eede9f68cc1e149c991512,Benign,arm,arm:4322014770204381909,false,train
c4e333d0a312c04822b367b7bd3edbbdabc2599098c7ff580c60add021127199,Benign,arm,arm:2316514478743879332,false,train
cb0f2b2cdb4d4f27fbf67d50c3c5f07993ea8c7786e906aed8aa718aabbd01b4,Benign,arm,arm:14785198152300732155,false,train
ce2000f0ccef0fc3f08e9e41bcb23d30f60a9b75d88751e964ecd1d0ac66cc67,Benign,arm,arm:6797872083459356398,false,train
d1144a48b2bbbb52f7156e86c82dcae95daf4bfe4cbef29e4168c3ea78912cdc,Benign,arm,arm:12704406024422510386,false,train
d3f5a77867276663173ea1d25aaa13ec95d8943bb148e424f9337b39d94e18f0,Benign,arm,arm:76641712065240558,false,train
d4ba237c4c575410501340dc9043b648ff50ed99906fccb33d418410518728b9,Benign,arm,arm:16831347254375962396,false,train
d74db8ec9d5015253b763676f74bd15b14b14ce63b06e6ab5426ce3d0e0488e8,Benign,arm,arm:16200428242206309174,false,train
d94791525cbb20216e5e00181308d51ab43c78a6e27111125a67d1c00d328417,Benign,arm,arm:2464041501700442512,false,train
dfa7d59bb7b8137cfa1c4746074b55dcb06369c60719e526b1b6f541c5cb55dd,Benign,arm,arm:15123157009974226887,false,train
e028809fa2b9711f0d01b0aedceab893c54ed5e0daa6232b9e13e37c10d33ee6,Benign,arm,arm:16621599710898647870,false,train
e1008909d3bd8d9902a920987f8d3e4588186452f12224a0d4d1f96dfe33bc2d,Benign,arm,arm:12149272801444589212,false,train
e2defbf557877cdcd3be5b5696e7461a545b47dbb1398d93ed9d372040c3ed3c,Benign,arm,arm:1849922469355233800,false,train
e4d3e5098f119554f605c4f017a4d32db5cae2efc6b17c80232be7222eb7f549,Benign,arm,arm:8920942670439940416,false,train
e58122f4eff47855a64127ef60447be97034d2cb011fa29b421048de4458a9b8,Benign,arm,arm:11049835733829686921,false,train
eddf28c5039e116d7b2b95a4847722f4b83519528e3afff25fa15cd8a8370a74,Benign,arm,arm:2962338871591058522,false,train
ef97dd475feac6a708d7dbc2dfd67531449c055f676c5560907d611bbb051ae9,Benign,arm,arm:4301339134469267014,false,train
f65c352db1e4945835c1b77fa08fe12f5140733c9496cb1b9b3286c1299244e0,Benign,arm,arm:1632099560696601896,false,train
f6d74e47158a7408be2e6aa71a3014297af895408a401eeb4c69f1d899db010c,Benign,arm,arm:14372533098617271671,false,train
f83345b24efde7f74f7fd0f6d6b29ff1cf4f3f5b28b15aed429ab1689125ca6e,Benign,arm,arm:10027839554354025949,false,train
f940ce3c7ad0654630800f7856afe88e67da905dbe976d25fc2132a7623fde96,Benign,arm,arm:13385434251666739446,false,train
fa61f34db9c5fb9a8e4609d1f987f0fe3357454a614a5b976282909a53afc739,Benign,arm,arm:6111065410567139926,false,train
01cbb3ed76b2067d7cc7f185ade4903377cc249ed7ff96a0c1bafe4b33c9aa39,Benign,arm,arm:13610266712985285740,false,val
06471f26bd262a2a35346c468388d98e20a5ead6dc82f90f9c19e478af5e52b6,Benign,arm,arm:9485570116457811505,false,val
2dce47ba34140cd7a842840d734e777c2516ec50ec9117a363abdb1b98dcaaea,Benign,arm,arm:13323598970289990076,false,val
4bf549564e09920eb1f1705cbe1c7681601f20b72e3f2d639ca1d38c77df3e67,Benign,arm,arm:11017840131866253662,false,val
581e8fc0846bfc7cec9a348199560e0755f726f78898e91173884764102d7e88,Benign,arm,arm:13218890626409294702,false,val
6bafc2ca0f515cf671401c2df5bb6caa875b6a2ba76c9940bf1aa59bc91047a5,Benign,arm,arm:6156491373387430811,false,val
76e9110b5d0d7021d319560c5d86792ec88bbdcc934511e3c24b785d349d38be,Benign,arm,arm:16922561780833809818,false,val
861e0dca7088bab1461522f4ff19fe16979b5b71d74cdbc3fa5ec83b8da77c73,Benign,arm,arm:3735206172918215708,false,val
8d1d483c7cc64194e2dba171efb2fae757cb968ef087b6dea36e14d90b67cc3b,Benign,arm,arm:7422113309025902255,false,val
9eff64fabe9fd2620eaeaf3b51498ba9140b560c299dd853be596dfa1e08fe52,Benign,arm,arm:3751808258751258002,false,val
9f0474ee8cebdc25cbdfeec70243d96c909d610002e91d902db43a7e59264124,Benign,arm,arm:18385708844262456541,false,val
a322199236bf71ce9c589edead88151b1a750c1f51b433f6dca116de88171a0b,Benign,arm,arm:4321568567404904148,false,val
c1622fb96417540e611f6fc168a27a472042ff59af4d293ce69524221857a333,Benign,arm,arm:3142142015721937376,false,val
c92e0128685b17b3565519c3c7a2f01e85295d350588405c8292eb5b6420b813,Benign,arm,arm:12898172956164390876,false,val
f900f177908dde4e5033a5ddcf5e1c64156d9642e84a3f20494530aa34d5e05a,Benign,arm,arm:14963267664540931548,false,val
0b865f5ae480fe31058cb993b9ff2201410554ce504424e17d1358986d6e8526,DarkNexus,arm,arm:11944351117873817769,true,inert
199dd41fc405f18b51505b77ed23c25c221028072e0d1fdfd14ca8bb35a62940,DarkNexus,arm,arm:11944351117873817769,true,inert
269626d27c46b3c1c18257539b1f58874eac508b39e2fd63911067df5e59cbab,DarkNexus,arm,arm:11944351117873817769,true,inert
284e29124f71528d38c61eaed24836cdf93b9d796558a7b7951b53f161bc3979,DarkNexus,arm,arm:11944351117873817769,true,inert
2ec57a2b5e60f4379fcfbaed74b0ded83ae0944432cfeb13bd263bf2a491afbb,DarkNexus,arm,arm:11944351117873817769,true,inert
34f2845292481c88416b3cf5c2b949ac59c703da926f066b4f9c312b92b80281,DarkNexus,arm,arm:11944351117873817769,true,inert
3fd1594822f9844239b9184e837188e7822ba010472e0888ee7128fb706af4b0,DarkNexus,arm,arm:11944351117873817769,true,inert
4104d39f014534002d3504607eb612a910d09f055cbe30f27163f5e884a7bd89,DarkNexus,arm,arm:11944351117873817769,true,inert
458d4361fc77df7434a5232c67998de4fcadb08da00e3784c0cb2517e218d836,DarkNexus,arm,arm:11944351117873817769,true,inert
45c8f4405bd961340e0192b2b984ce4ea037b7b53ce0c58d7241604355d09c57,DarkNexus,arm,arm:11944351117873817769,true,inert
540cba3ad79a126ea6d2a9cc57b7542e56bff1c28cec6140a481abea94c1855c,DarkNexus,arm,arm:11944351117873817769,true,inert
542fc6a70008392a64ee815af5608b405ba1e9aa553472a535ed4a339c5de6b7,DarkNexus,arm,arm:11944351117873817769,true,inert
560d2eefc9919c7b395b0c7fe7c51efa32a2a6bf2c87596cd1ba826f71b51626,DarkNexus,arm,arm:11944351117873817769,true,inert
5c0fbca5a36b30f2267e4685c7074e4cd4bb805f9100b80cbf6f501b8429037d,DarkNexus,arm,arm:11944351117873817769,true,inert
5d7de7c86046104287850c9312974ad45fde10a46dfecacf2c1331c69cb12f0e,DarkNexus,arm,arm:11944351117873817769,true,inert
611d66611e40b4e805f55f30293852eeddbf6676bad46a8e9d0465cfc54248be,DarkNexus,arm,arm:11944351117873817769,true,inert
75fda335f8d9c1b432989e2be16b8d50de6c08dbfadf6d4cad48c34021878296,DarkNexus,arm,arm:11944351117873817769,true,inert
779b90be281153ff6db21b5f67762cbcd0d682cebf19cb3e84e71fcbf015bbd4,DarkNexus,arm,arm:11944351117873817769,true,inert
7ec829e4dc5dc5bd75a21a902f987a7d7474c1bcd8ae1d3547467e483ed39891,DarkNexus,arm,arm:11944351117873817769,true,inert
82997ad4eae28755d84ede6b0dce3ec2064bcada7ac49bfe3c4e175c4a9f8745,DarkNexus,arm,arm:11944351117873817769,true,inert
8703da7aff640e01ce1ae56d1ad15452c2b140cd632f9265f6f5ddad52d6931a,DarkNexus,arm,arm:11944351117873817769,true,inert
8cdf00ad85c02e2bd5434585e30c59e5d3904e1ddc22c0f5d6ec95cd3716ebd4,DarkNexus,arm,arm:11944351117873817769,true,inert
8e7621fae5abcb742197a76737d36b1b3ed978c3003168521d50607a5bb37c03,DarkNexus,arm,arm:11944351117873817769,true,inert
8f7dd428518381cd0571283a51e2eedeb712df63a54e9be0de9e336ca6d8fd6f,DarkNexus,arm,arm:11944351117873817769,true,inert
a58c77e248552adb804042459c5882896447474f9c871de74253613b62b65f10,DarkNexus,arm,arm:11944351117873817769,true,inert
a7475e9390d2a5e54552f89c0fccd89b2ca62b97c0f1279db753a33fc6c17153,DarkNexus,arm,arm:11944351117873817769,true,inert
acb4dc2cb8b010b4914d4fc617adc0678089110e779b077d092c846e7f868081,DarkNexus,arm,arm:11944351117873817769,true,inert
b010245d80ca68cccc3af0cfe7254939afa6d8481f62d9e1cb40e3b5e2036dd4,DarkNexus,arm,arm:11944351117873817769,true,inert
b32c35b2be1319831330f6987f529591370d2039bc88f74226aa07b9efe98c16,DarkNexus,arm,arm:11944351117873817769,true,inert
b32f35b3570c741fcc0f6913d2bc7efa10fe7cb99260961e18758e0071a72bb8,DarkNexus,arm,arm:11944351117873817769,true,inert
b8d242ad054eb33c3c38cae7b5fc948c54d5dd4736feb1c82735cd1bc0f5d3cf,DarkNexus,arm,arm:11944351117873817769,true,inert
b8fc1a706b8c2e7e64291259f8934ef458f317faa44789f7571ad4d6a154f71b,DarkNexus,arm,arm:11944351117873817769,true,inert
bec093f5c06f0e942501cb54952b27b6de8e0fb7ca9b576209eb8f72c2b501f4,DarkNexus,arm,arm:11944351117873817769,true,inert
c2e930628fa2f2e2acc72d18776718ab0e37de28ba5a2fe4486dfa4144288f74,DarkNexus,arm,arm:11944351117873817769,true,inert
c3a77ecbfeb1e61f1209f96933ecc3acfbd085358170bc4d7926968e34ca1356,DarkNexus,arm,arm:11944351117873817769,true,inert
c6a991ca9b2653f1cf107f13c2bece17e4c1c43ab079bb7c52c93c57792fdf50,DarkNexus,arm,arm:11944351117873817769,true,inert
c731a8ccbbd2850f85e4171b48b767e79f9cea4927356fbcd422cec8c7e324a6,DarkNexus,arm,arm:11944351117873817769,true,inert
ce1f73ddc1929a6592102428d7c3b7ea831c0da9995a027744c53b214eb9a7f9,DarkNexus,arm,arm:11944351117873817769,true,inert
d16ea208cf3e62cb6ed17f6889f9c4e9479f6908f6ee5c05ef1e9b36fe56cd0c,DarkNexus,arm,arm:11944351117873817769,true,inert
d6a9e3fb5208b31cfb8dc7ead0f6d1efd1b22e56ede51f851ca32942b1110e26,DarkNexus,arm,arm:11944351117873817769,true,inert
d934fceace8c13eaf2ebf252ad293d0752762cead13f8c911a022feacdd8b44b,DarkNexus,arm,arm:11944351117873817769,true,inert
d9c86183b3d70398deb833cfffa35400ae6b71c28e53721d0eac28d103301ffa,DarkNexus,arm,arm:11944351117873817769,true,inert
e1024347be70b2c26985e8c0ba6cd09a37231d459c3475322845cb802abfaa2a,DarkNexus,arm,arm:11944351117873817769,true,inert
e87056fe1c0bc69b5b88598a76f532cc7b11ed5927b415e42983b85be3b36a2a,DarkNexus,arm,arm:11944351117873817769,true,inert
e8a791f09292d1c9a1f3db9935c867232350bdd27f6f8d4d0d6e38bf9c2ba212,DarkNexus,arm,arm:11944351117873817769,true,inert
ef5204d99bd8e4c82d6abcb534f697e1586235017710f3a3232793e23eb5967e,DarkNexus,arm,arm:11944351117873817769,true,inert
f06203142b06354cbdd8ea8b286557052b6fa5c9d309fb7ec10a07c460bf71b2,DarkNexus,arm,arm:11944351117873817769,true,inert
f2fe7895b4f1862aaa7261486a2ecd2e997ced53cad4a514c71f1412fa50af29,DarkNexus,arm,arm:11944351117873817769,true,inert
fab43f498f2ddd42ab9b5ce1ad5be16337fbf3a5a9aab7e262c6539a4cc22f70,DarkNexus,arm,arm:11944351117873817769,true,inert
fac0bb41bb1b6ade1e06990236613a1ba485152a1fd84ee5f12d3d199718fdb2,DarkNexus,arm,arm:11944351117873817769,true,inert
245a1859474d0f41e1bc40706560f2c31189ee2b601204b5a477aa721d774a94,DarkNexus,arm,arm:17984993918215368583,false,test
50156ceb0b74778a613e2b5cd528f504bd138ceef06d3def1adf22c4bbd79e58,DarkNexus,arm,arm:9103344726715101100,false,test
6d4151ca00945b5fae4465a6263f57975f652ab855adb2a1d94d4ae3db1e470e,DarkNexus,arm,arm:11289712524259792960,false,test
ab6cfa0c76c5880263490f20b7d220b3d12622ce835f0d13027b386ae7ee8f17,DarkNexus,arm,arm:6551949711349358217,false,test
bffb32f7168bf8a0e57b4bca9f16ec569e0559ce3810e4329d4db570ad32dd2f,DarkNexus,arm,arm:5776850542640511628,false,test
d011c72a913b3f7aa1be9afc488e604a968d805484add3771aa0589799aef575,DarkNexus,arm,arm:12106021222301415908,false,test
01c313fd8c0a2633e96fc77fd823565925e3a293853313d24ffb6f34554a924a,DarkNexus,arm,arm:11057480807248143417,false,train
11573492dc283467377178c19e872dbc04f70326e03133fe1416432475f5c246,DarkNexus,arm,arm:4854067432321316326,false,train
16b54c499c2fa1033d9fa6c7820e74cbbfde3979f6a676de7e2a358f4d210d5d,DarkNexus,arm,arm:14573354176298323144,false,train
1927e229e67cf9baa80e4cf0b9b6f043e842227742877efd97b1e5fa0cd73dad,DarkNexus,arm,arm:5205664222096525607,false,train
1e23edbfd403a16b4dd6bb649ed4d6272a77bc3ed2f33acdad518169a06f6dc7,DarkNexus,arm,arm:1101848373205397969,false,train
37088967ac20691b7a4a8fd04fd9bb9ed0018ab0f14a5ddc6ea4b17efff071ad,DarkNexus,arm,arm:17653597042281944962,false,train
410da34b3374d4ef9d2aa1ce5bbfdca410b54db6c41b405d1e32b294a9658940,DarkNexus,arm,arm:14669950338750580511,false,train
4efe1e46dd4a05127cc82d5c0db99a60ec9e015bbbecbe91650c2fd882cf52c2,DarkNexus,arm,arm:1101848373205397969,false,train
4fa6333171722fe91a9b8597318156b76ff808ccad3aea39f712ef908f7044da,DarkNexus,arm,arm:1101848373205397969,false,train
5c1ddc83addb8abc775700e3902934f3da207e3f7f9ff957ebcb7ebc27c42eef,DarkNexus,arm,arm:1101848373205397969,false,train
5cbb4c19f7792fd1de0a310f8414b0044c45851559f7c8d0690ddf1b16667758,DarkNexus,arm,arm:1101848373205397969,false,train
6dfb594605d93a67a9d004158dcaa21300405879cb17be9971040a7549cf8b7b,DarkNexus,arm,arm:1101848373205397969,false,train
76d9740d5960b7655c566447ca1ee0cb743c387dc1fc4835334902067435850a,DarkNexus,arm,arm:1101848373205397969,false,train
81ba8cddb2d359e77443f2a480c293c0ab6e2a8a404294921c66193b968617b8,DarkNexus,arm,arm:1101848373205397969,false,train
84ab777ea7c29cc82991f517c81e7154ae121e0cff0e8578d05c55c4a6a1094b,DarkNexus,arm,arm:10933496737450395223,false,train
87bd612b41d5fee42a186f99038c11e375f1b5df13d25de3f7be1f46808eeaa5,DarkNexus,arm,arm:1101848373205397969,false,train
9559b5f23e17a6d44bed8c5a5164fbd4ae645838667d8b8cb57ba92a820a6f0e,DarkNexus,arm,arm:788360684685287108,false,train
996e10ae7e4e56e9e766383b6164326ff5c8dc45273bebaa1fa0df7e97e32d02,DarkNexus,arm,arm:3968517891022821084,false,train
99e7a01ee0140fd10db400f214111128b8f7d9d0da04711ca27eef5c1fb7e625,DarkNexus,arm,arm:14892617856993835719,false,train
a8ee533132e623a76c455fea4783e6fb6eafc59afd4fc8bf29467bc5a253e07b,DarkNexus,arm,arm:1101848373205397969,false,train
ac61c8d061654c3661de6ca7da18fa61943f3f12a8b139caa680358b5dbfb430,DarkNexus,arm,arm:1101848373205397969,false,train
b618aeafce649624d6a9cfc13ba682263c145067dcc2fda6f2d32283c22cf94e,DarkNexus,arm,arm:548102989867559043,false,train
c59e576de11cffa74bb79d7b70162da48dacd6bb6d2f7adca21cbc3a13101b40,DarkNexus,arm,arm:1101848373205397969,false,train
d87f4ae22941d84a3c1c07ac31f8342db422c1bd2f3c99b9a3d03a112731658c,DarkNexus,arm,arm:1101848373205397969,false,train
d935e9ab16739335feb943c225136fb5b6a0c07a5f82d34cf91b5e4e283e4de7,DarkNexus,arm,arm:1101848373205397969,false,train
de83c97e1d24c010aaf12247c1b6c68aad9d2267cec45baa39be50b471914e15,DarkNexus,arm,arm:6587711721188778922,false,train
e2a8cb51675272c5c4fe31c980a698589c8295c817ca1eaa48712b2431242c7c,DarkNexus,arm,arm:1101848373205397969,false,train
e3549ffce0e1154081208114337fe1f4d85096299301a482e61729d0c266df1a,DarkNexus,arm,arm:1101848373205397969,false,train
ef28e3fb2199796b924da9fbcb0e012e1b97854b8affb24f014f702ede51cc88,DarkNexus,arm,arm:1101848373205397969,false,train
fd32e459160fba944f668928df489fe79483947e2ba2a42e6f5d9eb9b83f69b0,DarkNexus,arm,arm:14485074967706001835,false,train
ffa6f504e63ab587cdd9e02679fd059bcc23902644b498f7c6eb2b699d9b3bff,DarkNexus,arm,arm:2128487324681416262,false,train
3ae9926fc56b10f33fa0ee4b9899a9c4b9246e6ff4c2f5b3a156946a2e5581bb,DarkNexus,arm,arm:9497933389363196591,false,val
926053b8f7328fdb53e3ebad32bc80a09d1650403d3705dc9a330c99002b3026,DarkNexus,arm,arm:16668504944349163528,false,val
c98c2a8144d0edd43f6b636a2adc0f89821be92cb10a5979cbb97b6162fa0ac8,DarkNexus,arm,arm:6787497521848292386,false,val
f50ab2583ba2f7d75f23245e583ddae202ccd53ceb152f212578f612fda4c31a,DarkNexus,arm,arm:3217950704382471215,false,val
60ff52e680830f87c828fc62c8a7da9b5c9c5f69db8e325701e04e08d989b399,Gafgyt,arm,arm:12797174119919430248,true,inert
c2c3df9892b62a909250058c6a080be98fa7827f877936cbc6af56e289eb11d3,Gafgyt,arm,arm:14325226543367816801,false,test
7aed53e63b84b2728d7090f9b73c9ee38acdc207bf599790773160774704926e,Gafgyt,arm,arm:14928454253125906531,false,train
bf5cd6cda4cf4b871f754e6208cd9e33201f210d526d417364627b265e8ae184,Gafgyt,arm,arm:11829103015738200410,false,train
5c57afc4218cab8e8e43bcc33a5b621b05e6bc3ce7de0234025cbcdb89004628,Gafgyt,arm,arm:4157324199392446978,false,val
94e229076ff76d1f8239aef53b7964301f6546eb988ac1a935dfa818814e44dc,Generic,arm,arm:11944351117873817769,true,inert
3b78b4267f445b2036a76bcf93234f25b9542e92146437e01c8fe282aaf039aa,Generic,arm,arm:17484437493409885547,false,test
4b569af2a212e3b53be104b3bed5a8aa6d4d8b709e88212294c40ff2026627ec,Generic,arm,arm:5210223401473727237,false,test
6c0ca9b1c1a79142732706e6b852d6baaa19cc4ed540c7e7624691cb70891816,Generic,arm,arm:7139040143644658694,false,test
7b2b601a2898f6d86b3c690b061889ae7d737f4903e9a056bcdf0fdb32056f44,Generic,arm,arm:14181560518201180881,false,test
d623a8992d6e3cb47c980e52ddbd09c4f911cc54ded2788efd9908d2a12c8057,Generic,arm,arm:6863111090262785248,false,test
f1b5f8bd3ac076ce8ffd1fa371d2024aa04fbbcb7707b241493527ba3db7cb73,Generic,arm,arm:11439139272556004181,false,test
019687193243866ccde46c8fc79060911e6700c60ca5ba4d869478337f9ff407,Generic,arm,arm:9650967957779637834,false,train
08659564e7a799ac346703609ff42959af74a33fb0e23f0fc1b5ce92333d89ea,Generic,arm,arm:1454993271146180492,false,train
12e0335e265d22a5d5a206cf36af73b113f0c197f75b1f4b939cb57cfd652eb8,Generic,arm,arm:11279833698495634884,false,train
1919d5283c3840210b8a31757c1176b991ab0a824db0c82e6486ecb747798d9c,Generic,arm,arm:8614142465833104735,false,train
246794240a645950793005f779175e9f7d73d9d0e3c1449573fd4235b0d4bb1a,Generic,arm,arm:11065452450564380431,false,train
2665da3d1890cc9fd1b0c3452307f1579a0f09a66ac3f293a8bb90782a2bab84,Generic,arm,arm:9315894595929073655,false,train
2c118b2baffc4eb1a3a5409e8032f962b0815d4ba1b4ea4a18acb32289d62ca3,Generic,arm,arm:13411118574530113490,false,train
30275bddd193440bd5718b919684bb4f1aab4aef62fe77761ee70912e0fc614f,Generic,arm,arm:15880907113691944152,false,train
4919071b58a14c61bc6e66332d3861d100c12952e21ed60e372875e224c084e4,Generic,arm,arm:18204035549564507810,false,train
4a7f844c5adef8d0b573f20fed84d484b9c5a1d875597ec37bd1cee2d403261c,Generic,arm,arm:6533130579193755955,false,train
5c6175dc7458d53540c9730d515a3e61ccfb239b08fee70fde805401c5da40ad,Generic,arm,arm:15364544986678278794,false,train
610d7a424fc09e3116292dc7db8de35870956d8ee255d2de99324abc2a77ee3e,Generic,arm,arm:15184383686346286271,false,train
70dc6fd13b43a0c80214bc383ee01141e0dcfc27cf29ab7f23427976a582bd1b,Generic,arm,arm:6464661951406393291,false,train
8f03ff4be9428354f73e158c1176b177e7582cdb48a386b68cf072e9da41360f,Generic,arm,arm:10638192610222482967,false,train
dbd4895c0fb482eddd7523aa490e4f2fc2ff284a60d7a9739699319d987dd913,Generic,arm,arm:2234375988117718002,false,train
e5691b51e9e209bbaddceb9e8f86a821e67a350563e16b61e4eb9bbdaa30d90a,Generic,arm,arm:3904970225590323432,false,train
e600d96958837bc8a69613508e653b167e664eb8c0a3b07b60d44bf2e6947fa5,Generic,arm,arm:14658060580186631157,false,train
ed5393f71d02b0956369cc62df241c2868e4714afef04e550c50603c51ba1981,Generic,arm,arm:9110302554811970299,false,train
fc9cbec985c10505d8f0f154614efb300bce6f84ef975089054d43e2094063e1,Generic,arm,arm:15594673146203843975,false,train
07326cce5325eabbe1caa2b3f8a4ab78e7913b65703c0afc3bab808441c30688,Generic,arm,arm:10355053011410119296,false,val
31623a86cd8be4918c0248ba7547f35fb71b47b18f844557da4506444d8b8e1f,Generic,arm,arm:12630732114548176231,false,val
6725f068e4ded800ccf68275875beecd20e356639f72463e97f2ea96fc3ce374,Generic,arm,arm:7984006457845988041,false,val
003e70d9a99ff0be4a2532c05a46883c0fe07d44123fd9b1f0a76d582b568851,Mirai,arm,arm:12797174119919430248,true,inert
0056f670e41008cb358364200ad4193b7171e31e873742af1c38bbf4d7052cfc,Mirai,arm,arm:12797174119919430248,true,inert
0082853c4089474ed3243efedb2c6e1cc933956e8d40b41fa9e66dc902845c2d,Mirai,arm,arm:11944351117873817769,true,inert
00c7c61479bc7b1b8d437e28188b8e92947411769277ffbfc375d2bac329e210,Mirai,arm,arm:16668519264017085037,true,inert
00d7034ece3975dce42b88431ef88c075fbdf10dfd99fd5be24db38a4f5f0bf5,Mirai,arm,arm:12797174119919430248,true,inert
00f397cc82de22d6cbf5c70c65c5907e2b1d7d6894867a759faa0610884f4df3,Mirai,arm,arm:12797174119919430248,true,inert
00fcdbc1b94a7becd34961888340a2d57089209029dfe3309e28071f339de475,Mirai,arm,arm:16668519264017085037,true,inert
0112075ffecda6cdfdcd100b49c2a6275d9846a548bfd3b3e7a3a931b7559fb3,Mirai,arm,arm:12797174119919430248,true,inert
011d5bd24dc37acd841cf8947a9538362d84390672aa793740d62eea71796b22,Mirai,arm,arm:12797174119919430248,true,inert
015ed6aae875dfbf4620976eccadb5970f0de7984f7b9d56ee0a3ec7d6bca92a,Mirai,arm,arm:18040591308751152241,true,inert
016248f2adae50411d57dfd3462664d6738e6a35f226d8c97dfcfc2585c0ccaa,Mirai,arm,arm:12797174119919430248,true,inert
016cc2b1c1045f0058d7e6e06db92ae57db219a6d383f7529cb26f3d8bb1f718,Mirai,arm,arm:12797174119919430248,true,inert
01b5e2e5bc35ce9d25ebb3461a55badc6d20eaf4f65a87aa0f087bac64e246d4,Mirai,arm,arm:16668519264017085037,true,inert
01c0b7dc4c8760d34905a00c3d2bd43e4e273a4e13248c8e138ec0136ac53520,Mirai,arm,arm:16668519264017085037,true,inert
01cbd6552a5075661c9f4037847e8957dfa0027ece605d37723c81fcdade078e,Mirai,arm,arm:16668519264017085037,true,inert
02149aacf1ba08f1f8204f47eb6357ba9c039f4ced2ac6e21a4e61dcb9658c2f,Mirai,arm,arm:16668519264017085037,true,inert
0227443279a3d41c6298efe55a67c26cde81f8445f72c65ff2ed0a124cbfb4e1,Mirai,arm,arm:16668519264017085037,true,inert
025b378f35a2bdba15bbf611dc3cc5cb62ac0ae922897983d10e060d4370a551,Mirai,arm,arm:16668519264017085037,true,inert
025ed47de95749019c00f5dca99b49e076fad2fb13b857697a14b7d6d6c304d5,Mirai,arm,arm:12797174119919430248,true,inert
02877215649dd29d08bf4828d603f31450020a65206be3de98c70b470dc7d9c8,Mirai,arm,arm:16668519264017085037,true,inert
028f68a2c1173a0bac48fa2d0d7e83032d7d09cb3826e06bf4309ec6d1e94488,Mirai,arm,arm:12797174119919430248,true,inert
02b180f850531e40d268a89e4c62844c0f4d643e070c654f142ad1eed57c04f3,Mirai,arm,arm:12797174119919430248,true,inert
02b768a225dba699f43c8da027603b327559375e94dca45f5708717eb03bd4b7,Mirai,arm,arm:16668519264017085037,true,inert
02e0fa88641d57267c228596eef22cbdbace31b49a593b1cb58632196327968e,Mirai,arm,arm:16668519264017085037,true,inert
02ecae9db2a41a75787d6702eac0977aa71a6e19e6c9c9ef16e50df6dd625378,Mirai,arm,arm:18040591308751152241,true,inert
03451da07c446396b54650f67f3935f38826f97f5113c09157645ac761e077e7,Mirai,arm,arm:12797174119919430248,true,inert
03ee82f89e0c891984573a2461ab2db85a23aa7b83898f14e82332c2e508d697,Mirai,arm,arm:12797174119919430248,true,inert
0469f29197278e543e5556174e354b6a0b86a22986d3b5ebef7f794accde65f4,Mirai,arm,arm:12797174119919430248,true,inert
048857c2f72518e49008e7ba73c943b983cd8c1f3e7cf74a0dded19ee8dde73d,Mirai,arm,arm:17227870960796995005,true,inert
050c83593879bb38a0b341dc450f0cce609ee5f24e1a69d91eda2a2dc80579f3,Mirai,arm,arm:18122483353504317530,true,inert
052ca9fbbb87a9d02192b33fa201058fbb2fc6437492b06a0c102b8066871a62,Mirai,arm,arm:16668519264017085037,true,inert
0583359d6f32dbe88dfa6d5cfb9a9319374d4b1b3a138595685192e92d195d7d,Mirai,arm,arm:12797174119919430248,true,inert
05ab15dd7e7d70b8978672eaaf9dd14a18fb6f38e3a81e0e9a5bd2d2da95813e,Mirai,arm,arm:18122483353504317530,true,inert
061d5f9abd59efcd3f3426cab10a05401a9aebcc206bb0774aeb14da0c25aef2,Mirai,arm,arm:16668519264017085037,true,inert
065edcce583dc6bb0e16ac7e0f9d86d374ca669d5a7f0486cdca71d017132fa3,Mirai,arm,arm:16668519264017085037,true,inert
0681c82e7d80bd4971d4bf0d85d9bb11ff700791dc6e235cd8b33048a1d58204,Mirai,arm,arm:16668519264017085037,true,inert
06f7a99c137b20930026e15d5a3c8c88f7c4570f371cd25f7b5b1a51fa4dbac8,Mirai,arm,arm:589532870003722328,true,inert
07216df5350130412f99bd3977cf2a6a9a5aa19a2c6dd2a470f78fb973eb87ff,Mirai,arm,arm:12797174119919430248,true,inert
0724beb7bd89312cb18674a916333cc56dab5e4806a60b7a8e9984d95b52f97a,Mirai,arm,arm:11944351117873817769,true,inert
077597e9d440b6070a05e437a80e91abee40cc950a97f6fe0179930c27ca6282,Mirai,arm,arm:16668519264017085037,true,inert
07aeeaf87d81736e5cf4599c13a8ac850cbc7584c5c55b953d91657b3163b9c5,Mirai,arm,arm:16668519264017085037,true,inert
07d42c5d05fa6e3d01955334ab08f92a0838f7387023c162b000c92ac403d8ca,Mirai,arm,arm:12797174119919430248,true,inert
088f93011170ca5dbca68b1af2b57cb398c8966adf12b60e530c045804d2fe18,Mirai,arm,arm:12797174119919430248,true,inert
0891c82b81894ee4392280c5ec2e7bab4c9c3c0973dfe71b7847031bbcc7b3da,Mirai,arm,arm:12797174119919430248,true,inert
08e65d85f69e592860a8b83406a0d12fa24e27fa05f46e7489843365111b96ba,Mirai,arm,arm:18040591308751152241,true,inert
095d4974aa14bd2cc8cc5a789886e7176e686bdaabcb6b50de99ad833beebb77,Mirai,arm,arm:12797174119919430248,true,inert
097058f32efa303849cd63966ef8c3c265a1031508fda8d1803cf69f56d83beb,Mirai,arm,arm:16668519264017085037,true,inert
098872cb29e0b0b3b70f9090452a4e0a267b5446b529535387e9b187bbe8131d,Mirai,arm,arm:16668519264017085037,true,inert
09b1df04f09dbf22e53c147a415ca0efad63c40710df0fbd1179e767b304e912,Mirai,arm,arm:12797174119919430248,true,inert
09dc062c32558aeb62ba83b029bc6fbe4445336b2260cdbc5610cb27b65bc87d,Mirai,arm,arm:16668519264017085037,true,inert
09e055a57ad9ef9380607208135b349400a2b349ff6a1359ad0d9dab8bd375cf,Mirai,arm,arm:12797174119919430248,true,inert
09fa19c5f37c2c00864b85cb04e6cd7d023ebe4972b4d10ff39729eed41af6b1,Mirai,arm,arm:12797174119919430248,true,inert
0a183cb2d8c9e52daf8437c80c67d8e3727c9e0704bd6c055cdb83193926f02f,Mirai,arm,arm:12797174119919430248,true,inert
0a2c2d206c1f219e0258b1097cbe7a2ec5b34326d270434887fe9b8269645ac4,Mirai,arm,arm:12797174119919430248,true,inert
0a3d7cb15e74343a06b20fc54ebfe047d23946385688cd7558c73083a8300896,Mirai,arm,arm:16668519264017085037,true,inert
0a4d30f7f3658b79beed620b447c067476e4c6e2a3f726b8a5e85374f999297f,Mirai,arm,arm:16668519264017085037,true,inert
0a84513024492f9959098a163a1bcee00c2a5cb344ad2c85c400e31ad4ba874d,Mirai,arm,arm:12797174119919430248,true,inert
0aab816c661b4462d420b9df265325f89b76b4294c9710be5552bb46b3fd10b5,Mirai,arm,arm:12797174119919430248,true,inert
0ab1bc09eb8aa35cf6f8f2b33a85b087f34d932b108245bfab0d5b418dd1436f,Mirai,arm,arm:12797174119919430248,true,inert
0ad4ac0456922e09c01fd8628637120e7ceb05ccc89f95d429b85a2631569402,Mirai,arm,arm:16668519264017085037,true,inert
0b23bcb274f9547f692a977721ccf400e36a52cfb6a42ef5a44d010356d77692,Mirai,arm,arm:12797174119919430248,true,inert
0b481add10d41afb3b845fafb4e7bf617092dada8effa2bbddb3f64a8479d486,Mirai,arm,arm:16668519264017085037,true,inert
0ba5d3fa6a313f766a41718f28d7a631e45f064ae3cb9b789985ffd4b519e10b,Mirai,arm,arm:16668519264017085037,true,inert
0bcb2e59b1a73ea6a80877369facf3ad9430072af39cc918f6a1599c47b038d5,Mirai,arm,arm:18122483353504317530,true,inert
0bf9189cf002f219da7570849492a73ee46580ffd5eef98be4e05e4c61cb72d0,Mirai,arm,arm:16668519264017085037,true,inert
0c01e0cdd0ace5a1f3b6c139460a52c3935945026049d47621c324fc4b18f640,Mirai,arm,arm:12797174119919430248,true,inert
0c0f7009c84bcbd186eaa7fbbef2a34007484d83d62fa4ea76f3825a77d7fdc5,Mirai,arm,arm:16668519264017085037,true,inert
0c4f9bb951bb0778630c2fbb3c02490e3ebd45f38fd44ed6ac4c17a51a801c4f,Mirai,arm,arm:12797174119919430248,true,inert
0d37fd2fab1ce1fa7b0a9d901f4b2b6b1cd0ede4339410e5381907209f730722,Mirai,arm,arm:12797174119919430248,true,inert
0d53bcc3cce817902c95c4216582c8f56a205f892baa4f9271f4cc82482d760a,Mirai,arm,arm:16668519264017085037,true,inert
0d70be4159d90f62331e05fe5e3ea6c557e28f33da329ae2334183270c611655,Mirai,arm,arm:12797174119919430248,true,inert
0d9569a7a9fc01f8686f3e5698a99508521707a4d36bc4f90a636918e1009ed6,Mirai,arm,arm:16668519264017085037,true,inert
0daf67754ff6d029165852e0c30952894f637c8fcd4f47c9099f67b0cd34115c,Mirai,arm,arm:12797174119919430248,true,inert
0e17347460d19fa7cbc5eb0cb84b5bd9fddd15f2998e0d0b3b62206905f37184,Mirai,arm,arm:16668519264017085037,true,inert
0e663685983364ca515359b1a0e866cd2d8a022791498cfc2dad502cdb911c22,Mirai,arm,arm:12797174119919430248,true,inert
0e98e3c8efa1181282c9e6089bb8e1303ea8dc8b340a686979dc9ce43da680a8,Mirai,arm,arm:12797174119919430248,true,inert
0ee66ea81a8b1cb15ef5bed1d327be784ce7e2a1ead4b02e5c3ae1e90f3dc4d1,Mirai,arm,arm:16668519264017085037,true,inert
0f01d31c9b0a17e56c37a9fb78e6df18a2268f6dd859c50ccf567fa20039cbec,Mirai,arm,arm:16668519264017085037,true,inert
0f8f3430aba120b35fe8c820673bcc35ac8a6c7ffeebb7f26fd591b109b7008d,Mirai,arm,arm:12797174119919430248,true,inert
0fa55971639d8d3f9c4011b22acd882bdf58524db33761b833fc7ced6aca680b,Mirai,arm,arm:16668519264017085037,true,inert
103ea4beebceb09e1853f39c629af1ba3a0cbf4f634d626b1a116675e2752ba4,Mirai,arm,arm:16668519264017085037,true,inert
1043bd65f82b242edb0c7214d5cf31736492f25fc0d46252b5253ff162f5a584,Mirai,arm,arm:16668519264017085037,true,inert
10572fd4546cf3bea392ef5ea9987defbd309e4073510b37d8bdf2b17cda548f,Mirai,arm,arm:12797174119919430248,true,inert
108c0cd17b1e7e83fc8f9ca155d3a78ba11b988e29413cef91b620bce001c37b,Mirai,arm,arm:16668519264017085037,true,inert
10be7a699d88657a89c0714275ae43a2c432c20cda0c8c51d135983cae581e57,Mirai,arm,arm:12650864651911792472,true,inert
10dae59aeb20e4b3206bdab9e7a800396aff8617828bc8e20cb4e8579f7766f3,Mirai,arm,arm:12797174119919430248,true,inert
10f71de858c8695dd3da2f0d9fc5903e0d801d00f4c2b003e7f6a03867ab05dc,Mirai,arm,arm:12797174119919430248,true,inert
112406af83b8d3241ac9a6f927dcd3a9ec824c2d1bccf43cbeae351f33e2dde5,Mirai,arm,arm:12797174119919430248,true,inert
114079564b932a3ec9edcae3f37f60ec5f7ff95d20e17d895fa17e5ab94f732c,Mirai,arm,arm:16668519264017085037,true,inert
11d60d2d78e7cf50ae61ed6a8cfb31f4d68a1fbf53d014de1f202c9419c79c0f,Mirai,arm,arm:12797174119919430248,true,inert
121a5c126a3350d74e100f1133c55cedd78cac0c251541793a11ac417981a68d,Mirai,arm,arm:12797174119919430248,true,inert
12425f440df07076bd069e67ad461851eaddc2f9c4c2f72da199ab838b8b9dc8,Mirai,arm,arm:16668519264017085037,true,inert
12d12d4ee1ffe641993c2ca83b161e1ad4d1e0bd635790cf7053aa097d679784,Mirai,arm,arm:16668519264017085037,true,inert
131da95c953d958f4e4df41fbfb1b3070e1af0bf4dfbe2707ad6e08fd5da6cba,Mirai,arm,arm:16719155217112093915,true,inert
1324666d1b1911cc29fc918641cfcf8ec883d81c1b4288c407e95006bfe44b97,Mirai,arm,arm:12797174119919430248,true,inert
13442b01bffdc08290d093787ed3b89be4919d1260cf40ec0f1fb14c77678383,Mirai,arm,arm:12797174119919430248,true,inert
1376db03de4abb532a9f4009cf7ea399cab121d75b2ff75a43f15be39f75a4c3,Mirai,arm,arm:12797174119919430248,true,inert
13857b10996de8f4aa76c7d7b921b981877b7ef6925c5dc7377c11f824b5370b,Mirai,arm,arm:12797174119919430248,true,inert
13865352ac00e60456fe0e376064d122a7d6ee7c6a38558712f50ff97b288138,Mirai,arm,arm:16668519264017085037,true,inert
13eeb0b2b5902755dca396e6a01f2bd9ad1ce817d3331c7d2cad8958f8dd904c,Mirai,arm,arm:589532870003722328,true,inert
13ef47316be81629c83c592c7ce804f8801852d72e54d5bc294f761329acd378,Mirai,arm,arm:16668519264017085037,true,inert
1403017b44e7f65d1a3655a1edff705f8a8f31ff936cbdd8a02949dc1d9b1b58,Mirai,arm,arm:12797174119919430248,true,inert
14655c9a2420d2333009ca90659a720b9aad827577d01990fbb1143be08e4bb2,Mirai,arm,arm:16668519264017085037,true,inert
147d231735a0c1f51e357776c8d5412db24bf086d71ca046e4cc17ba2baa37a3,Mirai,arm,arm:12797174119919430248,true,inert
14861656e6754a7ee1560caca062859c205459dca248507e8ef1a62ed2d0cd57,Mirai,arm,arm:16668519264017085037,true,inert
148aa65d2945d446e30cbfc03de70647589f62d0b46d54c155583df975e23330,Mirai,arm,arm:11944351117873817769,true,inert
14907cf376e3a093dcb032d33a7c31e0ac9c681ac82bb63ecb0e2b3a48f1a546,Mirai,arm,arm:16668519264017085037,true,inert
14aac8c2795634dde4f85a4f237556be1871a211593dd149575e54620db9713c,Mirai,arm,arm:16668519264017085037,true,inert
14dbd527ec5b5b756f6167f6131543422de9debcbbbc86e307c3193af6f4c9cf,Mirai,arm,arm:16668519264017085037,true,inert
151bdc7bf078521234837273daf33e2aeed16221cc4660dcec66fa383aea3bf6,Mirai,arm,arm:589532870003722328,true,inert
15237b889f3ffae5cdbc3a515b78817a85ead8c43678087f89b18f1e849e88cc,Mirai,arm,arm:12797174119919430248,true,inert
153f280c48d18a03c2b2ae6ed90889b188daa2fabb11f00f58879ae085df5842,Mirai,arm,arm:16668519264017085037,true,inert
1558dd7f3a14b2f2af254d23d2ce6c642db219730a79b406f84fe2ac0a56c05e,Mirai,arm,arm:12797174119919430248,true,inert
159de033740b2694f2e42b69c7bf50a57dde679a684ee6ee7422850d11de6d61,Mirai,arm,arm:16668519264017085037,true,inert
15bca10b662d20021231354a02768b8850d52d31d1ec8c2a7f3f5df0163eff34,Mirai,arm,arm:16668519264017085037,true,inert
15ef493e972b186bdc96d3c3eae1874057172e58f6b62d5a3561ce3229370af1,Mirai,arm,arm:16668519264017085037,true,inert
164163cec9c7591fbe4c32f7ad0a17f7bda0ae670228cc62b1d048267f205063,Mirai,arm,arm:12797174119919430248,true,inert
16430c92472f45d68c75e1054848032d47a2179fa561493c13efa81eb7bbec11,Mirai,arm,arm:12797174119919430248,true,inert
164e02a12f3a696a7583c59cf8e465eb64453f840347395f2187ed22b4a2f426,Mirai,arm,arm:589532870003722328,true,inert
166a114166574f78604eb2266ceb94b929a3f96550e7ae84df05694f47d07ac2,Mirai,arm,arm:11944351117873817769,true,inert
16a675c050c0936a89abbeeed34db2572d10d018463a4a7fd9f364681732e7cd,Mirai,arm,arm:16668519264017085037,true,inert
17024eef3deb54cd43fd90938ac7b8f14e6199f3a105e41ca613836bd0cca2d4,Mirai,arm,arm:16668519264017085037,true,inert
17369cc3a929b9e62cdffc8e2cb2933459ad7c85efeb1c26c19fc8b2a9059996,Mirai,arm,arm:12797174119919430248,true,inert
18088191e6fa5ae81994254f20fdb3aa19fc0c2bf7814631e0e3a23480a82d1a,Mirai,arm,arm:16668519264017085037,true,inert
1834335434ecf4106e0f47e2b78e9db86e3cbab11ed939653414c45fb9a597d6,Mirai,arm,arm:12797174119919430248,true,inert
187b808200cfae77db0aec0df02eb9d65f7ecaab9dad74dea008e0e470b060b8,Mirai,arm,arm:12797174119919430248,true,inert
18b55afa1c44de199b8e92f16e2465362bb08aea13b649a180181897e2b8880b,Mirai,arm,arm:12797174119919430248,true,inert
18bda677af0f5947ce58ac46e6597a0be5cb9deaf4a067f723cafb8b6aeaac3b,Mirai,arm,arm:16668519264017085037,true,inert
18c9c7d48a092af4e43a6a77a3b38d84b72c947604ad45147c0e75415e25fe4c,Mirai,arm,arm:16668519264017085037,true,inert
18ce253d098196d5189c8a11d1c270fb9ea34541a87d6fcfad2ed12b921abdd7,Mirai,arm,arm:16668519264017085037,true,inert
1933b8f5369e620b40a9ceb4493b0d1fa3cf5d0dd5d6d11e62b0c201f97862c7,Mirai,arm,arm:589532870003722328,true,inert
1934a444066f6aaf36dc51cb77b3f0212112b1a75f7e881e3b591256663066e9,Mirai,arm,arm:16668519264017085037,true,inert
196342e4cd0855460a452c75f759a5772b5c0fb941bcae61395a5887c5978e92,Mirai,arm,arm:17227870960796995005,true,inert
19675d0b1c09208e7fe30cb2512da5b5970a600df774321f6a875678cc031a00,Mirai,arm,arm:16668519264017085037,true,inert
197a21e66962e3110d1be8fc2bc7f020229424d35712632ee7bd36bc4133f216,Mirai,arm,arm:16668519264017085037,true,inert
1998755ca467637c39cab905a7edd734cfdb8b9999fe0fe552fd3c4025b5782c,Mirai,arm,arm:16668519264017085037,true,inert
19b81cb32eec2c43ec932b1ce25f1d51298c741f3f1eb6f831b69d6d3f3e5ee6,Mirai,arm,arm:16668519264017085037,true,inert
19ceb8c8e96c878d39b7943ee6ff0fbc90a55781dcbf67f7ebad96ba94178151,Mirai,arm,arm:18040591308751152241,true,inert
1a7703144783500b30d3bd44790cf4ab5e43c6f827003bc77259ac63f20aeb2b,Mirai,arm,arm:12797174119919430248,true,inert
1aa3ffaa87b8527d38690f7c47c439529374724a80d54d5d12a33e6eaa102851,Mirai,arm,arm:12797174119919430248,true,inert
1ad8ee06a2a4b4080f08cb83fd39ecbd1ee63469f930ae1a31f92609aed8a7cc,Mirai,arm,arm:12797174119919430248,true,inert
1b2fc694b892695a6e08797bb04adaca609ace3f3cfb8f33462e6b52055132a2,Mirai,arm,arm:16668519264017085037,true,inert
1b381da6b0d2ebeac10ea06ad434ac3b5f3156a6156626a39a9c5835eff550e0,Mirai,arm,arm:12797174119919430248,true,inert
1b9513bfd375779d8505524091e658e0cc1def9c594a71320ecf57717a23ebe1,Mirai,arm,arm:16668519264017085037,true,inert
1bac006668296da5b8d1485b15a5e7bd04abe599a8afa228a81f7e379c378ace,Mirai,arm,arm:16668519264017085037,true,inert
1c0c227eb5f2a0f001589fe64bf2f8382eae35a75cca9ed8ec34cd1a2696cd77,Mirai,arm,arm:12797174119919430248,true,inert
1c387a5026ca21fea7d2d951ea7d125c75134f7680f1b475799b6f3dda9021d5,Mirai,arm,arm:12797174119919430248,true,inert
1c3b840e35fde68d5f731c138de82c7974152e7af202612e9773535aba42678f,Mirai,arm,arm:16668519264017085037,true,inert
1c4d1d2f25853f0f9101e4dbffc9aa12d69eae07e6d18ac3864bf34d590a0055,Mirai,arm,arm:16668519264017085037,true,inert
1c87b80b778f299512264e0004583efd776d2e5f650d739317dd90f176f05dc2,Mirai,arm,arm:16668519264017085037,true,inert
1cb764dd1cb143482732d34f016e8367f7f7ac8ba3b38dcf8f407e7bbc10f6d8,Mirai,arm,arm:12797174119919430248,true,inert
1cecd079d72b60962c7ba28fcbca6ebeecdfcd3441e465554d12d1fb842d2652,Mirai,arm,arm:16668519264017085037,true,inert
1d46237c020be41c78c8040071ae9813ce942994d73cb29ef79362bb2275cc46,Mirai,arm,arm:12797174119919430248,true,inert
1d7a117d54824f0cee602ed429fab2c14ba21d44d71e2b3c70202e44b9633171,Mirai,arm,arm:12797174119919430248,true,inert
1e0a6e73e1f50e3918bf3b798d1248e8f448b923e7f75e5970306cd23724119d,Mirai,arm,arm:16668519264017085037,true,inert
1e641d8066ae741da744dae1c8a434e0ac76be98c583ffa132c5ef9afd5d599f,Mirai,arm,arm:12797174119919430248,true,inert
1e77227be00c2f05b94f7167c89ea4179ec7e560e1f6c5092434d9eedf164aa2,Mirai,arm,arm:12797174119919430248,true,inert
1e927fc1f048ce85d88c50b21adb4ac7bfae509cc14cdefa7dcb3117afc111b4,Mirai,arm,arm:16668519264017085037,true,inert
1f091554e386d83eebfb75a3438eb259b8609aac80070713c3b3fa900fe182eb,Mirai,arm,arm:12797174119919430248,true,inert
1f84ae5d0854d90c18c5d4938db9d2c570fcfb25d431a75e9c3ffafc2a3868d6,Mirai,arm,arm:16668519264017085037,true,inert
1ffa5dbc1edf9a25c9ec5f8907b1177d8aa6a870f9abf52267cc7f0d182a8e1c,Mirai,arm,arm:16668519264017085037,true,inert
20265f7b6d50837378a402fbd703a759cf8eb406258ba70b8f9ae591d6859f32,Mirai,arm,arm:12797174119919430248,true,inert
2047230d98e084d7cf2a896edfef200c52d1b0a4e75c180f813c82934c41bf6a,Mirai,arm,arm:12797174119919430248,true,inert
20c9ad11f7e873af384626a3f350f644d85ee82276e21d719040a4c4ca5cac70,Mirai,arm,arm:16668519264017085037,true,inert
20e7b49553a5ef17faba24a6b486bf79ff429feaab6eb633f223c05645b6c045,Mirai,arm,arm:12797174119919430248,true,inert
20f0687430fd6a2ce0da7fea1fc2691bcb7fcbf5fe0c14662aaa05dbb90e5c5f,Mirai,arm,arm:12797174119919430248,true,inert
213322de21a99ed57e49974932b8909e3365a5c9d4ca4bc5490b8a13eb67a58b,Mirai,arm,arm:16668519264017085037,true,inert
213dbbb3e2a13172c1e8ed0e4a32f14a2ce8c68bc492828f17acb6510537094b,Mirai,arm,arm:12797174119919430248,true,inert
217704e80c49b4834251a165ebc328a6d6e481d82f77bd37447abbe40c0cee5b,Mirai,arm,arm:12797174119919430248,true,inert
21fb1f9b13bed5fecdc990aea96544ca688ef5e13d1f028fe6710a1d689233e0,Mirai,arm,arm:12797174119919430248,true,inert
22b2f93798100cb6ff127a366506d11bd3e3dd6a5dd0966adbe41d0d583b9e2e,Mirai,arm,arm:16668519264017085037,true,inert
22e79ef62e14c6e590cb5cff6fa171f4849f4731f52f83c80f707eedb3a1f9c9,Mirai,arm,arm:16668519264017085037,true,inert
2308a43e9f175b45e9690ff6af797fcc841966aa8f87922d61748577ffd043f9,Mirai,arm,arm:12797174119919430248,true,inert
232dfc67e7b4be078de452400760e22d80ce2c199d017794e2b8642f43fba544,Mirai,arm,arm:12797174119919430248,true,inert
23de9cdb46354cb2ecc81fde115543a3e15727e803c768d71c65fec3c6a6db94,Mirai,arm,arm:18122483353504317530,true,inert
23f093c682d3d7b318eb0eafe886e5023f14d72da4143bc9b6da45a0bf3b5b2d,Mirai,arm,arm:12797174119919430248,true,inert
240b74e51c3b39a3e08627138b4477b78fba5ffcc5403893019de2637f2f3e11,Mirai,arm,arm:12797174119919430248,true,inert
2440a08ef827b95035b68cc191c7b89eac37365fa9e7d624e8936c519533e9c1,Mirai,arm,arm:16668519264017085037,true,inert
244dc3c41869d6813072f052454867a6ea0742a68d793261f15a5906657ce5dc,Mirai,arm,arm:12797174119919430248,true,inert
2451e8b569f75be710774b96dd534e878ea6b8b5f91e64f3eaa1584d149093af,Mirai,arm,arm:17048574331015211463,true,inert
246014f06c2ce1e5c173379016351ed809b657de10fb86b6370a91cddc7b1bb7,Mirai,arm,arm:16668519264017085037,true,inert
2539acb10a3e17e941e6f39d006191c2f1df910edc1c6b73d7aaeaf72bd3b79a,Mirai,arm,arm:16668519264017085037,true,inert
25fc8ce59db9eff379f1099d43bc33d4c853fc058c5eda80bbfdab0d693e1ba3,Mirai,arm,arm:12797174119919430248,true,inert
276059b437db4baaae5f5f30e4e0beea3d55c1e87c0fd413a28dc04c108d343c,Mirai,arm,arm:16668519264017085037,true,inert
27a5f930b4577809e921a457e973f2741b31e7a984c4765bc9920ae51878280b,Mirai,arm,arm:12797174119919430248,true,inert
27d31c5975a94cd1c9bec0e72757b88420f3882dee741a3b8d0edd339a4a90b5,Mirai,arm,arm:12797174119919430248,true,inert
28300cfe17a7c450b1cdc2cb29c4286dd25a14d4e84eede4761ffd0ecfda12d0,Mirai,arm,arm:12797174119919430248,true,inert
28765ba420b928bee7c9e26fe93cc1657c6ec1c22a27bb1551836ff8ad869d44,Mirai,arm,arm:16668519264017085037,true,inert
28b7c454cd3984568f3183bbbd536d8fff2536f4dd9729e916d8abea23e995a5,Mirai,arm,arm:16668519264017085037,true,inert
28f0741a5351fabe6b8025c551411590fbd4c835da54ff1f76b31db97ae59e0b,Mirai,arm,arm:12797174119919430248,true,inert
2966e821164ca65ab4a025bf39194c116f4254d83b67d19f646fc01c87030951,Mirai,arm,arm:12797174119919430248,true,inert
298a21965b308d2d738cec4d1e9d769a63d075203a4b490dd5dbc4b8be9190d5,Mirai,arm,arm:12797174119919430248,true,inert
29b26cbe73a34421f0a78fb816137325cc2b71fc2ffa2284b2449b00cee938d9,Mirai,arm,arm:12797174119919430248,true,inert
2a6c1e221eeeb134846b70aa147651e7125b3c6eeabb105d3b2555eae42e2c87,Mirai,arm,arm:11944351117873817769,true,inert
2a8303fc23101e028e2fd8fa9cc706d8c3fbb6d98f96cad09470d7f1642dbb58,Mirai,arm,arm:12797174119919430248,true,inert
2b075640685b6488e7f0ca9427f4454d2105dd51867c6fef83c60ddaab2e1872,Mirai,arm,arm:12797174119919430248,true,inert
2b38cd9acc8f0ade0afea3ee05bb41d128cc1d276fdaafa0e312f780bbb6b2f0,Mirai,arm,arm:16668519264017085037,true,inert
2b43bdb87570ee6948fb94a2622f8f96e46e16450a473d093b23a44ec48068e8,Mirai,arm,arm:12650864651911792472,true,inert
2b4437a0ac01805292149e2b4838c2b1e46f4ffe5fcd7721ee5f5b188e71aaad,Mirai,arm,arm:16668519264017085037,true,inert
2b52c9167188ab79e58af67e58d9790f8a9c86a4aa6a17007c79b5d093ea2606,Mirai,arm,arm:12797174119919430248,true,inert
2b628baeb8492359ba88b307bd001993b7a106d2493b16ba610793686d0d4103,Mirai,arm,arm:12797174119919430248,true,inert
2c01a4a87cdfb73d814e9876a3f938d5da779e26bf66b4eeca72027ad86658e7,Mirai,arm,arm:12797174119919430248,true,inert
2c27a5f75b7bf710aee399935875f5d89bd29142966ae09fc69e8837eaf2723f,Mirai,arm,arm:16668519264017085037,true,inert
2c891db4558b722fa9ef0a5c88c1497911821fe97b2c94652b9803adb4c82b85,Mirai,arm,arm:12797174119919430248,true,inert
2cc3891087fff964bfe19fa1e36810cfb472f5ad85235f8ed16feaffcb4ae2ef,Mirai,arm,arm:12797174119919430248,true,inert
2cd354324d2278fe5c8293b62e876fea4799361a342656be60f250f6108341f4,Mirai,arm,arm:12797174119919430248,true,inert
2d040a1f42e36ab0c8068e2d5483500e539a6ddfcadac208e3145a34bad2660e,Mirai,arm,arm:12797174119919430248,true,inert
2d313a8c396f578acd2f2be5da9083cd1bf20391b4a2e0a006cba1229f599abd,Mirai,arm,arm:12797174119919430248,true,inert
2d63b9fd88fa9e27e5e12b269bfb8b2f3bcc2b1cbb76eedbacf5325328d26197,Mirai,arm,arm:16668519264017085037,true,inert
2df471b8e33ce5250547f2996252137b15117b4bf20be3cd34454a80040df003,Mirai,arm,arm:12797174119919430248,true,inert
2e2bbf55fbbaf3a89292d8bb5f023eb35abc359a906796e9d20524cae037cd15,Mirai,arm,arm:12797174119919430248,true,inert
2e6b5a78a7546aeb3e6c8d9bb715335b0b4a8960d0d2a10f45672a4863e49029,Mirai,arm,arm:12797174119919430248,true,inert
2e9f8709aabf3eaf1b32366bfa8951a71d722ba5d2c63cfd8a3200570e2b75ba,Mirai,arm,arm:12797174119919430248,true,inert
2ebb23170204e2ac917005ab13de86f74fc2940fa357fe418b6b999e85c12c60,Mirai,arm,arm:16668519264017085037,true,inert
2ee2b515d794d3109a87754d7bcfa4cb114d73355fa07028cd5058134c7aa35f,Mirai,arm,arm:16668519264017085037,true,inert
2ef0d248623470bfc78947bf0ee9f44afb3b583831ef3fdf7e545ea62f3e4fd0,Mirai,arm,arm:12797174119919430248,true,inert
2ef1d2c65e10b1ce56035494607c5ebaf1d6c976d3c4745d0b15b07a2b865973,Mirai,arm,arm:12797174119919430248,true,inert
2efca57e64bc777b4aeb41d83493cd5f2593fb133255509b8fa4d5f89b8bb57e,Mirai,arm,arm:12797174119919430248,true,inert
2f2dada2afbb3b8fe4549cedae6382dd9be814e5ff7602b9f5db706b6e7f868b,Mirai,arm,arm:12797174119919430248,true,inert
2f43a7b4a756b84052be76e13cc64f118dab848c7e4031ffe74fac73125b99bd,Mirai,arm,arm:12797174119919430248,true,inert
2f666b04bc525cf31bf17e492a94f9955703ae9ba81371b78aaf989d52c467cd,Mirai,arm,arm:16668519264017085037,true,inert
2f6e1f4b35fa188a64549b2cdcdd99c2549b775695fe13dfbacac29177137e54,Mirai,arm,arm:6642971321474787873,true,inert
300fe97673668d2051ade53fb08ce730518f06fc50391d53b2ca4e9f5297075d,Mirai,arm,arm:18040591308751152241,true,inert
3053cabecc5020d5baafc3fedcf617cbe954e5ebcb9f780ae6fcb73fdfa9e769,Mirai,arm,arm:16668519264017085037,true,inert
3075db3c1b69a0df8b98df58eafb8eae6d34c061e21ebf2f5fc83244fc29c8ef,Mirai,arm,arm:12797174119919430248,true,inert
30850933693044f5487682940ecb25b0403d079b3ceaefd9f9a7516540478424,Mirai,arm,arm:12797174119919430248,true,inert
30af745927b667529304d9c3edc68bc710e60a3cecfb517ef6f07eab9c85ec4a,Mirai,arm,arm:12797174119919430248,true,inert
30b075334c352093aa9e508c71838dd1d8f0225c0edc20ed0723efc35b1e3369,Mirai,arm,arm:6642971321474787873,true,inert
30bf7ab606c8c55a524e568a422b5df0c6f1f19a2d053cc41dd5a6f7e9a58660,Mirai,arm,arm:12797174119919430248,true,inert
30cede27721ddc630ac1f586c7c1b3269d93d3683fb9f5945ef73001587de588,Mirai,arm,arm:12797174119919430248,true,inert
30ec3ad90921921fd306d966ab5d3cc7415fb181e8233bfbd34160dd05a00816,Mirai,arm,arm:12797174119919430248,true,inert
30fc9e10eeaedda7a8179828c766e7b766f1485db4b8cc791e156e0c30602594,Mirai,arm,arm:16668519264017085037,true,inert
31229afeb4dd5fc6e47d5568d34c06ff95aad104f8faefb8ee855a88a30f444f,Mirai,arm,arm:6642971321474787873,true,inert
3185d8433abc0b7c4fe8ebcffe81bd517adac1f380981a1e1491750d93e2a407,Mirai,arm,arm:16668519264017085037,true,inert
319b799705ff87000d69267fba7ef2d4f4e9abac5abfa4f4e37c549e9cfa6b0b,Mirai,arm,arm:16668519264017085037,true,inert
319c295e0e0a26e229b0c3ca54e9f951d23a85f1f81389b6a2457499784c34b3,Mirai,arm,arm:12797174119919430248,true,inert
31a7c257c0033be47dd32bd1b3f8b45a55ba5c9dc1c7df16d464abd36accf0d7,Mirai,arm,arm:17227870960796995005,true,inert
31ecf53c83e935d6f7421e2b43a90399fae43e2423ddb7f578f5aafcbfb38afe,Mirai,arm,arm:16668519264017085037,true,inert
31f3667481cdd836187405f1e578abdefef55b4bdb73ecdebe47ecf7502a9384,Mirai,arm,arm:12797174119919430248,true,inert
3211072d7733df323e793120bfc1ba563eb6fb9abc5086bb8d13a37337eb9f40,Mirai,arm,arm:16668519264017085037,true,inert
324290edf6342c609aa66a125e5d636331cfe24ce1589c4d365bbe11fb422c86,Mirai,arm,arm:12797174119919430248,true,inert
32b5c6b901405a852305d07c2e3075b738d5e69abee211b929a68f8f44ef3886,Mirai,arm,arm:16668519264017085037,true,inert
32bd26fdeed6fa884d8e01fd74044c828d3ff408ccad9522405b3941cda33205,Mirai,arm,arm:12797174119919430248,true,inert
332438506c2f1763c6509f2ebd4d067f78dd22aef55314d5cdd5663b224ab68f,Mirai,arm,arm:12797174119919430248,true,inert
339d67c5cf76ec68d1547fa6bb43c2cc9cf570259886b9f9f410e7aedf89ebd8,Mirai,arm,arm:12797174119919430248,true,inert
33db7f13d4660a7a964db8c201c9030934163ce12d5cd98ec236652bf414b62d,Mirai,arm,arm:12797174119919430248,true,inert
3414fcf4f3a9ef9df437d8b542f3f95c8042f32f9ece85dd7fcd30d3fabd2ef5,Mirai,arm,arm:16668519264017085037,true,inert
341af5af6a4fe9a50478d2320730ebef2ac38294474cf563148a5b93b56ad49f,Mirai,arm,arm:16668519264017085037,true,inert
345b6e85ae2b9145094525dcafd2bbb39f5501f8fd0c2521fc44aaef1e292d52,Mirai,arm,arm:12797174119919430248,true,inert
346de477fc3c4a85d2e79bc7fb887acb238e35dc16431a91b3e2528c982aaf81,Mirai,arm,arm:16668519264017085037,true,inert
3471fe3f5700f0472655a1c2bc23c8182aad97cd9c628e490204a3989a34c812,Mirai,arm,arm:12797174119919430248,true,inert
347bbf6d113007aef1fb8d3ed6304f749900f8ea09c08f6cfdbbd71f05a842cc,Mirai,arm,arm:16668519264017085037,true,inert
348101f0cf9dfe06d40ddd7ff5b0e629db9c7762f2b5414780692b53bc66532f,Mirai,arm,arm:12797174119919430248,true,inert
34b043c2cb637d7d60540bf91dd5cc630a8cc811e5c2d4c92d99350771386dfe,Mirai,arm,arm:12797174119919430248,true,inert
35460657009cc3e64d2602d8aca3daec22ab8859a975c26232f8c1d7145fb7da,Mirai,arm,arm:12797174119919430248,true,inert
35705fc23497715bb633ffd09ea3d92a92fd549e4981c113855b66184d0508a9,Mirai,arm,arm:12797174119919430248,true,inert
357bf954a4c5d5f50f6e0ea3d9b86befa6e91e525961dcd83495dba456bdd897,Mirai,arm,arm:16668519264017085037,true,inert
35b6e740ecece40454899fb48186141fdd9dd7ed126c44a2e1a8967942e4e9d9,Mirai,arm,arm:16668519264017085037,true,inert
35d62b78afb79bf55a14315806bd5855789adfb5ad6a8e5a9259c3167d803194,Mirai,arm,arm:12797174119919430248,true,inert
361d5580ac7919ef5a72582ca80d2901c65f787ba86c52b44a3a170a7c1aceb6,Mirai,arm,arm:16668519264017085037,true,inert
3627bec03ef5f542d232487edf08c0d5b9f0f5fd59e53c3b820c44da6950adf9,Mirai,arm,arm:16668519264017085037,true,inert
36671ef61a4dbaa2b88c9ec814890dbf91415227b6d43b79b68fa49656f72cc4,Mirai,arm,arm:12797174119919430248,true,inert
36b6bfef1a4ad43e0353e105f558f7eb90335d228f0874df3778c85b2670bbd7,Mirai,arm,arm:12797174119919430248,true,inert
36d4f9ff7ebbe2062a5a63506a19d7f25634ff7761fa8ff15f1ab2f5e9081383,Mirai,arm,arm:12797174119919430248,true,inert
36ea6567b6b6ac93f6b84220dfb294059d61845293fc173909cb4bfce10bc874,Mirai,arm,arm:589532870003722328,true,inert
37018d629fa88d9b99220982142fbdb682bda5ae46f47ee3ecebc97b67104409,Mirai,arm,arm:16668519264017085037,true,inert
3722bff1d553489b9a6bfa8792edd759cb3dbdaa53d908c682fba14d59003775,Mirai,arm,arm:589532870003722328,true,inert
375ae36fa2e103c962e422d3e809f24d7ba4948660e603d04135b32cfc62f42b,Mirai,arm,arm:12797174119919430248,true,inert
37792f9f70dfbfc963a9d1de91d8e565fb3654376d0ac267548995d01cf90059,Mirai,arm,arm:12797174119919430248,true,inert
3787b385abf912f15d1822348ecaf0c7dca5fa40e79aaa50d3f2fa812af1d984,Mirai,arm,arm:16668519264017085037,true,inert
37a3ca733836113b9c0cf3eba19bde806666c516222fea4ab43140558993f7b9,Mirai,arm,arm:12797174119919430248,true,inert
37f412cd6da7842c215c51e445d429465326266e6ee56f306c1865fd2fdbde1b,Mirai,arm,arm:16668519264017085037,true,inert
380cddfc6a1a24174c4bd4ca0b068c7a1c13e58b024fe9a5e137dee42f09be2e,Mirai,arm,arm:16668519264017085037,true,inert
382b439840dbdc8d98bd55f7432218275174ec5948af5075a94920ed9093ef1c,Mirai,arm,arm:12797174119919430248,true,inert
38c2d8efea74f88a7514f8a1219672970a5538bb673c7a17d2bba7e43e63972d,Mirai,arm,arm:16668519264017085037,true,inert
39485847f59ce9d8437f07c38c318da0d52610b4b0738dee580c1b53d6f9ca59,Mirai,arm,arm:17048574331015211463,true,inert
3965c28031733c728864214ce25d00196b95d09297e037b79687c8969825705a,Mirai,arm,arm:18122483353504317530,true,inert
3967757406811d79c6583f51c13f7f8a0a8cb766a77060a1e9efe7d4e4a87744,Mirai,arm,arm:16668519264017085037,true,inert
3a171c69cff60a32a78edc07401c5f33ef5408fea8c9375913e088ce5fd70ff2,Mirai,arm,arm:12797174119919430248,true,inert
3a625e5dc30233875ecb0516d68e427f8c6ca69fcff339aa2412aea3ddf7b8e8,Mirai,arm,arm:16668519264017085037,true,inert
3a900bae18d7e138581c94a7ca8ef9b20ab9b7b4ad480812f8f43fe9cff9b5cd,Mirai,arm,arm:16668519264017085037,true,inert
3abc7513b21464cf9392f3b3195238fb11fee04a6bdaa83fb7b70d5e69907c69,Mirai,arm,arm:16668519264017085037,true,inert
3abde2c480fbc67b0aec1e9c3e19734342606aea59c2bb084b20d6ac69448048,Mirai,arm,arm:13838500432571250945,true,inert
3b08fdd218533ef8343a70952e9a2a093af0e847d97bade45be13b26de255f70,Mirai,arm,arm:16668519264017085037,true,inert
3b2d13745b3da01456b0f100ae3a72752950a19d3c49e634681bf1ddf90a6d72,Mirai,arm,arm:589532870003722328,true,inert
3b38dca1dbead6863139f8e4e9d5376bcdb2832ad6cb95f6ab40cdb39f70397f,Mirai,arm,arm:16668519264017085037,true,inert
3b538e22f0c0c318a3ac570c77cbc612bbcf6956399b45d6ec7f78b0a1fe8cc1,Mirai,arm,arm:18040591308751152241,true,inert
3b9ee7421acafa6ca9e35f6c7841e00f193596ab5211fc86eadbe974f7238445,Mirai,arm,arm:16668519264017085037,true,inert
3bac860c5d0015787044eda4029c3e7c521cc0c01bbdaa1ee6cc7ecd2c7bac4f,Mirai,arm,arm:11944351117873817769,true,inert
3c12485e80af1940a1412e73d3d0f6c8c06bfd8ebca9ca08a60af1bc0164d205,Mirai,arm,arm:16668519264017085037,true,inert
3c7c515fe90207ebeeef62d17e502882cdb4c0cf1b75b7836e2036a2ac179378,Mirai,arm,arm:16668519264017085037,true,inert
3c7f093ed0dcd363d724764d617623eb779bbb36372919bfc817f4fed0fbe887,Mirai,arm,arm:16668519264017085037,true,inert
3c9998b8451022beee346f1afe18cab84e867b43c14ba9c7f04e5c559bfc4c3a,Mirai,arm,arm:18040591308751152241,true,inert
3cb3b3f2b745d96493cf5e26fd2e868eee4e871d113f39517da2fc801cb865a3,Mirai,arm,arm:12797174119919430248,true,inert
3cb5693463eae3d9104d0cf72e7637a8b6c65439ef542acbbedea723c1e6a045,Mirai,arm,arm:16668519264017085037,true,inert
3cf19b13fd40acfb5a3a7a41f62adeb41a091a84160dfc84a2bfa7206739c66f,Mirai,arm,arm:16668519264017085037,true,inert
3d03b29dec78304e6e197285ffaebfc3803b27b4730106196618f783d2b778c5,Mirai,arm,arm:12797174119919430248,true,inert
3d085fd5f390b3988161e9da4615fdd35189fc5cd708dc48a641b685e66c5e03,Mirai,arm,arm:12797174119919430248,true,inert
3d60744600a2c554b35322fc415d6bdc7aa4ee5aa6331fcc086d5ec1cfc1357f,Mirai,arm,arm:12797174119919430248,true,inert
3d6395c61708e4e086afedac8b5145c8a2aafb78bb307fbc39d3adf12ce8dba6,Mirai,arm,arm:12797174119919430248,true,inert
3d8cbd165459aab291dc1232490811025656d487fb092abf74b41d41e55ec5de,Mirai,arm,arm:16668519264017085037,true,inert
3dd8b04013b3c464b86701266c039e893ca38e9e956d4e88ed0acc57d1d32b1e,Mirai,arm,arm:16668519264017085037,true,inert
3e4e2abcb85b55b0e6e7a493f127337565e192f98ac8a2df26ff9141c8a9a039,Mirai,arm,arm:16668519264017085037,true,inert
3e6d030e10761352905aadde9831e0d18656a920c51e71f66d0bb7097a69d80f,Mirai,arm,arm:12797174119919430248,true,inert
3eaf198f5a1ba4200a64920b414b456da730969d2e5fba65e5894405d5daa591,Mirai,arm,arm:16668519264017085037,true,inert
3eccf7641f8b3c12e022fee60b126b47332fd94ad93297182152b836f5312c01,Mirai,arm,arm:12797174119919430248,true,inert
3f11916ddd2a6124d9f7f08042e2f0246abffd169dcb3a6ef8c848c6d0e0560b,Mirai,arm,arm:18040591308751152241,true,inert
3f2cf1cf8df33de1ccbc8756145294f6dd974463fddc1f9f0be94028e74a54ad,Mirai,arm,arm:16668519264017085037,true,inert
3fc0718d93d299ff46b9e7ce24151c1f052a39650197879b1fd90df6cbbd4c3d,Mirai,arm,arm:12797174119919430248,true,inert
3fdd90d69e461346c28f48d94444e9e6b8b270098a10277a8d95dbb0c54dd58a,Mirai,arm,arm:16668519264017085037,true,inert
401803e310f92cdef677e113b4b1a10e665492f6771f06f3c6c3a1cde42a889f,Mirai,arm,arm:16668519264017085037,true,inert
402231b56cdb3207c797ac9a17a5915e1a4a2b91e02866d3c71256a070ebc6fc,Mirai,arm,arm:12797174119919430248,true,inert
40269287a91a7c2ae1b120b37df616150a70c2deb51e3e0071b1b01bf494cda8,Mirai,arm,arm:16668519264017085037,true,inert
40320d22a274522972f163b8664f74fd54a30837c6a259998e5f3dad94522570,Mirai,arm,arm:12797174119919430248,true,inert
403e9af9bb0022403b10a057fc1afb2a36788526c6ea2d128234437a3c3ab372,Mirai,arm,arm:18122483353504317530,true,inert
4054b707563fe86530cbe73fc0a13b3e150f21e6271a8f6027b01a4866ec0e08,Mirai,arm,arm:18122483353504317530,true,inert
4065a665656bb052173a48f6ecb5923ddc5959b8edd689017be69fdc73ce0594,Mirai,arm,arm:12797174119919430248,true,inert
409cef560988476e4e441aec2e3e551e25c9a2b2cf36d9cae4d48495fcba38e5,Mirai,arm,arm:12797174119919430248,true,inert
40fda2e1baaff7c49a28a1bac05ab5932e22ef19ab0ba49eab0d3fb760817296,Mirai,arm,arm:12797174119919430248,true,inert
411f6f1d00b7f9d579043c02601c8901fb75d8690b90d2caf914aba2fc50e89d,Mirai,arm,arm:16668519264017085037,true,inert
4122e35f81b4323839d26236ce2a32de9cfe02f21e801010cb6af64fddc9569a,Mirai,arm,arm:16668519264017085037,true,inert
41245d570dbfd01d2dd8b107150eae8aed8fd9f1a2061f240e0c454f6f6416a9,Mirai,arm,arm:6642971321474787873,true,inert
413512aa1b9def0e5e0de0ff844d5510844c5e98abd4f560ebc2f7900ffe08f8,Mirai,arm,arm:16668519264017085037,true,inert
4156a026cf3181cc51422be221b4517fc62c4ccd9a0600dcc51583d680dc2c17,Mirai,arm,arm:12797174119919430248,true,inert
41c619187f70a094fde1b25350c2f10e1775cc7a2a862a539f3d16d05f7f1616,Mirai,arm,arm:11944351117873817769,true,inert
41ea37c302df78a83b58c2b8a5015391edbd16e05316d1ededd46815bf2ad726,Mirai,arm,arm:12797174119919430248,true,inert
428c7c71e3eefffd946baf32e10a2968ff3990c54e7076cb40af4f8590efe228,Mirai,arm,arm:12797174119919430248,true,inert
42c52c6237828c42ba1b8ad526df9a2f1f12290356cdf784b8987101469ca5aa,Mirai,arm,arm:12797174119919430248,true,inert
42cd44a636bd0c6f45f1c874996fdacb9c1339e672a95964bb9f4c022eff81ba,Mirai,arm,arm:16668519264017085037,true,inert
434d5b70b54eb985936fefd0bb0d47dc716f6ff09d113a0fa964d7137459c04b,Mirai,arm,arm:12797174119919430248,true,inert
4377b7609493d109646322bdc79a0ff4d30cde7028e101a870612524525f02bc,Mirai,arm,arm:12797174119919430248,true,inert
4381a6df50e905bda6997128f652d819e187c3f9dca52145152bcf89a8609fa0,Mirai,arm,arm:12797174119919430248,true,inert
439316634295609dad415db0a43901dc364a278a92081054e84a2b5d59d6c116,Mirai,arm,arm:12650864651911792472,true,inert
43e69eaaf3ab5bed25ff2e289bd55d98f04e945619c221bb8aa1c0be84f9e630,Mirai,arm,arm:16668519264017085037,true,inert
442765d4d74b570de116cd922fe5fbcb8a9719fc9fdfcc1dd85112a7be03579f,Mirai,arm,arm:16668519264017085037,true,inert
44367507d2587425433dd589bd0af989757d02a73fc370f1e1f420cfaa6dca67,Mirai,arm,arm:12797174119919430248,true,inert
4437eb8f68cc54de2235d89728cd4cf545d71bab18ded07470e6a21b5be65aca,Mirai,arm,arm:12797174119919430248,true,inert
44411da04c90b709a600f0a8b3c71945b47dd0cc58b6fc59cb26d1470c9718b5,Mirai,arm,arm:589532870003722328,true,inert
44564a8a163bd8b0449a295d328d0746a1c1e87cb1bace1c4641de2c71bd2e1b,Mirai,arm,arm:12797174119919430248,true,inert
44bdcbd53dbefedaf5078d36628b3d95aece28a02c778e9dd84a57cfd1fadfec,Mirai,arm,arm:11377077716241937873,true,inert
44d617e2366e52e7961fdc3d83dc4b22785c0c167ecfc5e1206cc636591238d4,Mirai,arm,arm:12797174119919430248,true,inert
459980122ea22c73d8e01d1d8cadf2797a6d73b8574b90d2da55895d3138202d,Mirai,arm,arm:12797174119919430248,true,inert
459d7e6fe460fd3dc93cba9430402d1cf4ae84daf38d8bcdfbe73ddc3699458e,Mirai,arm,arm:12797174119919430248,true,inert
4660c4fe5a12bc3f89ef807893866f32e02aee0c65bbe979901fdd97980062b4,Mirai,arm,arm:16668519264017085037,true,inert
46fc5c16a891ac2835c21413bd618f526b50d548781f55b36f26e89c90918f36,Mirai,arm,arm:16668519264017085037,true,inert
470833c88740b01e956ea2d07f953d2be0b03f2388b5eee82a0597951febfbb4,Mirai,arm,arm:16668519264017085037,true,inert
47435ee8621ce29c929356030e7477648bebe698a24deef43178ca1ff2ed6bf7,Mirai,arm,arm:16668519264017085037,true,inert
474ed0c7744b85291fd1f4d7b58b676dc40d8371c425d1efee004d58e9eeb04b,Mirai,arm,arm:16668519264017085037,true,inert
47755f40a6627cafa601bef78c7df3125723d6f17c0fce83aadf948ae94a185b,Mirai,arm,arm:11944351117873817769,true,inert
481769b22c70e495ec92f370709bd240b3709e8449a6ff839d245c1fd130ad00,Mirai,arm,arm:589532870003722328,true,inert
48c934f995d4636cd4cddfafc57dd0948a29e1c5251e3a9cc89229beb7d6f7f0,Mirai,arm,arm:12797174119919430248,true,inert
48f0bf61ccd9412ce9a07064e9ba8612021b837a1d538d4615d74e2b830c5264,Mirai,arm,arm:16668519264017085037,true,inert
48f9a8d22301d6087befc99119f30b0b7ef5d20203f0a95fea91aeecd10e1a64,Mirai,arm,arm:16668519264017085037,true,inert
4b12cdc9e9089ed2e73a42cf9f2e38f5450a5110a095805da98d8e22e58704b9,Mirai,arm,arm:16668519264017085037,true,inert
4b135e5f2b67b2ebe723b77faf62abd76440ec4b3beec606719936b3c52df764,Mirai,arm,arm:12797174119919430248,true,inert
4b9a9180c7955ab2d156d4c9db5979821f831aed62bdfb2f45faacee0143600a,Mirai,arm,arm:16668519264017085037,true,inert
4bb13f5bd0c7b9c8b2f586070553222c8cc77d71b186bc5ae78f49cc8820a24a,Mirai,arm,arm:12797174119919430248,true,inert
4c9b433fa2feab020b9bca53d1641098f132fb07076307c1828d6ea37b65cba8,Mirai,arm,arm:12797174119919430248,true,inert
4d06b360bb06bc7b9df6532159224029d5c010efc0b79cc4acda6eb9a2e16583,Mirai,arm,arm:12797174119919430248,true,inert
4d1d1ad113513f8d3df2a801966a1ed83fc44ba744138285c78de29524679c1c,Mirai,arm,arm:12797174119919430248,true,inert
4dadf3a9a1a7cbbca25d79a0dc64c25e757a4a0cff844c750547da32b4476b41,Mirai,arm,arm:12797174119919430248,true,inert
4dcf074c065f358cd8e187ecc88fc76d9c1a9c3f4401cbe3cdabd842cd6beeff,Mirai,arm,arm:12797174119919430248,true,inert
4de769679a31e5abd365842f43f0f0657b70f1a54f3545cec1432899f064b398,Mirai,arm,arm:16668519264017085037,true,inert
4e0a25572774cac8e3fa569cb7b4dae80b46477664850f985d3f46f91be87948,Mirai,arm,arm:12797174119919430248,true,inert
4e15e5939c7ff4d74ca9ed6639709168b0cfe072a537fc51063aef16ebf242af,Mirai,arm,arm:16668519264017085037,true,inert
4e9a72975eeafab58c25f4d8b0da6dcf09c540ef5c8c17ce4658adf5637749f5,Mirai,arm,arm:16668519264017085037,true,inert
4ec4ff36077b82e16180834883f89012b670b8d25a0cbe4470f59d96708b0ee2,Mirai,arm,arm:16668519264017085037,true,inert
4eca5f345214a5e7e5d4539677a042de047845423eb05175d3d0f562e6939927,Mirai,arm,arm:12797174119919430248,true,inert
4eeed934a3ed924b250abf78c31b29ac3b2e99ff73f522e89784e9099b8e2b4c,Mirai,arm,arm:12797174119919430248,true,inert
4f25d640d1bc211decf33505af1ce91840717f39a5a852bd2a9f40a77c454d85,Mirai,arm,arm:16668519264017085037,true,inert
4f590f28ac34f321186ab174af340fcd59adcec8a071fa27c618e614549f3f41,Mirai,arm,arm:12797174119919430248,true,inert
4f71e0164b2b21170c7a22054ad4c70f95efbda8d35080138d7486d660611a2e,Mirai,arm,arm:16668519264017085037,true,inert
4fa06e4b72aff6411db28f32ca2cfe2eecb7f50c7b1f629a959c70a818a91609,Mirai,arm,arm:16668519264017085037,true,inert
4fc0feabd00c2b7cd28815fd8bfa5a1630d00071cc4ae938cfdf4fbc40f5700b,Mirai,arm,arm:12797174119919430248,true,inert
4fd2841ea3b26e91b2df860aef8d79d8652972f10c8d01ba307d53a22a1d67f0,Mirai,arm,arm:12797174119919430248,true,inert
503cba39d4be0e331516c32763225fce01f45866ff25a02c1f5aa26462ab3c44,Mirai,arm,arm:12797174119919430248,true,inert
50475135dd6e55e802bbe995d28d4dd2552319237c38898dbcdad601c5b2ea4a,Mirai,arm,arm:16668519264017085037,true,inert
50a68ba04050407d6162e15bc0cf509f2d3be37c197aa39fc486be00f73f43b5,Mirai,arm,arm:16668519264017085037,true,inert
50beba7f0c1ee1a1cbb637989712831a8543ed846e06a10ffa48bdbd2e73be35,Mirai,arm,arm:16668519264017085037,true,inert
5175d5554e8711fa081e8c33fdf0de2c1c4b3bf3d7094fd90b26f52d50f82b25,Mirai,arm,arm:16668519264017085037,true,inert
5186af4786e83aae15d48509ee59387a0210cca99d5e041e8dbdf30ae3aafffd,Mirai,arm,arm:16668519264017085037,true,inert
519b2812e5e28ec877120f5a1821c968c73b26599ae262dca05ac16929d425ac,Mirai,arm,arm:16668519264017085037,true,inert
5215608c179c7f3fdc68fff9d19c758ef15e541b4cbc851de005788027a81aa9,Mirai,arm,arm:589532870003722328,true,inert
5229a1c1033183b9a69d4f2c8a67a50b5d314008230ba43d88daa154fb71059e,Mirai,arm,arm:12797174119919430248,true,inert
5246eb2bb29a408d06ad8f5d742161323449818134a9f092f041fba35563c861,Mirai,arm,arm:12797174119919430248,true,inert
5265946565216662e18ae8714b847b74860fce49cb34f757d7fe7642335cec4d,Mirai,arm,arm:12797174119919430248,true,inert
5275e33ea790c59950cef18a14b6da05ff0a99398987ebe6820585692cd64c8e,Mirai,arm,arm:16668519264017085037,true,inert
529fc27f679bec11e13bdbf363fc9f77d3e64d8034df7f5a72e5a034fac1a168,Mirai,arm,arm:12797174119919430248,true,inert
530cfb8d40037bced1cad65524d9e784e02218ab724654868fb1831bf0c59a0f,Mirai,arm,arm:12797174119919430248,true,inert
536582ff7d2a478f4c3c4e17ab5e19b0bcae8cd0284f7014da2446b5988723b5,Mirai,arm,arm:12797174119919430248,true,inert
538db3ff4891281493763bc0115ad07366b8ac542dfd50c10e31241155c16584,Mirai,arm,arm:14204418127472673492,true,inert
53ab7136e20ef73598b3dd439ff46a87a870f0b2e8b9cad31c460fc9078b5de9,Mirai,arm,arm:12797174119919430248,true,inert
53b38952022b92567b87a4f89933c0e34cae46c427a5e067322b8808ff026b2d,Mirai,arm,arm:16668519264017085037,true,inert
53b5764cf18431f9f1cb2299d34787696e8c95b25687e2fb77b3f5a13a256999,Mirai,arm,arm:16668519264017085037,true,inert
5404c3891e27e077255d4e440e00b1393debdc6254a86cb734774880f0eeef69,Mirai,arm,arm:16668519264017085037,true,inert
54180640b835394790001e64a5b1cc97697781e0701b1a1a0e2262d6d86672eb,Mirai,arm,arm:13838500432571250945,true,inert
54c72cc80747197501be709159ebe4a629c86929b05bfb8a43c2749761d6a600,Mirai,arm,arm:16668519264017085037,true,inert
558fadae5097f90a8dbe3970054154c2f854a9a2d0554dc472e6807afaf78726,Mirai,arm,arm:12797174119919430248,true,inert
55deb340dcddbbe137b0026a5c526b196ee06ddeb6ee49f44d95c870017e3e18,Mirai,arm,arm:16668519264017085037,true,inert
55df7c633b26dce9abcb66a47a03e8035c449367d9309b4bbb7dde92c8b1c83c,Mirai,arm,arm:12797174119919430248,true,inert
55e9c21f0e295ca81cb071425e58f7728b49664ac2c075120d3f436e5c52859c,Mirai,arm,arm:16668519264017085037,true,inert
5643515e2a3daaba94011c8bf41880b8606965e5d1a4aaeffb6fd41357095ff9,Mirai,arm,arm:12797174119919430248,true,inert
564593138a04eac20c3d0cf0149c96df2c26dbd7f224122a9b2a815c06d6ef76,Mirai,arm,arm:16668519264017085037,true,inert
579024e5168103a986d52019981051845bbb3236f87eb030445d259a00bc8261,Mirai,arm,arm:18122483353504317530,true,inert
5803da0c1f916b7978768945dda34c83be5466370ea5c30e06e77d1cc3125d25,Mirai,arm,arm:17227870960796995005,true,inert
58086f32d4863f0f1d259e44465e650e26432d08c01360b709ac6f613148c906,Mirai,arm,arm:16456269341670713332,true,inert
5821fa8310de47bfa8048294c9d927f60406153f2af49246307a6fb642ca81c9,Mirai,arm,arm:12797174119919430248,true,inert
5973339043f052d9bd3fc81c7251b2a14313263da553414eb2cfa4589b2f4c0c,Mirai,arm,arm:12797174119919430248,true,inert
59add4646c62f26b9ded05e3560bc87b7f9b338f844b2e97013bb58220eab7c5,Mirai,arm,arm:12650864651911792472,true,inert
59b91dd9109509dda29d8d8a9e732a60fbcd00b773f4edcca41fce6f69171667,Mirai,arm,arm:16668519264017085037,true,inert
59ce090758f0203131e0d6bf1bd1114fe71a34c7a1d0720485eeacc41c8e6496,Mirai,arm,arm:12797174119919430248,true,inert
59d29debe47b76648bb9c3fd999c6fbb6f2bc202511d5fb61a91127dbc1d283f,Mirai,arm,arm:16668519264017085037,true,inert
59d7af1ba18ed894e7135981e0c66f60ed5080af2879c74fb8069c0c10fac003,Mirai,arm,arm:16668519264017085037,true,inert
5a015715befbba7e7a7660b251fb7e8247e4e85be18b91155e86254ddf93292c,Mirai,arm,arm:16668519264017085037,true,inert
5a065de50862d1cc6c207f8d02b02dc3595bdead9a29534e52836cdbc6150aae,Mirai,arm,arm:17227870960796995005,true,inert
5a0ed7063fb34128cb207b4dc348d95bbf555834127867fec7acf9ad77639642,Mirai,arm,arm:17227870960796995005,true,inert
5a348d46f084cccc0c212e577d4f80f8e4a90f05a2403e332ac0c95fe7dfe641,Mirai,arm,arm:12797174119919430248,true,inert
5a8f15c6fec44e0c08b03e570292458b1ab6a3e778e2e7831c0d0e9dd463c978,Mirai,arm,arm:16668519264017085037,true,inert
5b259c662657c248926b6e751d80b7e45bcf6449ceb56d28ab6f40c5d2cb990a,Mirai,arm,arm:6642971321474787873,true,inert
5b5a1c16f10c47b61f48d640ae0ba033d748d60a6c6edc75e02801fb834d4bc4,Mirai,arm,arm:16668519264017085037,true,inert
5b6fc967bc7eb8856f7093f3681e401ea8997437f2abe1d235632ed85ab4d79d,Mirai,arm,arm:16668519264017085037,true,inert
5ba34d3e5ae187e4b12dc36d860906aae441fdea68dba501b89f47413ac1b594,Mirai,arm,arm:16668519264017085037,true,inert
5bb3e64713646c6af550e8c37a75a96530afcc45cc044629191cd13f51f58510,Mirai,arm,arm:16668519264017085037,true,inert
5c1b34c4683ac3a038b2d52ae28d6ea65ac4bd7242ddc566078a2378dc0c0bdd,Mirai,arm,arm:12797174119919430248,true,inert
5c70b54f0ab644efe322aaf30252d9cc24d1900569ae3098a6400d66be0cbf01,Mirai,arm,arm:16668519264017085037,true,inert
5c7e144d8f3613a404c02efb7825839a6f08cd2d9907b43cb221dd5dfa60729d,Mirai,arm,arm:12797174119919430248,true,inert
5c832bc99765186f4625e8127151543a2afd82dd5e757f421bfad4328aeb0829,Mirai,arm,arm:12797174119919430248,true,inert
5cba5c4ecc335804a99d6608ef7cb18a7759c3dd19fda14b4e6f94766ad78b31,Mirai,arm,arm:16668519264017085037,true,inert
5d84e0af47fec36dfc8fca6a62de04d60e8301142ae6210b475beed002621a26,Mirai,arm,arm:16668519264017085037,true,inert
5d8a3fc81277790c8ab9690fd9367692fc252104ba6afb13d47d871e2e472e2b,Mirai,arm,arm:12797174119919430248,true,inert
5de5d8ddc1fd00869518f1e3e94bdca37374b60acf1290b404759a02ac920586,Mirai,arm,arm:18122483353504317530,true,inert
5e2dbbf28ab4f9059f6a88218b78c3bd097d1082c3f2d61de81e5b6f744a7aca,Mirai,arm,arm:16668519264017085037,true,inert
5e302d9beb9c21f5c62c1ead98e7505625e1b665b95a44581a95d2ad1f599cea,Mirai,arm,arm:16668519264017085037,true,inert
5e56ca1eede59ffda7fb76a7fd4d93dda80332cbba6de70af471465555dc78b6,Mirai,arm,arm:12797174119919430248,true,inert
5e62f4db8a2d62f3ec892c2873fa985a141a9ec3210614189fb2df1fdf83cfc5,Mirai,arm,arm:16668519264017085037,true,inert
5e751d1cb8ebd3dc53d1fcfe26aa1546af49fcc1d2786513ac65c9d24a414fd1,Mirai,arm,arm:16668519264017085037,true,inert
5e99788592ceead1f1eb44bfedbe9f305dd9718bf82a5ae3693a32aebe6dfed2,Mirai,arm,arm:589532870003722328,true,inert
5ed8665041993eccfa0a270cb85d64a876451925fd04cceba8d1f350ab650f55,Mirai,arm,arm:17227870960796995005,true,inert
5f0c1e3c1feede85cae4029e83f0e82287b936da347355b27d4bc9786376b9ce,Mirai,arm,arm:12797174119919430248,true,inert
5f12ba17dac777e70e9180506b1d7cdbd9dcf4d77cdbea50a673243954a53984,Mirai,arm,arm:12797174119919430248,true,inert
60124970f24769ec07f94b0aac8bb82ac1b5017cfd5e086ec8b031f501bd3670,Mirai,arm,arm:16668519264017085037,true,inert
60288ba2c89fcdbd1aa348bb7b5fcf832f1a563861b46e8a9b855055314ff3c9,Mirai,arm,arm:12730759347904092021,true,inert
60645e5b903b874bd8e540c5fc8a89cca8a06d5ad93c63739125265c26516986,Mirai,arm,arm:16668519264017085037,true,inert
607b187cb46567aa987a387e5d32067012bd03a3641ce284ab4349e59e2ef43f,Mirai,arm,arm:12650864651911792472,true,inert
609fe934b6ce6e74b674651ce4c51fccdcd8660701c0ca6cbaf3dcc992e3ac05,Mirai,arm,arm:12797174119919430248,true,inert
61c5f6ca3492b787c2807cb2fb34ab01d6212041d0a06efdd664556b64ac9320,Mirai,arm,arm:12797174119919430248,true,inert
61e24cf6d4fa861a608d183a9c264024535717eebd3942f04b124ac74044029c,Mirai,arm,arm:16668519264017085037,true,inert
62951e77c528038dfa39544477b7d8438da491ae76bf67d36e4ca2ea2ff7f5c2,Mirai,arm,arm:16668519264017085037,true,inert
62a081e4789930b84d186a8e778cc8c1976b2535e08e7d20157599f2cc746849,Mirai,arm,arm:16668519264017085037,true,inert
63318640f6c8b7c12ec9b0b78285e2b3ebcfb42bbd232fd31df7e733b1bbb3fc,Mirai,arm,arm:12797174119919430248,true,inert
6361b378bd965570e6d3431fb36d7619ecb9f892579255af9e96f9e4bca2fb23,Mirai,arm,arm:12797174119919430248,true,inert
637862280da73a8897340b48bc3c4ef8ff317d14b3ab07da53f8fb653b5191fb,Mirai,arm,arm:17048574331015211463,true,inert
63dfca8f79e2a6bdf0fe06625472f48ad08a87be638b607be2387af64cc64210,Mirai,arm,arm:11944351117873817769,true,inert
6459332dd6d8132a3dda44bbd7f8edfef50f8d862ce5c7fba3268d16fe581919,Mirai,arm,arm:12797174119919430248,true,inert
64a3294893f7c035edf1e99c7b1e0e5a085e18c6f78b283ad17e676be099624c,Mirai,arm,arm:12797174119919430248,true,inert
64a832b9e717d9460acc2a556c74e9d370bf5286a4b45465f657ca5d3e6fed1b,Mirai,arm,arm:12797174119919430248,true,inert
64cbae5fd98cc5a6b7169dc7eed7dcda98997adb437ba102bc6cf9fb894a754c,Mirai,arm,arm:12797174119919430248,true,inert
64efd9a3b25c1fcb4efcdc067ab28e6e9145481ca513de56e773d97033995bbe,Mirai,arm,arm:12797174119919430248,true,inert
652c02a8da4f60358f96ac09e656db1e0265b075d4f633bf9f205e7df5b2abc5,Mirai,arm,arm:12797174119919430248,true,inert
6599b0fad12c90c3d73c8b2c523f61dc19df7041ee30ff544758a09b6e302c6b,Mirai,arm,arm:16668519264017085037,true,inert
65f23c6a3da279dbddf1392be6ea9d4a4004797e6df8b4fc38d7afd4577f514f,Mirai,arm,arm:16668519264017085037,true,inert
663a623967c97f686979f1df3746ff80c360b2caf353107e05315e9b6434e33c,Mirai,arm,arm:12797174119919430248,true,inert
6643be579e20e5d5838f358d8dacf94882208d36a216565b99e475c2f3f05b28,Mirai,arm,arm:17227870960796995005,true,inert
665dfb2324c8eb4962f6eea85a4ec48c299a6b5018256c2d9f3a0349fd1ba669,Mirai,arm,arm:16668519264017085037,true,inert
665ff75899281ab6c24e35f9d28b3c22bbed585f606ac1911ef0e1313d1027c9,Mirai,arm,arm:589532870003722328,true,inert
6702615049b92debf297e76e6df86806d36134f9ccebf1e67e8c9583cca9a09f,Mirai,arm,arm:16668519264017085037,true,inert
670c59f7f115ef6ff01dfb35fcc1423c8b6ac55cba0e76c782c62940d7d84dd6,Mirai,arm,arm:589532870003722328,true,inert
6715922b0ba5904ac6bf3b24b2047639367bdafdc26459562fb59f3629031a10,Mirai,arm,arm:16668519264017085037,true,inert
675e2b95d1d4c6b12ce83e317421646b47b608a060658920cc63896c11a4753b,Mirai,arm,arm:12797174119919430248,true,inert
6762229a8b3bc25ca0e02234b1a6e557f6a18444f15f224682b210d2f439ea13,Mirai,arm,arm:12797174119919430248,true,inert
6766026908b4c663022bd124b5de8d8b0a37f512ba75411d5ecf18223ba1772e,Mirai,arm,arm:16668519264017085037,true,inert
676b56301462b4720590ce73d9d0caf9ff6eaea0ebceb1142ace177141a5e648,Mirai,arm,arm:16668519264017085037,true,inert
679a27878e470cc18919def9a41917232036430ca2197461f90fe51f6dbc50d2,Mirai,arm,arm:16668519264017085037,true,inert
679b5330e5d056806229b0e2e86cabf649a7f5f2f06ea8cd0cd1dd40f92a10fe,Mirai,arm,arm:16668519264017085037,true,inert
67ae62a0065928f4bc4e2931056a3fb3b9cf3285e48ed2147f185525997212c8,Mirai,arm,arm:16668519264017085037,true,inert
680f7a100b967de484d119e20e70380a456e2ce8cce5a04637df4aac61db01f1,Mirai,arm,arm:16668519264017085037,true,inert
684c66dc7502cc914df7e8325d7120af7bd97b6f5f0987b9d77230de14d79dc1,Mirai,arm,arm:12730759347904092021,true,inert
685c2545286cbcad3ba278422ba186f5aa33673a5ada64b0c62bbe50010a4ef1,Mirai,arm,arm:12797174119919430248,true,inert
685e72157409172fe3b3d042b8b276735d7cef5bff4321e202c1521532b34aec,Mirai,arm,arm:12797174119919430248,true,inert
68727070cc01592a89ed6d2c359dab815ae926d60faf7a5d29a5571983c20e68,Mirai,arm,arm:16668519264017085037,true,inert
6971bbbb8bb755bd775a7b3d260315d071f0c6d028f7cd00e18a284171b38506,Mirai,arm,arm:12797174119919430248,true,inert
699e217cefad9b368a67f2bbf1f20f9ad4f45a8e7d9ca94848a6051ffed459ee,Mirai,arm,arm:16668519264017085037,true,inert
69c5fd12b914161beaa1942af9b82f67042e4069dca083ba860ead0f3cb99727,Mirai,arm,arm:12797174119919430248,true,inert
69d033c04ceafd895adeca7f9d8decf2a1277c8d42386a17e85e76b58d1de68d,Mirai,arm,arm:16668519264017085037,true,inert
6a08cf22104036dd73dbdc76fa41834c2b5cef314a6eb62baf86adeb99ccbc87,Mirai,arm,arm:12797174119919430248,true,inert
6a161cb133a858b4decb02221736d0a10f2bd9fc7f9ce17c76e53804c9dee0a5,Mirai,arm,arm:17227870960796995005,true,inert
6a2d7d14a410c0cf99749f556b2b01bbdab2365103e3b411859491775b6e93c4,Mirai,arm,arm:16668519264017085037,true,inert
6a398a5b9be885981831a4e5ea40884d6613efb27d276a496573acb7504a1724,Mirai,arm,arm:589532870003722328,true,inert
6b09f68e8f7aa93bcaf7ecd4cfef64988546876b6110b67960159978b4eb696b,Mirai,arm,arm:12797174119919430248,true,inert
6b4d621c858e202d077475ac41720593832b84896b470a6e96f90d6c811ca7ee,Mirai,arm,arm:16668519264017085037,true,inert
6b5d55b754ef854304ee5c844a2bd060d2fb9c4bcfc83ddf33c26b0da914aa87,Mirai,arm,arm:16668519264017085037,true,inert
6c23d0ccf6509f1c8a6cdc954b28caa7fa03e47b742d35ebb4eb4fa4aa9f7f7e,Mirai,arm,arm:12797174119919430248,true,inert
6cbb3836974a3c7168b1f4194261d2809974574488be0877b5d5647018c20303,Mirai,arm,arm:12797174119919430248,true,inert
6d426cbbbe6cea5a4d9e451c53767708d2a731d8250004e9891274543fafd1da,Mirai,arm,arm:16668519264017085037,true,inert
6d4b6fccc7f61d3fcc10f415e3f3ac9afa46bfd01b232860ee3a74580e6095e4,Mirai,arm,arm:18040591308751152241,true,inert
6d62fef667e604bc449786fd41fd59761e07175424272ec63b7b1b700b0b31e1,Mirai,arm,arm:16668519264017085037,true,inert
6e1216ab6b8d8b4c4ebb2c00d3f4275d4333c42623d07aab4513cfe33e6759cc,Mirai,arm,arm:14972549459261285791,true,inert
6e1a9644a20dca53781e524d44ce769fddb0333702979a19d11e1eb4b2c30a15,Mirai,arm,arm:16668519264017085037,true,inert
6e2c41e696e3cb8e41a8af5d6ac89e6bba80a15dc2f3fb2f992bd0afdf8cf7f8,Mirai,arm,arm:16668519264017085037,true,inert
6e31b4f9b997e60717ede6cdeabc7fd02ed718b147ab57d983df6ca5e2f2930c,Mirai,arm,arm:16668519264017085037,true,inert
6f479f1d1fbc43b85a07a8af3206895e403107898c10b13acf507637d8ab747f,Mirai,arm,arm:16668519264017085037,true,inert
6f775a878e03e0db67180093e4d32107dccabd2e436906316cfcd184a5763552,Mirai,arm,arm:16668519264017085037,true,inert
6fa98dd78fe75e4efed68c6ffd43c3c3b7af2565f521b915d3b737cc1b68ed8c,Mirai,arm,arm:17227870960796995005,true,inert
701b46f1208b66d3c3cf2570e11118a47e180790b7845c7b2a91e7f6f7128bd9,Mirai,arm,arm:16668519264017085037,true,inert
7080d53b4e5c4c6b87ec398824e5dc3194166c4ccae6f95c33a5684f422b86ea,Mirai,arm,arm:12797174119919430248,true,inert
708540a0bf6f454a903487d6dd3f7c0f57c84d96680e659cdb736b4e808bc011,Mirai,arm,arm:12797174119919430248,true,inert
7094ffb0214b994cbf4e4ad57b6462913bc3ccea0d8ac9411e7229698165f214,Mirai,arm,arm:16668519264017085037,true,inert
70b178930db90755d813b5cc90fcfc382e0a2cc01d48d061ab0833b9dfe5e889,Mirai,arm,arm:17227870960796995005,true,inert
7123c720f95e6953abc5c55d348db353d670e037fa8ef8c746d896638a4643bc,Mirai,arm,arm:12797174119919430248,true,inert
713ef7f67bf15c3266a405cfd08e4619d37d82db5cc3051eb9301b8cf637daff,Mirai,arm,arm:16668519264017085037,true,inert
71cc4e0efad6f37dc668da2325766e3efc4a80102ea424f3958f8b1357cc264a,Mirai,arm,arm:12797174119919430248,true,inert
71d58c782b174ebefee3c82e31ed178e1c273a7bebeaae8c48151ccb107fd231,Mirai,arm,arm:12797174119919430248,true,inert
722a3921e674c0bb5d3f267d706a35e674739c620f391bdc0c8050f4c1bad127,Mirai,arm,arm:589532870003722328,true,inert
723371ad88d5fd60d4daf1dc30df3d2bfdc8c6dfdf86444e65b9b148963421a4,Mirai,arm,arm:12797174119919430248,true,inert
728325c053c16d9c7cbd285b6b1f30f0d239f130ed22904115d4baf39fbeb0aa,Mirai,arm,arm:12797174119919430248,true,inert
72886dce1966ac805e6f29a86484d074bcd2d12cd58ac59418c5ba3cee4b6741,Mirai,arm,arm:12797174119919430248,true,inert
72b2216379f0a2f56bfb0a600562992e67b176f4a407a8a048429565499adffe,Mirai,arm,arm:16668519264017085037,true,inert
72c45f69fab50785e950016e6c099d90bc2a0c261f1a86defb0b99c94ac03069,Mirai,arm,arm:16668519264017085037,true,inert
72ed0b4a333b8b04500f1931dffe6977adf66b21e55addc8cb1019d676825da1,Mirai,arm,arm:16668519264017085037,true,inert
72f6325970cae69e7b7e6c6fd28f373ce28bad64f794bea68689110f7f2876a4,Mirai,arm,arm:12797174119919430248,true,inert
7301ccd2396fbcb87b6facc7516a383dad361d9f544e540d811eab3f90b15d84,Mirai,arm,arm:16668519264017085037,true,inert
7325de3409470f14c65cbd9aa35232a061c73c31602d7069574dba19f90be790,Mirai,arm,arm:16668519264017085037,true,inert
73caae4adeb6c14a102c8aa3b4e439fa6db0b01b8e8c445181a39befa5ddd8b1,Mirai,arm,arm:16668519264017085037,true,inert
740c00b1d4df4d646670e1679f0e122d7203335f214f4bcd1b511a734eda0ee0,Mirai,arm,arm:12797174119919430248,true,inert
742d61d71747873922a2dcf3fa4bdd274eea90664ec678c32567f465c9fadc5e,Mirai,arm,arm:16668519264017085037,true,inert
743af4667647a4af6131a4d03d9b2ce29643e261ec2ae57d4f4c30358a4e301c,Mirai,arm,arm:16668519264017085037,true,inert
745f76fe240af9fafe988b3be536620fef7b0bccdb6d5ce86cf3f0bfd8ebfea9,Mirai,arm,arm:589532870003722328,true,inert
746fb913472f1f26624e2c5666fe5483af770954125d1c200687d042beac7a33,Mirai,arm,arm:16668519264017085037,true,inert
747ec31cc36d0c5eafc2c613b6c5517437530e9c0399feaf0106786228506fb9,Mirai,arm,arm:16668519264017085037,true,inert
748182dd9ea3359674c5fa32a45ee1eb32a96c26f006e54c91a1a453210e9158,Mirai,arm,arm:12797174119919430248,true,inert
74a05627dc2f251032732fa45ed086ce22964688c38e9cd9b21debb5f57a1883,Mirai,arm,arm:16668519264017085037,true,inert
74d017bc05b5c2fdf87ddb45fabc7a732bc513de6d8a641b1588477d698df43a,Mirai,arm,arm:16668519264017085037,true,inert
7514ba4bbc5e40c84bc94bc7433f122d08fa0d9b81528233f794100addf399e1,Mirai,arm,arm:16668519264017085037,true,inert
7518dd664b4431019a4c9dce8fef9d116e1e12f70050271d2ce9ef88f575f981,Mirai,arm,arm:16668519264017085037,true,inert
752a9a0deefbd6a52a1cd019001b526b07fdca89ac4f18b94da9efcaa690507e,Mirai,arm,arm:16668519264017085037,true,inert
7577e3ca438cf8a15ecef1cca85a8f3446ca761600e9ed20919cb8ee8cffdd5d,Mirai,arm,arm:16668519264017085037,true,inert
758e2954d8954412e2383454be997ea15eb2143fb0cdd6d6bb32babb307329c9,Mirai,arm,arm:12797174119919430248,true,inert
758ebf85d6fcc6faba7d8df53f757d9133f071ce50394206c698c8977651fb5e,Mirai,arm,arm:12797174119919430248,true,inert
75b97defa795ca8c057cdee1f0cefbfc88fe028bd32aab9224228c6290ab4266,Mirai,arm,arm:16668519264017085037,true,inert
75cae3436f3069be3441534ae9ddc0f6f4c3bdfb3703e46c271928216cc17fb2,Mirai,arm,arm:12797174119919430248,true,inert
75d6c4e7860ccf5a7ff9fc153792ee5b0885d12f4b14e0c34d2b527dfb9de87e,Mirai,arm,arm:16668519264017085037,true,inert
75d7d1c81c35769a40372aa5056d793ec151c263b0a56b6542207a1293ee69d0,Mirai,arm,arm:12797174119919430248,true,inert
761c85eee4f076bcd2b3c5fd9e4c7585f5187151230bd3d24c3f813924658865,Mirai,arm,arm:16668519264017085037,true,inert
767f00c38a9095e43c689859e65d2cf4bc57749c96ec1d1b3343bf13f2acb547,Mirai,arm,arm:12797174119919430248,true,inert
76a87f28e1c949c7e9ff0f4917be0aa08bae17b1f6ce09a1ee9f4adf526c6a07,Mirai,arm,arm:12797174119919430248,true,inert
76d9dccf22b4d08cfa27948db4ebc27b45f469e6d4a2b50634ba37e460cea8eb,Mirai,arm,arm:18122483353504317530,true,inert
77ddde38bce280422f55746d1b5bf82260e9368cd9a57aef26bb5d34038eb698,Mirai,arm,arm:16668519264017085037,true,inert
782cda31ba590167ed739a1007ac461b82c4ba5ed526015c86ef650cecc4ec3d,Mirai,arm,arm:16668519264017085037,true,inert
785c638bca6dd131683d4898c5a836245f22a4bdd10868883ea8208fe0297bb4,Mirai,arm,arm:16668519264017085037,true,inert
78828696f4973612ce581967bc0ad54e12b2f60e10f16eedf3c4f0c390bd0dd4,Mirai,arm,arm:12797174119919430248,true,inert
78f71df4d44c5dbe101485be4ce09495457287f0b53647f69277791f6dd58960,Mirai,arm,arm:16668519264017085037,true,inert
790bab2b9fb1662305fabc25a1dc5d0ee6025013920484c6b5e9d70e762261e9,Mirai,arm,arm:12797174119919430248,true,inert
792aaf62baf3af4997437acad6ae7e995f34d5ed1d182ce702da3eb1f238d905,Mirai,arm,arm:12797174119919430248,true,inert
79970e2acd7b6c434e8c5d3b5fee84f80b719157b2f97b6884dc6c49c6b78ef8,Mirai,arm,arm:16668519264017085037,true,inert
7a350e36db934ee04fcb61ab0fb0970095878e865aa7123cfc244ca50e2e2be0,Mirai,arm,arm:16668519264017085037,true,inert
7a59125e97f4aeaf1e72a82b4b8d03866000fb472e0e18f32d570ec879cd78ab,Mirai,arm,arm:12797174119919430248,true,inert
7a73db9dcd8d7b23e66786a2d6e14678337bee853e646fe39c617b30c0835201,Mirai,arm,arm:12797174119919430248,true,inert
7ab334666c470979c9ca8f4570eab7d727d189cdfa0033822e28052964264dd4,Mirai,arm,arm:12797174119919430248,true,inert
7b3bab5d6932bd69ba449279a0734a6ac89a4b6f6cc04d89124bcfe9f3fb8f40,Mirai,arm,arm:16668519264017085037,true,inert
7b5c5796c86eb7104adb82830cec3aee4387180c837558ba1216fec8b014ce44,Mirai,arm,arm:16668519264017085037,true,inert
7b83e0a7a5a4e3e66d8dbe0c6518765764bbbc397cae8d49271bdedc7db00954,Mirai,arm,arm:12797174119919430248,true,inert
7b8dad14f28334f4d704913ba066b27249386b3ad91932ba391deef3dfe741b3,Mirai,arm,arm:16668519264017085037,true,inert
7ba97c6cbe2475ead0b2b54ce0abbe7ce34cf57aed8d842c3b48404116dbac8d,Mirai,arm,arm:16668519264017085037,true,inert
7be3c2e33048e839cfdffa507fb5019c0f13b2b25e680670c8b895bd30c03b2b,Mirai,arm,arm:16668519264017085037,true,inert
7c06de55535cf8bb796ca82a29826aeb4a94b1763eda2bdd2eeda024d42848a4,Mirai,arm,arm:589532870003722328,true,inert
7c27e2f94b3986685193f60054b6d180d8ebaa1ea4c31ef4dcb82308a4e5465d,Mirai,arm,arm:12797174119919430248,true,inert
7c40d8a17fddac8f8d423af314246307b67d08f24fc094aa8e8b31b3852fa743,Mirai,arm,arm:12797174119919430248,true,inert
7cb38fa005e0d625151482f1ed107a69cb346c1f3314b69d368e3f99125df822,Mirai,arm,arm:16668519264017085037,true,inert
7d0be9c3a78aed78e205c573cbd5266fd6e9100ec0eb91831b5e07eea395666d,Mirai,arm,arm:16668519264017085037,true,inert
7d139b69291a364c2483924453d10e9f82a4ff3774530061cf4d26ea14fe3c30,Mirai,arm,arm:12797174119919430248,true,inert
7d1d37906296b6b65cdb9de411f91b50abe293fef6e2ee0973e5c59debc050ea,Mirai,arm,arm:12797174119919430248,true,inert
7d620cb5e344c3cebfb7b2e87f7f5a348f480ee4a9046af5d892ebb2be194224,Mirai,arm,arm:12797174119919430248,true,inert
7d7681775db692142bbada6d05b83fc46d4af6cc8395ce257e67bb9912d56f5a,Mirai,arm,arm:16456269341670713332,true,inert
7d903431a0f9a6b53f6b84ceb3b9bd9fbf490f8fc9e1204003cde58161822337,Mirai,arm,arm:12797174119919430248,true,inert
7dabfd046d6c2abd92526690697ecec72dab39e3dbb6cdba3df0e87f425e4de6,Mirai,arm,arm:12797174119919430248,true,inert
7e15cec8dcd9083dd3cedabf2eb21e793ef71ff4d59026b85df81772265cf33b,Mirai,arm,arm:12797174119919430248,true,inert
7e32b5119addbad29e30af5a0b34db0180abd6b45da7b183684a52bfccbc8833,Mirai,arm,arm:12797174119919430248,true,inert
7e3f7e443e36691cf5faa42dcdb987520b0e99f53f2a6028554aa675653de503,Mirai,arm,arm:16668519264017085037,true,inert
7eb08369de231f472a4d23b6bd1c7d5a435b58d25bd54526288698ebebfdacde,Mirai,arm,arm:16668519264017085037,true,inert
7f2d36c5a83116c6e624e652c0baa42488e2526bd410bcab30677f4b3fd88829,Mirai,arm,arm:11944351117873817769,true,inert
7f5b0bb3a0ae71205bebd33e48df62aedb167791599a26091dcef6e105f9c037,Mirai,arm,arm:12797174119919430248,true,inert
7fa32eb802d24a9f440313ed6ccd9c7945c55b8432f307c244abf72a7086f6f1,Mirai,arm,arm:16668519264017085037,true,inert
80353d630bcfc511097cfd0175078c981417a6b600765fa0159aeff07e3107ee,Mirai,arm,arm:12797174119919430248,true,inert
8061680dc52d44cf6d0949cb72e2b9c2a45e7daf9d219e14cf666b9bc7b02d8c,Mirai,arm,arm:16668519264017085037,true,inert
806530a2e9c02271d720457a468af92fcd0c578259de2267314bf69ab99a8c04,Mirai,arm,arm:12797174119919430248,true,inert
807e6006888a9ef7392c042b58e83f95a34fed41ef46481026e4ceb9dcf0c587,Mirai,arm,arm:16668519264017085037,true,inert
809e04869ff571f852ea49495af2addde9ada689d88d4bedc6e624a5dd1a8b40,Mirai,arm,arm:16668519264017085037,true,inert
80ca9479b0f065b2e4eb25ef346cd620de5ac9b5ba329b39e29d2b1319103e27,Mirai,arm,arm:17227870960796995005,true,inert
81012527157888ba480b5615235985bf229748933e5931608cae64e88d085c5b,Mirai,arm,arm:589532870003722328,true,inert
81bbf181f301d5ceb0b09bbeb6138f9d7740d6f0e2e3c285687316d5cae5cebf,Mirai,arm,arm:16668519264017085037,true,inert
81da16123c36d2387258b08ffdfe99ee2bdbd700cb4eacf5bfa5b23c289f3771,Mirai,arm,arm:12797174119919430248,true,inert
81f3783ab4f4040dd57798688a859c462694d9e90c44baeb5e12e3ed389cbbd1,Mirai,arm,arm:16668519264017085037,true,inert
8203da8d4469705c6abbe9fd5e88c1f25a06f9ca515b5d32dade8b336522fcd7,Mirai,arm,arm:16668519264017085037,true,inert
820f57622717422325261b0291a7a2f91fcb8789a1358184f6dee07dd7ae233d,Mirai,arm,arm:12797174119919430248,true,inert
82da1220c9a7c96374e540b3626ab798fb76657c1549eeda97aaa5134c19b312,Mirai,arm,arm:12797174119919430248,true,inert
82ef9605be8b15cf24c40818242fb4e4373825fc52905de7d5336409f5dbba98,Mirai,arm,arm:16668519264017085037,true,inert
8340545534aa9e60c8762559b389c7fc3a96cf85338099fdcbd0a4a1d4ea0660,Mirai,arm,arm:16668519264017085037,true,inert
834aa714db1a2e580d4d85d234b15f3a2013a1b19187c92ca81b2d27b2f6bc1b,Mirai,arm,arm:6642971321474787873,true,inert
837430f0ddb22d9b92ea5bd2ab6bb11a336143fe174f6b5d7919b0299fbded0d,Mirai,arm,arm:16668519264017085037,true,inert
8425fe8beb2a73fd6393b8b961c3a9b5a857f00d62dd3205ff31da0d55dcf9a9,Mirai,arm,arm:12797174119919430248,true,inert
842b6f57718bf4fde1c9e5f134c13e4bfbd0aa1b75e763747854ea7a61454503,Mirai,arm,arm:12797174119919430248,true,inert
847b3afb54970643907312a4dfa1e1eef08d13359f78a9f6ef197586f4d05878,Mirai,arm,arm:16668519264017085037,true,inert
8493d85409f2da01a1c14481b9c47daa753107743312e5762370810dea175e72,Mirai,arm,arm:12797174119919430248,true,inert
84c20c3db24b716a1e96cb153ea519b15e75bf4859433b21b524f6aab19e9fb0,Mirai,arm,arm:16668519264017085037,true,inert
84c9cdd5460aaff6a5fce5b124aa9b677265ae8559c8ae9d883df913a3efbf32,Mirai,arm,arm:12797174119919430248,true,inert
84cf02b51e447ac9e0faeff19a29ed5ebe891648de500395c5eae2bd63d58873,Mirai,arm,arm:16668519264017085037,true,inert
854fe54295e0ec931c2feadda4fb3ada7e0733b2587f6aa3eb07491c087a2da4,Mirai,arm,arm:12797174119919430248,true,inert
858be9e332ce75775f71c40e5e75add8da68f5e6c4823d3705d205d674c82e85,Mirai,arm,arm:12797174119919430248,true,inert
85ac12ae9ff39215923767bf269244573ad69cc9b37f8e2f372e2229f6b8f930,Mirai,arm,arm:16668519264017085037,true,inert
85ad28c5d9a3454ef10b81d74ca311e2fa0d653485e8aff1049ad680f5729c59,Mirai,arm,arm:16668519264017085037,true,inert
85bafd6e2213dacdc148e4e3462587f50d8b453aa0f7f37ac7c9963306571974,Mirai,arm,arm:12797174119919430248,true,inert
85c2ef7d7ac94a7908f6650ab12a2e6681ac727f8c3af87f8805a761822c9120,Mirai,arm,arm:16668519264017085037,true,inert
85c7f0c27d7d10b1e3896c0620a806f70378f0940a9031d5bf4967f6c95db77b,Mirai,arm,arm:11944351117873817769,true,inert
860277862745a399d1c385209ea5461c1ad37906dfddee50657b9dd162fbbe6c,Mirai,arm,arm:6642971321474787873,true,inert
862ab192cbaad2cd0013521c071a7fa6049224b3b8405bef5bcf8fffecb5728e,Mirai,arm,arm:16668519264017085037,true,inert
866d3c254a86ae3779dc7b678fff6ac9d4365189255e33886936ac154eca400c,Mirai,arm,arm:12797174119919430248,true,inert
86ea1c383c38d8084af759ac04eeb3382a71b5d1c5409707f0498e4a1b367eb8,Mirai,arm,arm:12797174119919430248,true,inert
86f81d29ac02d3c858e335aa600f36e2a0ba6079704f624f73a27f4067571881,Mirai,arm,arm:16668519264017085037,true,inert
86f8efd061b2ca6e8ecec3f13d325bd86ccd86e6ec4583951d84666b3583c155,Mirai,arm,arm:12797174119919430248,true,inert
870d3b64a0977664cfb771516d4555139ae403b393092cede186bfeb695e21cd,Mirai,arm,arm:18040591308751152241,true,inert
870dfab6721098356ef6f8ef5155958ad39ef2e6edbfc64d181f193c1031acb2,Mirai,arm,arm:16668519264017085037,true,inert
8797f09c731f380bbba288390e9b680407dd590125c6969f61f02011f5adb9ec,Mirai,arm,arm:16668519264017085037,true,inert
87c92d99b9b685c012fdc106194b96b0abca26f43929171f10e393a61dd122f9,Mirai,arm,arm:12797174119919430248,true,inert
87f6bc76f5e7fe3f330d1b3f33642e88b281d3430321d867414f773def2885db,Mirai,arm,arm:12797174119919430248,true,inert
87f98de6ef7278b1932e9ba875376913a50e83febe11028eab93028f64fc57c0,Mirai,arm,arm:12797174119919430248,true,inert
881f2ffb6dfbd0f8c0ea456f0e4df3600659abafb46a8acba0ad46cd6c68d09b,Mirai,arm,arm:18040591308751152241,true,inert
8841b6a414b7f9a5464346b45a18db40e933b180a599057f469418d37e587036,Mirai,arm,arm:16668519264017085037,true,inert
884540e630ed39b5cfcd98787cf4b6d307bbfcc3536aadce9da0c635b56b14c1,Mirai,arm,arm:16668519264017085037,true,inert
8863a2c63011cea3aee6877754bafb4e7bbec959af3ab34a8fb7f816933235eb,Mirai,arm,arm:12797174119919430248,true,inert
88943debc663c711e34212c1e843d38ac96568aaf27b4e34737e91ed9297689c,Mirai,arm,arm:18040591308751152241,true,inert
88955aa34beea64888e0d08087cb227abc9f40bc9fdb135a95413dfb77faf1b0,Mirai,arm,arm:18040591308751152241,true,inert
88e24ad69fcef4cc4abbe21a7c31bee6f975798eeea4ffad4bc825cc495d7e95,Mirai,arm,arm:16668519264017085037,true,inert
88faa2582de79dfab5da39e188b4da13db795cca27102716be1df3233691c0aa,Mirai,arm,arm:16668519264017085037,true,inert
8940965d7c6bed02deab20e5393aae3b044f82d2af3b0dcc772d5b7827cb40e0,Mirai,arm,arm:12797174119919430248,true,inert
8975ce48794d28f7e5b52327a6f6f8210361da763cabf3b9a253b13580f8e161,Mirai,arm,arm:16668519264017085037,true,inert
897cee3e4b6e008b56e031fac64bab235567e374687e5410a5b6f1d1e7eb97fb,Mirai,arm,arm:12797174119919430248,true,inert
899b7683ce72bbe5c1a1e036cc524a4ec9c42cbde53933890265a059090a6305,Mirai,arm,arm:12797174119919430248,true,inert
8a1f30cc774a856d674ed38e29e71881fce24905231e03bcfe0599d41d34f1d7,Mirai,arm,arm:16668519264017085037,true,inert
8a5f98d269a57b193bd8f9f5bcb328aed9ab1234b9014192f1f78941406c16da,Mirai,arm,arm:12797174119919430248,true,inert
8aee54e2945e23b91edc6c15b7d8284632d2cc9e7c12eba304cea079fc86e34d,Mirai,arm,arm:16668519264017085037,true,inert
8b0a6d2c4c7de559962cca5ab201fb5542be404aa4e5b523b2345bf74760f637,Mirai,arm,arm:12797174119919430248,true,inert
8b2ca3611633265f37d4dcecf737220f8a3ec17e9ff640fe83ed85a725af1092,Mirai,arm,arm:14204418127472673492,true,inert
8b41358699b84a3a44b52c11c0ad7c26ee8d1b951b062f7f064990b4ccbc1ba7,Mirai,arm,arm:12797174119919430248,true,inert
8b741643641ccdfd02d171ced338807d0aaee939f6b84158b7b36c50b512f364,Mirai,arm,arm:16668519264017085037,true,inert
8bbfb1fa4973638924ef433abcb349085afeeef8e833206eab829ad131a67622,Mirai,arm,arm:12797174119919430248,true,inert
8bef444b2a001ed2d2501cb69c24e4ceac9d1e9c0ebd4dc95703a2968472dc96,Mirai,arm,arm:12797174119919430248,true,inert
8c28f86a5b6580e4f84b9846865ea2197634aa08a087c30ed404d4ed0d24a96d,Mirai,arm,arm:16668519264017085037,true,inert
8c30b4fd0ba62e1af8e66d29e8f935bfe41e2d58d1f9188d4d2d640a9cc3860b,Mirai,arm,arm:589532870003722328,true,inert
8cb0fe55a0a5bb09c00b389290daf4d09a020b0ed66cd873e6a1a7c6f0170251,Mirai,arm,arm:16668519264017085037,true,inert
8ce8147768e5981ce973d44164b64748799e9df7c3a0929181adc96aeec8099f,Mirai,arm,arm:12797174119919430248,true,inert
8d408dbea225402b3ad7ee82258e887a9996715ef9d422531d872942e8844af9,Mirai,arm,arm:12797174119919430248,true,inert
8d59908b820933fdca3b60da53611b2510f92695e7267c7c1a5157b16a88a895,Mirai,arm,arm:12797174119919430248,true,inert
8d79deb17e636c4d9b0dd14673abb5d29bf5cae6e2b9cfa02cd0390767b79db6,Mirai,arm,arm:12797174119919430248,true,inert
8e01e38fc7958a4dd768a18a50a75ce9c39ab18f424de62e9356425542744530,Mirai,arm,arm:12797174119919430248,true,inert
8e5788dcbe31523d7765c75748899f8114724bd3fffe3a0ef668e1f15c013d6b,Mirai,arm,arm:12797174119919430248,true,inert
8ec6ac485efa09aea4826d1edf811c963164794e86fd4a3dffbd2a24f8c1b724,Mirai,arm,arm:16668519264017085037,true,inert
8f31fd385de16c0f657925fec07e40f68c7da43400e5ffa93b0993ce4b7a5b79,Mirai,arm,arm:16668519264017085037,true,inert
8f41b837f4943830701e96127e205b80fb79489edc4ae623396abaaefbe3758b,Mirai,arm,arm:12797174119919430248,true,inert
8f4fe9891a268e06199a6fd4618759a6c0b515fd0bb00b2ac374e8142637ed88,Mirai,arm,arm:12797174119919430248,true,inert
8f941f734089eacb22182800adbdfa9c6ac45fc88dd1dd83ffc2cef8820d2386,Mirai,arm,arm:589532870003722328,true,inert
8fc21febf56a2f630cfb548924b35b450d30f29c6f5cbf1f8031be5bad431c0d,Mirai,arm,arm:16668519264017085037,true,inert
8fef36692516d565e2b1f2a591585cd4775db98780809638ee93e1f94bd2cb76,Mirai,arm,arm:12797174119919430248,true,inert
902eff1dbff4e1e990698fe8bfbbb4a3e04b07277ae14e9c7e9b1352aef3df53,Mirai,arm,arm:16668519264017085037,true,inert
9106d3bf3f5e0612bf3df708f1151f76015a192dd6eafbf7b0765bfe2e64b5e2,Mirai,arm,arm:16668519264017085037,true,inert
910d3da543453ee4a12588aaec21b586abac38f56f01395cbee5b33c882b095c,Mirai,arm,arm:4375188257726641894,true,inert
91a2e9d005b69b396e16bc3dd92720e55aa06fafc067a26e1b9baaa78ee5b6e5,Mirai,arm,arm:16668519264017085037,true,inert
91bd24805b546bf95baa12ce07b28f77566e0d0ea1446f45042de4db2fba133d,Mirai,arm,arm:16668519264017085037,true,inert
91fb0068410bc8bdfb8fa00079263a13d98ee7105c696556d35830afaa21ef5c,Mirai,arm,arm:12797174119919430248,true,inert
92815ea9969bae814390e17216db8cf9354a389c8368b4157a8b5bbd527f1b32,Mirai,arm,arm:12797174119919430248,true,inert
92b67d0f160758c1c98c4ba16041834fff0810b3550c1302af3006da4883decc,Mirai,arm,arm:16668519264017085037,true,inert
9355b6ef8f60427bd27f862a4fb4c2ff816ba93625970f78e58fd26c8ab96809,Mirai,arm,arm:12797174119919430248,true,inert
937909356794eafd2341a8ba352aff97de700d752863e9c574febe51f187e978,Mirai,arm,arm:12797174119919430248,true,inert
938b1e64b7152256175120c3e88bb9ab949098e368666d9c2ce43187c7ce9309,Mirai,arm,arm:6642971321474787873,true,inert
939ab462126db266384be5e90f6989f2085d1b83ecb430e5f1dce0dc77e35f31,Mirai,arm,arm:12797174119919430248,true,inert
93e0f83dab98358182004a87820a64e769674dcfdea695444e7fa004239c6326,Mirai,arm,arm:12797174119919430248,true,inert
941626b7eb86bef93de840302cf50e3c6c11d1a7098749f28efd3d92d3fa2ab6,Mirai,arm,arm:18122483353504317530,true,inert
94167bd61652172b6a5949cb061dd10d055c338773c2c4492bf93f55ec10c3b4,Mirai,arm,arm:16668519264017085037,true,inert
9449207fd5bda452b799c3c53d7e8b307af87e7e993a07392e29c55ab7811d0e,Mirai,arm,arm:16668519264017085037,true,inert
94b740599398f77b86cf17511e8e9e49a27881e9d69672e5f8bb2856e731a974,Mirai,arm,arm:12797174119919430248,true,inert
94d8ccdda6f1c2a0569217ee15665f88e46e901b410cbad7d77221e951b2c134,Mirai,arm,arm:16668519264017085037,true,inert
94fd329223deaec88cf4ae75e88709f5580d8e3de9e6871d72c107a91b9a33da,Mirai,arm,arm:16668519264017085037,true,inert
9502d4c4d1cf81e738bab69b7ed7b1f5cb700a1d43a2a20df2c72bfeb8b284bb,Mirai,arm,arm:12797174119919430248,true,inert
9503582954b7651ddb26b1f9fba92e397726c0511ddfc3cec3fa0dc49215a57f,Mirai,arm,arm:12797174119919430248,true,inert
950ee0647cd6c64877473e6937bdcd06691e32b98401fed55e48acb98fecacd5,Mirai,arm,arm:16668519264017085037,true,inert
957126fe8c079d05a86969152a5df016e5b1c53c80f3f3ee1ba584bac354857f,Mirai,arm,arm:12797174119919430248,true,inert
95851689ebbfcd0d10c035c254d5b8e556cae0d3f2350f5eb42a62090d605fe0,Mirai,arm,arm:12797174119919430248,true,inert
9649bd4fe131c12b7986e1e252feac4f8e13c89803813afb34e0b122ab009bda,Mirai,arm,arm:12797174119919430248,true,inert
96d225ee885dc4a40dd35d68113fa93093fb4db15db1d1484f3617d2b2bd2d72,Mirai,arm,arm:12797174119919430248,true,inert
96ef12ba245ea0d6eca6f860b3893f969da5d407ec85706b79ef0005d23844d8,Mirai,arm,arm:17227870960796995005,true,inert
971394f74b6d602f6227c612124cc0d10a265754939f0eda5945140970cb0c21,Mirai,arm,arm:12797174119919430248,true,inert
97b0659e3605991273d67d61e094d36a92518990b847fc643d87505b81e8268b,Mirai,arm,arm:12797174119919430248,true,inert
97debf9878803c92b03a40f2c4b2d075c5c33173ae02c5aa6a7abcbbb6e2ed27,Mirai,arm,arm:12797174119919430248,true,inert
981bf1b9ce0512887cd3c0a85e95dd3d5ffa036a01405e356c6c193248c65ee4,Mirai,arm,arm:16668519264017085037,true,inert
981f6928527cf036db23eea56f0eb01a48c74f479637102c160b338638a1e5d5,Mirai,arm,arm:16668519264017085037,true,inert
98374bd4fdf5c025c46930f257bd7c69ca343279c508f60c04cf6c7e4fe5f377,Mirai,arm,arm:17227870960796995005,true,inert
98a340d0b7a31687250eb54fa99030e403fd732462601897732881bdbc74e615,Mirai,arm,arm:12797174119919430248,true,inert
98bbd3e68d1d89f18017a2b9fda6177a6ccbabe1c21dd8984834216ea1ca03cf,Mirai,arm,arm:16668519264017085037,true,inert
98dc4f2912ec2d1718f3a73117e5a9de63c5b4bd04218f0550130c231fe09523,Mirai,arm,arm:16668519264017085037,true,inert
98e40b7275f2cb024e9c25c284856ec313a56b5ece226869b49c718135c32648,Mirai,arm,arm:12797174119919430248,true,inert
98ec267854d46f7e36ee0b7598cac201d2ad8964cff39ecb047dce7888a6a0a3,Mirai,arm,arm:16668519264017085037,true,inert
992ddc75d2c7ce1d78fcc7996c83cb15f1115c2886fe2a2ea0250caca429db32,Mirai,arm,arm:16668519264017085037,true,inert
99d0212b6a0436564f7bf1e55a32a1db158b395a2534c9a34d1e2d87311ad556,Mirai,arm,arm:16668519264017085037,true,inert
99d4d1b60c9e75f0b48eedec12c581bb55855f50aab5222b98ba5bc59718fd7a,Mirai,arm,arm:16668519264017085037,true,inert
99ec49d7490149f19539c2d67bb96d410cbd03f584f3a9970a15c31b7c35743a,Mirai,arm,arm:12797174119919430248,true,inert
9a671cdba88dc8737ab5844a90067f6d3244452dc5e3ae9107bb201ee8ab3706,Mirai,arm,arm:12797174119919430248,true,inert
9a97ce6784b5b3c7275d813b88fa3046c90a472134db2ec794d8d7f5b16dd78a,Mirai,arm,arm:16668519264017085037,true,inert
9ac578b813db6317ec80f6b54f671fe8e5d72fd4c097377d079f3b59864ee36a,Mirai,arm,arm:16668519264017085037,true,inert
9adc5fd0cc6523a15142ae5c0abce60dd540269bd2d1186a693510a88c8afbc7,Mirai,arm,arm:16668519264017085037,true,inert
9af9ed5f19af5add6c6315538469a645356fdc5d16aa069e06f7f4688677b7a2,Mirai,arm,arm:16668519264017085037,true,inert
9b28fb910ffe58d5499a7fee373b9102272adb5f83bd13f910149207f183d462,Mirai,arm,arm:16668519264017085037,true,inert
9b4e81e447a469450755e3cb501baec03b41334fa391240544b254ce12cd4ade,Mirai,arm,arm:12797174119919430248,true,inert
9b70b0d0d21542ec592586db7a0be508f3d83e9cfc8e21177c0748166f2fc7b4,Mirai,arm,arm:12797174119919430248,true,inert
9bb7dcad2dee1ecd26f25752e66c4cce5b65e7a9e15686ff0454a1519f75498e,Mirai,arm,arm:16668519264017085037,true,inert
9c0fb5485740fc763d86cf25a3d08de380a58bed09cbe4a11eb151407f034799,Mirai,arm,arm:16668519264017085037,true,inert
9c3405360ccefb1fa7898799fdde66a83f8c7dabc1764d33e58a4c6a34258757,Mirai,arm,arm:16406419006739168317,true,inert
9c53e5dd19f036e1650fc7f348ed63faa0694cf030f5b5edd1173c86954dacbb,Mirai,arm,arm:12797174119919430248,true,inert
9c68465294dc89d9c896eb90788fd8f7592ca6e5088a640be99be1bb65d1a71f,Mirai,arm,arm:12797174119919430248,true,inert
9c686ffe98e88780b909a59afa78db6233d081aea340e018c4816a4f828b3d23,Mirai,arm,arm:17227870960796995005,true,inert
9c6d31931add1918bac399e9d445cd5dd25e5458aaec5db882e80138501c986f,Mirai,arm,arm:16668519264017085037,true,inert
9c76fbb5bfe33f087a5d5cd76d8785dd134b3606a9f402b3bcfd5752e59e0af3,Mirai,arm,arm:12797174119919430248,true,inert
9cf95f4eb85b08188c63e3ea745dee4a1aaaf793245a72c2e74dc41313a9948e,Mirai,arm,arm:12797174119919430248,true,inert
9cffb9363723bac3c85dc244013df21dcb94a1c11bca0864489868f3e87e0359,Mirai,arm,arm:12797174119919430248,true,inert
9d2b76487ecf68279f4b77f8a39c22c681ef558cb59cd8e3dbcffe96c246cd23,Mirai,arm,arm:12797174119919430248,true,inert
9d39df0434331ab0d5d79156d136d1fb14c821708d594d574bd471b983cda71d,Mirai,arm,arm:12797174119919430248,true,inert
9d4a7b7174ca791f063d99078a19fa84756edb7c251a32d8d68888a7679ce266,Mirai,arm,arm:12797174119919430248,true,inert
9d8afd39e4cea8fcfc3c7581d4d7e74ce3dccfb718e7a3595084eb9b03b664d9,Mirai,arm,arm:12797174119919430248,true,inert
9dadc21d5ab5f41bfeb087e3c3930ebf777f9d6e793a40964ea0888e8838c4d1,Mirai,arm,arm:16668519264017085037,true,inert
9e14382c70f44bfe4472cf674b19f0d171a30728c37c503940ebac0b3bcd7477,Mirai,arm,arm:12797174119919430248,true,inert
9e59e430a4426489652fe76a6d2d88b5d27d6a8aa94584b2eca949cb5c13d3ed,Mirai,arm,arm:16668519264017085037,true,inert
9e6a0f28f37ab91d748e1af88ebf48ca4af0b70fdb5801a3cad13c2b9b216712,Mirai,arm,arm:16668519264017085037,true,inert
9efddb7307a6c87e2591178b70d476a4f35b4e1d40a3b8fd7da8f0e45944a608,Mirai,arm,arm:12797174119919430248,true,inert
9f7859a6719a36d4f161445a5b266007bbfd5cf236144a77c4eea1f4f06e3de4,Mirai,arm,arm:12797174119919430248,true,inert
9ff415ff3fa370cff78794659509ed6b29842df9f771535878f45d63caaed715,Mirai,arm,arm:12797174119919430248,true,inert
a0074b0c00c64e406d7d64e8585828b79934e68b82f490e84f4da41d63b5f89e,Mirai,arm,arm:12650864651911792472,true,inert
a0087cd192fbe873c9c28b9696dc07193d424779bd88782eae7153285cf89c7f,Mirai,arm,arm:12797174119919430248,true,inert
a01c9291671c9b62047b31969f4f1c932cef4700075b427599ee899e433d2d26,Mirai,arm,arm:589532870003722328,true,inert
a087bb65fe079c78ca8137ff4ba94bc7fe8ff336ccd95bb8a82a337bdd944ae4,Mirai,arm,arm:16668519264017085037,true,inert
a0ad725fc1bbd04c70bbcb55498f23c6c1acf6dea11c7618582617578c60545b,Mirai,arm,arm:12797174119919430248,true,inert
a10d245190296a05b07fb5b0d997525f36d5de3b69cb5ed7785da5dede989c8f,Mirai,arm,arm:16668519264017085037,true,inert
a131a34fdb5230338473fb74d15ea9e5927ff82d799f2959edaa311cce3bd8e4,Mirai,arm,arm:18122483353504317530,true,inert
a157f44ace6861d180ec47609ada003ba36b2d42a423786daa29d852f7637403,Mirai,arm,arm:6642971321474787873,true,inert
a170b3986952c17140c7f3a676331fec123839fa97a613e9d58c6db3edf6d89d,Mirai,arm,arm:12797174119919430248,true,inert
a17e70a6c8a313529c7ad070b3e07b9d8aaaf8ff3bce2e52a30a090f376d3e4b,Mirai,arm,arm:16668519264017085037,true,inert
a2582cb4f13a94647067e8cf21feeb6c730d758a28997441d392fd04d3573257,Mirai,arm,arm:16668519264017085037,true,inert
a2e85ae1484381947b38209f2c3fdfc73dedcaba3920341da16025ef70979538,Mirai,arm,arm:12797174119919430248,true,inert
a2ed84211086dca46747652fd841434d520100a7cb55a5128638312386e64faf,Mirai,arm,arm:12797174119919430248,true,inert
a3047d3dd4bb80ee72ad7bbd9391c79aa6a4f5a95f15dc60e074fb6ca3b76af5,Mirai,arm,arm:16668519264017085037,true,inert
a3380a4679d235d4350764362ed177b03df9b56bee2e0796f44be8686d6e7305,Mirai,arm,arm:17227870960796995005,true,inert
a34da3030cf1312481c1b9efcfc93fd7839785a937167a617e781453970b3376,Mirai,arm,arm:16668519264017085037,true,inert
a3600cd8b997e7b410bc312d2df852209ecb85d841119472d2d6a8775fac5ae7,Mirai,arm,arm:16668519264017085037,true,inert
a37317c879c9f240b9d204502367dd83cadea0e87fe8b15199087ac3ca4729b5,Mirai,arm,arm:16668519264017085037,true,inert
a3e85db19b38faba07f34b34e223d97c9c4e5d161701ce705a32726577e8ec27,Mirai,arm,arm:16668519264017085037,true,inert
a440997fe5413ac44ba4214631c3a3f6b31e41840811a9ce1ab5bfc665f1682e,Mirai,arm,arm:12797174119919430248,true,inert
a45f3c1067dcd29ca7f41ec0c2c2fbf2a4e9baf2afeacb2568ee4b6a4b53098d,Mirai,arm,arm:12797174119919430248,true,inert
a4703df2645e8734daa65367c8b7ec9f983b4ac90c0c7c178e5358a7228fcc24,Mirai,arm,arm:12797174119919430248,true,inert
a4b0e1d0fffee702071120548500ac586e4a5f84ec9503cabebb3e0914a96da0,Mirai,arm,arm:12797174119919430248,true,inert
a4ebf5e0d4197ba91cd391ab73829786d4f9aecfeee24531d7249f4b7b6c72c9,Mirai,arm,arm:16668519264017085037,true,inert
a579aa9c598ac83cbffcc61ad72a7eed026a7345d2acc1b3dbb71f749643f793,Mirai,arm,arm:12797174119919430248,true,inert
a5bc65ac5ef52e63137bc7ee20003ad27dc3e542f20758c6b2b9ea164fca1a05,Mirai,arm,arm:12797174119919430248,true,inert
a5ea83aefcc667f6633e13d5c6319ca46b352063afbdfdb935b3fb546081a48a,Mirai,arm,arm:16668519264017085037,true,inert
a5f87306f08b65329518c2b2027506074a22d7ab77a2590a7b1a6c03d5f5a4fd,Mirai,arm,arm:16668519264017085037,true,inert
a622f650a07db2eb57d8dd395e6b2645ce534d331b5ad97d0c9d927484087479,Mirai,arm,arm:12797174119919430248,true,inert
a6a6a099c49d35888f634823c998bb76a0b282ce1f0feab45617bc46159fce3b,Mirai,arm,arm:16668519264017085037,true,inert
a6aeeb2892336768cf83d7a0d3029d8ee23d7ff1c15062546d9c42fafabafd72,Mirai,arm,arm:16668519264017085037,true,inert
a6dab0f8a05b5ef14cf3774a766aa3579bcecfcb938fe9c8a38b313212b91cfd,Mirai,arm,arm:16668519264017085037,true,inert
a6dfbe9a418ba10ff5bbd1c7450c9556d6c856ea7c7e932a80d3e0c5c0d8c466,Mirai,arm,arm:12797174119919430248,true,inert
a70370da5da522c0eaf5d1cef8cf3c5291635b3458c2c767782605e5fa49d00b,Mirai,arm,arm:12797174119919430248,true,inert
a71018fd20e0a1a69c8df7561748a64d619403690727bd047dc0cb7e701f5b59,Mirai,arm,arm:12797174119919430248,true,inert
a79f399e27fc4fa0b6db1011a07565e8067a61fde1abc38c0aa5f082233e2cd8,Mirai,arm,arm:12797174119919430248,true,inert
a7ec03a9c84d5a9dbb4bbb239bf5463ed1b90127a8ffa2e438fa2f0cec8c0e4a,Mirai,arm,arm:12797174119919430248,true,inert
a85d7b1fcaaed94797e968bb02e5ff72264b992e5de034b94f1ab29beb250d46,Mirai,arm,arm:18122483353504317530,true,inert
a879fbe236c46f1ba0847469dcbedf17701a3547e1d5686713097002e7a988ec,Mirai,arm,arm:12797174119919430248,true,inert
a898e452023f52e214865694fc69435658565261988de9c6659af9fe587d2f49,Mirai,arm,arm:12797174119919430248,true,inert
a8a61506cd5d487b54252dc0777454e264cd3d028315c1eb34e70f57074a0abf,Mirai,arm,arm:589532870003722328,true,inert
a9069aebc77eed84843e05017c86bde6f5dc5dae422317d8df171cee38df20d9,Mirai,arm,arm:16668519264017085037,true,inert
a91a7df31bf1b163a3ff70060c2d895f6b438b53d1aa55514ddb152cc393c2b1,Mirai,arm,arm:16668519264017085037,true,inert
a9203ba6ebdc6ba95f7d9bd958644688a26cd9cae2b5b2ab681deed970ec5b85,Mirai,arm,arm:12797174119919430248,true,inert
a92cc8f254d4074c53ea2251c0556d5c745c82213a49ab9ad78db3fcbafa9b4a,Mirai,arm,arm:16668519264017085037,true,inert
a95ac11b5eff46b8629f9983b044064b143fc86a09b8d1449075da717a2fa9db,Mirai,arm,arm:16668519264017085037,true,inert
a9939e6d608ee03039c6bc497d85dd1410830095193c380c61e403cc99ac59f6,Mirai,arm,arm:12797174119919430248,true,inert
a997b7af6a53cec67350da2aec27a2f1eb1f5a74e70a606fe62341839a600663,Mirai,arm,arm:12797174119919430248,true,inert
a9db8fe1439ed3a7a3df9ad1bd05660ae1a23e5074a88185f25b6d90c7960559,Mirai,arm,arm:12797174119919430248,true,inert
aa058556544db75b630d2f107eddad8846a93d0248b9b17403340ecf9079eca3,Mirai,arm,arm:18040591308751152241,true,inert
aa0e5f84d4638acc1007cf70fed30c220be4a1ebf900c3cdd95dd8ca9735436b,Mirai,arm,arm:16668519264017085037,true,inert
aa38dc25c1fabb4b82f3053a1da42b1fe724d4bc50262e69fd7c0997259752fa,Mirai,arm,arm:17227870960796995005,true,inert
aa51f94290e5dec1e2914fd756fee3eaee1c1107b36d7fdf2c3ee3e82cb1a49d,Mirai,arm,arm:16668519264017085037,true,inert
aa541ed842ef1ca80c8f7bb40818285d143095e3f8374f2517e37a174272deb2,Mirai,arm,arm:16668519264017085037,true,inert
aa616c5bebcb80ab372bfc2e43ac352823bc52cbad725c6b9ff74753e8874312,Mirai,arm,arm:16668519264017085037,true,inert
aa66b99f43549b9d5c7d9c4d927d93a8b8e06c2fadc122418cd40e6698b9f186,Mirai,arm,arm:16668519264017085037,true,inert
aa7d54780156ca1c12b77c18da044ea682f200c636b66f2669823ec421b018d4,Mirai,arm,arm:12797174119919430248,true,inert
aa8b75dd26dea2dd9f784d23cd1776a6e09855594212fcf29295ac8d1c3d855f,Mirai,arm,arm:12797174119919430248,true,inert
aac418b3f45af208ab368f8934bf31351e4e90fd6ce18e417847e035dde78be0,Mirai,arm,arm:16668519264017085037,true,inert
aaf684edd9a3f1169397bef5bde5d53f7e961b2770290072e1fe395c0f8f58a9,Mirai,arm,arm:12797174119919430248,true,inert
ab9e757a6d717cb0eda53abc465741e20f0a3fb9d944c352390b5a604d9e71f0,Mirai,arm,arm:16668519264017085037,true,inert
abe9b928508ec849fbd8ea1cb158384237187dde344e974c0e7850a98a06a7d7,Mirai,arm,arm:16668519264017085037,true,inert
abf09ddb1b2dbc81b59414549393d641f1eefe1a6deeb45828f75424160577c9,Mirai,arm,arm:12797174119919430248,true,inert
ac3d6c907974652efad2da1293efb619485a4bbb9df4f4d651b675dcd1552bcc,Mirai,arm,arm:16668519264017085037,true,inert
ac861fecc4a55162fe5536f9084dec732d9812f113747c043695ee804cc835ca,Mirai,arm,arm:16668519264017085037,true,inert
ac93ad6029484ed482e6f76df354d45555cc174ee0145c001c3e8f5b1aadda89,Mirai,arm,arm:12797174119919430248,true,inert
ac95b6d35caed6de813bc0bb5da0aea9789dc41125839bf661087466bf29efad,Mirai,arm,arm:18122483353504317530,true,inert
ad6b44ab4037e9ab00f4a38c87b9dc83d4b2891f829dee1320939ef8bc2a5c2e,Mirai,arm,arm:16668519264017085037,true,inert
ad76146415906bbb75e9202591da190fbcfb6d791eb77bb427c9eb146c98b60e,Mirai,arm,arm:12797174119919430248,true,inert
adb486417800ad9bfc3237c5b9e45a7f0d81db29e6f9ad87ea027a7c9b0e7478,Mirai,arm,arm:12797174119919430248,true,inert
adc10d8cedcfe5c4a80ed502b937074e8b365602085d6a86312ce8fac4bc2fc3,Mirai,arm,arm:12797174119919430248,true,inert
addd922991f9969a36be91b055a02845229369f6ee245ca8f262a1ae9e0df71f,Mirai,arm,arm:16668519264017085037,true,inert
adddc495227c2307dca9e6ecc46ffc8eab0a2f877627af66e844f2df1d8e8ee1,Mirai,arm,arm:12797174119919430248,true,inert
ae268974b1a943a4dfa0438f9d07bbf465f573dafe811f164817afef93fb39e6,Mirai,arm,arm:16668519264017085037,true,inert
ae945e4e0cb457dd1c1eae8e7df0a29b63f40925b5565397d298f4dfcdcfc33f,Mirai,arm,arm:12797174119919430248,true,inert
ae95c9a37f7c9de5267e515743064ad8aba67995346048055cabd053a62835ec,Mirai,arm,arm:18040591308751152241,true,inert
aec9c4499acb291b544ed62383dd18d424054bf76219478062cc3160c7310443,Mirai,arm,arm:12797174119919430248,true,inert
af567179151b37e29ee354ff59aaaece43b58e1b3d1d101c356e6d979468e319,Mirai,arm,arm:17048574331015211463,true,inert
af8882f3ab44df7028d961bc77fff879217d3bc936730cc365d77d2531b08e39,Mirai,arm,arm:12797174119919430248,true,inert
af8a29cc3f00e47a025e91316dbec12aeb9067a38a356f6dcc40f31dc6f51c77,Mirai,arm,arm:16668519264017085037,true,inert
af8d42aa90a66efbe8029eb9744eeef507717d2b5abda6b1a4c2f2a613998626,Mirai,arm,arm:16668519264017085037,true,inert
af9a1c08c3129f4f33216f925ff49e60f801c36efe43975dbd3384f77b4bc2a3,Mirai,arm,arm:12797174119919430248,true,inert
afb51df2c9ab3c46029c2d10c15c66ccb800827ea3396920f638ea680b6f46d8,Mirai,arm,arm:16668519264017085037,true,inert
affeeada18f632c28fc213bd4eae948473188ecb644cb2000386ab6d649e422b,Mirai,arm,arm:11944351117873817769,true,inert
b076ccde3d6b0552a63f8292b5b69e6485d104dbdc3b6f9d71725497e32647b8,Mirai,arm,arm:17048574331015211463,true,inert
b0d9354774695c30a7aa2361ae214988d49cfd875ed7d8c271a9314f38b5d4d9,Mirai,arm,arm:16668519264017085037,true,inert
b10b6e52391f3e67545defa7e7c5d207962a35253ddbad2cea6aca2441ede369,Mirai,arm,arm:16668519264017085037,true,inert
b1495dd8609a94c215a14f298499a12779301e50fdeb36d6e9e97e7eaa055f86,Mirai,arm,arm:16668519264017085037,true,inert
b1f5e1208082236c14dd7e811da87392c210c4056f9dac970f654de13d48adff,Mirai,arm,arm:12797174119919430248,true,inert
b246689e30f69aae4bf393218305f8bd231d7c67c7f00a8beb88502c3e012501,Mirai,arm,arm:12797174119919430248,true,inert
b254ba49bc349764e0058214391494ea32786a2b8920247ddb5ae0da2c19213f,Mirai,arm,arm:16668519264017085037,true,inert
b2574afad493f9c1bbda9173699aca796cfdc1c88bf588b9b1e66f04b86ecbe9,Mirai,arm,arm:16668519264017085037,true,inert
b3034080adac50f657bdc182df3dbe9fabb41c12f94de5825b4f156836e53e70,Mirai,arm,arm:16668519264017085037,true,inert
b30b591ddc04e323cfd37209f26280110e6b0c5ec5d17677e255687ba5737048,Mirai,arm,arm:12797174119919430248,true,inert
b30d68adb1adcef93ccd5ff7e168cf2476c5da5100ac8c6ca9ba44b7e8af49a4,Mirai,arm,arm:16668519264017085037,true,inert
b31c6eb237f6270c63e1540445ca41f008d9f5ed6cc8902fb3b8e765779a7868,Mirai,arm,arm:12797174119919430248,true,inert
b32d3cba30b87ff5b0d605f87ecdf9143391f98707ca770c597591f0b0561ada,Mirai,arm,arm:6642971321474787873,true,inert
b32f4b56d8f0cdcfaea94069195ecf9cdd73002f274e2bea00b2159da76c0fa8,Mirai,arm,arm:12797174119919430248,true,inert
b3f13ca85c583d093631f522609e4a72f15c0cbe1ef817b759ab431d27457a8b,Mirai,arm,arm:16668519264017085037,true,inert
b41191b22e9b693c01fd7920f7bea8920f7e1a921d4e667c8dbac35aef6650ec,Mirai,arm,arm:16668519264017085037,true,inert
b471287dac14c4ce3c675d9d3ef9bda965ff4f3db1eb45af72549a9794425770,Mirai,arm,arm:12797174119919430248,true,inert
b4ba9617c3de34ef1c225b9836043b5788e69ca7f19c6a05b82d302ab258db14,Mirai,arm,arm:12797174119919430248,true,inert
b4c777d709c48ab4d5ab9a690d91a7c32c30321e71b673f1516c707da7dffd8a,Mirai,arm,arm:12797174119919430248,true,inert
b520cdea5e5edca5ba59936eaf1894886dfc5308e61dc48f97175a6e6c805081,Mirai,arm,arm:16668519264017085037,true,inert
b53f249300c8aa71b7d73da01b0cc3a2b7fb53cb7fa3f226b7b69c0775657188,Mirai,arm,arm:12797174119919430248,true,inert
b5adaea760cc05abdfafbdc364e6ea87e9cbd10f39db2ca4a1e188d9218599ff,Mirai,arm,arm:16668519264017085037,true,inert
b5c9bb2e426b9a9d2b5358bc655e0d45d56f6b0a07fd43097d4e5ace5b341d60,Mirai,arm,arm:11944351117873817769,true,inert
b5d0053df7ebcb8e25ad9e1869fd2e5b2af06b7338e3d205420a7c78bec16cc5,Mirai,arm,arm:16668519264017085037,true,inert
b61923c6290b1f2acaf913a5ccdbd1f655a69212a7970040de9c007c8ca383b3,Mirai,arm,arm:12797174119919430248,true,inert
b62231aaf19475dc959a4d17186b121017b00ddd11ecd9d6bd0b1409255ba668,Mirai,arm,arm:16668519264017085037,true,inert
b641119f165d2723872b14f663209441d4001a2db471752c05c0a5e911b4e33a,Mirai,arm,arm:12797174119919430248,true,inert
b65d826271342bb947df77519718788640243b9d3a752a11a52d542878f5e35f,Mirai,arm,arm:16668519264017085037,true,inert
b661817212583c45d5754aa6b1141b19504fde5adbdf0136d94a25e924afcd58,Mirai,arm,arm:12797174119919430248,true,inert
b66cbccb031398c93e417ebe0eb35163c8089ebae54c554e0d011542dcdce192,Mirai,arm,arm:12797174119919430248,true,inert
b6705d9bd8999a9a7903c3e56987d5abd28228971f64b7d46b8bf9793988d212,Mirai,arm,arm:16668519264017085037,true,inert
b70c98d0630a45dc5fe51689c43b8cade67e47f73935a5975525db4a6e7f7372,Mirai,arm,arm:16668519264017085037,true,inert
b73eec86352eb222d4497d6c811ad22453b843b4bfecc2a41ecb28a1ee5cc4b8,Mirai,arm,arm:12797174119919430248,true,inert
b7e44f9a24b7adc235facdf82773932c79119682910f56b3078ce869f398fd98,Mirai,arm,arm:16668519264017085037,true,inert
b7fa31095d95225653d70da102e4e2cffa5b2a31f5526d0e2c8e00aa99931875,Mirai,arm,arm:589532870003722328,true,inert
b8ff724d855106c96d80f105a7b7926563e8c1513173fff46a5914465b1d594c,Mirai,arm,arm:12797174119919430248,true,inert
b948dd23394cbba2cc58338399fb71c5cbece9ee2b395e1e462308319d165ba1,Mirai,arm,arm:16668519264017085037,true,inert
b9b11a561e3230ffd34e6f7826d30ab7f2740debd97677e8c4449d741141e4aa,Mirai,arm,arm:12797174119919430248,true,inert
ba8da6edfb2aeb5624e88cd45acf7dc4dbbd8f063fb03b9841b51eb0270e94a8,Mirai,arm,arm:16668519264017085037,true,inert
bb00e382770d558c1fb72dd4c7662541b4587f09833e692cc569788a1794e3f2,Mirai,arm,arm:16668519264017085037,true,inert
bb0b2f124495d82fc483dba559be9db8e61d6d9e895a1ee45d9e04261c2945e4,Mirai,arm,arm:16668519264017085037,true,inert
bb18994225a9a2ffb890bb903c413622c10fcabef3c5537f579175e69c77953e,Mirai,arm,arm:12797174119919430248,true,inert
bb751e294435b993938caa4c6935e7d1b1be950103eeadb53cd8040a55d2ad7f,Mirai,arm,arm:12797174119919430248,true,inert
bb76977afc526f45fcc1232aab9d3bce717b09ab337588d8cccd53cd4be7dbbb,Mirai,arm,arm:12797174119919430248,true,inert
bba9485acf3eb1fb813157d963b313ab7150aa8e9bd3e4fbd0942f1980765145,Mirai,arm,arm:18040591308751152241,true,inert
bc11add7d9988f219c3ef0dbaf6ee76e0ba3d971e7053847215b85c5c1e8fbc6,Mirai,arm,arm:12797174119919430248,true,inert
bc2098f2b31761878ecb7c01da7f33c03534a147176c29c7d9a44855f5fb39af,Mirai,arm,arm:12797174119919430248,true,inert
bc83babf6451fc4e6ea1358cbd9ee78c63fe81781e1e84de725f7bc07035c532,Mirai,arm,arm:16668519264017085037,true,inert
bd368f721a97b213d63ef0a07e2259e61f0d02dc5cc1ff561e23eaeca1ca8cf0,Mirai,arm,arm:16668519264017085037,true,inert
bd66986d0a06d55c54c11f76d038fa409d2030fdf3afeec45e369e7e1bcc82c7,Mirai,arm,arm:16668519264017085037,true,inert
bd6b3fa5917ccd8645c077a2820cc2272d54afef52c775f6c28fbc8902b99623,Mirai,arm,arm:12797174119919430248,true,inert
bd93bb358c4114a78e94d6c976cca55f6a6c15e6ed029693052854028183b25d,Mirai,arm,arm:12797174119919430248,true,inert
bd9a7509bc154dbfbb8ab5bfcb67c4192545ab3225d0c2eee26168b657e6c40b,Mirai,arm,arm:12797174119919430248,true,inert
bdd2b17a089ad10b4fab3e2faf73aec3a29511802207a2e6b23ef078ee118b54,Mirai,arm,arm:12797174119919430248,true,inert
bdf40fb57823910889321bec52e82ea1ff76c1af0b77f4918d6240263e1a19d1,Mirai,arm,arm:12797174119919430248,true,inert
be4066013dce2d3e81c6bd5e8a7eae9fd2cb017693b2f5a7918b1b99e5706c4b,Mirai,arm,arm:12797174119919430248,true,inert
be4d4228eee8bb5550b88c063b2a5722d1ad84b69dc1585a156c0ffba27bf74f,Mirai,arm,arm:16668519264017085037,true,inert
beb59862560c0eee42a2bc2454aac95d388e5544718d561d4bf646263f40b7a1,Mirai,arm,arm:12797174119919430248,true,inert
beff94cb8215eb035ca81447f733c8c4b72eb146af1a1f14a7d2d6107e2d639c,Mirai,arm,arm:16668519264017085037,true,inert
bf158b90de18965b7978a65a7850567c8192a574605307cbf6ec8cc7c188a930,Mirai,arm,arm:12797174119919430248,true,inert
bf16338091eeb851761d1a90927354edfbe30873ea301bf62b23a51f66905d7b,Mirai,arm,arm:12797174119919430248,true,inert
bf2dc1231c11c0cf3659390c604defa4f20fd45452e0c98bcbda46ba8f569194,Mirai,arm,arm:12797174119919430248,true,inert
bf32e6582ebf51e92706f81d1f59aec8ea24b386061c7796f561894598314624,Mirai,arm,arm:12797174119919430248,true,inert
bf45b36b5e33ee9c9d4e7aee987403c96dec4f112a913c65a68ac35c5abb07d7,Mirai,arm,arm:12730759347904092021,true,inert
bf5c3b7ed835b27028739ef6cc376ed614f492ea5a3b1f66c28e2dd85fdced22,Mirai,arm,arm:12797174119919430248,true,inert
bf6435e071d68cc6d48210101bf2a29572fca2a99705d2aeb082ea0c066682ca,Mirai,arm,arm:12797174119919430248,true,inert
bfcf135e733a43c093429a8bccef1c4ae9ef8bad76f7e6cd101706f1b885243e,Mirai,arm,arm:16668519264017085037,true,inert
c02472782b55cec75c121ad8c8429d7a6b326a3255f71f0beb1ce1eea5f3e69f,Mirai,arm,arm:16668519264017085037,true,inert
c0691508366c9ea2c5f68c0a6493680cbbffdd3053d1cac1c8067a24a6743c7f,Mirai,arm,arm:12797174119919430248,true,inert
c0b0a9f99ae04ecb97996ecb42c0aaa189d611e2f6a16415b6c2e3011156d908,Mirai,arm,arm:12797174119919430248,true,inert
c1336beefd197d58e1327d1dbc21c7f12a3840e2278d74338414a25159cf40b8,Mirai,arm,arm:16668519264017085037,true,inert
c15b5d358baa3175ebddee7f8e8e0c5b5fca462123f682402f7961272ed7bea9,Mirai,arm,arm:12797174119919430248,true,inert
c17462e5b90d8139b7990f89afd6dcf6855e69bc2c63ec9a78ae2c77e97ee26a,Mirai,arm,arm:16668519264017085037,true,inert
c18cc64d73b6162bdf6cfa3410f53abc35fa670f873cc03fc15c2917750e8bdf,Mirai,arm,arm:12797174119919430248,true,inert
c1a042915857f4de6ff1d44659040b4746c8e4f9ff245f9e658af20eee10bf8f,Mirai,arm,arm:18122483353504317530,true,inert
c1ab1fae75680b4f4623985b569eb52905c47e2a2c7a69c50c2d61f251750f6e,Mirai,arm,arm:16668519264017085037,true,inert
c1fb7982d22846a6ac9a838e3f7c42d657ef912e1673bcf7baa67fb7871e1b1c,Mirai,arm,arm:12797174119919430248,true,inert
c1fd417223ac939e6fe80e4b8f0445259e65995641d3792f610d660a817278bb,Mirai,arm,arm:12797174119919430248,true,inert
c205b17882c27645f2c651681be39b45737a75c88c432cf3c06837e3bb47eb48,Mirai,arm,arm:12797174119919430248,true,inert
c24a21945c133c48d027d6314c20b49dd60d91b6d5d7c089c1fbb0b9b543a506,Mirai,arm,arm:8143093897098890859,true,inert
c24ea0b2eb5cd66e654487e1cfcefc08cd011ae4eefe26deb7b3aa8808356921,Mirai,arm,arm:16668519264017085037,true,inert
c2593e4b1bc00862950d28d75060d42ef8bcd2cc65f9281f67f3f98511d48b43,Mirai,arm,arm:16668519264017085037,true,inert
c268663897410371672548d00cd8d30763ee52cf7a1b1be43d159aa9cf103e9a,Mirai,arm,arm:12797174119919430248,true,inert
c283418e25d016543425e4d69a714c022661db010476a7815dfadf122c2ad1e1,Mirai,arm,arm:12797174119919430248,true,inert
c319444c306455e07323b60f24646e0f905cffdc476e19ef5e78d378b7acf381,Mirai,arm,arm:12797174119919430248,true,inert
c35a547a4f78f63c9dc1349ebcf5984b1c52b2c9d298f46f4b4a077042155f75,Mirai,arm,arm:12797174119919430248,true,inert
c3719241c54cfb3d558e28313c3268cfbbca37e812076937812496500b84b193,Mirai,arm,arm:16668519264017085037,true,inert
c3ea850b8bfba397eb81ebd7a71eadda06b05963b77d9ab0d5a14b8f6727095b,Mirai,arm,arm:16668519264017085037,true,inert
c42b8f04914356e580cde514f2cf0714b1cdb90ff91bb597b25814c056047058,Mirai,arm,arm:12797174119919430248,true,inert
c441396783f35bdc7cfa8e2ccffd7b920890ab074f7e2565085300f71d2fc5e8,Mirai,arm,arm:12797174119919430248,true,inert
c48acdb6c34ea4cae61e9e95005ddddaa28f45f6e7a2b4bcf3e9c196d2f87b8e,Mirai,arm,arm:16668519264017085037,true,inert
c4ab9527bb0258e4e177e354103b00fd16124a80b51460a16b5eb4c124a7881e,Mirai,arm,arm:12797174119919430248,true,inert
c4bf0a5a8dfef0578689300246578fa97b27e958661cf678c9c2ca17b7db2b6c,Mirai,arm,arm:12797174119919430248,true,inert
c58ede5813ed4190568c186170f109b0f5f9a8eaed2ff3087590e63f8a368997,Mirai,arm,arm:14204418127472673492,true,inert
c5a020b16224d1c21d374f68e4796b0c82c864fe276a50a799a5d2fd4acc5532,Mirai,arm,arm:16668519264017085037,true,inert
c5cbec79f5836c44540b6b346e04d97fbe066c2f6255f40cb03cd367f0565a4e,Mirai,arm,arm:12797174119919430248,true,inert
c5cd97dd0ec87c5391cfe63b60a53edc1b60e5e5ed9afbe8f2dc66ed036005fc,Mirai,arm,arm:16668519264017085037,true,inert
c695419a9a2da4c14c842dde634ec64044fa5aba6c085be2838e5016eacd9079,Mirai,arm,arm:16668519264017085037,true,inert
c6e4652e2d1e1f9d9e7c77318bda3792a39e1f69eb927f51e2433e7dda88c4cf,Mirai,arm,arm:12797174119919430248,true,inert
c6ea24ed258ede2bd209676134639346f5f732ff4d95b52e4d699a16bf7d1deb,Mirai,arm,arm:12797174119919430248,true,inert
c7013e666e244430ed41de5e0da7e0daf2f8abd882e99959ffe2495d20c8302c,Mirai,arm,arm:17227870960796995005,true,inert
c713fa08e6edede3bcb222f521bc88129083f66bc3c3a8273cfd83686ebecf0d,Mirai,arm,arm:12797174119919430248,true,inert
c71a018c787c965e88a9f573a6e073560a571cb1c32df8a143c94971dad9f872,Mirai,arm,arm:12797174119919430248,true,inert
c758dbbf0b35fd60b12a9bc41115cd844a5ac25277362fbece733704d84ca2f2,Mirai,arm,arm:16668519264017085037,true,inert
c76da126161a5a1edcdb41f5d9ce1a12a1c962e1d06f9f89efdcf4109b812d81,Mirai,arm,arm:12797174119919430248,true,inert
c7bb5f313c88bf604aeb79923e38eed16d95e8888670fc0c7d8e0e06a3fc9758,Mirai,arm,arm:16668519264017085037,true,inert
c848744bb5d1a4c65ddf21eaea23260424edf103bb424140fca3d4f365650301,Mirai,arm,arm:16668519264017085037,true,inert
c84c9d29089004e085056da231019ee14b94f00e102acad26a5f07328e68cce2,Mirai,arm,arm:12797174119919430248,true,inert
c85fbabffd69e5939f059e98d02098603768b674e3f0c47302fa66de1a1b49f3,Mirai,arm,arm:12797174119919430248,true,inert
c8858ff75a299f4efa74c380183b0e05053ce197ea823e75eb4e2d3bee403938,Mirai,arm,arm:12797174119919430248,true,inert
c8d99fdcc96239eca4bd8dfedd2646b17c0727249a9994a79f57d7ea3534bbc5,Mirai,arm,arm:12797174119919430248,true,inert
c912e2b48d117dce16444dcf9af9c734b5d5633b0f2cdebf07fee8b047764d83,Mirai,arm,arm:16668519264017085037,true,inert
c96e14bc4f33a52071285e400fe96d609784ae0b264b60659696530ac0891e5e,Mirai,arm,arm:12797174119919430248,true,inert
c97061485a83f994aedfd6985bb0ac649a1ed9253abefee603da5ef285eda0dd,Mirai,arm,arm:12797174119919430248,true,inert
c996319b4aa4bcdd7959b87d268b2fa4d13608b011f2562eb7cb4f3201ee1d80,Mirai,arm,arm:12797174119919430248,true,inert
c9a7956f3270c31012a025931576f799590fd2e339974f1072b7ba37c60f511f,Mirai,arm,arm:18122483353504317530,true,inert
c9bce433d4d65ce03e62ab939877d1768f8a7ff472fb69c1e9369353a9c9f8f0,Mirai,arm,arm:12797174119919430248,true,inert
c9de31ae868456e07435145fa6271d0e1e43b035c9407361f16892159ebb54fb,Mirai,arm,arm:16668519264017085037,true,inert
c9e3a09f6a4d135c37313634790a42a699812989559e6f0f7f7f1a7c9eb64791,Mirai,arm,arm:16668519264017085037,true,inert
ca6f40ccb6da67c7fdcbcee2cf262cfde26cb573df9884eb75d9ed6ba3aa52cf,Mirai,arm,arm:12797174119919430248,true,inert
cb1b6b597130f5218eeece45df9413937a03a13807e86062d205007b0df8af5f,Mirai,arm,arm:589532870003722328,true,inert
cb4fa1da5773c02102454f1973ec897992df9937511413ff0046b941a540f880,Mirai,arm,arm:16668519264017085037,true,inert
cb61aa51c3e9e353d4ad5244b50aba040db989277556dcbd15ac588b9654f1f1,Mirai,arm,arm:16668519264017085037,true,inert
cb66328879e972a293fbe2a4b20739321f876d1b6d86b9786a6b1cd83bd59ab9,Mirai,arm,arm:589532870003722328,true,inert
cb696fe9c5a09f55e4fcdc55f2f3633a68846094916881fceb016622d1a23276,Mirai,arm,arm:12797174119919430248,true,inert
cb83894bf91e77bf0ea6b74e3e3882986864515213c591da85b9795c19e708b3,Mirai,arm,arm:6642971321474787873,true,inert
cb85045b8f45998eb6e26e6d52564e14910e8436a44e85f6037253f10aa3f0aa,Mirai,arm,arm:16668519264017085037,true,inert
cb95f844feb93bda2a011b9667c4808cd602498358d585671cdf4bec9f59686d,Mirai,arm,arm:589532870003722328,true,inert
cb99d1a935556cd31f0b2ce80c8ffb311134dbe1146e6ff631858b2824742a98,Mirai,arm,arm:16668519264017085037,true,inert
cb9a60c68d4f8cbacb7f813862bf015a1fdd297b33706542ed434a8a3c311f8f,Mirai,arm,arm:12797174119919430248,true,inert
cbd15e49cf542bb9f02a1f332677d5db377777412e2bb0e0f7b7f6993b6763b8,Mirai,arm,arm:16668519264017085037,true,inert
cc2c22fbbf313875b7a5faff91035c52dfc1380e03e79483bd36330b8babfcd7,Mirai,arm,arm:17227870960796995005,true,inert
cc332c6f765a2fc0c10b0a8152b68453af225ec57bb7b26494c3882a94912b05,Mirai,arm,arm:12797174119919430248,true,inert
cc385435e498cad6bf4604c4551f5dee2680dcb9eddb079af6c98e2d28ce6319,Mirai,arm,arm:12797174119919430248,true,inert
cc4f3f869d7e3a831eab9a8d19bea429b5a62413bd927f79a392b6c59362fd03,Mirai,arm,arm:18122483353504317530,true,inert
cc7376476b9481e6edd9265c923884519f8747f84d26886634a67736e38770fa,Mirai,arm,arm:12797174119919430248,true,inert
cc7e0f14451b731f4beecbe5c8241622bbbe6d2abcc634e8f5c805af4f37a685,Mirai,arm,arm:16668519264017085037,true,inert
cc8373c0e31535a255ea591c9f5ee7db84f66658604d74b5dba0d5ed6343bdd7,Mirai,arm,arm:12797174119919430248,true,inert
ccb522743975c843639ce11f87a13aa9a687f5782b65368a0828372e74737921,Mirai,arm,arm:11944351117873817769,true,inert
ccbbb9a8d0c5e0ecb748b565e1326846f4175eea31c95465a4ebcade426e18cb,Mirai,arm,arm:12797174119919430248,true,inert
cd446d210466d1981d986d920b1e9860ac6b88da87bb946508ade235ecf4ad2f,Mirai,arm,arm:12797174119919430248,true,inert
cd78751c940fc82b62f153d18a7f9f24fea8f9fa529440add0e2269b531b544f,Mirai,arm,arm:16668519264017085037,true,inert
cd92ec03f21ccab40e41004dfe5b1c42a08bdd3da682b942be47acb363260cb3,Mirai,arm,arm:16668519264017085037,true,inert
cd9f18e777649d01166959aa6e0dd19ef5be69e80b320bd63aee72ffead51743,Mirai,arm,arm:12797174119919430248,true,inert
cd9f7fab2d781860da7a8bfbe754db419fccc7d9f9180dcdb16839c01f71ca63,Mirai,arm,arm:12797174119919430248,true,inert
cdd73d84ec18a5c327444bf056cf643580032ef45c67b8b1f8100ab68edd6ee0,Mirai,arm,arm:16668519264017085037,true,inert
ce4907e81fc3f28793a462cbad723d398ceffa6d98ff3bf1b070941d6392b833,Mirai,arm,arm:12797174119919430248,true,inert
cec1caf1bf6e550f463014f8341ea3d8c13d6be6bf3bda559beb1a11b08569b8,Mirai,arm,arm:12797174119919430248,true,inert
ceebe94530fa468a069343dd62ec0058821d039bd57281284bd05de6c56fbb6b,Mirai,arm,arm:18122483353504317530,true,inert
cef32e11985e33a6217dbaf75e0d0e19c194e1a28301a399835ff77afa100718,Mirai,arm,arm:16668519264017085037,true,inert
cf2cf8359c35e7ff32674173325047c1c303cafdee7e8d14d2003baf28655574,Mirai,arm,arm:589532870003722328,true,inert
cf41d341dafc7b5dbad05b97e80bf099f0e3cb0ef08bd78f99f40f284d6a8ae8,Mirai,arm,arm:16668519264017085037,true,inert
cf5e201d5d800f3285f87cba4d2264222bbae4a90d79d40e51cf23684e9d3716,Mirai,arm,arm:12797174119919430248,true,inert
cfb17e3975709eccdd0a140961cb54842c20a50e2986e23a20396e49442cee08,Mirai,arm,arm:12797174119919430248,true,inert
cfbeadf95f9b03887fc1553580c7bc4ab775aa01245b1d6f3465056a363a7a2b,Mirai,arm,arm:12797174119919430248,true,inert
d07a966c55cbb574c109025c033f004fd480ef3939764e4305934b9f29e866ea,Mirai,arm,arm:12797174119919430248,true,inert
d0ecfb8598bd19d18a9ba4d9d2b698077c894a20796df3fc34c94f4f069b32b9,Mirai,arm,arm:12797174119919430248,true,inert
d1841a615c9523a39c4f27010e0cb5a39a8659f0911b8f09631e396136b4a065,Mirai,arm,arm:12797174119919430248,true,inert
d184ec9a8eab496a095fa5f07f6bd762172fa7d302a3c6145b12abcd96be785f,Mirai,arm,arm:16668519264017085037,true,inert
d19a0c0c94a8f966cd513afb065b09fc23e24e37ae321e4167a7b94666ee3fde,Mirai,arm,arm:12797174119919430248,true,inert
d259ec690ac52ccbb6f8598990ff2f6245de857cbb25a2570e74ad7f1750fab5,Mirai,arm,arm:12797174119919430248,true,inert
d2e9ef763e0caff3fe248fc17c854c24bba9ea32616df38504b2e568192983b2,Mirai,arm,arm:16668519264017085037,true,inert
d2f77e35ddedd7d753835176babadfe0f6489fe8f661822f787430796de16b91,Mirai,arm,arm:16668519264017085037,true,inert
d306a4588bd3a52d8480feda4ab10248143a06bdcf39a444e6b9fd3a6093bcb3,Mirai,arm,arm:12797174119919430248,true,inert
d3256ad2a13772b131c9ed25e2d304a73267a79cd1f9dedf921140bf41f51258,Mirai,arm,arm:16668519264017085037,true,inert
d33332c6bdd874171076fc9be150b653332f92b72394804df6176da2c39befa9,Mirai,arm,arm:12797174119919430248,true,inert
d3375e8a47554aa2876f1efa808847cacab31abab9757b9ee1dbe1436b9c5493,Mirai,arm,arm:16668519264017085037,true,inert
d348207f39579ab8c8b6495c8a6dfdfae6cc23f7b192057f6bcd106189577c89,Mirai,arm,arm:16668519264017085037,true,inert
d3766f608af2c191b7a37af10f6179eb966fb8820290a22dada2f65f86fc2e6f,Mirai,arm,arm:16668519264017085037,true,inert
d3bdad585873dd21e83b8f2eeae549c5c871e0f8ac98d63d642256d8d48b02d9,Mirai,arm,arm:12797174119919430248,true,inert
d40289644566029391a19eb6361129518aebcd5a227dcfe240946a0e32aba789,Mirai,arm,arm:12797174119919430248,true,inert
d40f8d2dced05c36680518145c662a8deaf9b45004671ebac92123291860e8ec,Mirai,arm,arm:16668519264017085037,true,inert
d41dc71744cfda136cbedd4ebf949fdc690de4a91f61d08eee61096f29ced931,Mirai,arm,arm:12797174119919430248,true,inert
d42ef032e26f6d7ddf3c7a8d76f4e44ac041d2179510802c60238fe46063d0a9,Mirai,arm,arm:11944351117873817769,true,inert
d46c7fc59a12225a9462610d44731b7d92b6edd371d05b01d1c25b80a219e68b,Mirai,arm,arm:12797174119919430248,true,inert
d4b7a44c4346b3b337638f83b10baa3934f1918a6f306786f7cc070177cc9bc6,Mirai,arm,arm:12797174119919430248,true,inert
d4c301a1784375fd6cc3a9e48e4d59b6a5e301027d2545f791e9037970622ebd,Mirai,arm,arm:12797174119919430248,true,inert
d50228edf8889309dbd75d0c6f4629660bec5f8988cd00e989f9f1c3c6536d88,Mirai,arm,arm:12797174119919430248,true,inert
d5267c61b6e621b662cb97b879823aad885d3f69f6ff2620969a6b9b55a9eb0c,Mirai,arm,arm:12797174119919430248,true,inert
d54338b33eb7b134d90b51ec53d06d33c93e3da007926d0753835f0f2b34cd0b,Mirai,arm,arm:11944351117873817769,true,inert
d58545bd089faeb661f49368635185aeea29fa1de4103acf4febdf8ad4c693b0,Mirai,arm,arm:18122483353504317530,true,inert
d59e34cfe0c6b6f45cb91949a2e8a9b66891a8317343830ebe552236a085e04b,Mirai,arm,arm:12797174119919430248,true,inert
d636a9f6cda200996372f9ad247bd56a1d4115e661c3b026f1ba88c3af497307,Mirai,arm,arm:16668519264017085037,true,inert
d67b6f9759fb23bdbe5035121414a1763fb9cea261378dce201072427a91c329,Mirai,arm,arm:12797174119919430248,true,inert
d6a14949b5acfc76508fe79bc84c60c5e1ea9e96f80a0344e232b1760c1c5509,Mirai,arm,arm:6642971321474787873,true,inert
d6b0d29cc6d76a5eb35c5eac33adc8a00f32b945b70ce3776d505f7284a7d652,Mirai,arm,arm:16668519264017085037,true,inert
d6e062ea065a4a77c0439b1012a08db3a756fd4b47b90f111852951375a156c9,Mirai,arm,arm:16668519264017085037,true,inert
d70d7024851d8542d1266ae07cf4962b9d7728f3de9820118aa04b8a137a47bd,Mirai,arm,arm:589532870003722328,true,inert
d72f90f59f8f431bceb2a7438fefdb17c511ee9f7f3b0b029c77ed7fa5bde577,Mirai,arm,arm:12797174119919430248,true,inert
d75629284245d0d87a7577a7ab9818718983cf25335c91b427cf30288374c48d,Mirai,arm,arm:16668519264017085037,true,inert
d783b8296dd1d920020cee0b8d998c6815bc030928bfd3152b9284c821bab2bd,Mirai,arm,arm:12797174119919430248,true,inert
d78df035ef27a0942004c824e00e945b38006223dd9531e62e2041cd704cde52,Mirai,arm,arm:16668519264017085037,true,inert
d7aa2295d5f963ac2214944c67f4f221d64acf30507c4682e828d594381c4735,Mirai,arm,arm:16668519264017085037,true,inert
d7aef6ccdafd55cf0fc930bbcb049b63e2d79b8fc033f82788fd3ef8ba997b21,Mirai,arm,arm:12797174119919430248,true,inert
d7f47556fc7e9781095e5c797e95d9021eb03f95ae64264d339ac9722969de99,Mirai,arm,arm:17227870960796995005,true,inert
d807246027100bb4c7e64bade74661e7eecd947be8a917f42039983350dd8f09,Mirai,arm,arm:16668519264017085037,true,inert
d868a30f9ad6ea54f0be2218642daf569c609c93fc202c5270e45d0c19dc7363,Mirai,arm,arm:12797174119919430248,true,inert
d93658aa1c6f156863db1f0dc58c1f2f066d65b3adda93ba3b4d1b9e0946af16,Mirai,arm,arm:589532870003722328,true,inert
d9d8c2a97a6dd70b465b52490b92a9b3450943ec26f7a1b8fdca691b0e05546f,Mirai,arm,arm:12797174119919430248,true,inert
d9f893d487c15ef00ef170e215cc714cdae8b87b0253369c3743f912512b49cf,Mirai,arm,arm:16668519264017085037,true,inert
da0b93fa0dc25dbeca2913a0c6ff950df783ee8a1318e00223df60f42c5af334,Mirai,arm,arm:16668519264017085037,true,inert
da16f1f52fb3c0dc2ee10876237b5bcae249143b44fc1a598d08222baf62d1c0,Mirai,arm,arm:12797174119919430248,true,inert
da2886c8721b1d5ecc0989b8af0fa10b5da5a454e1a96ab7bef07da9a8be0716,Mirai,arm,arm:18122483353504317530,true,inert
da360aa9478b29f5de33620a0a46c12841e35410786aad332229ec3eb459a264,Mirai,arm,arm:12797174119919430248,true,inert
da3e88e23ae7a0bc93d3296413483ad1d2e9f0ecae16a38bc8b8090343464544,Mirai,arm,arm:12797174119919430248,true,inert
da6249e87f9cb3889502550fb26de92f89b93404e98ae8516f5d191393e80de3,Mirai,arm,arm:16668519264017085037,true,inert
da86260842bfe5ef2b548473110e473e254d02d49a7d09dac10f7fcf44a660f9,Mirai,arm,arm:16668519264017085037,true,inert
da92e5d280eb2f6ed7de6f03eba6f7512cc791eaf7ddefa577968b263c7bb960,Mirai,arm,arm:12797174119919430248,true,inert
daf3421e05b8e1b368d7ada547d349b45fceb11370a166dfabe76ed000ca62b0,Mirai,arm,arm:12797174119919430248,true,inert
dafd914a8e4269e23909dd3ac7b833c01b68ab2abe1b41d42f1eab3b7a7f5bc1,Mirai,arm,arm:16719155217112093915,true,inert
daffa17095e7d708f35656de3c92286c4523a220e0c7e087976ffa538875810b,Mirai,arm,arm:12797174119919430248,true,inert
db021735e460e722b683be480fe116521ba32178e2b5fc503a6f84d980b71df2,Mirai,arm,arm:16668519264017085037,true,inert
db5faa20fa61049a0a1ef8403313152e39b90df5f249c092404db42d71080047,Mirai,arm,arm:12797174119919430248,true,inert
dbc8b4e35babb5cbea2cee622da6798e3ba22a8a4a62bbafbf67f47f38c5dcce,Mirai,arm,arm:18040591308751152241,true,inert
dbe8ab257af5f31d63e58dc3130ab49193650324059d378df16c81c0f64cd2cd,Mirai,arm,arm:16668519264017085037,true,inert
dc0c3ebdeef33ba19ade62a1a52cb7835fb76e814c6e5fb2e5c159476295cc0c,Mirai,arm,arm:12797174119919430248,true,inert
dc8451894d3db8315a2c6bbb7c57500891ecc3d5f983a0cfbb29e60b2618d5e7,Mirai,arm,arm:17227870960796995005,true,inert
dcd3a727907dfaa24c9aa171229932f6994202752f1b5b9de301acbd5f565808,Mirai,arm,arm:12797174119919430248,true,inert
dce83c4efb66579445e673393be6510bd05f76f2664320a69a67c041321ad3ea,Mirai,arm,arm:16668519264017085037,true,inert
dd7f26b6fade36635827d0c5721b4ffe76cc98fa80988cbc72ca8962981f3fc8,Mirai,arm,arm:16668519264017085037,true,inert
ddb25636156e2d7df920ba001668e85ed9d6f4e5688c52d61819bda4138e66ed,Mirai,arm,arm:16668519264017085037,true,inert
ddba3cdb2efdc77fb695abfaa07ef18b421e04a3b748ea45513adf07c46864d0,Mirai,arm,arm:12797174119919430248,true,inert
ddc0638302f7e766c38c1a8a18f8031274f1cf9215c32e7682d8f075ac952189,Mirai,arm,arm:12797174119919430248,true,inert
ddeef4f91c604be5acdd8c0a2a3f8e9b21a7a2d814f57745110c2bf0da1fe283,Mirai,arm,arm:16668519264017085037,true,inert
de1d85f3a897be46b55c3b022dc9988eb7e0e62d76b1e16c23ce2c568eabc451,Mirai,arm,arm:16668519264017085037,true,inert
de26d18e59884b8139036ccf72fa112a8f8f7c8f28a1b238b8fadab674aa36f1,Mirai,arm,arm:12797174119919430248,true,inert
de7f66c94c6ef5601802506290a3edc2b965f4bc0ffed85fe43c7c893dd760b2,Mirai,arm,arm:12797174119919430248,true,inert
de94c967e29528ace0c0b333d2e02de4031c6bc5591515b5f19264b1ec79ef91,Mirai,arm,arm:16668519264017085037,true,inert
dea4eac65775a06d577e220bdf4e67c4493760802d4cec9f8af517399142dc13,Mirai,arm,arm:16668519264017085037,true,inert
deba1e92d258232fc0ede60352538e6b2736ec914106c14dc388c54482445ec9,Mirai,arm,arm:11944351117873817769,true,inert
debc274224ad72b8c9351ed18ad8791b834ce00eef2c5b5e566260f7818bc285,Mirai,arm,arm:16668519264017085037,true,inert
dec8970213a9b52ea6e21289bfca3c9b2c8caa29c00b31d705e69afbc7edab22,Mirai,arm,arm:16668519264017085037,true,inert
ded778e6fe0efa759518aa135b967ddb2aea28626da558c59d5765a8b5c29ca0,Mirai,arm,arm:16668519264017085037,true,inert
defb059e56a7b634101e3a11fda209ba64f69d214b4ab0b6a85eb868152c2c8c,Mirai,arm,arm:11377077716241937873,true,inert
df220cc3fc56ceac349761af9fad5f4c889a67c0ed0e269bd8e8b743b565b3f4,Mirai,arm,arm:16668519264017085037,true,inert
df290112d0ed392511ecacfa9819110ec7e934e1fe53a6cebd25c958ed30f818,Mirai,arm,arm:17227870960796995005,true,inert
df6ff29b812490d07fde43ede76c0ba452c8fe648cc31398dd0d01f934a23724,Mirai,arm,arm:12797174119919430248,true,inert
df917c8a597ee12bc2b72351e141f2540d1593364c67c92dd7480fbaa8f3954c,Mirai,arm,arm:16668519264017085037,true,inert
df9bc5851b28d6ba3509241e5b20ce22c1e14f375befb7f2b0682b50e3a3197e,Mirai,arm,arm:12797174119919430248,true,inert
dfcea44f95861dd7a00a3d4a259eec3d6ba4d8f9457e56ccb9a0e3e737f9a03f,Mirai,arm,arm:12797174119919430248,true,inert
e010cc59c026df1705fbb4fef26dded8b835a6ef72a3c3076b76c2511dc4d5c2,Mirai,arm,arm:12797174119919430248,true,inert
e06ebcf7c2288cd97059983312d5ce74f4b12c104f6423b9d7d91019e2703790,Mirai,arm,arm:16668519264017085037,true,inert
e15634469764e4d4ddf7fa0d53251b30244f1cdb0a880dac5380f2dbaf5d6aa0,Mirai,arm,arm:12797174119919430248,true,inert
e1636f7c35c7e43055d599de02c0a9fe2fec559186d6c06b9193560faf0833de,Mirai,arm,arm:12797174119919430248,true,inert
e1a26543c3bdb0b1c8e262a1da398601e504d29c0af9abbf7eaed6e40decf69f,Mirai,arm,arm:16668519264017085037,true,inert
e1b2d8dab8759f0004d2f988d899cc8306bd9a7c7423735a28b5519f9a7fbbf8,Mirai,arm,arm:12797174119919430248,true,inert
e1dced9021c150221caab7607ed0542de13307721d421a4dafccac378e3afb1f,Mirai,arm,arm:16668519264017085037,true,inert
e21587c7ec00495e9bf564e2618237aa5bfa945d918ad4c78768944af10aec36,Mirai,arm,arm:12797174119919430248,true,inert
e229ca70d4e4fcd44df110fc0572abac728bacdfefe396c931d2baca7d9a49ca,Mirai,arm,arm:16668519264017085037,true,inert
e22a3329accbd1e2b825765bb38a0992da43e685b7cf9a2e640bda0c74c27053,Mirai,arm,arm:12797174119919430248,true,inert
e26de3d92ba4422c78801a2a9a1353c5720b6870f5d2cfa8165769b84e49de1f,Mirai,arm,arm:11944351117873817769,true,inert
e35a8b3eb10c9a03208435171e452dec65744979df1d906b3254534cabdf9b57,Mirai,arm,arm:12797174119919430248,true,inert
e35ea2ce6c5b0422f0ae15498192d661c0c5aef0cc5445302141e8eaa7818908,Mirai,arm,arm:16668519264017085037,true,inert
e36ea4ed2459f359a80f0a5b85ca74047678877d2ac25ec4148d828a3a37f41f,Mirai,arm,arm:16668519264017085037,true,inert
e372f3b47aae045b1809b6152d08d8eff5ceebde5f3c74f5d2d50884b85adea1,Mirai,arm,arm:12797174119919430248,true,inert
e37dca87929150f23fb390374201d32ac08efbaff3c070690ae8d1ba4b1f5d27,Mirai,arm,arm:12797174119919430248,true,inert
e3ccab0e896cb1c8028cd46add679fcdfaeb5ca8fefcaba09883b5fdf1a22755,Mirai,arm,arm:12797174119919430248,true,inert
e3eb3a65113c4781011833021d93ffc949834fbe1c484870e48b72b263a60883,Mirai,arm,arm:12797174119919430248,true,inert
e41c6ad512bc9c15c428c6b6b92c122dd551ff1e3e0ed2b68be34c15c3c6123b,Mirai,arm,arm:12797174119919430248,true,inert
e42169df49c408afd751e3e2c195b9d2635222cc47612ff777d9d555ea668e0e,Mirai,arm,arm:12797174119919430248,true,inert
e42d2d4b1e709511df895486a8893aba940484b4382250533c186e595ebf9b75,Mirai,arm,arm:16668519264017085037,true,inert
e459ce5a49fd06530d3b78985063118f1b6a952f1dede24be5f7f7bf210b680a,Mirai,arm,arm:16668519264017085037,true,inert
e4dfce1a1aabbe0a024b21cb4cdb017b214794b2458a871cd2dd323be22d7668,Mirai,arm,arm:16668519264017085037,true,inert
e50f73f334cf8641c39c7fde48497c9012fe737d19ed2250ff725cbd56fb80f3,Mirai,arm,arm:13428591938766066328,true,inert
e51184dd1e0de6fb7d711b0a8d52fbe5f16ad1d8ba883f1d486f5aaf9164370f,Mirai,arm,arm:11377077716241937873,true,inert
e5210a3419bd54ae0a4bcec0608cc859ce50bb59d5ddd37b8c6bde4995a5d020,Mirai,arm,arm:12797174119919430248,true,inert
e54933f8178e76ef51fa7f6d5e271690bd13413413b167b2202436afcdcb4dd9,Mirai,arm,arm:12797174119919430248,true,inert
e54a14c17082b6c3bba4f25344937d3afb69701f528f38b6bc78b3db8b808a2a,Mirai,arm,arm:16668519264017085037,true,inert
e5e19939a75e7599e68d5c500df40846bc437b5cfebbc59f9c55afb42a3943b7,Mirai,arm,arm:12797174119919430248,true,inert
e5ecfaf0748a36b2385ed21a490451b31d2e7739b22b68a97bbfcd951e9b26e6,Mirai,arm,arm:16668519264017085037,true,inert
e5f9a1cc8afa370ff340e81b7d1406a4dd659786a6c65240d9283a9d42860338,Mirai,arm,arm:16668519264017085037,true,inert
e662067f7bb718ec6e510712e4d3b75c0ec27b8e3c5d099cab726f6f6218ae90,Mirai,arm,arm:12797174119919430248,true,inert
e6681536e2e43880d17687016354dc3d829ce222ddea6b5fdc169e41238f7ace,Mirai,arm,arm:12797174119919430248,true,inert
e672e0cfccfc371c974a6f922dc5d046ddac17b0197d6a2b203aaf186ce51276,Mirai,arm,arm:16668519264017085037,true,inert
e675a6384878fc00a9679f98e08a2ddd9b84dc0442cadb5990d274f7202510e7,Mirai,arm,arm:11944351117873817769,true,inert
e682b504d8dc625eddc2e511c8a5137dab2bfaf682e9b0d37de8d601c30b444f,Mirai,arm,arm:16668519264017085037,true,inert
e6df8a37e7c2b49b2d90ac70e2389308c03aa781ec0f92eb10833b10878c98f2,Mirai,arm,arm:16668519264017085037,true,inert
e71511eeae7387aa413d35c9f4a51c85cd2c3a0f60b3d67f43ffb5073ce8513c,Mirai,arm,arm:12797174119919430248,true,inert
e74f6ee5d0e06b4c44a5bda8de606da6ee8cc3ea61e7a2e947b5aa65270c56d6,Mirai,arm,arm:12797174119919430248,true,inert
e77a9e55e2d2109e6b2643e4089fcd22430eb2d490a2ff390691f4f5fe3f4f68,Mirai,arm,arm:12797174119919430248,true,inert
e7a9f2239564568cf63b52c8776ac5544257e43d576285edd15901dba39ea447,Mirai,arm,arm:12797174119919430248,true,inert
e7b87123009dd57e86beb6a396d5925a521839531ac4d7cf5de01447cb9a9783,Mirai,arm,arm:16668519264017085037,true,inert
e7ea8b767c7f12b44c6b2b22209f133f8ca0a33fb4729c6dabdcc675302d6b98,Mirai,arm,arm:12797174119919430248,true,inert
e883998a7f36fc38694fa98996d0495f76687866068b8c3a2f7b6e70a7e887ee,Mirai,arm,arm:12797174119919430248,true,inert
e8bdede809da10dcd6392475300b835293180ebc4f68edc2569d36045f10ef19,Mirai,arm,arm:12797174119919430248,true,inert
e8c01591fad2a7b388780f42674360daa6dae801b1673e68ad70188a209214d1,Mirai,arm,arm:12797174119919430248,true,inert
e8ea08643cd1691ecfb12bf7b97b9fcaa0405dcb632fed82ac65beed6bbf79ef,Mirai,arm,arm:12797174119919430248,true,inert
e96fa8d36e090d29efdc994d9691368a1069dc1dd5417663851f61010957dbab,Mirai,arm,arm:12797174119919430248,true,inert
e979d8f4a7ea65cda299b1cd84cff7a3da55bfbbfd385b5bfe0b5fd9690d71c0,Mirai,arm,arm:4375188257726641894,true,inert
e998e14bb6e90addebb4f9d6656edb80c53cb9e9e41e7d18c35d6f4ae7d86652,Mirai,arm,arm:12797174119919430248,true,inert
e9ec86ae031a1a21f19d9587187dac2447d1458afdd52ed4e5f531d95ddc2edd,Mirai,arm,arm:16668519264017085037,true,inert
e9fe7eddeacf102af3ac078a5885ae3842fa4653c5a28dec5409b1a2f1bb811e,Mirai,arm,arm:18122483353504317530,true,inert
ea2b50e66b0a89d170ce3db2a429d340eb03642bd9553fade5d68a9320342a84,Mirai,arm,arm:12797174119919430248,true,inert
ea665086f75ac5a6cd4a04c00ceed834d938cd6f49bb220cf5b7662bef043e7d,Mirai,arm,arm:12797174119919430248,true,inert
eb719ee2c505675ec273b10c9bced2566bdb327e1127bd145e33ec9cce7d3aef,Mirai,arm,arm:16668519264017085037,true,inert
eb937ac0c19884320457499df72c98eaba21ce4f3a03b6b1f565edb9009203f3,Mirai,arm,arm:16668519264017085037,true,inert
eba1b8087bca19336478ade897df4292ca5afc6a65d927765d81c6fe1a6b5d15,Mirai,arm,arm:16668519264017085037,true,inert
ebb60014baa32852c1e5c7fe56551780a1d15269e3367ccad6a54780074151bd,Mirai,arm,arm:12797174119919430248,true,inert
ebe13830afe3adf174b076f68402d75304c275b372ad76a4f3406b5d0f6f3086,Mirai,arm,arm:12797174119919430248,true,inert
ec05ff54187a78174cd77ab78a1dd4af77ba4fb2b34f3c80b729901172b2ac65,Mirai,arm,arm:12797174119919430248,true,inert
ec295139412c226b853847ffb687ec49db8a9b0a2d461b50c97ba9959b36ad55,Mirai,arm,arm:16668519264017085037,true,inert
ec3e7286b62eea4c3e7a79336ec0836a2b8edab6cefaf4f1c6c42df63155daa8,Mirai,arm,arm:16668519264017085037,true,inert
ec47e44d61e29916856b23010c60222eec2978b153f84417fcd3e0e37e9be0de,Mirai,arm,arm:17227870960796995005,true,inert
ec4ca99d340fbc4458c27e7075aa9997985c04c4cfb6de64487b7741c88258b2,Mirai,arm,arm:12797174119919430248,true,inert
ec88c4f3efd695b84f6337b5f67e025965fa6cbd23c401052de1abac206c3c7e,Mirai,arm,arm:12797174119919430248,true,inert
ece5a9c40da823879fbef2600ec4ba7c6e649074aa7ae1b9b0d7965102cb7dec,Mirai,arm,arm:12797174119919430248,true,inert
ed13c92789ac3f98f748e435a3e49069f07404e0d978a022210cecd99507de63,Mirai,arm,arm:16668519264017085037,true,inert
ed235f33290f0c6f6bbb125396e8fcb68c6eee17cb11aa99bca46d6b703554a3,Mirai,arm,arm:16668519264017085037,true,inert
ed2b7e7c20cdae3b95620d44ac84151e346dc41635e3568c29949e76ee20183b,Mirai,arm,arm:12797174119919430248,true,inert
ed82c28b5fc7beb556d2ccc47af70b38220308a962ed3336b2ad092db4d18862,Mirai,arm,arm:12797174119919430248,true,inert
edc00b934a70a554559f077d97e6ef74f29a85afff415d3b7c691a08569d85f2,Mirai,arm,arm:12797174119919430248,true,inert
ee1e42b7fdb24d11cb8113d2e89e40e72a430ff962ebeb1188064d6d81dbec1e,Mirai,arm,arm:12797174119919430248,true,inert
ee3b2e581a42fb4e3bbe10378706ae1493ca4fb5b93cfa4b535cba93de35565b,Mirai,arm,arm:12797174119919430248,true,inert
ee4411785d92dfc69d60170a343d738381a7f00badee8f0bbef2b190b178ca64,Mirai,arm,arm:16668519264017085037,true,inert
ee4a0b821d6dcfb329e2a6af9c5d2095fb4e2eb03c220593d622fd73b006ab1a,Mirai,arm,arm:16668519264017085037,true,inert
ee573bcabc64553149fe77361b8851f25bc37bab3d4602aefca8641bfccb3716,Mirai,arm,arm:12797174119919430248,true,inert
eebeba8cbc1b5399858501b6704932d39a39fc8eaa0f09aac1289e6fcf848c13,Mirai,arm,arm:12797174119919430248,true,inert
eee4040c7d24c909f5b6add289d3d177fe6acf3d6edf9ec349adbd76c9244b00,Mirai,arm,arm:16668519264017085037,true,inert
eef8565971128863a90c3215b7dfbbe0dc5bdd87fef472ecdf8018c6a26aa230,Mirai,arm,arm:12797174119919430248,true,inert
ef3785dc13f45711f79f5f29494c8d492056ec0fd8c7e11c8b8b0e0a7f911fa0,Mirai,arm,arm:12797174119919430248,true,inert
ef454747f94dd1bcc949f90b4f090234b02e841ba24e7cde5521c7d3b631c9e9,Mirai,arm,arm:12797174119919430248,true,inert
efb3fb857dea33bf7329fbba888fe58062162267b4cc059edd8a3cde316c5679,Mirai,arm,arm:12797174119919430248,true,inert
effd469efd164315757ff9fa709b3c7bec3c5f7fd05c8711d88cb0b762192e07,Mirai,arm,arm:16668519264017085037,true,inert
f06eda3f1fe1c377e69fea9176580a4288a98cd76fc63297406208b8e6fe1608,Mirai,arm,arm:12797174119919430248,true,inert
f09547f951c346704df0704f907bad9dcfbec5282bdbf9f2f2c0d277cd2e302d,Mirai,arm,arm:12797174119919430248,true,inert
f11736e4dc7efa7f92c0c110c223a66d2bab6e787bb37eb9fb9b53f1a84f00c2,Mirai,arm,arm:14972549459261285791,true,inert
f1894a95b062cb316de99c394dd41eaa4a23edb167efd56d0e8dd9037aebf9d1,Mirai,arm,arm:12797174119919430248,true,inert
f18b9fc1945f804f7e3802eff1122b00481cfa06baaf2d1c728626a3df342183,Mirai,arm,arm:16668519264017085037,true,inert
f19168a75e1ede3a8faa6f10f3ce94561c3f6a4ee928aab84172581903944aba,Mirai,arm,arm:18040591308751152241,true,inert
f214ab908f63fd6a027e1dd3e2e4e45fa9f3e91c6e3e6e6a1b1e4e52de2b5b02,Mirai,arm,arm:16668519264017085037,true,inert
f2b29fe45af2998eb41ba3cdfd080089e6ec5cc9527e5172d83294e0e6ccd335,Mirai,arm,arm:16668519264017085037,true,inert
f2e12c2414c8419fb77a137b90570187557a82491897a5e7ffeb6e9fd98c728b,Mirai,arm,arm:12797174119919430248,true,inert
f35d6c7651f15d962d1f7cc4f9196bdaed15735525e1d48aecc917b08efb6772,Mirai,arm,arm:16668519264017085037,true,inert
f3b270328cbe4844dc8259780ddc69fbc5c872d0781c5b69c562dc68bb6c83cf,Mirai,arm,arm:16668519264017085037,true,inert
f413bd1240856c343d9d5652cab0575fb9a24da22c71122627375647915393ad,Mirai,arm,arm:12797174119919430248,true,inert
f4331952a91f78f1189d566034044e3e29f8a7fd14e41001c15cc3c5df95c850,Mirai,arm,arm:12797174119919430248,true,inert
f44f2fb9f1aefbdd97cf4a8d4c35079b818ee345cca0e7dac8458885cd18d129,Mirai,arm,arm:16668519264017085037,true,inert
f49190d2c4e04c10646fd9373e8766b9ee0a3d04c8b027dab9ebe6acca09776b,Mirai,arm,arm:12797174119919430248,true,inert
f4b6cc696c2df96ec83bf30ac43982b1cab05f9aec0ca91003b02265ccce7651,Mirai,arm,arm:16668519264017085037,true,inert
f4c8eaed13abe11de8795b76d73aa2decb15e2405f936bac02f98c955b4eb65b,Mirai,arm,arm:16668519264017085037,true,inert
f4e5d140f14c1739651418388edc00609ed1abb1816979205f079047561717e7,Mirai,arm,arm:12797174119919430248,true,inert
f4e92ed8063ca5d44bbe0f809ad58fdfc26eb8316aeabc1e590af024e0736ca1,Mirai,arm,arm:16668519264017085037,true,inert
f4fac39ad38d543f288c8be853f9c588c8970fc08bb7da7b5d88a8f1ce32afa6,Mirai,arm,arm:16668519264017085037,true,inert
f5592e876241021f97f46c8c964871741b4c2f40acfd1e65649707aabcccc8ab,Mirai,arm,arm:12797174119919430248,true,inert
f5fb54a65d3df53684654ee0b15f531274f77d8006ab23197f79d83e1949e70a,Mirai,arm,arm:16668519264017085037,true,inert
f60d29cf126d616d384b4f4f2b3a6a5f91d88fb35df9aee461dcc7703dfca067,Mirai,arm,arm:12797174119919430248,true,inert
f6331f902326ee20ee3bc3f9872cdef17cf188599cbfa34c9f2e939b2b4f1aba,Mirai,arm,arm:12797174119919430248,true,inert
f6373caabb5a4af04726006c4f07e56863f78c8461b66338f5fe2d2db30bebb8,Mirai,arm,arm:16668519264017085037,true,inert
f67f2ee63ee2b509f5add8fd0e0246e6fe8efb7ff39e918007b17e7f1246eb35,Mirai,arm,arm:12797174119919430248,true,inert
f68594326e6e216eb48a8eb31cb6fa12a4976f1705427cd70f54e052440a5c3b,Mirai,arm,arm:12730759347904092021,true,inert
f685d2189cacbcd6fbe7cd28a53581826af3221936e427610fea27ad998bba31,Mirai,arm,arm:12797174119919430248,true,inert
f6927ca5d628904eacd1789eb91bf73cfb31ee186d08ff3e0d3eae3243e8a54b,Mirai,arm,arm:589532870003722328,true,inert
f69c1d6a9e429fac332f7e41d539510e4cfe0674637a9c6fb4924cd2cdb38c82,Mirai,arm,arm:16668519264017085037,true,inert
f72c43eb1ae5e05964e65c8a6a30326d26f1bf2e2421a19d5ba9dc6b85a02a4e,Mirai,arm,arm:12797174119919430248,true,inert
f7565e706165086a8c88c5ca3a0b97c2be67ebeda4ebd100fba3d9be80b603ad,Mirai,arm,arm:12797174119919430248,true,inert
f7f782e174012b1cdfa77de77bda2493b0986e0c2d098ed69c1364d052ac9790,Mirai,arm,arm:11944351117873817769,true,inert
f81ee29bafdb31c46ea637c8d89ae2454ad08b03c90a7b7d020ad8fee4f81167,Mirai,arm,arm:12797174119919430248,true,inert
f82360a45ff1be6c2002528d7a678fb0dcbccc22d9cdc753057f4e30b651ec35,Mirai,arm,arm:16668519264017085037,true,inert
f893db26989a0599355299dc204eb634923228c0dfe5f1e0b032d29c36029a77,Mirai,arm,arm:12797174119919430248,true,inert
f895733bfa563bf8769571325bbbacc8ecc0dd3813e245c2e2feff9bfec9b488,Mirai,arm,arm:16668519264017085037,true,inert
f89de2b47314a277e0ab7bc49f2b9b083639a4e5aa2c59ca9ce91bb19b3a7fb5,Mirai,arm,arm:12797174119919430248,true,inert
f916e62cdf26216b309321f5672661e8d1ee38f36a191f503a2bff54c6c3252f,Mirai,arm,arm:12797174119919430248,true,inert
f9c4313c32c563ea20976f89580c61ec932da0b0196fb146a2ed35e56ada5b8f,Mirai,arm,arm:13838500432571250945,true,inert
f9e99ba094955d846aacc8d914e85ee5ad13b4b80049d1ec5053e84eb1c1e9d6,Mirai,arm,arm:16668519264017085037,true,inert
fa508cbc9070656f6e64a24c77a99386299089077d9c71e67e49645a7f6541e7,Mirai,arm,arm:16668519264017085037,true,inert
fa60e9c2c7fc439a1268fa1e9dc20b3e66c1dfff2c133c6ae182d04ef3b58379,Mirai,arm,arm:589532870003722328,true,inert
fa77843d8eae6f26f7d3f0be5874a38228c7280997ed3c5f1342efe9f44e4f1a,Mirai,arm,arm:16668519264017085037,true,inert
fa8ee1d0a097f93ef59c8d18902502331c7507edf2deb5be43233610f1cdb990,Mirai,arm,arm:12797174119919430248,true,inert
fa933a83051a873d1e7de0ba799f53719e1b16e58d1202976ca7156123b9b814,Mirai,arm,arm:12797174119919430248,true,inert
fa9dd2de838eb0d6ade1b452c6095f93a4475c68aeaf71a680da90d3aed8155d,Mirai,arm,arm:16668519264017085037,true,inert
fab4f833913d3bc9ec81cb4cc40e918875ad8c49eb22d59dd473903ed8328537,Mirai,arm,arm:11944351117873817769,true,inert
facde0ce8c8483e1cb1fd47ddab364167ec2c54453e498ef798468a6c306abd1,Mirai,arm,arm:12797174119919430248,true,inert
fb9938d89816b1bf62e647ef8a7c1b54ed26e3a5cc0ec5df88abf917ed9b654d,Mirai,arm,arm:12797174119919430248,true,inert
fbf39ce2a28760791860fbf158e03d151fa982c0dbd9198a7669d11458fc14ea,Mirai,arm,arm:12797174119919430248,true,inert
fc644917e01e26f60875cdc918dd9095b803ea6d4b229ff380bb3d7fa165296d,Mirai,arm,arm:16668519264017085037,true,inert
fc729554f9f0e889e76634d54246db6f9f075420d36d44fce11474801f085fb3,Mirai,arm,arm:11944351117873817769,true,inert
fcccb6ac87e56ba7e1c086817bc7a8e95cdb8309225c82b14e0bc52799539465,Mirai,arm,arm:12797174119919430248,true,inert
fd342a29799d509657237996760d831527ad3b14112f12fc3f554356f32e253c,Mirai,arm,arm:12797174119919430248,true,inert
fd34a02657dc2cf7b37cb39eb21b2eecd643100a171a2ea2611d1137b756f391,Mirai,arm,arm:16668519264017085037,true,inert
fd4e7dff7bc9e7db77ad11bd24f36e5dd0930572b01a57d7497d28a371eefd16,Mirai,arm,arm:12797174119919430248,true,inert
fdc9ac322b3b920826c757a02eae88ea0d85684bf942ed49bba4dfdce17282a5,Mirai,arm,arm:12797174119919430248,true,inert
fddd15184dd9cc2859eb82ece524da2f7c2b7d38ab07a3658e5521cd6a1ffcf4,Mirai,arm,arm:12797174119919430248,true,inert
fe4b3e788186e01eeb9ce9020ea69e4ab799ee29a9c5618763f1b2ac8047cf4e,Mirai,arm,arm:12797174119919430248,true,inert
fe644dc719bd6a64d5837112055083287a12cf692f776d13b26fce304c2d2bf5,Mirai,arm,arm:12797174119919430248,true,inert
fe901a4fe8fffe4e8882f6626e3ebb69eea46682e1ce79b4c1d13d37ab3c014e,Mirai,arm,arm:16668519264017085037,true,inert
fee8cb6bb18d5dbdbd09f38962bee45bb4c4e4da52165993823744462c1acc74,Mirai,arm,arm:16668519264017085037,true,inert
ff022428eb55dbc672e349ee716efe380923871512811a79060fe3e322056e20,Mirai,arm,arm:11944351117873817769,true,inert
ff157dd8a27336e421d26cc8d5e77fad8d2499b4e2c55fcdeb5afc9f28174720,Mirai,arm,arm:16668519264017085037,true,inert
ff25b276b7afd65886fc53f079163deb1ad4891bc2de0af9b488ba1122760619,Mirai,arm,arm:16668519264017085037,true,inert
ff265ea63f7d5a97ba793fe6892ede23714cf8b7e43db79376765f40bebdbcac,Mirai,arm,arm:12797174119919430248,true,inert
ff2cb994db921188654449c42b7dc0aa726ef2c7218fd8f3117182e6b66a8203,Mirai,arm,arm:16668519264017085037,true,inert
ff7dd2b736179f020c7ceb27dd9ac26627499bac66a68de0494471fdb9c146ec,Mirai,arm,arm:12797174119919430248,true,inert
ff8e4670897fc3bafd2fbeb899697fd6168e3e76614b8725a81cf55190d66161,Mirai,arm,arm:12797174119919430248,true,inert
ffa87f2c12671d775c3e5a2944024c5473db8871e02feb89eb31fe7d89892bc3,Mirai,arm,arm:16668519264017085037,true,inert
ffed716243d6781340983df787ee3e65bf6fd7c1f605aee7e07f5d4597284185,Mirai,arm,arm:16668519264017085037,true,inert
01fb41d5ad39cac86460d9c2dc882fab29e0d5d5586b5ad446bdc3dd85976eab,Mirai,arm,arm:6642670483577674542,false,test
02126788f76ad3550289d5f6391117513b1867cfa11ea20a0c1f1c1838511a8b,Mirai,arm,arm:7020254170722409379,false,test
02aee3ec5de1ee58e43e75cb3b3c41fbb41830b8f5965a0536d239c6c6571dcc,Mirai,arm,arm:11651334316942797206,false,test
0348c4cfe6a3679bc850b919c1c75ae525b0924cf343018b0fdb44f6d90da488,Mirai,arm,arm:1535352466737083482,false,test
03c9f5f5b74dbe36b90cd427b8583bce139c633a54197d18088d5010fc0fcbd0,Mirai,arm,arm:17912714640292432515,false,test
0402a46b860a929f6b0065b260295b1141c2a45c02553c90b8a2f16b9165af13,Mirai,arm,arm:10240740555729840719,false,test
043794c743900feb5ca8888a4d5adc01d0946948ccfdd3545f12608b68000b16,Mirai,arm,arm:11988345896767333743,false,test
059963fe183c1df5a7d7ed0935b1527bd4e15b348f8b9e59517c8f56dfd7fd63,Mirai,arm,arm:4893588609886193137,false,test
085820fe727f79068b857ab3f3ad6a1f4e10dde4dc1b26780dc2cb8a3fe3e858,Mirai,arm,arm:12112960404509022654,false,test
08a4d2eabc40301c3485a1bf4ba7691f9cf9347e327632d7f756489eebc0369e,Mirai,arm,arm:13140789798689916587,false,test
08bf9e8cc37fe17c28db5a8d9b71282632f4ecc8e1eea2da5141cb531d6945fc,Mirai,arm,arm:14441757309346978785,false,test
08dba59f30ddaf53ec6c9dee80d26ed08b693ceff942f6880c19caec64cb34f6,Mirai,arm,arm:10767450225916772123,false,test
0b184ae22bb7c8972e1d7de8c05d3c9543fdaa9545bf2539b047ff362ce3979a,Mirai,arm,arm:13140789798689916587,false,test
0be25873244a93ec215063b61089d64c48817215f4269a9389ba9751893e5512,Mirai,arm,arm:12628871662870395712,false,test
0be63ee9204cc1d63389539f917e1c53b2baf154a23298c4428b3b52da0ba5f7,Mirai,arm,arm:15012718685773640682,false,test
0ce1925fca4e656957cbfd47c919572fb677a76d726773ee528451d3c3654878,Mirai,arm,arm:17098535049007707744,false,test
0df8ab7c8c217ba8947539d8ed6693ad7586e427b8b0aed6ef0d4310241cc6df,Mirai,arm,arm:7933887623004628296,false,test
0e9d0a4b47cb579ac5d52411e9bf3541ad8ceda9195693b800c90b23fd1b7a95,Mirai,arm,arm:1324569268668322183,false,test
0f2f69522c29f38ea1224fdcf58ea91c597c8f2eaa944968e46d57c2131511c0,Mirai,arm,arm:17389229110186139109,false,test
1120068586f7fa4dabf8691c903b8e8da47f3b78f3d6a95ca40e89f679a12dec,Mirai,arm,arm:18121336341400333618,false,test
11d660c769df458657750c6519604229b5da3db757b7bfe674a81869fc9b58f6,Mirai,arm,arm:5870897229520703859,false,test
12013662c71da69de977c04cd7021f13a70cf7bed4ca6c82acbc100464d4b0ef,Mirai,arm,arm:1484858083366400546,false,test
120315cf407bc38363e8575e0c947c3a4478e9a7e79013cd61920ec335816d40,Mirai,arm,arm:4893588609886193137,false,test
1278989194de9ccd231a5cff5e5961e047b0abe29d635d49cfa70cc437c0ba09,Mirai,arm,arm:17840503801097733352,false,test
157298d1f711260decd62da394317daf6d803f0f5af4cc598aaef30984baa9b0,Mirai,arm,arm:5088037118345644811,false,test
1591835209e7bb0e53c71fc2d98f4ba7868ca78d07b00051556188ae4c13c80b,Mirai,arm,arm:17389229110186139109,false,test
164ca0d767172fc18bf5773516b581b7bf13b576cd8821dc2ca48101ef0d198c,Mirai,arm,arm:7696505972567078519,false,test
16937324133d4ef461e9f112c1cbe7928f7329106dd14694e5d70a9376482a46,Mirai,arm,arm:4536855342672819913,false,test
16ed7f6abafd2ea0758c990c31e80b441d395891aef06df52e9f5786f9931cde,Mirai,arm,arm:17389229110186139109,false,test
1701bb26ac76ff22b1714017c8263099e9541e026fa04e968cf899feb70b308f,Mirai,arm,arm:13140789798689916587,false,test
1882d340b4979388fdc972254032a2bdc8db8a99c818a43f6a9c68d0d42bd7e4,Mirai,arm,arm:2661957148686531232,false,test
19bb025910ca2ea7d3f43dc0639b4757dd46f25791f27b0257085e538ad3ae63,Mirai,arm,arm:990884770953653616,false,test
1a565723a3709310a363b534892d854d5b4312fed927e1a6e1b6444f04466fc0,Mirai,arm,arm:14874061904327177366,false,test
1aa7d29e8a8276030e2b0d194f30eae7e4f3203dc8b42a7b233b6f1bb96af222,Mirai,arm,arm:14464300208941491972,false,test
1b6e926799936ce4ab89f4bb6e0c262608136c68adf3b220b71bfbb22641e51b,Mirai,arm,arm:11940570238180524827,false,test
1beb0cb449116e970595eadcf1cf9506ace8da194b851ec85f3cc025c5489f3d,Mirai,arm,arm:3615579995930322123,false,test
1c3b367878fec64a3310aae617a0f645b33da005ec15661cb7e7283ad4b2b84d,Mirai,arm,arm:15380200559299563893,false,test
1ecafcf96cce3dca220fa5c6787bb5fd29f18ba6f62ab91b2b0b82beca348ca7,Mirai,arm,arm:183727828980302755,false,test
20c23146e00866aab4b3e8cdf844c7543977cb931a5e56dff400acb793610ffc,Mirai,arm,arm:14372450133131938932,false,test
2122a515971dbfd1c38b1e2d17d5af96940a0bca9e996e854691e28f4b70cb87,Mirai,arm,arm:17389229110186139109,false,test
213b68f5896dbde677e97008d3af84f89c58de7b4910eefcdd096387a707cdbc,Mirai,arm,arm:8573319614336948512,false,test
21cbe29f9f63be04f728d33a63d86680a2f040d629bebca239d47509b7f3cd37,Mirai,arm,arm:607158866903733123,false,test
229323871bae2b5e84114ec9b11a08bd165a38163e2a24d573356d6706f3294d,Mirai,arm,arm:8894776091174870398,false,test
22b77695c5b858cf89c13642983afb7ddabded40de6bbd71ef0f8f2beb204666,Mirai,arm,arm:13412598063639124746,false,test
2395b5f6824dbcb216bf261d3fd6d283140ed12851c0922cf9991e62a4779f31,Mirai,arm,arm:13195058440408062062,false,test
23d3de2284294e6d8d19fb02009f6ac65746335e0ffa55ad6c04d9731d9190d7,Mirai,arm,arm:6096188900963997768,false,test
25b185eb4a84e2ac10c9ea56aebfd91fa7b2680cfb48ff063a86b31f02f0e3e0,Mirai,arm,arm:17389229110186139109,false,test
25b9efe9dc39e945d4dbda9a02999d3493242d504d1386f0694c50c0f4bb6b6f,Mirai,arm,arm:1379821681775244562,false,test
25c21e42cf0fe8c13d10ddb35fc0790d6c5a7c86469b6e02e58efaf5a3754fdd,Mirai,arm,arm:9046027907531290461,false,test
25d3cbf95d3633266d70a8a3fb9d7d71de7a0c13c5ee565fdf41140283a3e7e5,Mirai,arm,arm:3283649516933228160,false,test
26528a4e01a2ff560bed2304bd031686f02e086ca1430a16ef8b20d99cdeec62,Mirai,arm,arm:13140789798689916587,false,test
26575495069fdf25ed9af68bbde23ac61b2a102ca6a5a49cefec3eb7c5c53771,Mirai,arm,arm:16733045667845644968,false,test
26c29748e93b437eb365bef2c7dbf492f5d669608b85f73a4ac706b847d778b3,Mirai,arm,arm:6084335293284537050,false,test
26c356d875b646457630b3dcebf987fc55339ece97bb63421033f65ddd40b2be,Mirai,arm,arm:8757836857125000345,false,test
27e1b87f2d5e48e291ddcb986f5b21c3d33e3e1b7b0f25ecf97e294b41c6f5bc,Mirai,arm,arm:16685046385883353575,false,test
2888e6c747a3deb2100473badb14ecb8e1cac64f60eae0970c9ce4707178b08b,Mirai,arm,arm:13365862149879307695,false,test
29268e751071465bbd825d4bdebc0570d6a6672c3a566dab43cbc69b4340076e,Mirai,arm,arm:4893588609886193137,false,test
2b911871943505d4748df731093b030f2345238489ea723e0db5f64a25f1629a,Mirai,arm,arm:13003003690333615565,false,test
2d866a3979b04d449231c5d0764ed7e5a919a611922b320659a3e713d979e9ce,Mirai,arm,arm:17068454015241417658,false,test
2da6c2b5533f83037bc8a95980710e79680895d27bc41184e19cac7ce9721e5a,Mirai,arm,arm:17389229110186139109,false,test
2ded577db71bde4103003db5e43803f5dbce255d3b2ffb14ca807d7136dca852,Mirai,arm,arm:4578176293595723594,false,test
2df5e61ac20207cb9773fba77b123ca61f5191950ba83f44b46e065b34f11037,Mirai,arm,arm:7937096100101965324,false,test
2e65dd75c02a6d61e567313088d8ee5a7479da7cddc7080d05517c78aff188d5,Mirai,arm,arm:18265864311107689514,false,test
2e9aa057a37831b321c8ee47da7d4a361f15e638bfc14816b0048fd928a69406,Mirai,arm,arm:17389229110186139109,false,test
2f1027e97d504ffcce2bd92065dd75c74f987851cff6757e99541f5b103b708f,Mirai,arm,arm:6277264194845672393,false,test
309d8eaa341904a50bd9cdda0f0477c884db41e56107bdf4dfd5f59c10104723,Mirai,arm,arm:6018324214626962811,false,test
30e036ecd92fd73e6c6ef44efd6ec9c0e0d1fbbee1ffdfd76c5a6ea8d640c887,Mirai,arm,arm:4238404589380182651,false,test
337a0684005d3bb44c347f2e7f498a05fdbae8ec9fd2c5a6c157c6f058bde609,Mirai,arm,arm:15683991132344632489,false,test
3393db6b8f1f65c223443151baf652f7ef59dfc8617489118201357fb480cb4b,Mirai,arm,arm:17389229110186139109,false,test
3579ab4a98bd7a82a3076191db7cf662c7ac4d4bbd8f100c0c515ad54d46a209,Mirai,arm,arm:13340830750711289441,false,test
35a933bdb5d628bb5bb2732f4b4700493f6d4d8b23a4e4d75eb1eae16d374414,Mirai,arm,arm:9066860998172177392,false,test
368ff397a6ffc852dfce20c3a63652964f74a40659c271198a7cc01fd6e6317c,Mirai,arm,arm:14848675971618875512,false,test
371f114f7b9c9c80d7ea0d3f302a1a5fc89a05c105287e61b2f3c21991c2dc85,Mirai,arm,arm:6542956190435109935,false,test
3871d7314b9449477e9dafcc559cb24b88878ba76da254996f7edcba2c2a7528,Mirai,arm,arm:7678593423754405802,false,test
38c56a0737f11d26f121376269c26f6304cad2ea714145585b637746a66cc81e,Mirai,arm,arm:9605351824989800890,false,test
3a5f19e2fdec071099180e374575f0392d1109f4ac3f415b38beda0f8f9f1a25,Mirai,arm,arm:11366274755483019683,false,test
3aa5a1e1dfc1c2843023aff87fa4595291f56ec1cf3b51290e126dec1c882e32,Mirai,arm,arm:6170053813126793288,false,test
3ae877161fdf55d702be0a4d785fb03da24db5d19486264686489ad9a06a3b71,Mirai,arm,arm:4739357607081435789,false,test
3b431398b515663d14f27a07b3784e94a295f6e6a68a0575b856a825e1c2336b,Mirai,arm,arm:9045666461077336891,false,test
3b5000363e6266be6bd1dd6eb82133e0d1bc6013e0275bde859c9456083b427a,Mirai,arm,arm:14125375608217102539,false,test
3c643396ac24561f356fcde762ae4421f2e1ffa7b8ab053f82050448de61a540,Mirai,arm,arm:11062451886498844208,false,test
3cab7df80778ff61f76dadd177b2d55174c4ce08adadea429beb002455153f04,Mirai,arm,arm:12448446168550336625,false,test
3ccd664f7035b216a44388ce2ed5aca0c01722d55826f033427ccf6c079e257d,Mirai,arm,arm:5612925639922083441,false,test
3cfec307eb65a4b40899a54538dca3fad1a9a9a42fd34f0e08bf008f2c49b83f,Mirai,arm,arm:8270123394120746874,false,test
3dc99674045361c21ea687a911c445907990e2d6e40d4ee186127c2a8729e759,Mirai,arm,arm:13140789798689916587,false,test
40cd0484f23fc6a20f1e54c788a5680ea89944a8e6f0e5d16a1180461b9a22b3,Mirai,arm,arm:14088625296903080686,false,test
411b83ee2b7f69901aa7ab5e739f086ed48c62fb0e75ab494a5f68d8fb82877b,Mirai,arm,arm:13140789798689916587,false,test
42c331a04d96729bc74fad59da32eea7f6c29c27701ac4535afb8b054c4674fd,Mirai,arm,arm:8717101832399549058,false,test
434a392e46dfc285c0464e9de81f7fa9de4356de56228397d893f6d54f4e6067,Mirai,arm,arm:8930277604763246558,false,test
43658b04fdae9c016b659adc73bb335c29c7b9bce4325b407682be9894c1b31a,Mirai,arm,arm:12304606019983090892,false,test
444a6c998270d59f2e46e1e5a6441ea097a05de551c968b683ea2dafa1e90f82,Mirai,arm,arm:3479010579719633920,false,test
44b7b82b52917b10e6a7e564d5580ab9c7eaf93fac35eb5962fc8a9cf79af181,Mirai,arm,arm:12767653668436078375,false,test
45bbccd2c8b058f8b7db7046715e880db1e8733dd0f06186f94c6e2a2f0b489c,Mirai,arm,arm:1951234786261431356,false,test
46a7d16877adda74f734c0a01eaa78417e6de402aa811978ccf2261c79acf4a6,Mirai,arm,arm:7242672552185799816,false,test
470a643376f6e19f3921f2d366be58b056269d5fd4b54273682a574ac3bff65a,Mirai,arm,arm:14834605835945985207,false,test
471b09406de4467fedf1a50f39245714a9f818d1881c7e69df31790938326f3a,Mirai,arm,arm:4893588609886193137,false,test
4774157fb47ac37cd6e6b3bd30722ae94e171ec559f68ddfd778ee07113d7a6a,Mirai,arm,arm:18413133695376111858,false,test
47bc3687b24a1e48c9e93e8cbec984ad44fb75d13073301ea5ef57363ea78cd7,Mirai,arm,arm:636113413526257535,false,test
47e27bf3d766621fde51cc4e040096548cf4dea70e2a13f6bee0619d6afae8fe,Mirai,arm,arm:2126958072020600447,false,test
48208f9b5a178eaa73121d6d71b5d442f35048d2db737f21e9970dfe09b59955,Mirai,arm,arm:2017831033112281670,false,test
485d328a4629263fa96b5b3aab5d453ac5257570c59e313d6d0e0b6dd589527a,Mirai,arm,arm:6962632466597426543,false,test
491c39a66453e148c678e7ec9a336b35e257f9b058219e9f0365761a8d8bed77,Mirai,arm,arm:1571978846208427011,false,test
49585cdc4417890919645538b1adf0818b75dc91b9cadd6585a8f8252ac68849,Mirai,arm,arm:16077298634845272402,false,test
4b0a7c8e6e3dd84912f5923295eaaa520761d04e08798433ef61c23e7461cc18,Mirai,arm,arm:9236436594791532278,false,test
4c2e47206bd30658da9fbd607ad0d7433732d48193692b8e0ebae54dcdd7ce58,Mirai,arm,arm:10116196232062165906,false,test
4cfb6cb956a9576b837e8c2a7c042ee6776c9236a4d2e60cafacf8775a9924d6,Mirai,arm,arm:17389229110186139109,false,test
4dbd2a17e0ac12edd1d0c878554c18287fac5477eb6ff612499d0f8e0bc3fab8,Mirai,arm,arm:4893588609886193137,false,test
4dcc5b98cc7cc16c0ae33b82e1df023e1df579adff365900baa57f1156137c0b,Mirai,arm,arm:13138453055300707156,false,test
4f0fb15777cfaea48d86e5fcc7f36a1ebad9f79c4211142a913e559bf191f16a,Mirai,arm,arm:11910195406182631696,false,test
5065887654570a3c37f03d22ee2377f8a228f51c55f01fdeefd01ad887374cd2,Mirai,arm,arm:14636556462860310681,false,test
53a544ee02e93b79fee2090e88a75d3886e7a0e7dc953b0a062708f1ece6a54f,Mirai,arm,arm:2028905693373253952,false,test
54caf10a27e539af691f54425ab14acdf0a61daa4e5bb39aa4834349657ec53c,Mirai,arm,arm:4893588609886193137,false,test
5567a8b592721ec1889ae1c520e1b6d1b238c99d685aae3300d3cd32eb392d1d,Mirai,arm,arm:14092066912825076022,false,test
557b2f81ff498e34b003a1cb8bfde687675065e3f36ae36e32119e54aaf61603,Mirai,arm,arm:10737552747538191017,false,test
55b4de169259c965950c0f02b6cd0247afb80a511316d29642aa88df019c3ce5,Mirai,arm,arm:13940949474727867774,false,test
56c9bda1b19649ef882a692c18bb35c6622a0ec2a5cf38e5ef2d732ccd3b2b0e,Mirai,arm,arm:4605443519502230588,false,test
57088d0b079a308a99e6f2587e9a4d5cc7489cbd369956b0091454096a208db7,Mirai,arm,arm:17389229110186139109,false,test
572a48c8169c34a585751eb6fc635ddbe68687410c32a43c42fc03ac5081b3dd,Mirai,arm,arm:3296955661216049841,false,test
5780f59103a2986340f257614030221ac83b097a0031aeef2c218d427e61b7ef,Mirai,arm,arm:15567929871786185861,false,test
5811a98e25c8850116bee58da408ab11c97a3218d1ae93a7ddf1e961ef0af1e5,Mirai,arm,arm:4316466000926736013,false,test
593cf957ac6fa595ba5c375ee3e21358be5eb2aab5ddfcb08e856284fdcf75b7,Mirai,arm,arm:2150851268570481884,false,test
59828af6ba49b262fa7f53f0fea1f9e9a17c02c0a5f5d6f45336b65ddf71f2a0,Mirai,arm,arm:12291200505070835401,false,test
5ab2935995942c5d78467826eb2a5ad7bf1128e6a6c07ea810d4a1a9b5aa92dd,Mirai,arm,arm:12066267257780680204,false,test
5b45ea461155609f76636512614ca1afd905f1a9ea7ef57268c6c09ee9dda347,Mirai,arm,arm:12592240190589489974,false,test
5bbd49f1c200422b6767bc2a0c692f32c38233a022cecb0f2faf277d7e4a810f,Mirai,arm,arm:15338280651303948596,false,test
5c506c23b6bb17c09e59692b75f1424910765df55f015767df6549b3144cdc0f,Mirai,arm,arm:6179728650803187515,false,test
5c5f5bc61e498a317f42b08c27091bdb0a80ced3018efbb7c6d8c121ab2ba710,Mirai,arm,arm:445124183376952295,false,test
5c668619d8dc5f424d47eccb60e5ae7fd7149ec35469fcfd62bacc659b69a843,Mirai,arm,arm:17757164281454289885,false,test
5d17639f9eee14c4d76471c2edfa4cd6d5b0ea399ce846bb1316575fd7e425ad,Mirai,arm,arm:1049900876512492556,false,test
5ef0c177aa28ceb7698751213200a8cf1e34ada8270cc3ca5eb8f7bf0f445bb6,Mirai,arm,arm:14960123407123392147,false,test
614ce032ea09235b869102b7ec4142287b8c4f5c4448e7bd976e6cb908b10704,Mirai,arm,arm:17389229110186139109,false,test
61754788c774dbe2a98f7fd92f54e0a19525f75786cdd019d5ea6b4cf3b06b24,Mirai,arm,arm:17389229110186139109,false,test
64a71dcd27b0b121917720b2726f78c21bff7854635b1c7963df902aab407d30,Mirai,arm,arm:6018324214626962811,false,test
6505c5ea53f9b3fcb08ffa86eb989a9c3ebde1267361203f1546e73484f02ded,Mirai,arm,arm:5148316481423641598,false,test
6533848812c8870c735c2741a2f0e11fc460cd39f2e78f3f71b60415dc942522,Mirai,arm,arm:5582168929846364925,false,test
656a76dcb167d8776e5331bcc54b40c9e80a0af2058fd6a3450b7a4541f208da,Mirai,arm,arm:17210095481886841669,false,test
65bf0057d99b4262f568c6978ca28e6b7ea77350bb293a770af3e0e3e1e86f18,Mirai,arm,arm:7865785062147742733,false,test
664b695740dea8e42f2a98c337aaa186de639fb5272728396260ec7ef7665427,Mirai,arm,arm:10968780705102812050,false,test
666ac17af53d0d21969751472f0d4147448aae52fff9fd759b319f2929a47de6,Mirai,arm,arm:10806392558090023379,false,test
6a1c17bfca62786f8e20b730efbea86dbe2272469707490a4a3c321de71bfd0f,Mirai,arm,arm:17389229110186139109,false,test
6ac67a4cb69a09d832cbb799fa166e3959384b9775596113181d870b775cf48d,Mirai,arm,arm:16236094329846088854,false,test
6be9e621a9d2935dcfab368da3a68b593eccd56fbe4bdb6c546bd80a84ba8cd4,Mirai,arm,arm:7355842765719544033,false,test
6c3aa7f306bc5f244ca73b8a82625c4449aa7b2143bcf03b5cd4c9cde41590e8,Mirai,arm,arm:7471040568197968685,false,test
6d4f79b7eecbbe51c1715d2a8fe19218f31795a7e15e1653b5ca49547925398c,Mirai,arm,arm:17389229110186139109,false,test
6dc12731a7fc1a22879581a5b972bb0114b5e59e22091077dafaa41be5eb10c6,Mirai,arm,arm:9422677806929509712,false,test
711990e1abe952e253cbe5f475996f31ccf85efb3863eaa762b4bd8e63dc2a63,Mirai,arm,arm:15477551034491606360,false,test
7153aef69b8da083c9e42a21d15db573dcf2fbee707bb7dd48876de5edffdce6,Mirai,arm,arm:10614771846573534841,false,test
72427571c6b8323daa3263a2fa0ba196900ceb185c90ad37ccabe0a74f7103b3,Mirai,arm,arm:8774194908372627319,false,test
72e7090012bef7e94d5f78473ee9ac2efc67a1bf5c9df4b277691d7c78eae790,Mirai,arm,arm:7358516363599946789,false,test
74b2df58a11273eefeb95a42e45a8990af73ce69690caa2d1c71ca55f17b130f,Mirai,arm,arm:10432909557825049823,false,test
77005fc94809cd505eb16a09e37f2fd0e59a7970dfd9d2d693adcf3a3ea6a75f,Mirai,arm,arm:13140789798689916587,false,test
799cdcde8b1e8b15f036ca0bcd3f7dad5cb21ce8666b59b55d294fbe693d5cbf,Mirai,arm,arm:8187902062857902966,false,test
7ac495ab931886561fbb5acd38353a2691e4a8685b0e712b9d378706cd637dfd,Mirai,arm,arm:17389229110186139109,false,test
7ba0486596943b7191201264e000f5820f73f608e2f260a85014fa71c7f47f25,Mirai,arm,arm:10111397680176184113,false,test
7ce84884433fb1b63e7d4425b5dae654ed84b75193f8aa00f945c3cec923ccb1,Mirai,arm,arm:11315414970384162568,false,test
7d82799dafe8be50703db48f7308a52a4a859a074d6a84c2b8724cf7e034b462,Mirai,arm,arm:7067646215713981781,false,test
7db1669af27f8d3b934b35a046934aa58c581e6b61d95cd2cf4bb6d09c2ba392,Mirai,arm,arm:13748225721273511413,false,test
7dea732a1f0b89821952ea00f81d6b577f5aadcf196dec20d8487fa09850b18d,Mirai,arm,arm:614336569015607136,false,test
7e0f25d70609d00510f3c908bb2fae165f923ac4b00941d435d3837a779a9384,Mirai,arm,arm:14662604283500053404,false,test
7e3f01eb81fa42f7e55174f25aff6320126de032ab037db228b1ff8687e73b21,Mirai,arm,arm:10463602620773955,false,test
7e8b102c6c7078b1dd5e140106b82b34bd761d46b329c044feca6b0d45e41942,Mirai,arm,arm:3333597172245420361,false,test
7eeb6e89ba7417f883aa7dbaa12b4a975dc5e0ae961dbcef6c5072a7b4914fad,Mirai,arm,arm:4478715360519888253,false,test
7f8192faf4ec4da3afa093e3235db5324d56b3c74b8a6dca46529e3c3df6970f,Mirai,arm,arm:7954360880317909217,false,test
82d20d1e42c0c217e5cf0f8fdd29ca3de66dd638996569d52da9a5188a51f3e8,Mirai,arm,arm:1198546630135155462,false,test
845582c036d8e41b4fd3cf9f0ce8812aacdf291ba768a7bd43e69b422fac9408,Mirai,arm,arm:16162478225370068388,false,test
84aa23796f1c6d40384411f77b032c6ed68cadc16812af5afac695e9192c98e8,Mirai,arm,arm:11699741875243626012,false,test
852b962c5e991bb5287c7944e2fb1ca1bc1551aadea63e20460c6068a05dfb46,Mirai,arm,arm:17389229110186139109,false,test
87dc8a6ac5fe7d0a3f43d2efdd2c0e63ba57e0dead43f72990285254eabfea19,Mirai,arm,arm:11444393780722053624,false,test
8a847208c8b256c3bf1e112d18ceb40350c553f1c3954d766508b1a2f286b645,Mirai,arm,arm:15790174265199101719,false,test
8a8784ecfaece8512132616cf30d55c150f85c37987dd585e2177e322454dcf8,Mirai,arm,arm:5441351863566817480,false,test
8a9dc3547c2fce82b86befea36b9fd64491185e972a137a8839a33522995b327,Mirai,arm,arm:4893588609886193137,false,test
8c876793fcb3b419429b01b7c27aaa54d6b76d1e6483d66c4ac01c1198b0d859,Mirai,arm,arm:424441298124219974,false,test
8d83638b4e25761bb19801ecf5d1927adb911a9c9cbbae04943cedb22305d253,Mirai,arm,arm:1306161472835035283,false,test
8f4f78fbb8ecc92f97c46f16b65c6c66ad296ff88f861476cf9ca7a87fca0214,Mirai,arm,arm:6297806352698137030,false,test
8f8b1518294b77bfc0e86914b4c0ef9f4eb3a7cdaa16432384c394f350fbd4b4,Mirai,arm,arm:8862243715962347747,false,test
91a47f2a97af17747ba1035945ceae4dbb600c9cfc3584259861d00f02ee57d9,Mirai,arm,arm:3317855426509263185,false,test
91c21d9073a224e490532773aec3d574ce914e351422259cf4a3e4008de042cb,Mirai,arm,arm:17389229110186139109,false,test
936aa374523c7c0ea298ad0140e59e128ab524f280795bebb74212ab5e67fc83,Mirai,arm,arm:9910392605917170531,false,test
93f6e0fff19aca5bc4858cab4153a7d9b489657b9474c9230fae66ba2c090660,Mirai,arm,arm:15045965895386459852,false,test
94d64ff0d8604a3d3d11943059665b3478fb26a58b9f6fa6d2416eecf24481dc,Mirai,arm,arm:11334731887247545398,false,test
9507484a2f32d3466ce1a9501e4dffc0dc1f9135e7fb2e51ca492ce052fce3db,Mirai,arm,arm:17389229110186139109,false,test
9509be637d31f4af49696abc3bda96fd19c86d4661e72d55a9ccf2297e34230c,Mirai,arm,arm:4563548043762404166,false,test
95957ad851be98b30907123eb09f57c393808b084311aed3751b365ddebadb4a,Mirai,arm,arm:13956499522307634985,false,test
95a02caac617583c67dc4d7c9e344d64818b92da6abb68e19f3dfbee45cad2dd,Mirai,arm,arm:13982883109844431161,false,test
961c78508b6800ef467d0b5f0045d0961c0738a10a8e9d840c17f17d9a71356c,Mirai,arm,arm:13361136514182897523,false,test
98279741d7e34aa0c748ad1bde94350dc5ae8939c95dd155a482d8b9d3de4492,Mirai,arm,arm:10473845002802205557,false,test
9867bf09a43c4b69fb84ac249eee265ac01ebb5bc2e62487c7ef0648cd8ff182,Mirai,arm,arm:17389229110186139109,false,test
98a80b0927bce8b8aa8f35886c66596a5cbd8c2bce1bd0c80e017f496af95a0d,Mirai,arm,arm:15529456587281771413,false,test
98bc7b90d2caadfe1d004dbdb74f5ae874d3f5ef464f9c494d5684046691fc87,Mirai,arm,arm:2028905693373253952,false,test
98c361bf9a513f9e887805514b0ec4b72f2f93204156e2aa45e42fc9f8d0f1cc,Mirai,arm,arm:1055288745181665951,false,test
98f098ff7d28d860fa9195bb4a66e92692bda644664d5347c0aa049ba13938b3,Mirai,arm,arm:11571992970301859580,false,test
9b722c1e80ab14ff5867a41f62c409e4e407a842dbaeec9082479412f5be95bf,Mirai,arm,arm:682876515526777165,false,test
9bf018850a036bf9caac780408fdabded07229f78d530e6f66cfa321474d0c19,Mirai,arm,arm:8848632586827594291,false,test
9c0511f932338f673e8ad6fce0607f0bdd17a47ca673cad5773eb4f4d9fd9236,Mirai,arm,arm:4893588609886193137,false,test
9c7f769e7c902e760f5e756777cc0fa79a2e71898ade52f8304a0b8c4e3faa37,Mirai,arm,arm:7694932001398494040,false,test
9ca47d05a0e4851deb82e9bb1badf7623f096959a200caf1780f2abd5b610a4c,Mirai,arm,arm:17921830637907407999,false,test
9cd9bd67c3e2eacfe7cd881ad9dba01b9ab0bc3d834370155698c664018310d7,Mirai,arm,arm:1124334582064504104,false,test
9d3b6631cd7cfd710cf4e2fb9e4f10149b998fdec774ab8b154e2aa6da482201,Mirai,arm,arm:4332085131651322204,false,test
9df037590629ab1616e76cc3a04d995bf09899dc6ced39a9ff1bcd70ce6868ce,Mirai,arm,arm:17389229110186139109,false,test
9e1b2d1d595a57ae50692350144eb5a327a99410a6b858f646009b390c7472af,Mirai,arm,arm:8028068286554105102,false,test
9e288083b868fc7da2f86d70c12aa10e6c95b1b01e6d329928a068e044cd926f,Mirai,arm,arm:11959643542195273672,false,test
9e6518eecc0f8cac3b08fdf468c9239e974214e93a3780e7548790bc937635ff,Mirai,arm,arm:4893588609886193137,false,test
9e766270c30da312f63862af251818ead1a057938e7b722fa9f811fa78a8711e,Mirai,arm,arm:10029186837659844542,false,test
9f32258f3f7b361f01f2a8e79ebdfcea3e75c3bb97881866ae4d219d38d235f5,Mirai,arm,arm:17389229110186139109,false,test
9fc7fb15787055dd765258d3ebca99977929a2dad09319ca0bb9bd3a17f6eb41,Mirai,arm,arm:10172588454652474592,false,test
a016fbf4a7e6ff48525a313905d66731455ca845536a52257db02ddb90b5dee5,Mirai,arm,arm:5350246708273457036,false,test
a040f581efd80f7d21b018eb591d54982f1c9e0e274c20c0592d4626a44fc00e,Mirai,arm,arm:17537616795537559822,false,test
a3be599eeba0f370ec7d853e80b495278cbe28586fb97da671db722d4971ba68,Mirai,arm,arm:4893588609886193137,false,test
a471399676694bc9130b38e6f5b4a562dbc0115b58e5618d79cdef87a87dfac6,Mirai,arm,arm:1414294869946380306,false,test
a60948093dd93d80c0deda2b4beae751096465f64d280b943c16793bf2d30924,Mirai,arm,arm:13390153590222543576,false,test
a63eb8fcf12d878891ef9afeb5252057d0dd0e923238fce7ed2e25d362a6124c,Mirai,arm,arm:5839449768366965573,false,test
a67f66a168a455ba37b0412b82fa7f32259c9a6e7cfe16469a5bf9c5f64ea1b4,Mirai,arm,arm:17809318983725070249,false,test
a881cad25c918350cf2219258bb1489672e2e9af2568695b231c9f06c0f2ac3d,Mirai,arm,arm:17136383981050630338,false,test
a9aa6b4e4fd2a7616e6c5eb0b1421611b8993c5d5d435e6ccf3909bf6f08406e,Mirai,arm,arm:17389229110186139109,false,test
aa9e42232610dd696b2615d101314c99f0abfd14946a46193ee9671e8ca8c8e5,Mirai,arm,arm:2028905693373253952,false,test
ab0a2da09ee28196156eb6a1c48405042daa78c1bec0e3cdb32bc4a9a6143d58,Mirai,arm,arm:7220457939216620487,false,test
abb095d8dd0163374888c0e029c914f3d8dc86a2a007d10befd2b22acc89b3ba,Mirai,arm,arm:4940931764270780968,false,test
abd5b62e394a3de6f2271ec61182e1124c6294965a83e074b32f2a1fc33f5470,Mirai,arm,arm:16427868271925629266,false,test
abe470c705923a44ee314b6e4d0b3e79598a905b7aa6cdc3a35f1cd8b12cd767,Mirai,arm,arm:10258980932750004943,false,test
ac3916bacd4c21976be5f484a428b65c0dd68561be314fea3b8346de53682d69,Mirai,arm,arm:14088509605002331494,false,test
ac841933adfc48a67c8140005cda2e17a9b899c220eaca70fd648ef764fd3bcf,Mirai,arm,arm:5124781014851563461,false,test
ad3aaba7534703129ea17400a7616227e452f2527c0ce70bc95d9a6778b338e1,Mirai,arm,arm:15532630892644516024,false,test
ad3c1eca585f6bf31ffe8ff2b00297b74bcc252c1a5ab70555f0d342b696f48d,Mirai,arm,arm:11856439689718857184,false,test
ad60a68d4b07a59dc22e3ae712c121262a2f22bc1d19855f8c43f8ae49f19e50,Mirai,arm,arm:1945010922491797670,false,test
ada47c6c22fb39706c4e93a769af24b4814daed3d4ffe1d8f5c535b75a810d0b,Mirai,arm,arm:8308755609532316625,false,test
aedd95ff27d5883388c22f7793f025f4fe25ca818b588ad5b2f431114b72166e,Mirai,arm,arm:17389229110186139109,false,test
afabb78309757b0753397d9831ef56c3f54be511944f5ecfcd59f9e18a4c1791,Mirai,arm,arm:3058784974221303750,false,test
b1b946ad63ccc6d7d407166f61075c655d8785a6412d0f62bbc401f4e461746f,Mirai,arm,arm:1054303621112803358,false,test
b20f5262782c53007cf8c18914a38e3c631bb18f778735b594fdc28465d9deec,Mirai,arm,arm:17389229110186139109,false,test
b297f5cae3dd25463113a0c5abc54f8803801fb60eb340b73032f8f56b00a0bc,Mirai,arm,arm:16059115529838761339,false,test
b35e3aa867802cb0d428f1a8e36b2cb4b5a8193c86a6b8a3702d75ad2cd717d6,Mirai,arm,arm:1491657180739289965,false,test
b41f4a2e5e6cab333abd88bdf912c83e582c72e0a14de48daeaac45e9fdfebf7,Mirai,arm,arm:2126376118976334156,false,test
b47aa2df489256b2855a458d34dcfb0d9d1ed84548609981e27749b061b79f5f,Mirai,arm,arm:3965162685883448986,false,test
b4efd3dd07076f90e3d534669a9e4eee4c8dbf1e9fd7cdae40bfc775df7471cb,Mirai,arm,arm:10661662900878735489,false,test
b55004d715ccaf1e758b627b7d52dd5f1d6c242e5e22c81a6c355ada8cf1afbe,Mirai,arm,arm:16865609164237539684,false,test
b725935f5a3f76daf68dfc86d05f146934a0f80c9ed235be1bc9e4f7048db105,Mirai,arm,arm:9797213429289797265,false,test
b7bd8a6811dc599630bdef18b770158962dcf04d6bc6ba7ae66fc3a9c9263c26,Mirai,arm,arm:13140789798689916587,false,test
b9d7a1151a925e20bab32867f20704dbe7b67a39d5eec3efe3cf635702809cd2,Mirai,arm,arm:5660649423115633912,false,test
b9f6aac4917330337a1689d30f8201b35ea0a5da2137fd0b07ab1c04d1241e14,Mirai,arm,arm:17389229110186139109,false,test
ba55465e5c3fb6243d60699aa8100426ad19fcd4fed26a18ccaa9373d6dd0c3a,Mirai,arm,arm:16527948268012325693,false,test
bc6af62171ab30b14c3c7b440ffb59446d58ac6d51014e95f33be2b54ce71d78,Mirai,arm,arm:175505987804699960,false,test
bc7179dd207b1d0ed57fab8e8b1955f7a37023bcba31be1feaa6670a7707798e,Mirai,arm,arm:12112501245182698860,false,test
bd805531ff8448cde6eb057866b260dfedbe8abc23de9bea8290d6e051959b56,Mirai,arm,arm:5393686433163552106,false,test
be0ce3c011bb4c653fa4b1647a65eca9a4f3c74cb970e6f40e1a076043981230,Mirai,arm,arm:8341633946492914472,false,test
be83db2a159d59f1e5ea2a3cc727a28f0861889feafd8b0c14e0b72fa840b741,Mirai,arm,arm:12920370429208233834,false,test
c06add5e161ddfc9859a0219129d10676137d45611745e9e56eb4be0b93f341f,Mirai,arm,arm:5740556695923666031,false,test
c1fdfddc727e6b643c91dc4ca7c7cd0a43b0b074703cb8ef034a0153202c9cec,Mirai,arm,arm:9618843177437223713,false,test
c2d826fe3297559a741d723e0ed2faf71740129a1173fa72843fef2fca0a8aa5,Mirai,arm,arm:13140789798689916587,false,test
c43abd2c2dfe2768f6ae0245a6dec401218302dd5423576a32b337afd7200f1d,Mirai,arm,arm:11838177415119372999,false,test
c6341b8590bcce64b026e9e24d91338c6aced45c42f5649591937da05ddfd9be,Mirai,arm,arm:17389229110186139109,false,test
c9cafdaa34b9148ffeeeac46a4fc94d16861954f9d49058f49c9c87ce08d7895,Mirai,arm,arm:2030899004256963655,false,test
caff6ad70a6b0124f84c0f31a4fc64716474b374befa1b8b87d1730ee522fe32,Mirai,arm,arm:589863476129715429,false,test
cc542af4ed120d9c9823ada50b6df22d9371a60097c7aa39ac081bb416233e03,Mirai,arm,arm:2033708053820007288,false,test
cd8e4c3c8db1f5d721002c894e4fd3d14b143edf4b8039226f7e7a876f2af944,Mirai,arm,arm:3854445985114558732,false,test
cdb8aab65b31da8c3f560769c915f11d62791304eba12e26b813121b4d6ae9ae,Mirai,arm,arm:17160801884024805941,false,test
cfce08b446a96f1a9efb302def30c30713874a10227652873b737ffdb4a78390,Mirai,arm,arm:17389229110186139109,false,test
d13c54cb63b0252003a798633d9336628e638fa2f5644576e150add602cf47ab,Mirai,arm,arm:1691587893825021411,false,test
d1a2005b2896f6b40b465c8e0e0d87cd0626284814d2f74725ef193578fa52f6,Mirai,arm,arm:13957591189762055576,false,test
d41a11fb1546af8d0678d219caaa78ed575fcb7f36f8b7220ed9a6ec62edbd7f,Mirai,arm,arm:10480418356358890682,false,test
d4cdec864bc1fc3624f3a5318de4debb0896841f8b0b4215ca33e951dde5c812,Mirai,arm,arm:14877521846905469936,false,test
d685bd43bcbaffd3af4fc8aaaeda455056804b765c89c6fa1605baca47f24113,Mirai,arm,arm:4893588609886193137,false,test
d73de4aca4a9d9ab66441238f24b89f0fe3f2f4beac60ea2bc219ba3ea62dfd0,Mirai,arm,arm:12516698733374405595,false,test
d77643e5207a3798321832d55a7c5ddefac048b488b72a89b9f59e2d5135d25c,Mirai,arm,arm:1367197786533840010,false,test
d8166b83ac0732304f0301e11f08f6dbd18a3bfecdd35b2be2323b3ea856b3b9,Mirai,arm,arm:18434414122039068554,false,test
d8c3aac41ed78942460f36d2a19341e9af7401efc30412575bd9132d58013636,Mirai,arm,arm:2846270841825105879,false,test
da0c4f3798c2007d4cdf172804a32bd3e0e651c7cc21f988778997bfcd7a8b02,Mirai,arm,arm:4594031755590083395,false,test
dc2ba749904f9bebb98ad7738d04d9555cd40948b5d49f20265112ed43d52c9a,Mirai,arm,arm:15641110742814026922,false,test
dcf6c07bdea979cae989f5448e715e61a67a84963a80a936103157aaafeb9914,Mirai,arm,arm:4951822315372414293,false,test
dd78b17913d2eed4bb5320c8f95d12742a8dd00b1ec3a676637e7d68dd0cdc19,Mirai,arm,arm:17389229110186139109,false,test
dda5fa8da5c2b3272db08900e0e9cb205669dda42d510c554cd76688084e5d53,Mirai,arm,arm:17389229110186139109,false,test
de2f7ddf27158c5c0dab73b401f5d489ff3a504100ec6d7a4514a66481974064,Mirai,arm,arm:13300417542757907145,false,test
df20391fb151ce3d266c28fa4ab221d5abcdd6623b1169e19cd84e4fe5b2ba82,Mirai,arm,arm:17389229110186139109,false,test
df9286b51eabf7612454706ab5d41a385fd43df57b0a5317df9342d43c377a30,Mirai,arm,arm:14510339263238132388,false,test
dfa6230c84d7ef9763ad39a0c32d706be51c061a052ad2845b158bd410f82687,Mirai,arm,arm:8689714089424624291,false,test
e100d68b63d31256c0de8401ae5c86f8c5b1eedacac0a0c6c7749733d02a6805,Mirai,arm,arm:15878674695109318448,false,test
e29ef2899f0cc44030fc05e3d3e877720e49d4b7cbe1079a8d2b0ad9636821c1,Mirai,arm,arm:12887250256275668066,false,test
e366b5183e0e7890f988d1aa46b76d3c0b55caf8f75d10504539e06b46e333de,Mirai,arm,arm:11331224391867522140,false,test
e44aabe78403c8fd92687914e2c95970950522ecc23cd01c7511e5f304c559fd,Mirai,arm,arm:12819921323486487382,false,test
e509521334be3e1ceff9e8a0b885df124f2bfe1f71720461434aa833d83f384d,Mirai,arm,arm:357941159137791564,false,test
e5676a60aa6aef1ba97458912164bb5fca70e22e8e78c4d96f24428fbc4e205b,Mirai,arm,arm:6633249351138116109,false,test
e5cfb0e12cff16bba42de4412e720dff8176078647a2579fcd637144ea793f39,Mirai,arm,arm:14826454908381067579,false,test
e668eff3dd2b5d05a7f81a8a378878ddc777fd08b41d8a5cb96e1d941badb5b8,Mirai,arm,arm:15313158663618924743,false,test
e9d83e85f26a2d5e56f667913471ec9f5d7f4037e7e8c67b7d001b57ce10ef71,Mirai,arm,arm:17389229110186139109,false,test
eb38f2ec40fc5c4263c41cd6056cca788b1d4428fc19424a0d81e469b95c411a,Mirai,arm,arm:17389229110186139109,false,test
eba1dd006089436bfdd0d2d8a01197eaced8b3a4b1e2b463c7fbd61a99ae47f5,Mirai,arm,arm:17389229110186139109,false,test
ebfdcf8a263bee3501d5713ab324261b40508262f1a8e721924c937aed86b8ad,Mirai,arm,arm:17389229110186139109,false,test
ec075aba231b90f5ccc7509c85a60a2be16879828450cd5b2bed17152387be40,Mirai,arm,arm:7695604871782165615,false,test
ed97651b1bf98443f379b227be7367a923d317086f368f4111a7e34c5e7bfaf7,Mirai,arm,arm:13061010262442757015,false,test
edc35ad4d23664611fe1d49a31f7f820fdde05ebec6f68a9324d9a029058f13a,Mirai,arm,arm:9911250849094016444,false,test
ee44c53c7bf8ec9ca2e28399df8ddc8cda3ec2ae15b9fa49045f2bd2034ae1ae,Mirai,arm,arm:17389229110186139109,false,test
ee633a9d60fa2b138cdab088935b8bc67bb05b56fba4ea3275b4ce2ee20107c7,Mirai,arm,arm:17389229110186139109,false,test
ef663fa023951cf9e2ff93769782cd1f87a8b2ea02966ea601e8d21827634d2f,Mirai,arm,arm:5832661216211354712,false,test
ef86c00e68623496d3d4a9393ca591abefbaa2cefff1ec01ae78bf0c33e8b039,Mirai,arm,arm:16461203684299088041,false,test
f08e9d56173f5d32ee2e6609f5fca6f818a3d8b00edd78f9d5cf7f9834d2209d,Mirai,arm,arm:17389229110186139109,false,test
f14999eceb6e679738106b71cf4bdc1ebc39b5bf5dcabd2a98bc1abb8e76b5fb,Mirai,arm,arm:607158866903733123,false,test
f1cb5b506ef23e17267fb8794f40e5d2293f33311efd67266326a0065e69ad13,Mirai,arm,arm:18121885559395226357,false,test
f1e315161d24292bc70284a809fbc7887f1f61c6fbd1ad1007d2dfe336393442,Mirai,arm,arm:17592127676272808658,false,test
f1ff0b7312eabb4f26b64bb7ea446581bca71997948e593e1d2f4b07659a8a14,Mirai,arm,arm:3151116785011685757,false,test
f2879bfeaf5b743943c3f42e660326fa5aac44a52cd12ee0a8cca8562603f488,Mirai,arm,arm:6378403814370824325,false,test
f413513476109259af44faf75d18b6c2fee0e9545967626d25126311aabb291c,Mirai,arm,arm:12267874723667218366,false,test
f4226d741712096b26719e5225c3bdfe7ab7d9168746a5c350a256ee7c6d2e1c,Mirai,arm,arm:17389229110186139109,false,test
f42d394ed1d16ba6b272302aae293edb61a0a93e77bcef4977e0a521db733df6,Mirai,arm,arm:7094476593972383149,false,test
f4b2c24647ba3b74dcd0ad5fe3fb3cf51832479da650a7807f8cd519719d0c36,Mirai,arm,arm:10522054986563235105,false,test
f4cbefce816daf9dfebae4013caee7e0c227eaf43728b9a64e2cb9572bfa62ef,Mirai,arm,arm:17389229110186139109,false,test
f52a2dedb8424845c6143baccc97e5a312821b75ebe194e237f70a7dc707e4a8,Mirai,arm,arm:13398563557138620857,false,test
f52c42ae2d7b90161c1f935fc8830b7bfa6cee75ec045e09e5ea9daa6f12c81b,Mirai,arm,arm:17042705948833751645,false,test
f5795043b9190c6c86b6c26b23870eb61af74b2c541dafdf12eed175ee3026f7,Mirai,arm,arm:9341490841410599407,false,test
f61f84cda10253182298f67dcbee7aa8ea689518a8435f651f3f7de4c3641c4b,Mirai,arm,arm:9510862649575319755,false,test
f6d4cee621f14ab0739faf9cf1c4cfa893dbb97ae3666638bd29baa68a6e9f23,Mirai,arm,arm:16212201776980559914,false,test
f6db2428ba0b7d6ca024e89a82136651fe9f8030d6f8a97524bf6dd67155b19c,Mirai,arm,arm:12738766573308153530,false,test
f764146f34600739e5db8305bb6a4a1b0d1c1a48d62160983bed6f6ead303bd9,Mirai,arm,arm:11746995632467544786,false,test
f7950cb591c0eb40097a290922335768e385c946bde5acb32bf993b58e1aec95,Mirai,arm,arm:7669958911626554394,false,test
f876f3d8a39c824ec83a097f7b2f6e1a8bd918c53d7d9af6391d5a2f9e02338a,Mirai,arm,arm:13140789798689916587,false,test
f926b8b152feee46ececa19eea9e37fb05aa19257d5ec01c764e5749180d02d8,Mirai,arm,arm:4122620935394369868,false,test
f98b6742caa8af624618ddab8ea8588d8bac7a015893ac4046ba2f8151b1ba23,Mirai,arm,arm:16696170584257400850,false,test
f9ddbf165b16dfa47daa70596a47e0b06519634aea2cb003b1ef520f67824db8,Mirai,arm,arm:17389229110186139109,false,test
fa33a46329c69ec63e51357c5ad7d7380b36615b81072e1d76407f4c7ae124e7,Mirai,arm,arm:4325851324734290743,false,test
fb6436478cfc7bbc9832ea8a273d738e0c0899d017c2f93b79f79a1942d3874d,Mirai,arm,arm:4893588609886193137,false,test
fcc51e714d92ca8adc070f159518a11410da8d6059ecc493fe9008c709e81da1,Mirai,arm,arm:783124455083371204,false,test
fd37dec894470a878ca310b7cb32ebf6b55c65c5fc59235a6d1a7c43db9247e8,Mirai,arm,arm:11267474468820843988,false,test
fddb1dbb4a97f757aabed0aca51a5a3d452222f7a91379e49220546c716dfe9d,Mirai,arm,arm:14673312330245087867,false,test
fffff6200035003b5b4cec543bb545f4f43cd795a7eef625eb4da06c9a053f38,Mirai,arm,arm:15516010614538767511,false,test
003b259b6f830d298aee6b380471564fa37d9e222c6552d383a4138217e36dbf,Mirai,arm,arm:13404438415795184418,false,train
004635d8edbc4112be2a2a68e42d4eba6941ff634b3378918816c490b9139797,Mirai,arm,arm:18445115082592084602,false,train
0089159fb49530f6e1b69db63442101becd4b6150d05c713d46031ce765e507e,Mirai,arm,arm:17977090774197708001,false,train
0097031e0fa3355157de2b8bd10525e3ac20adbf1e2ef1bd4a1fc5304d176f75,Mirai,arm,arm:18332487480051401479,false,train
00a104aef2ead69ce77eb3170c8bb8e272d8637f7ee3e7014df64b104c8536c7,Mirai,arm,arm:14437220562836775087,false,train
00dac832862a78fde01a555825a9ae532c916124a336c6f01f8edcbd9be99a2a,Mirai,arm,arm:17977090774197708001,false,train
00e9707393047fe93a9420af26581e5508818016943f4b38c96bf6efee189cee,Mirai,arm,arm:17636388244902954892,false,train
00ed53cef3499c5947e3b387dee128fa87927e9ed87d997ab1cb2e4ee5b9aa69,Mirai,arm,arm:18148955226461172253,false,train
01a1afc2be39d48063dd825eadfee3548b2be7f097bc26734f76e43afdb1c0c7,Mirai,arm,arm:17977090774197708001,false,train
01f99b401ce56ccbd23596d61d268f8756adb7b4162769b0a798fc6bc348a854,Mirai,arm,arm:12373666426851635536,false,train
027eca8214543c21f06835a554cb7e6adf91323713b2d9da6684293574118ff4,Mirai,arm,arm:17927829778032281250,false,train
028b41614aa32b0fc94a1add45826b6a5691111676c422d7e48362c0e133b2d5,Mirai,arm,arm:4705220022383925725,false,train
02e77f5f7b11c1bf76868b8827195101d478816aced4203c7c7d28f7ab7d9f5e,Mirai,arm,arm:3247320783323573331,false,train
03c14a6743087ba4b9e141f7cd15afb3643063a68d6751438bcb99d899e40ef9,Mirai,arm,arm:17977090774197708001,false,train
03c9e646449bde95f171d9db7c099eddc4c9238c3e3e8c331f27e3601e86d596,Mirai,arm,arm:17977090774197708001,false,train
03e30a286e4175968015223096c1f34bf58d1400d867d4b2d410aa0814fffea5,Mirai,arm,arm:16851476971829408389,false,train
03f804fcd157bb7a4bb1b05cc55bd57a659d5994361510d8ef3d252d1516f312,Mirai,arm,arm:18254060216413327404,false,train
04f4e972931fa3588aed350e1f0ca2f1d1791c6aefe838194c3306666a9caff5,Mirai,arm,arm:2529159776766910834,false,train
050ad8c66b8604578700009f1248143dd879a332175962b7fab0603a6d87efda,Mirai,arm,arm:17977090774197708001,false,train
0557a154c2872f03fada1025f9934ee2ffcd0beb66bfca7edea8543eabe4c57b,Mirai,arm,arm:13673898487503621470,false,train
05a583328b0624df5cf1314c8f57cb403fdff96db950bc2833bc0a6b8a0c554a,Mirai,arm,arm:17977090774197708001,false,train
05b3b38d08cd49908ce22099282d99b73e83261550574bc47e2cedfb2218032e,Mirai,arm,arm:239554660165909140,false,train
05bac2be75136a1817707623207c6de6bd1d3a660bfdaed70234d07ecd73c355,Mirai,arm,arm:2423330318169446338,false,train
05f3128b23fe9f26d14199607bfe382479e59cccf66b9902e2edc87bbe9667e1,Mirai,arm,arm:7190551201218604313,false,train
0601ec8df9236d20a24bd4f6b31715bf21f37fae735f8eabf10bf08b86654f06,Mirai,arm,arm:3697018065497468633,false,train
0635051c628900216680b0f713cab57a3389e548c173180672d512fb61259d1c,Mirai,arm,arm:95957667096326525,false,train
0670542720e8e84fee3b35fd0bd2779a75974678f918629c67aa320f8cc5a920,Mirai,arm,arm:7149313509268792384,false,train
070e5ade7a13b9220cd9c9de981edab0abfd87c9a29991209d3ac0a30e95fbdb,Mirai,arm,arm:10566314330396142226,false,train
074a8e8b9f28fd31453a1edc9999aa7bb868f16537f47181581033fec3fa6894,Mirai,arm,arm:9692476580044926378,false,train
076c9ddc2515d214a8160053f9d5a17899ecb21cf14d4185d10bb1c475b99d6e,Mirai,arm,arm:13200327343217171140,false,train
07a4b34295f340803b89b1e1deb9e48c8f4e25ee5f8a750ac8c41ff32b111f71,Mirai,arm,arm:17977090774197708001,false,train
07b3083bbfaab392abd85e04a07bd200fcd658793fa73473128df229edd35913,Mirai,arm,arm:12842923757525773191,false,train
07e4f8bddc7834292efa9c2f657cd9d42a056b1cc4f46533146f82fef14b5ed7,Mirai,arm,arm:3481238881153055391,false,train
0800bce0357efaa7f5e54f4d343cc6c6cc50e4285260c1023598e1bb4bc18d3f,Mirai,arm,arm:17977090774197708001,false,train
082344235e61affc569f486b51988c8f8bbfd76fa3cad2421530dfcf4bac96a7,Mirai,arm,arm:6294926607799947182,false,train
082f7a63e551c2eac189df0998270b6c0e65c60629cd49a6912bd793db8f4a09,Mirai,arm,arm:10101389466100365722,false,train
08365bee46cb6501d14aac374033b48da69a4853079390bfb55e546c8e2cc595,Mirai,arm,arm:985763433567580339,false,train
083cf99498ad0ea2f0a92467842d8d9a3cc67e171c4085c7adf38d89dba26df0,Mirai,arm,arm:9737519288414576981,false,train
0910798c68dc3952559979687dddbc35bed5fd9cf1b076c61f9cc6bc4cc04ffa,Mirai,arm,arm:4417111064027736091,false,train
0938411985b5d2eeeb82d0360f00e40914fe6f435a2b52000931bc3fba25bf8c,Mirai,arm,arm:5961442474190300521,false,train
098067fe1a67cd2b91eb04a683cf9337eeaf9ed2b900d1c11603b59f7acc766f,Mirai,arm,arm:1341849931513745763,false,train
099a6ca4087e63a8e1cef710b8c0958d46280ad1443711f1e41ecb8531a58c13,Mirai,arm,arm:1010365551616262284,false,train
09a237104d38ad499c789f981e5fec61dae9bad50312c8de9b4ab0942e829d50,Mirai,arm,arm:16599711281168751242,false,train
09cabf691f7960fc20771648f2db6593e5ee221b177bab050bc1d41b97408c37,Mirai,arm,arm:7842538333166467226,false,train
0a12a1108e3de47f4602d6c1ec3169bb0a520200d9401ed2d285168ae2416d59,Mirai,arm,arm:2056630596392620511,false,train
0a27a5a76f4772f8e60efe62f5dcb998089cb21f3055fac548beba4284f809f8,Mirai,arm,arm:7611910835715357274,false,train
0a5b558d4bd5bcb627a9bb2dbb51f4e633272442938fb2fc9100b4c84d107219,Mirai,arm,arm:15199084608043196522,false,train
0a5f50a92282bcedd3ca8058d868656ef67e721c551aa751b93d501de083b477,Mirai,arm,arm:14261286380020924864,false,train
0a816b8618bc2207911606f1db27a38cabf98766ffdcf990b33d71fa399b5e68,Mirai,arm,arm:17977090774197708001,false,train
0a8a5595f9f68dea7690d45ce0ce7029153ff4ba47d3a96b7e93da4dc7a23ca8,Mirai,arm,arm:7926399395854250093,false,train
0a9939d9e7b6155af31ede480dff704fe7edd021ead2906a55d5768c454e730c,Mirai,arm,arm:9055602388238032319,false,train
0a9a9c01904c1a04492942b7c25f24f11c57a7a4233e8003cb11638b2714f639,Mirai,arm,arm:17977090774197708001,false,train
0abb551602157a6861ebda107fd4e7724ac867c7c31f997aa51c46e2b86d20a1,Mirai,arm,arm:7021758459934716318,false,train
0acaa33638903c239fbee06931d8b02ca463e3534c699f798582bc19a2519121,Mirai,arm,arm:9794045239032665086,false,train
0ad3d4a06538deea6d219797a5a93ce4f329aae7ab7172096bce66f282dfe6ce,Mirai,arm,arm:1048256567108257398,false,train
0b4b18fe286d8d32ba992911eecce578898885436b218ece830ce110905ae3da,Mirai,arm,arm:17977090774197708001,false,train
0be23ed307ad3b6fa96b3fc5f80cc2958498d1456e4209b5f0faf6dd45b1a376,Mirai,arm,arm:7229423987867049567,false,train
0bfb95207864c7496a8283cdcf3321231dc44a006290458f56c245077bced9bf,Mirai,arm,arm:12697731127521499755,false,train
0c1f6d0d21689d29b66c958efc83d3d68317e8d29e7a50c8e45b7d65f87e4c76,Mirai,arm,arm:9292221648403710247,false,train
0c28bcbddf57195da57353cbbcf0e12b9a0e6d26526e4a28536a1ebb808d230b,Mirai,arm,arm:15335876950457865055,false,train
0c50374b856ffa6137531387da7201059f80e3d7a2d30aa42292fd1aac0d9956,Mirai,arm,arm:605780541395896077,false,train
0c6be867bbb3130d7d5350f2074e19ad7716107473012ea79ea5e0c92ac7b4fb,Mirai,arm,arm:7445500024504481271,false,train
0c7a90c27eeb3ff038997aa56b2b61d3cf962c88684b8606c5925d979edc11ba,Mirai,arm,arm:17977090774197708001,false,train
0c895dfee16bfba1d23e9f35eefd14d7b7c21804c8b455c4ff226b87fe3818a5,Mirai,arm,arm:15560173206697465135,false,train
0cd7ba7b8cba00226bad8671d03dc10dfd4a548c1752c9820627b74fcb3911b6,Mirai,arm,arm:17977090774197708001,false,train
0d06f618dca957bd841f78717683047f5446d0a56ba05903f7e2af4c8391f9d2,Mirai,arm,arm:3004019413837552247,false,train
0d31f12224dc63a9cb686f01abf0a4a711c9f5c70ce5668c03f94b525e6f70d2,Mirai,arm,arm:7255337428642962893,false,train
0d44b29b5d0856ff80cffe882c449063d7411c73c5c4dd9f6470d572c32c3b50,Mirai,arm,arm:8994292045972825031,false,train
0d63de3148dc3037625b4e0a3a69c24c56aca458076e96f3249463a3c51e0c1c,Mirai,arm,arm:12851073486471569590,false,train
0d6cc353c3030c949abff73a9d8aec82ef5d3365fee3717a24de215b2eb79342,Mirai,arm,arm:3409418672369128211,false,train
0d915e4fd561e41afd60bb8c503903a6646d857a40ebfb374d84e4f5f0ecade8,Mirai,arm,arm:15765605485620741510,false,train
0e04a538329fc568e58eb389eebdce0e588165c4312fe4a1246cba4902d8f405,Mirai,arm,arm:8092562050592912930,false,train
0e3c5cb4681afdd86e21f3d80859d78fa075b364ef85f58da5bfd83a6f5471e0,Mirai,arm,arm:3663609159028245210,false,train
0e54bbba5f9d9c3a234a32c5204b267f14988b9aa0e3af0966a6262a1e0e0ce7,Mirai,arm,arm:17977090774197708001,false,train
0e5779bef0118e9dc6b205ff5c7a8c91a6e563e546f695d19a99470da2915339,Mirai,arm,arm:17977090774197708001,false,train
0ed0c779efe2b8f08daa185340e2920b43c852cc420f0edb8c367cb18107f222,Mirai,arm,arm:256270986492470578,false,train
0ef7ac6385a7b559c3233ae1df92fbc7d33c968dce9221c51b466fbb41f0f460,Mirai,arm,arm:2333360235697810937,false,train
0f13603ae8a9e41384a649651ddefca309f9d509848f131d80cbbc4bd1f396ee,Mirai,arm,arm:17977090774197708001,false,train
0f2c3c0b25bb81b862c2313cc633d35aef383eaf2e121011e6f76429d626bc80,Mirai,arm,arm:1317159380633788134,false,train
0f737aa2f27d93a4055cad12fc84c7fd4eddadf39f3606ebc893b53309380969,Mirai,arm,arm:17977090774197708001,false,train
0fa8b62ee9469ea73dd5602f588b33b68951df59ed35dbe197ae4e9b3977c440,Mirai,arm,arm:12008632043313371670,false,train
118bc38e70801d84e0c6339943afab14a6e501a1580ba61a623fe1e12a2ba4a5,Mirai,arm,arm:9520943778317977686,false,train
1238cc3ca5d70d29774189699aa16713533f838aeacf7a6cfe287c3b29dc2259,Mirai,arm,arm:7144712253171352081,false,train
1282511983df50336441ef17617842777fe912a3e03a12eff26333df48aeef58,Mirai,arm,arm:16649202189716612701,false,train
12908e186340763cff1e4a9c48def2a3c7fa600a4931fe7e638213703df87f65,Mirai,arm,arm:4760723654732222312,false,train
12badb4d37a6e699f137c40ec1609b093d29e88d289f3b7b34416454c1018d3a,Mirai,arm,arm:8756528580309141903,false,train
13034e530c5c0544bc69caebe012d2ced7cc82f82de77df34a026d268df62303,Mirai,arm,arm:10419876589799717301,false,train
1308413644397e17abdd9eb6810703cd166c344e42d6c00f6f63239fbc857256,Mirai,arm,arm:17977090774197708001,false,train
1312b1e2057f99a762baf56f3cd973b8969f95c1aa5af0ef23f15ada2f4b693d,Mirai,arm,arm:17977090774197708001,false,train
13598e9ddcfb05277c050d5ffe6449188c0c5d0402031b59446fe8d484e3711c,Mirai,arm,arm:9213289403781826237,false,train
13b769daaf0e34fddec306604e8e534e4d914ce8f43e2fe51fb781980aa1156f,Mirai,arm,arm:8130884176051971101,false,train
13e18fda516a7b53d699ebc2e92b96a50983ee328f02d8f312b54afb7972b36e,Mirai,arm,arm:17534888750993204317,false,train
13e9c7f7ab4e55e868562673dc5e33ab4333529b49a9c7b471f8c12f7bdeceed,Mirai,arm,arm:1314117847844904419,false,train
14089ffd01f6b565f66bfe9e9a708e4376865c6c4407a1f4d16d50198a0bb8e3,Mirai,arm,arm:10924223301997032842,false,train
14118093cf16f93a86ff29c5bce11f7ff7f9cc5c7ba20f12e6368c7075915668,Mirai,arm,arm:16288749392135982488,false,train
1430033570d68a500388aaf5889bd544c9138bce65cb11835ebf838b8a9d0b68,Mirai,arm,arm:17977090774197708001,false,train
14424bbb0fbf4164a5c0145327015119f055038694a839e178a4492ade48d492,Mirai,arm,arm:2425332725660686063,false,train
1497c4f82d65715f0a21b72981885ece3122e33670b7a81ef31460d809174a12,Mirai,arm,arm:7189255614666641694,false,train
14cd1395fe5372016771e147ffc83ae6ae8cb293ead0bf47a5039fc59fac498b,Mirai,arm,arm:11201304473695736230,false,train
14e36308c367265f252cc3769d424a00285e382cf03d0f52e876010a6673cc76,Mirai,arm,arm:17066246351109480959,false,train
14eda020db007e7ca2c9746aa26cbafcbe01e146fe2ead060d7d7de28ab41032,Mirai,arm,arm:17977090774197708001,false,train
14f6ad1504905554b7310dce3bce7bd4fa705348f39fc1ba6c1a6ffb4657d777,Mirai,arm,arm:17977090774197708001,false,train
1546692988b2dd7770349fce812946b7749ee5764026b0c2e3f4a0a5394112b2,Mirai,arm,arm:7588146629885883013,false,train
1547ac78007fe553175b80a5fedd20c1d05fbde41de08633a3121ca0ecba0f84,Mirai,arm,arm:8625932060582308016,false,train
157190897e1c4a0aeb5513c87dda398c6a40a30d66407baecc0d2b3ade13499d,Mirai,arm,arm:1645422524913482547,false,train
15a94aee62b4715c01c02444835f21813e9b7bb2e1527ca58e0246d343f39982,Mirai,arm,arm:9465887293689841172,false,train
15c58b2bcee926250145e74d40b4e77e27eb74c4fde5d5e89e3c89fc9951687b,Mirai,arm,arm:5456453543795829653,false,train
16c6829023ee71bc753f1bdd7b5085635f7657fc4e1e24fbdf5dfb52ba03070f,Mirai,arm,arm:15221694317355574126,false,train
17149649c7df81eee7eb57b8d06f73fbb6c0e34da42a3a5cbca0774f0a26d3c6,Mirai,arm,arm:95957667096326525,false,train
17467758e5dcb4358d7202673fc38988c49c51fafa6613757e3ec6a500cabe0c,Mirai,arm,arm:5272751528425860154,false,train
176514ffaf96c43a282fcd68a727295aba828d47cc7d6a780c7804da35607d25,Mirai,arm,arm:12667030465573365757,false,train
177414d58acf057588c98d6129c7873baae849d3f3a735797c37cc7acd50951c,Mirai,arm,arm:1902133985044343834,false,train
17e96f46b6ce525b30a684005ebc46253888c7f5622167194ee35989d1aaf979,Mirai,arm,arm:17977090774197708001,false,train
18113d0edb0e4ccf1f189068ecb87069716b0bd2fca352d141cba8609e0390b2,Mirai,arm,arm:18415178783726510448,false,train
183cfcf138595f76d30f3a6fa1d20b769703e7d939be6b98ad5d77a9d1088e42,Mirai,arm,arm:13404160063279101045,false,train
187936b4c5cdb27cb71b0d271c3c2fa8c8907c7602939761b42e25ab23d25476,Mirai,arm,arm:5534368374764950823,false,train
189a1164bc02eb1c5dfa20010dc37ddc8bb2b8b3f2f4b25073b5ac3f6ff1c17f,Mirai,arm,arm:2164411863431975619,false,train
190ed47592545286026288a32566ef983e8fe06b2ccc071aad82de8a74fb7ee6,Mirai,arm,arm:11948360093473885798,false,train
192d2adc3bb4bb7d795918a31c441a20caa133eadd640b941aa61dd50bc003af,Mirai,arm,arm:13298349619668171350,false,train
1a4ab32eb7ae8f0ded81c43ce0f1587a98b4d84035c03b8f1ab6844bcd40f5dc,Mirai,arm,arm:9132858118347087868,false,train
1abda6012cc4df99e0203b1b996215cd4142f46f89a66241434b160cd641803b,Mirai,arm,arm:13620818357075717323,false,train
1af0d4568563e62b76fec3040e6e4a0c51ed1509d8a81a066e86f18fe07ca534,Mirai,arm,arm:16372439952807235392,false,train
1b8290f3e9c37b3a9052cdf4840da4bcf92b956534555d40ed1721a802d45049,Mirai,arm,arm:13815193075798353899,false,train
1b88411903cd0f2b4f3099edb71ad2a6424718bcf8420871891ab0fdf6f98dbd,Mirai,arm,arm:11535037615828312719,false,train
1b9d638e9b95aa7b0b13439deb5cb996cbdd93c5dd91f788ae2257b21b544662,Mirai,arm,arm:5629181100264777687,false,train
1bb4cdb3b9962bee2f48e4cfb7f5d24384ae7831edd616f3512f29f1ddc85057,Mirai,arm,arm:9746581136473361723,false,train
1bde5f1c1227f71e2da384815d54f3ea7beaea9d91ae09209782a123fdc2503c,Mirai,arm,arm:9573553677633416678,false,train
1c2bfdaa5fa1303c01dc03150714f157b170c9f3ff1eea106f2d343cb8aeb05e,Mirai,arm,arm:17977090774197708001,false,train
1c9130906ae8f8ec4b92df0dc4c03fcc93f154b5417e64271e5859d165c80a63,Mirai,arm,arm:4052918267752434524,false,train
1c99a2d57a0b9d195e684fcb926a4621a7c8d59979c3d19dc3d476ab985ef047,Mirai,arm,arm:17977090774197708001,false,train
1cc732318f1348d4623e8cf7f12c5e718e214f380065124e8bb9466f8b0d2eca,Mirai,arm,arm:14847861169629051097,false,train
1cc9a6e62558efe9e05e169c8010227a017fa7822bf61d30b0571a22226ce63e,Mirai,arm,arm:2562670026058877724,false,train
1d0d3a0b4275a78a6b5c32c769a640229cd28969b17d83a5b8d81b0ded569e21,Mirai,arm,arm:14434657699335737077,false,train
1d23a934d81872a13c02e6fd767abc2afecf7de290ce0657f5549f3be2a5c96e,Mirai,arm,arm:15174098605784758227,false,train
1d61ca1fb99e1f8e4f505076b40083c012ad577b4483a5dd7acd24742c5d170d,Mirai,arm,arm:17977090774197708001,false,train
1d88a66ef9cb68235c8797d6ee4c6f20ce6a8d884c06b676d73eb26a5ca197da,Mirai,arm,arm:14297392447418305238,false,train
1e137cc9d0640d3f56e9c78cc53fda4b05a98e98f78553b38eb5f61250acb70e,Mirai,arm,arm:14024500366675227978,false,train
1e78ec4b3ce8a44def64116b5524e73af5c39e168af08b22909a3ec6923191e2,Mirai,arm,arm:10899587901468167095,false,train
1ea66ca91f054dbcb25571a1f06ff12186d510fe279de72c1eb62e86cf1b43cd,Mirai,arm,arm:17977090774197708001,false,train
1ea865d170af72198497608e7980620a7416ac37ed72b155510a0ec7c3773de1,Mirai,arm,arm:4810313523060615815,false,train
1ead244c0ee07d382d4dc1b315946e374f98a83b9b6b285784f1421dc58fc991,Mirai,arm,arm:18041940199785852603,false,train
1eb7e82e2ed08f281385dfaf33ab93c9dcf108de3ddba0ba1245eac35fe1b4b7,Mirai,arm,arm:10732946855176934006,false,train
1f92c1719fd79308e2fd36e324c62a9d88ea6adb98b6a3b98c0c0edcd894b4f1,Mirai,arm,arm:2718320896588718680,false,train
1fe3b331b5083bb95d643d95ec663564a0b15422791798ab9d0f7755adbf6b00,Mirai,arm,arm:8324384315202307820,false,train
1ff5db42e7690d96331249cd8f787d4d0597e86ccd9e899d3eb194eef7187276,Mirai,arm,arm:4750421430506893138,false,train
207a26f70645cc23e8deed3f28334579da95bcb06c40732893e55b0d18c4a7c9,Mirai,arm,arm:18377369847514429367,false,train
20a182430f4086e8e4c8164f96359d3fab17f617f4db0dd7bca03144f4d18254,Mirai,arm,arm:5127869597740434700,false,train
211c7801dcb8456ca2fd97671600e34eb2f36e145579b96b446ee8ddf5d85cc7,Mirai,arm,arm:4019442860820894966,false,train
213a3d54b614e09fa683ebde125bce22ef4ee7245b276374532a2ea8e51f39e6,Mirai,arm,arm:13687507179094652981,false,train
2157d72e2011750469bb7590f57efe0766b5fb31bdd0a0d53fea5b1ba5060089,Mirai,arm,arm:15400433295080423578,false,train
2181c733189abbc6d8f09e0008e06f4b233364a8ab416fc061a7fafda298843f,Mirai,arm,arm:15443232654013727935,false,train
21c383e6cbf78dd5d3328a7ed5a3e9f70fffd2b1d0fc08710bdd66e35e11847f,Mirai,arm,arm:6983314496701756530,false,train
224a4e21b129130c47a9bc16557836b57559c918108f9d7af63fbd0d4e1cc651,Mirai,arm,arm:9662689843462208371,false,train
229605b70e91437e69b55c782140b9a9d3f4f1d604e4d71545b8556380d108e1,Mirai,arm,arm:11186816986154104986,false,train
22c31c3cd9244069a61a8abe834e33d25e1f43b2ef945fc3d157969335a7610b,Mirai,arm,arm:17728578609330477038,false,train
22f49aed727b1a10f69fb9140fdf8f1fb53bf555e4719219fc9790a781366143,Mirai,arm,arm:8725924055325568426,false,train
23f99f29992652901e1deb70f4431d3f4edd1afe1fedacb71a9e17992760f5bf,Mirai,arm,arm:12356248260565756447,false,train
2469c6b39d32ba50e3539f2c002a7b5506cb4b9aba6a9ae36696aa81b2a46663,Mirai,arm,arm:17977090774197708001,false,train
246e241af09cfea0d644a3c0e0dda8234e3bfd14d8929f73235c24639b2ce890,Mirai,arm,arm:7201746178292567165,false,train
249aa1afd83315996b194e4c0f10207edbad2a26bcec91debeec363110b6f89e,Mirai,arm,arm:8346524677176693473,false,train
24ecea57ac73c13287580da38ed44187dcf1ab7a418e66028658d355537792a0,Mirai,arm,arm:7957573494024328653,false,train
25680ccd850ab3f643010cf745388411efd320883ebaa78244023d676a38972b,Mirai,arm,arm:17977090774197708001,false,train
2584070a23cdbd1166e4912984f4688a03e3a98552135ed9f1799ada333db981,Mirai,arm,arm:16529258140886034450,false,train
260fd0d326e3caf8ab203c641a7eddfa752d530f25466409cbf91958231989a8,Mirai,arm,arm:9119430722581443486,false,train
26488aab55b6f5c7efed53244f143ae1b2d7b51c977d0026091b0a650ea4ce4c,Mirai,arm,arm:9599503041202373195,false,train
265007611617286f0733033d4ec4c0a5636bce01a52d5ffb06aeffb8cfcf9ad9,Mirai,arm,arm:6334738160162661737,false,train
2697edefd27ff1a801eab4e643666081f3e074115dc2d6d17d37af13538fd74d,Mirai,arm,arm:18305199999035619394,false,train
26aef5e03fb3462660d9f66b855edb2ce672da210582545c8d40bfa5eac73667,Mirai,arm,arm:8145541302967526103,false,train
26eff219a5a7f1910b533bb2782902451f0ec50309fb7674be49720b9d7498a8,Mirai,arm,arm:9299681689042705915,false,train
27066370f56609b02a0da955b6e0a62ff6240849f743f23ab8761f59f7118cc7,Mirai,arm,arm:5627457834130325560,false,train
270fd48087b4faf0e4dd0024a2c95b946c59de6ef526b99b71c5fbb48b6e969a,Mirai,arm,arm:11893081659215105796,false,train
2711b285dc9460e229b736c5c5c3a44917306b5b2f5e1a6bf9a3c818157326ea,Mirai,arm,arm:15426868514468929733,false,train
27563bcc256f274911f9f98e35fb632e8085c8d0680567df3d01a7a732dbd482,Mirai,arm,arm:6496532006780523435,false,train
2764815ccaa3afef6f351d35989c5052c3f18e364dc66b1b7dcdd59820659726,Mirai,arm,arm:6989162085885609912,false,train
276956cbb5a7a57b3ec8e154bd9b85ba27336b2fd360ed1e23b683816ce81e39,Mirai,arm,arm:11706198311898088597,false,train
27934df60f30d7e232ac9dae202e86f9077905aa4d851009caa57be9f4f45d7a,Mirai,arm,arm:17236130359199421123,false,train
27b45244e992ef4513dcec4577e7c455f3eaacba32f0ed9f803481f016d1d465,Mirai,arm,arm:7385784763019938814,false,train
28115faa682beb394d54d86342c370db60f7456cb0ffe31e3dd1d4c585dd43bf,Mirai,arm,arm:7823493897320262726,false,train
283801fe89f5b9e35907737cbfdccad3fc1beef29fa03ec95fcbad5aa2e86f73,Mirai,arm,arm:18289491246659579185,false,train
2887ccdacc589ec3b5c8d37fe1483b8188303643bb68191fa4782070ecae26ad,Mirai,arm,arm:8614567116307000161,false,train
28b33915487f5f29c32bc912f3a5adb05d947f1a7faafcb65a9ec7e35d6266c4,Mirai,arm,arm:8068534311599867172,false,train
2932b19521b83af85064fd2a59ec61ae22f558ed3e8c1a88ad00ca9a4f747b41,Mirai,arm,arm:2333143881714433808,false,train
293b899fde99239d526682a42055a9e956312cb3218c21d2d803eb14c738c0cc,Mirai,arm,arm:722370756936451569,false,train
2991a7f580414fb457eb422931c5882da247aba9ea012f193f4d7d8bd05ffac6,Mirai,arm,arm:17977090774197708001,false,train
29bcc36a63ad0f3d25416e2ac184482b068b85cc67dbfe419275bd64182c3c9b,Mirai,arm,arm:3229993786159151845,false,train
2ad1b3efa018a552de9d96916e89d2387f738870efdbe260cab5b903e92edf05,Mirai,arm,arm:12461942681897009520,false,train
2ad383f77c3f3e2432f08455b645026d0e590f76f43c0e11b7a00258e093e970,Mirai,arm,arm:17977090774197708001,false,train
2b10d9bc91cddf68a3710ccb763adbd0df3bd5940aad281fc2eb238ecf61db11,Mirai,arm,arm:18408142931475785016,false,train
2b318c6894e66a3e8f3abe92eaf92b181fbc4b41998ce6a2081b72582bf8b773,Mirai,arm,arm:12386281710029118600,false,train
2b35407f50b48294e3ccd02c06f5f26416ecff3c266c22c2a0e9191f9d6fbc98,Mirai,arm,arm:10021404138221208710,false,train
2b4d021f7744d19a64ef73e6952a66920b87558d9c49adb975fe70e25dd360bc,Mirai,arm,arm:13535890624234596649,false,train
2b7d14551734b3bbfedbaf1b638de08900c1c3658727463e784b4bc1112b4d32,Mirai,arm,arm:10072213868345912438,false,train
2b8d37efad363b250c105aedb5cdb1f684b3a49b4195473c4229da7610345aff,Mirai,arm,arm:3528853633817615862,false,train
2baa4c2ccd12e93811b7330976eaaa7eb4eb26216745c173cce7f276289bbe81,Mirai,arm,arm:9712597226319790244,false,train
2c4a2777d2781b04ed1b15977bcc7e25a55107ced280fa0c1ce4b7d40cc5a79b,Mirai,arm,arm:13445996549356565634,false,train
2c5161beb19b3a0ee36fe88e4df9b8b54a53595fd325eadd630d1c188b7e09c6,Mirai,arm,arm:6108768425798972708,false,train
2c5dd1720f7c4c2ba085cd90c20979d8d015705bef0e65529643691e8698120e,Mirai,arm,arm:17977090774197708001,false,train
2cc1e1882b07eb4c3028a008475626789c0a04f6857cf90ecc57a75fcda777fb,Mirai,arm,arm:17468451718286918120,false,train
2d4d29054497e5519e7b3f51693f7361fd256177d3f3de9e454c627ab4a4bd3c,Mirai,arm,arm:17977090774197708001,false,train
2d58ea82ddd0791475f03325bb4dc1c2c7dda3bf2f12b709cc2d2aaa7374b497,Mirai,arm,arm:12122383375859692050,false,train
2d98754a6d4b0983475684a908d337990029060bbbf8867f6c19c6dd964d5f6c,Mirai,arm,arm:17041407688559403990,false,train
2e025ce05bd815808eb6f580ed90327da7887e309a38969b8d737de0cfcbd917,Mirai,arm,arm:9752718471608969368,false,train
2e1ba30c556f14bc5cf4ca23c27fbf50aacbfc31b56638467a75b8331d892cb9,Mirai,arm,arm:4375635205755240124,false,train
2e824a6ae2bf2748234cd9bc8bb6996664d60bd105fd3372a4a2eeaf37f9a86c,Mirai,arm,arm:9940584483513268395,false,train
2eaa18248dc89ed9d306975c6e2c335523e204785e28a04bb7a20298731fab2e,Mirai,arm,arm:1449070881065201575,false,train
2ec659e109d13854f601a80a22af683842e0b3e237028a8c3484217e7a0c4573,Mirai,arm,arm:17977090774197708001,false,train
2f2ab895441da059405563dbfc6477f4fe182c890eaaece2900111a9c9245ef1,Mirai,arm,arm:13462647627731968240,false,train
2fc13b306c97a772618293070539b9255375a5d211dadd7f95b6e36b3765db80,Mirai,arm,arm:10098003897737584281,false,train
301fabc381411225889f33942e46ac0b70c3c9f37bfe9108271d2614deca3938,Mirai,arm,arm:6406207746718201870,false,train
303360ff51c05ea9f0496b197b570f8b346a4422c8def08bb758b7e76386c5ed,Mirai,arm,arm:11640854757720019415,false,train
3052c5d1835bf13c4d5c6deaf8e4a53a7b39d80dfc7ac5cdfd80cb9f40edb734,Mirai,arm,arm:12325984274421823181,false,train
30b716342c9b053326b58afe2c443e8984ececdf81a0d768733e76962a0e90b3,Mirai,arm,arm:10130444743116123083,false,train
310d0f2f999c3b3e26e199f019c5e732139837b13360fefa877001b9c0412009,Mirai,arm,arm:680068122202933058,false,train
31573bd4081db4e6f68356ce7432bf6ab392b6a60a2f1a3ba2226b7a2664c779,Mirai,arm,arm:6454209132339032781,false,train
31b3c50fedd6db7a4bd59f20600e67225c684f363fa4b9ceb2c4694f8b9af3b1,Mirai,arm,arm:17362206857182057686,false,train
31fdfc869fc1e831163e6d724a773376ab382135025de1d77e5bf9afed2103e1,Mirai,arm,arm:9063354703378109506,false,train
323da240ddba9b04cc9a49d8a93a952b694e1d4cdb3446aeb96c4cca212ec56e,Mirai,arm,arm:5133534740253515653,false,train
326396cf4b515e4621d4cea3143aad7365452196be47ee5b42b398c4f224dbc2,Mirai,arm,arm:13255353037051226767,false,train
329bc3e87a15ac9efbb96660ec1f0ffc7b8f8b20009e6d603a22aa0191a3c8af,Mirai,arm,arm:17977090774197708001,false,train
32bbfbea7180b1719d7192b1c85b16cf679a07dc1a3e199d51dcf3152dcd0a94,Mirai,arm,arm:13305097587161773351,false,train
32f28540b95463ee3a2f42c07aa851fbed7644f6229d20fe646afd3da1831bcd,Mirai,arm,arm:11605982159238723815,false,train
330d888087513dece86607c91f6278026699230f066cebfb4632e6bb55636c88,Mirai,arm,arm:17977090774197708001,false,train
333780ce6a459fb3148f77f2add723bcf32eb1eae04733c6fbb8f4d1e67eb680,Mirai,arm,arm:11831735213977782212,false,train
3339f6add32fbd36a59ae0928e4001312ef38f93d4ab2580ada2ddc6b21e64a5,Mirai,arm,arm:1519698802971329173,false,train
33772e6f273ba9a56b9435b9e26eefec403812b1c0358b720caf3d4aa14255d1,Mirai,arm,arm:10799092545905682874,false,train
338b36c5c5e1f77b26d39fd83549f31fd79e82c1befc7fc880801184121a0af0,Mirai,arm,arm:14763124094779540348,false,train
33cb0a68a9d98d975d33162c978102f2508db323176381de3ae5d65b45eefe3b,Mirai,arm,arm:17977090774197708001,false,train
33fb6b9fe12c2493c0799bca707b4719ac23118e7dfe19b0e4590cd0acb8d1fd,Mirai,arm,arm:2692241955445309593,false,train
341fa6404e43534201a122c98ccce66a3a51ec8794029e36a8c810a2dd53c814,Mirai,arm,arm:15016564893352661991,false,train
3436b6d03365c6ce12d7c49aae7b5adf237586e2a26fb52606a5557e63a8b1b9,Mirai,arm,arm:3153026589806421911,false,train
347d5492187a59b49f021b5426eb7590b0ababb04d9917523bda0898854aace2,Mirai,arm,arm:13815376457074284965,false,train
3513a451503db44a091644159faefd25e551e4e425fb4d86d43f29864c9668fe,Mirai,arm,arm:10687083037079181056,false,train
35850267757662029903c82cee4715a9e76f76708ccfda8930eb4f86541ccdf7,Mirai,arm,arm:14966220151310512304,false,train
3593c339334db5c2c7a1f0b7798f8d814f2e3cefc596e58f050d507ea826a854,Mirai,arm,arm:610663143372667020,false,train
3605b62999f54fc6cdcacf0d0f1d62dafd1164a842be3bec44e9cb266ad94bd1,Mirai,arm,arm:7123270358435746911,false,train
361481dd7929069af488b68086f0f51b286b73f351feb98b0b806aa1e98bb1a6,Mirai,arm,arm:17977090774197708001,false,train
3675b4ee8ea7682e70dcca203d26df7d1bc6c5e6715f8560be08a71282d3d736,Mirai,arm,arm:2732550215364222828,false,train
367fdec1461e20b516107060c13fc2504bee4c59ad5ac6b8fdd66670ae38c87e,Mirai,arm,arm:11435720436480759910,false,train
3764f02f8c9890f9a31d4cedcc960e95a8a9a56cc69b917e02d08a503cbdcf02,Mirai,arm,arm:12224030975207317129,false,train
37eb28730cc611347bf308a7883c8288c704055fca1b92762c6c05c20b1bbf44,Mirai,arm,arm:1866044936082781938,false,train
3846337ff7431287b9a35ee32345952479771b099f1cda6b85dc16b42ea42a9a,Mirai,arm,arm:12914165842444909641,false,train
3857bcb5e43498779045fbad55d0d9541b5915219d6a3d3505f7f4859afcffe1,Mirai,arm,arm:17977090774197708001,false,train
3867d9e43ab3e6ad0f4451126ed6f1515a0d02ef98b93e855f6f9906a1dedce7,Mirai,arm,arm:5602371107653024984,false,train
386be44e68af629cddf992cc735a9de6c641385e99efc7b9f59be47d3f43351b,Mirai,arm,arm:17977090774197708001,false,train
38793927169c0e6baa36325da7a900414e90f108bc54f1abc4c6104e1be1f441,Mirai,arm,arm:999118499622950855,false,train
39163e7e76e3bdf3e021561f23892e4477e27a3d0a15397c82732ecbbf85cab8,Mirai,arm,arm:10238758260449995361,false,train
39a4a5f3978a2b749693d14a190dece43ce590c6724b0eb433e2050d1aaa9c18,Mirai,arm,arm:14217302984434721542,false,train
3a185d81929af24c4a08b287d405c9a426fbe3fe4201748a984ecf4ec8119317,Mirai,arm,arm:3307337345809828243,false,train
3a7d16c26a1988c2c084ca79b60e078d20577bcc7700cf6e01f0eb0ac4d64922,Mirai,arm,arm:18415278415288338389,false,train
3a7d9acb101450d1099fb39d3ba82c5c3dc09c236224d147af6459fe0ed7b12c,Mirai,arm,arm:14942919184213870391,false,train
3ad78693239e8e3d153e9c4e627c01d5b731d25b6cc81403a0b341244f605eda,Mirai,arm,arm:13980130008106208854,false,train
3ae9f1917910692e626c0e1c4c7285767c564ae44455007c7173f610113cc52b,Mirai,arm,arm:1629186594775108830,false,train
3b0bd38afce474701f6461d3cf0f8847a6f9b4b500e797bc61196534d8046a59,Mirai,arm,arm:2129465614793302050,false,train
3b151c2821a72e3b6f74b5419d56b8603cbe8028a69b2a6f000ad5add0fd5908,Mirai,arm,arm:10709718939560842125,false,train
3b1b8b0df9cb29f443dd3507d0c33af383972c45b55450780a73e98fe60661ea,Mirai,arm,arm:10930172667559976104,false,train
3b376610135c009b74d2a8ff419709511effe9ca4c7e3ac7dfd3e98627244252,Mirai,arm,arm:16737407972737750859,false,train
3b9407b5234741e74dd1afe1d7df87717603fde69d5ca306b360b2204550f5d5,Mirai,arm,arm:14571945015285265026,false,train
3bcf03e934f45cb7f47d5bfbd1d79379cf9d36c4fb33c326d538cf935841fe56,Mirai,arm,arm:64305602447312674,false,train
3c439e1c6403825234c5ddefd3bef61dba521fa16be8a3f14604a75aad5ee6c5,Mirai,arm,arm:3419872205162018416,false,train
3c573b31b96a91111418dca3ee8a45877a6803e7a5c2bd69f71cdaa2cbe4dd1b,Mirai,arm,arm:13068089812059774748,false,train
3c727076e86403ca2182c52457b7b0259e5ef81e349ff6d5922dc6d3ffb38f82,Mirai,arm,arm:17977090774197708001,false,train
3c886d0123b758cb3981dd3f05e2a052183e718e16f5a58945c0ec8b5028d6a8,Mirai,arm,arm:16114358284692179822,false,train
3cd0b1bb0659eb469a1f540f67b3d80190fcd58199895fba1691c9d51318dd3a,Mirai,arm,arm:17977090774197708001,false,train
3da07e8349aa4af066380cc5b8c6f53024d9faaf6691f3f5c989165cca8f9c05,Mirai,arm,arm:4256488347210533865,false,train
3dc7aca72ab9590e0e014247b39d415c0bbb2f252bba9022ca5082ee87c0a743,Mirai,arm,arm:5890645465282827061,false,train
3e9b65856dad5f94bb818c056bbc61f483831ec2d7f9cd800f21aa1ec272a1ab,Mirai,arm,arm:30052920065091022,false,train
3eac94b3a3c95ba552bea7d2501640811752619c3f14a012e655f97b3cbca7f9,Mirai,arm,arm:2082297751354303131,false,train
3ec39ca90d9b961f5900a1781928fc7f45372da9a929858de7b920d0b4701156,Mirai,arm,arm:7701317160581625714,false,train
3f23a3754952624c71ba19d930aa0401bbc13e9c0c7c100c749ec1192dcbd305,Mirai,arm,arm:1466515606027784888,false,train
3f94007551ced217a1e15b3497dab684db583d6bf8dd67b1fd68b05e143a1fc6,Mirai,arm,arm:5595947785071303155,false,train
3f9f082ed34550ec31566853b270d78539b39c0fbf1087e364ee07f2c7b04ff9,Mirai,arm,arm:4232863649092855930,false,train
3fce3e9b9c424097bac6f441617940720dee59376737c14ec5fba37283a6a1b4,Mirai,arm,arm:8429452490132942246,false,train
3fd1198e1f15f70d65d7da926c9f43364548a1dd3796c0be22d3f91c3777c105,Mirai,arm,arm:1406531046291170252,false,train
40916e9835b33421b841298a93293e256628b4149517465870bf02f2f994ed65,Mirai,arm,arm:17977090774197708001,false,train
4099016197132dfc0783bf74ca3a6371e5e9f2199c49628ec83d51a2f7fb3efb,Mirai,arm,arm:2676396804935392955,false,train
40ae14dd4b1598faaf415bdb70b6e28973e9a64c6eefd779595d4471860e7fc5,Mirai,arm,arm:7140946783580398882,false,train
40c0d853cca1c20782fa57452f631a5075492f545119fd967afeaf11e741ae1b,Mirai,arm,arm:14755548273793189508,false,train
41367942f5cde9c75f71f078d9dbd53ce7169c9dde8a4c38d562f886a0261817,Mirai,arm,arm:7571564300088973966,false,train
413afcf590768a73b24803fb72e2bd15f1c9301fd1cd5d1ecba09a2d1bee76e1,Mirai,arm,arm:17977090774197708001,false,train
4156f436a003d8030976a04eaf538b6e354d3406b3a2d18dfa62b183f23c9cc6,Mirai,arm,arm:18050872131517425200,false,train
41c9245e3a425ebc999405a469a4c6d7f067ed22f376a5b5bef6d79fda549ac0,Mirai,arm,arm:17977090774197708001,false,train
41ccf588d413307009b238879680526f5c20a79f21bbaaa40109df167d7c9047,Mirai,arm,arm:14990487957220732242,false,train
41d9c4ead9220cba07bb14262781e92612c1fe77cbf0c4d499365c4ca29f738c,Mirai,arm,arm:4600947428208195228,false,train
429c28ba038f1ec2325fa4a9795da07df067c471d978d9fb841acaaefb99bd83,Mirai,arm,arm:17977090774197708001,false,train
42bc0725e82784fcf09812498a1f6659a765dd331fcbd49b96072d10d5a4b014,Mirai,arm,arm:15540341136914961109,false,train
430ebd11ea89e57be96f5adc465c486d0b09aacde579d53db622506acdd3040e,Mirai,arm,arm:17977090774197708001,false,train
431728666cc7845544d9310a5da80baa37bc832bfae634c60db502fd738dc25b,Mirai,arm,arm:17977090774197708001,false,train
43239e4103e3aa663c28190b9701efcff0cd89532b13e92291d4ccadc0c77421,Mirai,arm,arm:17525632190280293064,false,train
432ac9972844bbff2e599894e1d1fcc4a46fe2f9943de6fb03720c02e6844a71,Mirai,arm,arm:17977090774197708001,false,train
432df1bbba76d166954dfa0d9887e0370ab84da10911fff0e15b746410fd5a0a,Mirai,arm,arm:5316258771572739941,false,train
432f3fde430e8aa9528977d7846aa007f3ffcc7f4f22f08de9fcf036c1e767e3,Mirai,arm,arm:10287178312567485603,false,train
43761ccbbed7e18574587b9d9f6b44195a0d7404e7a1a497855e34653b3de9f5,Mirai,arm,arm:9220523317309377654,false,train
439ed3699b1bea25f2d22162e1769cc5d356885ae8a53e4377d3c725b53aad7c,Mirai,arm,arm:2858494143023044611,false,train
43c9ed4c7ec99217bf04db7c6e1b9f1885e12552cf33ad10f9a1b6ff87946284,Mirai,arm,arm:17977090774197708001,false,train
43f376c2e15d215605053563928e212d54cfa0d3eaaeeb55dc93e33c1e4c964f,Mirai,arm,arm:17977090774197708001,false,train
441f1040cb6b57b704aaae70366c34ad8d35b351d62c4a250b0dc09abd90d93f,Mirai,arm,arm:17977090774197708001,false,train
445a8cdf70bbab55e898a2b4f8b8e36ccb49bd5996807152085cd96b96a65c7b,Mirai,arm,arm:4006527384284218390,false,train
44deef1133a197e695439703ec1917779bc6d9a032c25605ca5b9f7c1dbcb45f,Mirai,arm,arm:923739929675074662,false,train
452d02bdee2a65dcfb6c41dce9d330eb2fd06a252008a8b6c82404f206c62103,Mirai,arm,arm:14527945888305523088,false,train
455e24cb0eaec7ff81ee0c393ac340e8d2066a49a4f1bb67002c4e2d8efc2eeb,Mirai,arm,arm:7815834914725422464,false,train
4584ce27ec1cad57b3710e81e7567ee43894d55db886e46629237510eda195e4,Mirai,arm,arm:16902352565294565867,false,train
458b8b2244eb58546648c0bb756a48ec81f7c7d4877e8a666de5fd92237141c5,Mirai,arm,arm:1513246575831587255,false,train
45a0e691aeb3184b16bbd5bcd9145a719b776328a52faeda39ab991021b35c84,Mirai,arm,arm:6260832719878100960,false,train
46097b43f599a5c529c1e935e8ed4420a7f7924f044d1386194034474430a43f,Mirai,arm,arm:17977090774197708001,false,train
462f859f8c0f83d63fc821d4034d4a20e002b7e55888c9080541311243305666,Mirai,arm,arm:18094515382048495688,false,train
463a7f2901807b0c7263f98f28b58fc6db1acec5d733e6f4c3085e085cd7e2a8,Mirai,arm,arm:5397823325187338406,false,train
4673ca7c5c6c7284d0dfa825bcfa533c2b6c917e10c0be37b3c739f573e242ec,Mirai,arm,arm:17977090774197708001,false,train
468b7e127cae4aec7b3d3d1988e9d749e1e394df85da1085c7875a7663d616a8,Mirai,arm,arm:8662743317923997466,false,train
46b1e7c5b60a3eb63056fe60db5cdbfc76cf83b23e8f035745fe55a9cee019b6,Mirai,arm,arm:13866918788056286266,false,train
46d310329e543a981cd61e9eb4abc1b0e1540d39c5580dc00c804cd38b858964,Mirai,arm,arm:2511471156804333149,false,train
46da63272ceecf37694bdc90ac4f09d33765e63360dd27541aa5525fab818010,Mirai,arm,arm:11069091938295558840,false,train
46eab05199a634c2e4f5e83730a0f2b10a441621b111db9862f11d41623feac3,Mirai,arm,arm:15732071751331848049,false,train
46f611a9e3b08b6bd115a8759752535e5230d135ba8dbb46d95e5abc456c877e,Mirai,arm,arm:15529926496483444372,false,train
46ff99423c3fa522325b33583b7c0efae351edd62951dda221e5773ce3856d41,Mirai,arm,arm:9959618250705819183,false,train
4703842afc272da5313d52883fff8c573b23198b62328ea8b9633224a8c61d20,Mirai,arm,arm:13053986907871892107,false,train
47136996b7ef92d74fd18d54f7a266e58162beab84c3a184b49a0ef6f8b5a9a9,Mirai,arm,arm:8050395097228514649,false,train
4730c26a5a1cb3315b61520e90d624b59dbb76a92edde8f4926c3e93644a3b0e,Mirai,arm,arm:17977090774197708001,false,train
473727c4738842ca052544412ad519db28b655bebff9153023dabea33a501dbf,Mirai,arm,arm:13904601212137983046,false,train
473c27b566b859db64165586ff7592c4cf0d450ff5868419ce85b15010a27a08,Mirai,arm,arm:7888829066988212760,false,train
476935c240d86b6005fbbe9bb422e4014d9a5fa384dd805f770758f7c83f8a35,Mirai,arm,arm:491375462104101267,false,train
478e1c81bb893fb89bec9dcb25050553ab5db65615f01a6aa94b5a350ecab4b5,Mirai,arm,arm:17977090774197708001,false,train
47caf2a2a069c132e8abaca7fcca0aa367af21b59dfea403931ff659f0f5690f,Mirai,arm,arm:972787777939947300,false,train
47d751f6d5ad038013c2cf63fff1f97bfe8f34e892531eaea94ec24ea8593824,Mirai,arm,arm:15653320747872837453,false,train
4827ae8417e5d8972bae4cc021438fa44fad91c568e6c7067f55dbc21b6e4036,Mirai,arm,arm:17977090774197708001,false,train
48aed6357bafe9e2f93b460ce2b879f582c96e728bb1edb1fcd016e7cf5a575c,Mirai,arm,arm:10174885294925860427,false,train
48ee78abf0190f537757e5f00e9c46b8aa62927416620826a3f9831ab5f637f3,Mirai,arm,arm:10557881643534792193,false,train
4900b4b64294d5a9469989a0a52ccb75706d233e91ae77edeb51db48fd03c0f4,Mirai,arm,arm:9102902206590398854,false,train
49099ba47a31cb59f34b5a84c8abc01318a1da9a4d50802c4677617d7b375d6c,Mirai,arm,arm:3756578919556987719,false,train
490f3917401af6d32c63129d8e4da6c3466145b9415554d50fdcd3451cd50e94,Mirai,arm,arm:10033842422667739240,false,train
494b0c9d75f420453e6c405a10c18686a60804ce20c6b372d96be19455c3509b,Mirai,arm,arm:335409465715469867,false,train
49791b514379895209f8bcfe023484c7322c23d21a6d7db7f5e03959e7df85fa,Mirai,arm,arm:8056403562160462258,false,train
49d46bb8f9d8abc0c8c84b1bb200664458a130970fc0438e872570ea65d901c5,Mirai,arm,arm:260038001936790491,false,train
49de8dbcc7e24ce99fabcf1ffd5bb251f56de0da3dc92075a7dec12208cf9e7e,Mirai,arm,arm:5894684695468869577,false,train
4a81ce0f9509209d165ced40e60e7d0a660ec802675cfff1906b375cd2119bbc,Mirai,arm,arm:3070300226544572452,false,train
4aeacd56e616112c87276b4a24ef4ec39b9fa2dd8dbb369fa044327fb0b9d937,Mirai,arm,arm:17706422750210693210,false,train
4b80ce79b6015a8fe81e0ff30d9e94da33ed0d52508420b47073a91a4bf7e974,Mirai,arm,arm:15053182747574234987,false,train
4c81429e70045bf684bd0a16dbd41674c4cc55897ed5d12e4b2b0961d0b87be4,Mirai,arm,arm:17977090774197708001,false,train
4c81c667a4b9926fe1e83696faaf3792b299098442f3a6d3318af681a24dc8b3,Mirai,arm,arm:11421575389901729427,false,train
4c8e1cf5a4123751c8387b631f4d1891ef879807a0310d6cdac6c06727507c7e,Mirai,arm,arm:17083188018782598115,false,train
4ca56db63a1dc7931923fc3715892da95de2f9e569cffd37ae3045a86d1689a4,Mirai,arm,arm:17977090774197708001,false,train
4dc8e5801c04cf8c445393fb4d026d167c00d423377d86c947bb9af2691c30cd,Mirai,arm,arm:12474676695309190979,false,train
4dce6afecbf7ec18e603dcd87164923ebb1f622f6600a2b2f5d682d02bb8474a,Mirai,arm,arm:18298071087016438509,false,train
4e33f2d8807322a9c23f2da241cdd5b3c5edefaedd01746d36e015dc15166219,Mirai,arm,arm:1518208029253385892,false,train
4e3529f99858e76111ead4264181d3879bcf08dcd2c042c32b6d1484ec04a1c8,Mirai,arm,arm:5715696126115406586,false,train
4e90cdf35eff8d279a68d649d4de431bb73eeff100ad52dfd6b0baec12c2c340,Mirai,arm,arm:17977090774197708001,false,train
4f32722fc3209da697ad939dd2c81b3a2117613eef041cd3a9aeb1554426ad39,Mirai,arm,arm:11974012847031467430,false,train
4f37294c4edc9aeec94ccf023f08de1955dec624e40c177f367f4e374441f565,Mirai,arm,arm:14306212615847706915,false,train
4f922daf5d5c6e290307b2dc3c48106ced39f03992360cc58bce2622c4642704,Mirai,arm,arm:7411946215884082591,false,train
4fcbaf5914e379ae3be62fec5785c2328fccb16cfce6bf28eaefc25f57c3e3e8,Mirai,arm,arm:17977090774197708001,false,train
4ff1995a0d42dd689b57365a5c4ee1e298c7cecded7afe8778bc5d810039bd09,Mirai,arm,arm:12623135634042013580,false,train
4ffceade69f577b7cac98f378051ef78256f665ce05490e34eff96f086ca46c3,Mirai,arm,arm:9752718471608969368,false,train
5006bfc365c1fc2dd216c8cb22e1dbbada49239f51dec1089e3a7e51e24c420e,Mirai,arm,arm:6574233430231511283,false,train
5088a5f68e7e91e1c5b22bc17d3075dcf38fe3c49e8f7ff938272a4ee5f02f44,Mirai,arm,arm:7660565735066392834,false,train
50a086c9c03b968106d4cd4bad80ab3a4eb42d44fedec71be45ecb79ce17871e,Mirai,arm,arm:14854541074819533458,false,train
50b5dec987f2c0e9a8f80f1ab1a906fe3adbb89fc5464373fcc5099f834d857f,Mirai,arm,arm:4335345940330630031,false,train
50c229bc08f74b2225388d26732ae20216f7698ae0d8f2ca81b9ae9fe92d282f,Mirai,arm,arm:17433331514752451875,false,train
513b6388b5ad722e20eb958df00f767023cf7fbd4621d3dcb96282e91791221f,Mirai,arm,arm:788829149441812386,false,train
514cae9d74376701eb499251de0ce8748b318a0bec545193462a57c6c35ac27e,Mirai,arm,arm:18382269580912869323,false,train
518c98b4361cd28623aa312b2487bd069717f8af5c65a337f99f511f7bea6a58,Mirai,arm,arm:9726026004421032389,false,train
51c9275607e8341f8fef6f395b79dfdd77bc9842f1254be4e16a85e2b9230a28,Mirai,arm,arm:7386064296906955279,false,train
51f184da384051081835679aee076095873a3e50bb092d0172eedbba2b417c26,Mirai,arm,arm:17977090774197708001,false,train
522311b9cb0b9678dffcf65c2725bd3175b32d848ca08c44dabbcc31e04ceaa3,Mirai,arm,arm:13570479899488513096,false,train
5266fe58c28dcce04ffc143204f7b51de2468b242d7d356579d50de847725e29,Mirai,arm,arm:3015520431785238063,false,train
528cf9326a4057be63040db6f8eb18c50c84e8e704e110e384d0aa051353b034,Mirai,arm,arm:8208236058437732697,false,train
52bda027ac088e23dd0041803518631a76bac747168e7de6c8bdb7f44b5e3b7b,Mirai,arm,arm:2251919680620421932,false,train
52cd3774e3bf8bdfe6560072c09f99fba7bffd80431256e99d02d0b36ff13c6b,Mirai,arm,arm:17977090774197708001,false,train
52d2728b6f8d21d3aba20efdbac34dbb80339695bd1243438dbc412d571e9217,Mirai,arm,arm:95957667096326525,false,train
533d594ede06bfe65b3b952ab0c8a87601da75125af8b586b3a842689b571311,Mirai,arm,arm:4565749412639880929,false,train
5366c35c2fb608ee057186eb7eb2fe9c3dc60bc002cec9f1ad2650d40ffd1a8e,Mirai,arm,arm:8529802480515473700,false,train
538a5fd3b4a837a36b7240f7254e737e2a25357adc655f5e7969315079ab7c72,Mirai,arm,arm:11891088363326517135,false,train
53fc9c98c13b847c62fa8b43cbf31734ad6e5271f993d327af6d55cf3ffe8b9c,Mirai,arm,arm:5597985255288495951,false,train
54640febddf8abd56cb1a01398600a3756b721d0e8a5b1516be23865dc7072b9,Mirai,arm,arm:5868241820445541070,false,train
5486447f34c8f93874cb9c64a0f0f3374967af103c9c913c221d02856e3c718c,Mirai,arm,arm:4382800255513900789,false,train
54af48114bd9faf02145e7a8d1c63bee731bf6fa3661beec4a9627b8072793fb,Mirai,arm,arm:17977090774197708001,false,train
54db2ad94c217a5a74abf4caf1924d70f04e27d8bdd22874764aaa7f4809d007,Mirai,arm,arm:3370802321649561907,false,train
550c40db00361a901191b6ce238e60c042a77ac7ca8fede1a7584eb9af7f7a4f,Mirai,arm,arm:9807994299461689246,false,train
55abacf0cbd1260d2522e830c5884b20da7ac4c736a4f58aa7c85bb3eeaa4b2e,Mirai,arm,arm:13370896073272819500,false,train
55d7bc06a58ad6be880f1bad4a8cd6b6400206b85d2c9a70c4d9677d8443ef2c,Mirai,arm,arm:15186472333763689507,false,train
55fb4936272984934ff6073d9d12109be93bc563fad0a6c3b1b8cbb3a1157975,Mirai,arm,arm:13505009752063332203,false,train
5648f316640b116513526f1c3c7972d5de799d93e412c460753dc8f80792f7a2,Mirai,arm,arm:17508990235711917537,false,train
56619c999ca3b2075738e297c9a0dce87ef58a0aac5a118b5a40ef30deadc5ea,Mirai,arm,arm:4563066860666421842,false,train
56cb36b7bf1488599821337aceca5ffab2bf20061a2837dc77bab4df9941c9b3,Mirai,arm,arm:17977090774197708001,false,train
574b4c7f2a830272b51ee5f18cc341ea450b49537e215ea614a814165c99fbf2,Mirai,arm,arm:17977090774197708001,false,train
581a3c2786f675036d7e07231055f1e36cf84d9359b2d16e6b06a06f0bb18ea9,Mirai,arm,arm:8666108375450909545,false,train
58950822a39eee3c450677b2f8afd0743e178390b9d1c257ce174412dfe9ba3e,Mirai,arm,arm:18394240309035661361,false,train
58f67233a2514c21358237bee33050f6c2a1402d7077f15b8a45796cec05f9d2,Mirai,arm,arm:1137483827587782985,false,train
5943872f467c176a4ecfc1b1ad11dde355396bf02f0878b02f5007c75b87d971,Mirai,arm,arm:7655937315361657504,false,train
59a7c079f6242c8cac9b8613e2fde645945cb83da07a6676aebbc7b850edaa91,Mirai,arm,arm:5242071459777137584,false,train
59ca025ab72b61dd73e8124b4c96de37018e866c48d2b244caa9f611578d2436,Mirai,arm,arm:17977090774197708001,false,train
59e30b5ce56755d0fa06f3072fbaf0509ee11cb8fdb9b0eb1b1c72d921a00289,Mirai,arm,arm:16870051998466874963,false,train
59ee9bd71154c73d8aa3e5d2d46d55b9e5a368654cf585067504fc59babc7471,Mirai,arm,arm:10373026150105172725,false,train
5a08b1988c8be2c1ca585e418c62ba08f3c1a00c21ed3cc04f135e2232069bb6,Mirai,arm,arm:9145930191322144683,false,train
5a257ed065e833958089d50448453289af0b03a62a4090553840ceebb59c0915,Mirai,arm,arm:4874723735749910631,false,train
5a2a36c2aecb56bf2dbd23ea8879764fa6c10fb13ed7fa061535ab33a5ad34db,Mirai,arm,arm:9245886236847481915,false,train
5a3e333c79f2d15b08cc89833791fe39f9bfd64939c90e10eca6321730758c71,Mirai,arm,arm:17872558310334780653,false,train
5a49afec643873947529da79490908e1d553f8f467f197fd47a3ab62dfcbbd8f,Mirai,arm,arm:17977090774197708001,false,train
5a4d97755502d7cd770c40bfedd4edc948710c62bb1fab4cb34511000dd65b63,Mirai,arm,arm:17724487368030171381,false,train
5b786fc85713d4aeb1cd864affe5626049afecb711d3e21529bc2c90672378b8,Mirai,arm,arm:2523413872236895870,false,train
5baaa1dffb5ed85ffb14f2e91fe66709ddd2d017b6175e11f17082936c95ee46,Mirai,arm,arm:2522231006673988401,false,train
5bcfec1f5947a55191835b069db5fa95bc0b9ecb5844c1d5675f0bffa20ec35a,Mirai,arm,arm:1208287019988491616,false,train
5be711323ccbcebd590c4123cb3ff2c6ba5c2ae7104f7aaceeef17cf489759b2,Mirai,arm,arm:4167615727164531764,false,train
5c07098f37bd68073f8ce7673065e328c09c654b1589f52595aca13f22118b66,Mirai,arm,arm:13221969157174055113,false,train
5c50e475167f44826c581670a899bedb788119691b06da3add68fc11a14c770b,Mirai,arm,arm:10470408704355336258,false,train
5c839781758fcb5a14ec04089df33aebdf671c34563c9b4596f477fd1e42237a,Mirai,arm,arm:12081221199257368060,false,train
5c91b8a615eac65aaab90c77f4b83873555f3ffaddccfb30156b76122d0b254e,Mirai,arm,arm:10647372331104142739,false,train
5cc0e1a37f1c8ba73596056bdcdabce934378585afe2366acfaacb2bebe02203,Mirai,arm,arm:17977090774197708001,false,train
5cdccf0173425158f66fee9facc6ca96e882632f86d06067452d77839d4e2fe3,Mirai,arm,arm:2237421910282596698,false,train
5d0e43e73cde2004d4e1357ece60b195c499d35b3a7184a991631553e6582f6d,Mirai,arm,arm:16754339593231569727,false,train
5d1c87141b42d93a812821a2c9e7adc306db5f3799601bc82d94cd2950c2fb06,Mirai,arm,arm:3600562003027119316,false,train
5d8c6f26494a8d2ef0b4bba1288ba60997e4b1201c26c9eb9d4c2bc8b4ac724b,Mirai,arm,arm:5373698490454852488,false,train
5deca797fade3b34153d808cfe09909509c8aebfb2311805fb1df93ea925eef8,Mirai,arm,arm:14390258000763459850,false,train
5e17d261701c341bd0a2e3d50fea7a64f6d3f0d83706bfbf6aca314c44cb6f7d,Mirai,arm,arm:9879843863525100293,false,train
5eab5dc72004614802af5d788a7d3dc8f9fcbcd0d1c68a811f29f5a10a6171f1,Mirai,arm,arm:2171894326915230656,false,train
5ecaaa6a17d5b042cef5d0975ed3e8a0ec27bff8f0082186f9ef51623fd72a6f,Mirai,arm,arm:10501055280892388490,false,train
5ed59dd04dd397b2bcd051bddc492ecdc6a1fe9cff5030f9c66435ad0b8ff317,Mirai,arm,arm:1041398331891168162,false,train
5ee67cb42d65fa0f576ff87f4e1787c9075cf0b5daef402121ba39545cdf4834,Mirai,arm,arm:17977090774197708001,false,train
5f233de0e0cdf7adf1d2c9e094138ed80da005db4f15e046618c8967e6c53e0e,Mirai,arm,arm:4077431529526495079,false,train
5f2550046d5c59321c9afc9d959e5612616e91ee31e8c6f7b69c532f5f5de19a,Mirai,arm,arm:10353278022952476810,false,train
5f4bebc4b808d3b9fac9c0fc53894174ac9a8c87106f158b2a1b397128fa1204,Mirai,arm,arm:8578740955077957731,false,train
5fb37a3203716ca2c0fa6cac6318198f206382a9dbf11e92554473837b518435,Mirai,arm,arm:10072213868345912438,false,train
5febef67530bca92f2a85b3f12e87f6a48d25b80cc0b17ce1e5f6965dd0df3a4,Mirai,arm,arm:15810719972292282609,false,train
6024456eb0d6be3c997b022809d143b3cdb8fcd0351997c51df762a5c532b61d,Mirai,arm,arm:13370536239724766260,false,train
604f447f74a0e7ce77bce81c5c79d9ef083e9e4d2747786a1e7f649781301635,Mirai,arm,arm:15347840525143936464,false,train
6058541596476151ac1dc28b5e3d8d1af1007da2c622b01f4a8a9928c2db46c2,Mirai,arm,arm:1110637725605587695,false,train
605c5c6c1244b305d76d4ce8f61919c4645f60b42284956a59bc4ce14acf0532,Mirai,arm,arm:17977090774197708001,false,train
605e3a9566f54644d6bc78fda9e4bdd86c0ac6483f4e8a44dff4553b620aa863,Mirai,arm,arm:13959923670271330638,false,train
6073e6dcc7979186dc27d8d90f04820a2c4ba0b4aa12aa1bde249727d4d8f54e,Mirai,arm,arm:14907296362249861182,false,train
608a5a99d9f2390296799268407a2127dc35da93b7b3d468498d976041441777,Mirai,arm,arm:10634457957909535612,false,train
60d816c776ce4a31e3429738bacffc7ad66e0e1218cfd26b1258946796cda405,Mirai,arm,arm:7954854303737318235,false,train
615dcc653fe1dfe6c2e5255a502f42afbe5497b8afc30c7d8a26d06f5b9d1462,Mirai,arm,arm:18243935837972562672,false,train
6180e32d0cf86d92b9196c4dab562e4791c84c34d2305080272018b40a86bf56,Mirai,arm,arm:10317109313277132925,false,train
61cfa4b6fd91364f1e90d4436597bb0ecbbf9e5a5cd94aa92563263dfde2d461,Mirai,arm,arm:13044809425874861662,false,train
62207ed71724db3bd0a63ac06070f372354a223f86c7621ecbeb366e3140dab5,Mirai,arm,arm:17977090774197708001,false,train
62a3c30d2ef3dc5e57973a6b4bed5c12b3401b7e81ba834392f950d7b6951a4c,Mirai,arm,arm:6895888446303593994,false,train
632aa516839c1385518d21465bbf9dd009f44b9d223e2497050947beb2e34ee1,Mirai,arm,arm:16432726576297641671,false,train
63675c5571d36aae377a09d8dfff07c500f7345690eb65196934b67431b048bc,Mirai,arm,arm:17977090774197708001,false,train
63bae945ba5c61f0ce3383167e642a34c0089a04cf4070def6c1cddc1f7f43f6,Mirai,arm,arm:16693629093173655205,false,train
63d65f0f43c289ec69b62f6dda73001e10850fa44f0826ef9fa4576df013e7a4,Mirai,arm,arm:15275774959210396927,false,train
63e5ef7cf5173bf3b0f5760611e8799bf46c7b97bf42d54c01de7f4322d45d4c,Mirai,arm,arm:17977090774197708001,false,train
641dbbc64c36eaa06409122642e25675c15341071e90d8289239842e0b92590b,Mirai,arm,arm:10686848586806310707,false,train
6443696a606aed4b1c2f29a103607944f14bf83913c35b58fa00fbfd5c5e1e53,Mirai,arm,arm:9360701519232529147,false,train
6450515cb8a92ff642be37e41f37dc30cf87883ede562d51ef99819969b47372,Mirai,arm,arm:15532346558347135047,false,train
6497333aaa1f553bab3f7a9b0bba312b2c60b110f8b17a23857ab2a4dee33e89,Mirai,arm,arm:7923128708529877266,false,train
649d5959eaf7dce0e3d24cc6aabf8b9c54f379305d1686ee8f448ff9ac5bf03c,Mirai,arm,arm:17977090774197708001,false,train
64efbeca46858bb7e03dd36d8108ba4c1faa1670ddae07dd51098d3d2f76f994,Mirai,arm,arm:17070961255659572970,false,train
651f8b9e09c5ea1f4d9db51bb64c06efa887f19ac91f48d3e3ee9c48f58195a0,Mirai,arm,arm:6936251016253326119,false,train
6565f43b5366dcaa9789ce121db68d0aa342ec13ce2baf520e8beb75413d72d6,Mirai,arm,arm:1855607849440927282,false,train
658fe88f70bd48b27bf36d24cd58ab2988a685b60d78cc36df17db363b2afeb6,Mirai,arm,arm:4318653538725198723,false,train
65f89a7a3c8e5eb8da1f1d50f100dc5d438fd99480dd3c61ad52bfac403e555a,Mirai,arm,arm:17158218586328390425,false,train
65fd5a2d4c9690045a1a141509cdf57cc2403b0e582ab8f5a119c33c6474a34a,Mirai,arm,arm:10029542683873870002,false,train
661ca43db0b55a72be61551bce9c94ccff4b998445300346e3abc713c1eda52e,Mirai,arm,arm:17977090774197708001,false,train
66432db285d22d71cace77fd496eb73130d62665bf6e357df643af35e03cf090,Mirai,arm,arm:10299678366065333591,false,train
669bd939ebb8c660806687cc3cdf0b7d08bc7d35513787118ca9d855efb92e6c,Mirai,arm,arm:15593046558790202799,false,train
670eac4c87e99347d242e65ae50f21f8766dffa9de2f36c87d26315e738dc807,Mirai,arm,arm:11580704321747262195,false,train
6739def8ce8dc60d974744faa44de6a98df0b8d769cff68641a1097f10e80881,Mirai,arm,arm:17977090774197708001,false,train
676a87b17f6c83ca25bd8b459dc32440e4e67c39ed079326a5f35ce66f407936,Mirai,arm,arm:17977090774197708001,false,train
678737e5b1f08015ce37311f5d434835cab2166cde3628f25165ab00ab7e9a27,Mirai,arm,arm:17977090774197708001,false,train
67b6d2b28c6cbc5f55c14a5ff7b1165958048acca2971af3708bb534b213fb23,Mirai,arm,arm:762369907407465571,false,train
67c5536f160a56fc4017883e531f5d9980aca6422d45b6771a6c9ce227f20258,Mirai,arm,arm:13469251646230469752,false,train
690e1761d3e2658ec0d815dfee3dbbf2f1e068af1a9d153c40778d0a9cacb779,Mirai,arm,arm:2583401057545006674,false,train
694777cce76fd90db03386513cbccde6d2e0ae6e522fa24a63cbe731fc7bb3d2,Mirai,arm,arm:17977090774197708001,false,train
694b3d59a3d711afa27da20418444e5372beccdc95d0eeb0cf41253d50004803,Mirai,arm,arm:3033490221316621372,false,train
69d909ec594e0c9af81d69f57ecd821e194e874a9fe4d61b6e964a3bf98a0ef7,Mirai,arm,arm:6593994896037876312,false,train
6a7105436f3204175befd43b6385a6d190e27dfaaf650c34c5b6980e775e0f8e,Mirai,arm,arm:17211513162844969071,false,train
6aabb2ffecbd086873d52dca1d437aef5d0105f78d3efa5746cae0eed39370e2,Mirai,arm,arm:11127433739845090499,false,train
6accc44817efa38c1d6111866dbd8f390572b2c98cab363be3e4d56b8d4e3e40,Mirai,arm,arm:6845212049862528313,false,train
6adfb38997138702f4b8b2d43b05d0e1ea08dade818db561be59982b775696ef,Mirai,arm,arm:17977090774197708001,false,train
6ae8167a61726e0ffda52c9ec156aba91037503307d5beae73ec8d72c599afab,Mirai,arm,arm:17977090774197708001,false,train
6b0537679166515c22d5384558f3131f69575c581d23dbf2316cdc46ae7e9fa3,Mirai,arm,arm:15454922277381911406,false,train
6b4f359f958298094972cad194407a8a14e2f6a0df28c0b66aa9f85079962ec9,Mirai,arm,arm:1904476682237748572,false,train
6b811a42fad4fa5e562aab4c00c9c4698b263ee9c912b2872571ad24b1af7d79,Mirai,arm,arm:14305286024018054750,false,train
6bb9569dfb6a244ea4aa6089db5e1cea5c808bd64ede35f7e8b71d0604d93086,Mirai,arm,arm:13286445955237194868,false,train
6bd5b5620ab83898c420cb4d356779a88d39719df1cb3af03d06da72eee9665f,Mirai,arm,arm:17977090774197708001,false,train
6c08aec21ddb07ba28bc02724de21b6dcae85905a1bad51fa6e71ca6385aad22,Mirai,arm,arm:14629211625513600925,false,train
6c3803733bfcb4640afe768e787ac9079d998de2f5a5598475c03d1734fb896a,Mirai,arm,arm:14241094558814905174,false,train
6c3914d28b111276f90bf642b61df67a344ee4e97dfe7a820feccd205b7ae350,Mirai,arm,arm:932016231067698071,false,train
6c9d5ac38e4588122f39f768f824d7140479e18ea39e6152d2797161f0c0a54b,Mirai,arm,arm:17228055426442095490,false,train
6cd9f58ba03783ecf4ce41ceedbf30d893213da57eec776e7e93114c53a9c6f7,Mirai,arm,arm:17977090774197708001,false,train
6cf0c1e24f2ed295ba2e842045764b2071582d85821f0d3aebf2bf3c3d1b694b,Mirai,arm,arm:9439119497542405108,false,train
6d363760fa74d15a1809abda00bf3d96db9488f1c868b86c3362a4694da73b11,Mirai,arm,arm:17977090774197708001,false,train
6d90204a61664400748f7eacc74b6e98ceee8211ca563989e0ec1e889885ce13,Mirai,arm,arm:8777191880460866209,false,train
6d9d1157f1602154026c6459a4cd8dd182cdaf28c53a98842bd6cb0f2cbec7e5,Mirai,arm,arm:11206247909084282620,false,train
6db141989ec75b16fae1cd8874bb8f70a9e05180ed9d2c3bf9157e251e3086ec,Mirai,arm,arm:17977090774197708001,false,train
6dc9fa8d0beec1b4ba706d1ef5b6e61c102e34cbf9f4b358cdfcfe5fa24b315d,Mirai,arm,arm:17883438810175984159,false,train
6ea107b1d440eba574611c755c491593c4fda75c79b471d449ddad635065785a,Mirai,arm,arm:14456805460912280510,false,train
6eb634ea7958318e1b22d16d4a8afdc29392975f5fa99578168f134f25652231,Mirai,arm,arm:2575136614231100302,false,train
6ef9fbf2291f1a2fa65835de82faf1ad24e64eb2ea0f34460560b968c944c76e,Mirai,arm,arm:412239535835444457,false,train
6f07cab403a95f56c30da55d8b4a4ddea6815b4055f785639bf19f51cfc1a2c8,Mirai,arm,arm:11817008376269697173,false,train
6f31efe208553d41955a257a61f082a306971a9d3ae84dcf7583b796e35a3e15,Mirai,arm,arm:15911988789729354072,false,train
6f3978cbef8fff2b6fd37717344f16b4d4f03af69bdd6cb205b6b9e6fe05d3c4,Mirai,arm,arm:6462725067986558515,false,train
6f8953e083e54b8c22b9a1f321336faf46c1b603377b5991d9891b82da9df3e0,Mirai,arm,arm:12151681119265182496,false,train
6fb055fd1d09b2a11a1503e090c0812d89dad23dee11e19326ddd81b97dee9a8,Mirai,arm,arm:4196437718049548900,false,train
6fc2317d1d2b0c4296143352635846fc0f9cdc127808ef6e9e6978d041d53763,Mirai,arm,arm:733657204548695376,false,train
700ef3a083526351cd1848245a1ff9bdb59f6bcd76dd6136d002e432ccee3d26,Mirai,arm,arm:5278416930425373198,false,train
702190f93fea73576344b2b34f4c8e115476e5ac6f6f772788057db4d6db91f7,Mirai,arm,arm:12314220134882985243,false,train
707e4e902843791d84ff7087d786be054e8a2e175fdb4375089a266c507e884a,Mirai,arm,arm:18023283555243009456,false,train
70950b395f7fee4795514f7db64325e98f36574f61be75aa477c7423f43779aa,Mirai,arm,arm:11144087296987207357,false,train
70b8150ea0f685b13de83cb4dc56dc9bbf4cc4ff1d88b94b7753c2ee17ef7864,Mirai,arm,arm:17775448327567307481,false,train
70b9f7414ab0ab19337cbfe03e2c43b8bf7af7ee0edf037b70c8339a673549a7,Mirai,arm,arm:213546427425508644,false,train
71009a7b32e4d0232ebdbec0f2bfa80ce7651bf5e4e311850d46d467b49e67ba,Mirai,arm,arm:3274728333795215323,false,train
7173c4111ad0e907845753384b460baf67b655fe9db67b85ee35ca7240cdd7ed,Mirai,arm,arm:12026599417373004163,false,train
7189904c1e149cfad11ec11ec4b81a398cfd525d90001fcdd6ea861b5f8158df,Mirai,arm,arm:17977090774197708001,false,train
71ba2e9bd40993846676ee0cdf10243fc94c1788be9fa56124ad395f8fa89c4c,Mirai,arm,arm:3798900196402497085,false,train
71e50378534cfb187b865d647bdf2f166c733075343c18748fdc26e748494fd0,Mirai,arm,arm:4747038249543949800,false,train
72d439615e7206ede1341cf0bf666f6d7fa11ef05c64730747e65e55fa2b18c7,Mirai,arm,arm:13257082309163201632,false,train
73c2743d5e6332d4f22137cefeb0b7efe67a1b820f64df5c3c44d0f0af91462b,Mirai,arm,arm:17977090774197708001,false,train
741ace8f7b43f3e2e2af74e3c318381b523e34f3433c1f131b243ccec9af4e46,Mirai,arm,arm:15283473163867895955,false,train
74b6c8d497ee61d838b6521b70975892ad76ef8ac9665c5ecdd980ceb67ade12,Mirai,arm,arm:460558771326941107,false,train
751820d0a72712d40a98e9fb4ecea3b0fef4dee4a3214902a9617e1d682945d2,Mirai,arm,arm:17977090774197708001,false,train
75317541c8c14ebad1cf7b4be0a15cc1f88c4886cd09480501d171408096c493,Mirai,arm,arm:1295431507900281760,false,train
7536656c5d3fb8c7f08a4ba94e70978b7ffcbaa55d0212470f06777a6d773255,Mirai,arm,arm:14846835170207297438,false,train
7537bd171b0b8ecc45381fae0f2439aeb7b21a2b31afc2aa6207d86491b6fc03,Mirai,arm,arm:15599143073099435080,false,train
7566eaaa99f042675b2a32ef44367b3a1a9a375abc3bd3dc9d435aef6993efc3,Mirai,arm,arm:16942237096763427047,false,train
7581fc9920806e8697cce44b7fc911d1970e9ef8f333c040bdf85a1dc103c068,Mirai,arm,arm:17977090774197708001,false,train
75dfc0435daeaceeae669a820fea481041d38f28de0367278645c5023c5b76be,Mirai,arm,arm:12970869841260413946,false,train
761343d1b596d3cb412d4a644b1d15ea16f72459fb1dd88089eb608b4f5e8f78,Mirai,arm,arm:13699006924590009676,false,train
76384ac7e97346ce44c9cc34177547547607e9a837de67702f3aa852f967711f,Mirai,arm,arm:9427589356988093193,false,train
766081dbb5cd0fe0dbec46ff415ad4ad65ce40e1dfc03d857d12cdb5066687ad,Mirai,arm,arm:3844833054563210198,false,train
767517118ac3aecda47f3f33927bc996fc6e4b1297cffdd7daf1aa212718674b,Mirai,arm,arm:17977090774197708001,false,train
76e53006d318f6a95a0cb9164caf3b508da910ce5b582680893080a1d0b08119,Mirai,arm,arm:9419691461457690741,false,train
77042ae0db71ec45b7e467130b56a5d73adfd085a856e12ab71ac1735197770d,Mirai,arm,arm:3217881026828123920,false,train
7717771011b144e85822c1d09dcb5833ae96334bc7fe32b8284dca4e961e84c0,Mirai,arm,arm:15253944902522572439,false,train
771cb5871a189870dfd80b57404cf3da1a3e45cf3b5b685bed8f1f589ed5ae43,Mirai,arm,arm:9614928215973713217,false,train
772759c93552f4a2f88126b90b88333fd45b3727c3b3ec205366f85f9fa5004a,Mirai,arm,arm:17768495655083897341,false,train
773d59bb8b55286bb1ad05e9e48f730b10ff332dde53b8057c4346a830f19a40,Mirai,arm,arm:17977090774197708001,false,train
776d1097f90a06ab56ca69557a1d1b41b59d73f00580c587ac6768b52ef913fd,Mirai,arm,arm:12912026266237699586,false,train
77794b44ffedd5002e2c16636b00c76ef14cfd3dbd1fe4f46e1a821b5270275f,Mirai,arm,arm:17961164134249314054,false,train
77abece05913f844aa3835bedb79ecb42f9c69ae2703f0c288950b30e37ea28c,Mirai,arm,arm:17977090774197708001,false,train
77b56a46e5d02bff3af9d22923dec480c013905fb0a6201af167c7772d790431,Mirai,arm,arm:18108675153617500640,false,train
77e3bf99db3e2640928c670df36dc9dc09d8850cfe5db7d7e602ef08831ca995,Mirai,arm,arm:2590275440026006770,false,train
77ec6022c32393f1c648b3cde53ef7b882b785db0c42d56ee1f8009776575400,Mirai,arm,arm:17977090774197708001,false,train
77ee28feca41ab6dbfe48018a2e1f419c0a6800c3bc28fa25b944b2b753c0e58,Mirai,arm,arm:17977090774197708001,false,train
78779cf678621eb525a73fbd5443424b3d313c97eff6f3b179a2eaf2d7d29287,Mirai,arm,arm:17977090774197708001,false,train
78a52af731a72d34ca528b90b9c9116189e9d8714b3eef24e20a35ddc27ec513,Mirai,arm,arm:8326357445385646045,false,train
78c8edbd5f5eac2a8bb9b337b82aaba08e152212a14a6df60022667174a27a7c,Mirai,arm,arm:4767084204694056641,false,train
7907dc1b35a76831c2863840272c1bd7a8457d1a4fe2b913bf4e568c695f6b2a,Mirai,arm,arm:10156223551559581124,false,train
798904b8b8ebd97694ae12f193f812534308f6ef236554f0c1e1bf4e6c545dda,Mirai,arm,arm:14347730178916178604,false,train
79b8bf6cbc11209113d6110b83bc47f39f5b3271170a30ac4666049da651d310,Mirai,arm,arm:15829517007656586510,false,train
79e32affc73de4d992f2e455307d93044fd6b920abd8b738bf5019fd94fab4a9,Mirai,arm,arm:3494653680673590392,false,train
7a055de155c429d89447a9497f4c09b4139576bc9c95dbd9329d87df56191287,Mirai,arm,arm:8242088716758507087,false,train
7a34aad6301425c4742aed2cefd28a738cc86072a999b6707fe46a3f7476825c,Mirai,arm,arm:72944904909030816,false,train
7a3f82e116e842ca258a7ba5e4cdff0a06f99e55172cd576543fb68268565cc1,Mirai,arm,arm:14485728780272328741,false,train
7ac717517e1e28bb4b86aa158bd3741132e29430bd5d24e729e55d330f4e97ce,Mirai,arm,arm:17977090774197708001,false,train
7b3e5c4482fb4752042bc75a4eb501530e7c2ba214e699bbef5d6468e2457e09,Mirai,arm,arm:17977090774197708001,false,train
7bed2a866a2c601d32a9ad422fd0a0533a522f61d05ffdc94eda97ce1b7b203f,Mirai,arm,arm:11074195626841567021,false,train
7bfb7c2a26a43a31808e444b06a426d56b2424cf2db2f231cd8d2734dcf3a06b,Mirai,arm,arm:11614991006438745306,false,train
7c575028ca8099bace9c76c080d62ad78259fa2a5f1d39ec248631213e28135b,Mirai,arm,arm:12586917735847039829,false,train
7d6ea791fd89c51a6728f4e508447bbbdab3487f8c9d8bd183afb994299038d7,Mirai,arm,arm:1099372203954680223,false,train
7d801172353d1517b20bb6751b0663765a181e725c3130e92a34fa368250bd35,Mirai,arm,arm:14279021451258558005,false,train
7dc28c84a0c79ed959bbe2b02b0a46bf6633b5defbb7bacc2084312984464c59,Mirai,arm,arm:17977090774197708001,false,train
7dedb32c9343ff807e9aea4c0d31ccbcc2191d80caecbac15d84a42b30e7f090,Mirai,arm,arm:8785677684541483979,false,train
7e1e2cbe1d0e7b388d0a70db0fd89279a3c9ba935b98ae3722a38db82ec1ca47,Mirai,arm,arm:14668389905769844796,false,train
7e44c3528afc91dff98cec3a8cab49e40e90ab8b0e3c91c57f84d1b57227d945,Mirai,arm,arm:17908682315662784848,false,train
7e9f7be0f12b61762968ac7af49677a22f1cd6e550f3d4212286b53c8b99d28e,Mirai,arm,arm:17977090774197708001,false,train
7eac642a90c21a971b0a7090834a0f59125c6581f994bd6ae764e4ee52d3decc,Mirai,arm,arm:10287504980843667809,false,train
7eae2079fe5315e2f9b3f4016b87dd53b4e437a00101ade3419c5aa7a2f1a0c5,Mirai,arm,arm:17977090774197708001,false,train
7f2f1672ee82e948599a17510be0ec2278f46959e6d21d6b954380f1a34622e4,Mirai,arm,arm:14571945015285265026,false,train
7f42c15c2a8b0c7649d8e946e1f68a17d9f99c77915d749df605fc71c2cdf87f,Mirai,arm,arm:17126831572412038335,false,train
7fa949810298651f038fa10511c4b5fa17b5f922fcd1530a66ac39e8d8e42ef2,Mirai,arm,arm:12899062314073149316,false,train
7faa33e8ad9862eda5ce4e673e627b9c907cf6085ef9c1875ddf954e4316335b,Mirai,arm,arm:17977090774197708001,false,train
8024851a7c35779beb3578414b0a27c0b25703646b201f01f2316830e11ae769,Mirai,arm,arm:4995281136927275534,false,train
80e5ca747607b290220ec6e0e930f7bd4e117da00cc7569d59f2b96bf41eacd9,Mirai,arm,arm:17977090774197708001,false,train
80f861c11dce3eee3f8c31b9243ff3c2e54f8a2d7515cd5533bfee1ee03d3d7e,Mirai,arm,arm:15922343250532707966,false,train
810e6df363d3b129c988d867ba2f03cf71aa992b2c38bbea70aec06589b814ec,Mirai,arm,arm:9454749771671192957,false,train
8126b4203d9141ef2cbcf9e897590e69e778e0bb7327397daaf4d35dfe56430c,Mirai,arm,arm:2896988227638728246,false,train
814446c88f11d485a67e59118e12c2d5892e1584dcbdb12f99fe9fd499e4e0a5,Mirai,arm,arm:4079720630419110473,false,train
814a93a6c92cde76d5ad69e6062d7889758fb30dc3fc3c527b172dfeb25128bd,Mirai,arm,arm:17977090774197708001,false,train
81f798796248b416b2c90cea1819d7458c615ec0d6b5726577b101f5bca2496a,Mirai,arm,arm:9431460848918446267,false,train
822153f9b4a1b70efb904883f1f931aeea7156eb1777bbfa95736a2da6a464fe,Mirai,arm,arm:17977090774197708001,false,train
8265ec28a98611f24dec27b3e3cae62ae5401394f6bd7d1af8624ddeb5e59486,Mirai,arm,arm:17977090774197708001,false,train
82d962c45ae018d7dee2356c5cd375a411961f7140099ffe69f0ebb2c973ccc4,Mirai,arm,arm:1136620184996628849,false,train
837c23599cd7bcda3be3b53eecd4955a3792f8ff9c2a7267dd5af17debe0e816,Mirai,arm,arm:1481803260065828677,false,train
83a5a6366f68b8889629249dfafda2a93324121dcceb59cd71aeafe47ce65246,Mirai,arm,arm:9022232085736331853,false,train
83b8dca1faa742275e5eb4d008fd6c0254149b2406046ce8e6b968c1e741fe62,Mirai,arm,arm:12534292803984398994,false,train
83b8e8317c1f11f2144f404c94c93c6980d4c97431ccf03a104c9d33757c803d,Mirai,arm,arm:4733508889787132138,false,train
83d2059a2c2aca3ead932f7dc3a500db615062f4ab92894b96bc496ed94b11f7,Mirai,arm,arm:13301965240103399885,false,train
842da9a070ce4fbd9d6681929c6ae409c6fe0f2ef50c8bcf74c6aef3ba462786,Mirai,arm,arm:17977090774197708001,false,train
8495b8a0f0c6f0971e995731be8dba0319edcd53b2f7d9a3595ac339b2245214,Mirai,arm,arm:17977090774197708001,false,train
84ac265aca5a161d66408ef6170dd9817da77c47014aecd48d957bac36a4c807,Mirai,arm,arm:13597746833671245169,false,train
84d43b668c7426c5b66f84986583d8a5b0c3285e955e2cce06de1c2b9d01cff7,Mirai,arm,arm:14722840616645076303,false,train
84eb5b5a57f5d7b454250968d968e869041dfc4ff93693c171ed8db05c5fa11f,Mirai,arm,arm:17359650871025355553,false,train
851441cc2cf4ad251a59caadad0dbb132057d17d6927648b8a1c1994bab884df,Mirai,arm,arm:7082325066409352200,false,train
85e1d1385b005309c9d8b68b566e34b1e6d2276c521dbfe102b5ff3d8ecc940f,Mirai,arm,arm:17977090774197708001,false,train
8611b2db7cf5b2f075129f8010eb42ca01a65020edce1d2749c1be6b158e1b63,Mirai,arm,arm:8573951591949024672,false,train
861fc377b800ea3c8272061fe0b64e363a8408b9aab6e88d5f3ab987990847ac,Mirai,arm,arm:17977090774197708001,false,train
8625f9879c23c2318ebd894aef4585cde77f4c8d4036f16097dcf55014a1bdb3,Mirai,arm,arm:1354412536079496109,false,train
8628849788589e24be5cc396ab46e507328e546cc0569a447f0d02363c746c54,Mirai,arm,arm:9612788088122594952,false,train
86bfc2f3272dae6c725bf5dc638ec8d5775de069a8a2f7777d15f910f1ebc96a,Mirai,arm,arm:209378716533238409,false,train
870754816277bb9227d4820a2769ce077b2dd13b510f677ea637d79a5e9e0144,Mirai,arm,arm:17977090774197708001,false,train
872b3442323be1e2714f3fd95f496f11235aa2751f0ad0ef9e57584beb863028,Mirai,arm,arm:1780955824511098718,false,train
872e71c2dbd487622424e3d178186809a6f396e06082d54455880f7d8c92c287,Mirai,arm,arm:10654186512048240482,false,train
8751b22ee1fe91f908003aab4943803caae7abaca60a762bda125d0c37afa332,Mirai,arm,arm:13838685446215062603,false,train
87678954cd0f26333146d35982b5c0f1caeff2f53ecb7c495d2dbd325d73d2bc,Mirai,arm,arm:9044507055027916066,false,train
876c67e2ce7f31404cc304b5dc1725c780c7c63fa821331551ef2d3f24a137e9,Mirai,arm,arm:3319955604498326728,false,train
87700b8ca90fbd8b131b0f3f54d932ac6e6e692cbadd7d2cbd07776f079c306e,Mirai,arm,arm:7610088287050281354,false,train
8852deea03621449f540761d895b7de4a2ee636e40ae35a7d470088fa8769f51,Mirai,arm,arm:11697158645125910553,false,train
889c363a9bd3b78c702244f7d91caf358c61f9af6955c15cf458eaaed5c07eba,Mirai,arm,arm:17623731425761120264,false,train
88c4f9ea28a5b22693d617ece6574bdeea8331c129abdd3309352e708a3c4f96,Mirai,arm,arm:463576250753106713,false,train
88f283b622b79f6bdac3caa9aec1e0cf9a8b45ecf343906b976089688beaeefd,Mirai,arm,arm:9674926046349274763,false,train
88f2e781de153eade9817994b1f31447cc40231ec7dcc0c9a36cf9607f71ba74,Mirai,arm,arm:10978518428670660759,false,train
8920a083a474ef630490244f8dbdbc81341220430b4768252c87c5c239252b44,Mirai,arm,arm:10669176692110064738,false,train
8929893f9583114e7231238af06a702fd3b576b340f81523fba538e1bec1349d,Mirai,arm,arm:14487410034937392779,false,train
892cf01e0a06f71e3bc04dc6ed6ea4a178276ca5fb2629900b71244d11e54567,Mirai,arm,arm:15047525097242294002,false,train
89ab96d476d919e273a050cc49d9f0a5297124622c20761d46d02b3f1a265ae9,Mirai,arm,arm:17977090774197708001,false,train
89b3807859717af25ce8db05991e00752cbb27e560422fbb4359bc8a409a888f,Mirai,arm,arm:2140399818898045420,false,train
8a353cbe5b5a6af15153e316e2bc7aca0e988ab8175aaaaa2cd399dbfcc5b156,Mirai,arm,arm:2743416838204223116,false,train
8aab1ad0a4b08957ea2e5d02a7016b93d73f16874331fe31db9ec9d8b86461b8,Mirai,arm,arm:8623989643008378632,false,train
8ae721a771b12448f89364f31ec29b17c0778583f60520a007a5260fca368c7e,Mirai,arm,arm:8833871508761943569,false,train
8b26755a3a601c11de29c7c2fa910f60967a5a065f92bee14a2fddad3eee96e3,Mirai,arm,arm:10822437764910677931,false,train
8b4d0f09049b6da7eebd515afb734490f6aeb013dff6cf7580881620510e6e03,Mirai,arm,arm:6807853140977665014,false,train
8b6cb3dbf30326f839deadbd60bac15af4233bfc679497464f345922252f52b1,Mirai,arm,arm:16446324848411848564,false,train
8bd5462306c1897218132dc562295e4cad933a9d3629a599bdc3701a1940bb1c,Mirai,arm,arm:17977090774197708001,false,train
8bfac1c65a2be677ab73ca62bb92c80f635a488e87003bf40878420cdb9bb40a,Mirai,arm,arm:17977090774197708001,false,train
8c174a277b58f57225a25c6c65cb6c2fe31152f58498e7f6539340cc769077f8,Mirai,arm,arm:7447429401266665426,false,train
8c3cb622c59ce7406a088a0a5cdc7510cbea79a39502fa5c366168cfaf439699,Mirai,arm,arm:9654539271723425529,false,train
8c466c7f69026deb14753556601a49733624340cbfae9f923f703b8a6554dad7,Mirai,arm,arm:14008614515503977611,false,train
8c593a8795093db2449a69bd55e35ab8173618e828a96d66f0803394fa9b4f7d,Mirai,arm,arm:13962187651716114526,false,train
8c944440b6f0d0c42ae8fbef8701bfd801d6b2ca5ecffdaa0e7e6ca1a201fd51,Mirai,arm,arm:4953786726093479792,false,train
8ca6f35231cb4b251aad635eba0c054f1d62773a89d9da56debf8cb397df5f4d,Mirai,arm,arm:7780259304040489969,false,train
8cb1f3368f2b39efc09327299be46208cdd0d3ef7bb6e27f611f23c1de2f1307,Mirai,arm,arm:13083995510806842499,false,train
8d2f770c913482873d926133febdcbb24031952c012c5a378a3f6a921bb24bcf,Mirai,arm,arm:13842784125018026828,false,train
8db13dbcf7f514018e792bcd4801aab95331accd0798d82ded49373ba1381235,Mirai,arm,arm:387185200001673521,false,train
8db8bb6186fc79888d52088e709800a7be539cdaaa58a360a755c29b880cf159,Mirai,arm,arm:17977090774197708001,false,train
8df68e79f923a0abe6d1a00f56f7bfbc10c2e73f5291b2a6d3ace0bb56ddb75f,Mirai,arm,arm:8491249604906801568,false,train
8e0eb5fe7a77b5ee352dcd38642912ea5d34fa3e55c99b01258a935b9e75b401,Mirai,arm,arm:17977090774197708001,false,train
8e23de53ef20daccc426f80b730be8428accfb43fc94dc0944ef9ebe2bc29a65,Mirai,arm,arm:823807888754492269,false,train
8e7a68df609ff1584d3ae8a655462bfd3d3c8764f94493041fb5e6dac74dc0a7,Mirai,arm,arm:15049409821571227951,false,train
8eaf5432cfbee2937dbe858ca3f517bbefefd0c72d2554054223d3740fa98172,Mirai,arm,arm:2982325805180493697,false,train
8ede6ef215e1b238e671a7032dcfb49d55a07cbed27f15c021d0bdf1bf38b59e,Mirai,arm,arm:5586667959543475073,false,train
8f37d07b631771decd4a3d7a5442836d6ed408f59a411cc2e77e58299ec964e6,Mirai,arm,arm:9181955370430289615,false,train
8f3d893725f862e249e366cc1dc1a18ab4e27c13b5006634161db6c896e9d2da,Mirai,arm,arm:11682253289464947872,false,train
8f7aea461e59311978a0ed7b2516275f26585337b505e135f9472034296dd806,Mirai,arm,arm:6137240483445863291,false,train
8f890494d35f1188673e2a56f480cf74727356f8d9def56c5bdb70a26ce605fe,Mirai,arm,arm:5885696060825481058,false,train
8fae9abde672d29c47888eb6357725bd5842b2031179a4383c2fa2fe1232b860,Mirai,arm,arm:4598285872668513734,false,train
8fc5cfebdb403ad78b79b0e0805f3ca36394ea8bc23190722b4382f713f4c819,Mirai,arm,arm:16612398833737148457,false,train
9008d9959029c3e1321e5231b06e8b4396b816d758ecfb5dc9d43e332d2e5cef,Mirai,arm,arm:17977090774197708001,false,train
90952c63bdfe9eea0fecd781b7337ac5ab2e56f1ece0a0af2446c8fd06c43156,Mirai,arm,arm:17977090774197708001,false,train
9110db7378909c1279b6f1de89ed1c7c1b6b25015a48970f3c1338575498c17d,Mirai,arm,arm:795018574806257563,false,train
9127ce131eb4ba0a8a397bc5e2057de5cd575221d5753672e629082c92f52ccb,Mirai,arm,arm:5214762427251564823,false,train
9162db9e23f635efce2744e19f36b391d2e7682d54d61de9643f8535403ddb50,Mirai,arm,arm:3199404943457870303,false,train
917edfa53a81b14843e4b6cc944e65c9ceeed9283cf37647b4ab1178005356e6,Mirai,arm,arm:5884211701209940037,false,train
9188df10ff976a7bc24b2e8a923736bc5e40c91cc67752eecf10d4be8331b8cf,Mirai,arm,arm:10143846939681111298,false,train
91b2c9227a88fd31d4d17b69b1b061ef14d2e51ad635f782ed10d681bbaaec8b,Mirai,arm,arm:5548744051385079475,false,train
91d3a7b4a5e4213165cffc63bc873d5cc96170ef588d06873e1df9cc68f7aa75,Mirai,arm,arm:6250305795186156728,false,train
91f49fdb309948a03ee0f5bb6c0b29c239a7a39d1656c863212396ecd5814c70,Mirai,arm,arm:8925008796604876478,false,train
9233a064090c501eda2f4ec8a1c8bb84c95979b092a1043f486f6dd2e9f4e022,Mirai,arm,arm:7701095204243466955,false,train
92cbaa1b10b4f032529ea7cec95d0d7fb739ee07477ef4888c2988902cae3f9e,Mirai,arm,arm:672608489891781108,false,train
930f83f136b62621810280b591cbbe100d45a0cfe99664076ff54d56b170b552,Mirai,arm,arm:17473541939695377135,false,train
932a7d51eb8d67ca86e279e9c69c671dd0ddefa2f5aa3a97e0d1ff99770f4fa3,Mirai,arm,arm:10387670550300273057,false,train
940debb32ec79dde795ac04a3eea15d0757f21059680847de59a01a8b4d5f195,Mirai,arm,arm:8322562032083192835,false,train
94660fcd8e29f32e47aa19cf31c808d6a1f63f50ab4edefb5879502bd47d1459,Mirai,arm,arm:9313311100707325532,false,train
949223d103fdd3150ce62a3a73b566d790574fa6bc7e0408b08607c045448e62,Mirai,arm,arm:13266658501007437382,false,train
94bfff7e7e03981efc02f5c1527eea6d82aa26165a14ae791500a703cc6c7d43,Mirai,arm,arm:9343950935326721670,false,train
94c1d2c15172ff404f024e61781a19b67f3d45313ec10ddff285d13db445ac58,Mirai,arm,arm:14985476154003053440,false,train
94f6113c782776499235d8e5f46da56167252e38079dae80fc71c9b69b90ae26,Mirai,arm,arm:5776114396621348214,false,train
94fc57f9bcb39c1e118be5983861d0f3309d7b2d44f52ab128e7fd41ffbe161b,Mirai,arm,arm:9222142061361180156,false,train
950e0659b8912d1434c9e02e045b2e8215f5f2cc8400ef2c7b9ab72c33f5b103,Mirai,arm,arm:17977090774197708001,false,train
9555fc21994af52b0e5d45bb227705ff072ce2ed32c2159cf69a6e8badb7248b,Mirai,arm,arm:6321583944008507812,false,train
95a13a1543703db89ede1c5a310f5b0bfaa34ce0c94ed9fdf3212eae8432751c,Mirai,arm,arm:13872486780865727292,false,train
95f5519bf95c6c2f3f403432fc476ae2eecc80dabc11141d76723b63d94929ed,Mirai,arm,arm:3695816840263535857,false,train
95fc986594b4a7dd42e7e4a8b3f2b83681ecbff5350032f5aac9c8444084f134,Mirai,arm,arm:16147886843082522568,false,train
962e24fd248d02ff26f4ca644914587fcdd0ae53d4ed92c863568294cf02811d,Mirai,arm,arm:12815864246108247045,false,train
967337d44658aa1a9af84d7f797b77716d9a575a169a5d4cac2ad961590e23da,Mirai,arm,arm:17977090774197708001,false,train
9675e65fcd89ebc720be3d8b28ec9b672d5e0c43c73cad6dcfc1a552b2249b2a,Mirai,arm,arm:593228637309826799,false,train
96af74ab3021985949fe2ebbfaab0775a62b8af4d09dd8ca7192c17ea6fb6959,Mirai,arm,arm:17977090774197708001,false,train
9746d5ec46660848027e578f483953811aed44ce8fbbdf2efac78be2845820f0,Mirai,arm,arm:11415944904450189148,false,train
974c341b487be9b38ffe9dec6ee0d503ccf54a0eba42caae2035240819ed7198,Mirai,arm,arm:12386281710029118600,false,train
975ae39b00abd697412b4be95edc9c28bef29b11add32b4455231e46446dad63,Mirai,arm,arm:3718196259337692955,false,train
975e0009fe6cf0a135754a6ccf65409f85f1a32b680328f7ef4051cc4658f52c,Mirai,arm,arm:6842515761806330574,false,train
9773900eda16819bd7108a217cf4ed1e95de62eb31b43e06c9f390f815a6ca85,Mirai,arm,arm:6278220933619540648,false,train
97b5a6b477193b444f2215e5b8849fe79f2e93b9519c198c69c355108586a87c,Mirai,arm,arm:6245655161688496566,false,train
97d2b3971edc5b0460281524c61e8f7e3a7404de19371c4c75db65ea963d7b3d,Mirai,arm,arm:2934011077577797728,false,train
97df270b59146a1f85ce26a269bcfc8683d4adcfac96345b13259c7e413c2158,Mirai,arm,arm:11659450270465707502,false,train
97ee746bd3a6d7743a04eb658ae4a6c39c1345b980264141f61c3c6924541364,Mirai,arm,arm:3017711912148369821,false,train
9833c02cf4787c51e19176999126cc53bc655f6e3a039293d4b11239dba42a65,Mirai,arm,arm:445071804275635483,false,train
9879285eebe198cdb797af6e1f236c5845d84d59146bc973b4c37fe6b2bc5760,Mirai,arm,arm:14919848052086806668,false,train
9889c88f3ea9c4d20bac4e0b75b6299b098c4fc3495c360582384e3c5d547912,Mirai,arm,arm:17977090774197708001,false,train
9963d82088f9c2f931b3d890b56902af9a129675ed82ef1726257ad78034d717,Mirai,arm,arm:11948196814305000694,false,train
99711e559e58e3949dcc4ba9c75a4cf81603ecd5c5df019c8f001c21bb14befa,Mirai,arm,arm:6348080914264905566,false,train
998e6ea42e01914bf72d28353d3b2b1738cddc6c97955624d03fc21ba1927e7c,Mirai,arm,arm:17977090774197708001,false,train
9a02b7510e4f6f8195fab6154dae01e39f5d8cddb5ea26b576f4c9b75a2413f8,Mirai,arm,arm:14438318055155659942,false,train
9a049d3c57da8984c90ebbce7fc206abb030f5affe124be2644fc8026795b10a,Mirai,arm,arm:17977090774197708001,false,train
9ace26f92f2b69e1b2c7adcac219a5f874b8fa0f8de3861d7059c7b592a302dd,Mirai,arm,arm:8493984305925091266,false,train
9ae1f592016d17b11e8a212f9f462d437827a764be6a686ff61dd6b79acbff68,Mirai,arm,arm:4178222196285869709,false,train
9b56093e35274093f957187e8dcfb973c4bfbe0faa08a6adac0d847dd67f9d30,Mirai,arm,arm:2248083346597579686,false,train
9b7602ffc0aa9ba0ba560b53aed14e111963d4c616291e05c6a83b21287fea3e,Mirai,arm,arm:15650612793754682062,false,train
9b7cf91e7ac44e2815bd58ceca04188c8600ca6f08f73eea4aeab89e2587685a,Mirai,arm,arm:2003054207632127654,false,train
9bcdd82cb35b7727e963582ed15bb62bd86a54ca643091106aa53a8507f8c2fb,Mirai,arm,arm:6980491221119327967,false,train
9c434c26378fd564bcf5aaf4fcb2051c023c8f8ac62eb7946c4da60c4fb24df3,Mirai,arm,arm:14875421429880728286,false,train
9c89df30c3d255bb42d1297e285df6a910ec84a26b5801b5d4464d16d831afd6,Mirai,arm,arm:17977090774197708001,false,train
9d40af070010a947ebf51f4aaa804ed3b44b7a4dde4008ff1532702bc71bb14f,Mirai,arm,arm:6757680617962033959,false,train
9d49dd8037a8e88c7eba0edfbd15dce14384d50e4f5b0b84b0569a0ed7b40f81,Mirai,arm,arm:16085560896288873936,false,train
9d58d6f46ea89afbac6e3c1ba98a42667098d1a1bf4aed0635cb3d0d64ee759e,Mirai,arm,arm:1646592573657378342,false,train
9d5c5c1e92996db8f7e80b131a71ce35e152639fb0823528fc8cd56d336c839c,Mirai,arm,arm:915585915411440109,false,train
9d866c161eb511b7cd5b7066b074fd14b6a1dae46d14510f8cfb4b833d5d7a4d,Mirai,arm,arm:11678894236861444820,false,train
9d902074ab24b1e4fe7b359aad22e682ebfcef1fc20916486adf30668b0d0111,Mirai,arm,arm:17977090774197708001,false,train
9d91349dd47bf807eeb805a183d4faa2756852187365dde87c6fc52ef92963b0,Mirai,arm,arm:16228877926835576016,false,train
9e0b2412fab0fdcd8b7359fdf709bf0f1e198a1bc4ea6784f5529775adf6ba8b,Mirai,arm,arm:2987160196697119609,false,train
9e2c50aa41857a38c93393638ecb6b17f220bc105b31f9c5128cdba5c98e8f07,Mirai,arm,arm:17977090774197708001,false,train
9e9b88a69493b397fca9c1149ce399b5dc970f76692cb22700f1d4d0287c7cc4,Mirai,arm,arm:3366284886470213431,false,train
9ebf2a755af588fe17535512d2e54647a2144da5b129ea0d566a9ca035723601,Mirai,arm,arm:15552314133927837817,false,train
9ee70c8220b2eb7d9566fbec1c6add1ab56d09090280aae0b781f5128da74080,Mirai,arm,arm:9071837951739535344,false,train
9eeb18783e8949c789c0fdc627666d9ccc1b1defd217e97bcb3fac1cf5808bd6,Mirai,arm,arm:13277597632161114820,false,train
9f15e690ca2316bb0e1b6584861d215530d1bbbe6a21bee7d37d5979ebb901e4,Mirai,arm,arm:6313161072151950333,false,train
9f5718afa6f45191d0dabc1ee98f6d376ceeec40061064d76db71999110228a9,Mirai,arm,arm:15288577141152222503,false,train
9fca4b1873276724058ba3e8f3335d77652737319adc703a2e7d71229a321d44,Mirai,arm,arm:17977090774197708001,false,train
9ff4c18218a3d8f9e92f3fbb5289620f61a352b6a77f1276595508e14085ca30,Mirai,arm,arm:15880636664717627375,false,train
a070fb091176a63999c1147e11e3614d71164ae2ae5c4451bbe5948f135f1651,Mirai,arm,arm:9200389199292932784,false,train
a07a4264798fd29bb7922d466cef46b673595bb6552fa754442e6ec222be2ad4,Mirai,arm,arm:16539695949148438841,false,train
a0ae5f71454dcdc0c5994d2169866652f9b9c64a9359fd6f046ee1f9357a58ef,Mirai,arm,arm:14360448878568591221,false,train
a0c8ea12d9628b0987ef151c214c42c96da0765eacee7ed38a921aff774fe3c8,Mirai,arm,arm:17977090774197708001,false,train
a13c6c32970ab169da00da26e5472bceb72705b61252c519c3b0ff4781c08dca,Mirai,arm,arm:16471891901094428420,false,train
a1bf00312c675bfdebe7c83c13894ded14c5103af09bb28ded32d6af7ce8cbe4,Mirai,arm,arm:7523135920053825060,false,train
a1cb5dd5c6fae773d5799347ad821f2ca571b8cea32b84bcdafa11f1981f29e6,Mirai,arm,arm:15004801438808107910,false,train
a23cae7b27cef401f49ab6bab2f1f7614d1819392141baa9917a4ff886fd3860,Mirai,arm,arm:17977090774197708001,false,train
a2a09ddd287a3e3b711dee1092e208b8e51774f5de9ff1fd30084f4d75d029a0,Mirai,arm,arm:4464496625612492355,false,train
a2a6818eb336bc87844a24a1671fb3d72294c1b68d989cd2c39c674afa53394d,Mirai,arm,arm:17977090774197708001,false,train
a2b20e768ea511d73b8ae5915238b73f78168800d172e13e47166c33d3b5af35,Mirai,arm,arm:3165061972003809011,false,train
a3990e8f035268020370e8a2acf768c8b8a1914fb5371a07d9917feebf150130,Mirai,arm,arm:17977090774197708001,false,train
a40a361ff2d6df45a83c0c72cc0ea8e300fa8cd2cdfa94c155b7743a1b61ffe4,Mirai,arm,arm:9212284297805375073,false,train
a48d38824d27259194e925d330d0337d6a97c6d952252dc7344a0c86f3691ee4,Mirai,arm,arm:11403254836567472786,false,train
a4f16c7052c04963003ecd45c1413e2f125ad1205cebb0ef52008fa53d80c8f0,Mirai,arm,arm:17977090774197708001,false,train
a4fe9d4ec6c1becaea93ef9f7dfcfd9d7c569366db6d85d13da15d69905d0754,Mirai,arm,arm:17977090774197708001,false,train
a50e80fee3877dbfafc0783f34a082a2693448638b6ceeb09bbafb7d4ee121e6,Mirai,arm,arm:9369346427059919153,false,train
a673b1eaafc14ce7bd216adf36d92dee9d5fd8a526d83c6d1012463aa57df7a1,Mirai,arm,arm:3388315662563054819,false,train
a699c9505fd80b2266443b88f595d93b33df3dccddfc7ee29a7118f8f68703d1,Mirai,arm,arm:9401233487962967996,false,train
a703f346ef714faed40f23c4b5551b82cd5134d4fb33469dae765a6cdf667772,Mirai,arm,arm:18115258888708389201,false,train
a74088d4186258a8d257663e293b5b4b2ce6361831f4d979b4a1107d2f4e7420,Mirai,arm,arm:17526919712075617912,false,train
a74d1786659ce3ba35745a2fe0ff186f58b836e5edea86414296a9705ebe45ff,Mirai,arm,arm:2911466112796987079,false,train
a78c06964da877d4abb350eb60717dcb1ebc386f836fd9d140d6ee9a2ab7d6a4,Mirai,arm,arm:17977090774197708001,false,train
a79789ad2539b8e76262176a5dcddcd80b3ffdd1c98d1a7ce6b9fccd1185d716,Mirai,arm,arm:17717647745740717878,false,train
a8384feaeee0289ac9b87f5a91cc0fc7d6343ac94083409969a0a60eea28d61a,Mirai,arm,arm:12738231401751053562,false,train
a8602132b7f799dac605ac029c21f53b4b8ffb7ae45f81f0870249500ce807bf,Mirai,arm,arm:11529374404279164522,false,train
a8ae0b906faea758735f0338d8befb4955eccf9001456e456659d2fd7325a1e5,Mirai,arm,arm:4503684188251269029,false,train
a98b8e4b0a203593ffe052c01ce7702961ead6a4609e26dff5758d90791037ee,Mirai,arm,arm:8677919972064161373,false,train
a9938dac9019714292ddf7b92f867cf60a000bc420bfe2275ba0f2dc4a895998,Mirai,arm,arm:17678826124843918436,false,train
a9ac2e0d512d73d81092dce9e345a974e2e5c5b08e5e9425cd4e965270436126,Mirai,arm,arm:17977090774197708001,false,train
aa530cc90bbc57510afad4b48e743096e724fbaa3e40e651b05c929fd5348476,Mirai,arm,arm:15304379982646116089,false,train
aa5c9d4a4a14708d708b2da9bcc869c54b10b191e3de35b4d82399a11f762874,Mirai,arm,arm:12129739259648909623,false,train
aabf262265eca3dd1785dd1d618c1229cd4064cb92685a8d93a27207cc9c0040,Mirai,arm,arm:16958914713139500317,false,train
aad8227dd2b87b4101961aa6712fe9558e67116a58281befc0d42e3da2e5a328,Mirai,arm,arm:17721154104153880447,false,train
aadf2b6e5caeb27342fa1bee259b141a4c898377abfaadb42ca56003725e4732,Mirai,arm,arm:17057095746596777977,false,train
ab00c532444e4c5f3d3d17277ec925b2739a2272d4d84a492c69eda0e48b29b5,Mirai,arm,arm:17271656538782880505,false,train
ab0c84568af5c3280c8e813dbe65975b618e6e1ff38d7d7b36476cfd715e2220,Mirai,arm,arm:18074916282871524171,false,train
ab343339f6d24b4e2cdcd2789d42c1dc5b5e615ceec1010cb1e6d01325af20d5,Mirai,arm,arm:1627128260524899792,false,train
ab6e6e966d450f5a05a0a54ce7d39db13bd300d8a74056554ce6b98b9ae0316a,Mirai,arm,arm:11043209732113967841,false,train
abc10fc3afc276d59fe3c5abc6e7f54a5b86c734c87bb8aaeb0a2c678ac4953e,Mirai,arm,arm:4055125751030590015,false,train
abd8e5a9ede53c66c7acb636482f26e690325dc3f3d9334e952c8be10ae9d7fe,Mirai,arm,arm:4051191666613457960,false,train
abdb3ac789c1b2dedb971e00c4d126a1f02ff9c66ede5dc3bd1e048722c4fea8,Mirai,arm,arm:17977090774197708001,false,train
ac2d1f7e4c5386a7d6efa6f620d88be2e683de0f45ab52f3c67823309de7c21a,Mirai,arm,arm:17977090774197708001,false,train
ac33241bac5b54141f8ffc34a2635ca91df32ff02162fa3985f5bc519c5d8147,Mirai,arm,arm:17977090774197708001,false,train
acc0518e5e5204069c6d4bef7ec8955e41e7962c9589f8cc2d45787ca184c7f2,Mirai,arm,arm:3989042159230627604,false,train
acf0339c9c307516077b6d7b76b639dfd2896b7037057c8f446ccc4e7df1c61b,Mirai,arm,arm:3434537946247989234,false,train
ad1cfd8c015666f34cf676387a4d742146444c576023f1f84891c621ec388495,Mirai,arm,arm:17142119806936535483,false,train
ad76efa096c3417cf651e1191191f09cc14fbee74ce045a44d33eb6ebe4db103,Mirai,arm,arm:16996208782431632910,false,train
ad8cb25235e585dd9d37e77c8392cc87ce769cb53f64170e079d8d838c06f459,Mirai,arm,arm:12736101772837397966,false,train
ad927fb6e644abb3be028dc31f0ee52cba9324b54c75c48fa630f8cd2dc95599,Mirai,arm,arm:17977090774197708001,false,train
adfebe41d07fe5b014be28acab0a8899c8e45334d97a12aab2168791a5898c6c,Mirai,arm,arm:13194998294688841242,false,train
ae5003fb6a932d0a4244caa232936ff04a61d3e9c7c02df5d9f2043a518cecc8,Mirai,arm,arm:17977090774197708001,false,train
aec176a9c4563b039872b19219404e0e362c0b098d87fb8f17a4e904119531db,Mirai,arm,arm:7951787003190687404,false,train
aeccfa9ef02917bb7bed048da8703c35801125427752a141a451b801db6040f7,Mirai,arm,arm:14921628411584074257,false,train
aee58a7c6b013b63749ed5928824c7772bca466d542c72ea79d133ea7037318c,Mirai,arm,arm:6005876357893010006,false,train
af09c3cdc687f5fa809cbc12d388680994cba18250bcd5c8ea8e596694270676,Mirai,arm,arm:5442756304680732406,false,train
afde372294ce5a344f75c53e5ec40853a2348e0c43584e56b12eed12fab65829,Mirai,arm,arm:11816952681150192839,false,train
b0118a8b210f6a0e2b201f65a5eccc6fcce66bc4915b951fbcaf2f8603a43c7e,Mirai,arm,arm:4917546509313417410,false,train
b0526c036ceeab67f316e72c5fc141319692947699ff018ef51bfdde0fdc058f,Mirai,arm,arm:12412950560868013630,false,train
b05d774ae96304ba7eb532551aa8fcdb628e97d10f0b93d3053891b5208afafa,Mirai,arm,arm:206957638729376009,false,train
b06692c157780b1942d102b5b3dc336c1fda7b19d83bfecf964a855fe614585d,Mirai,arm,arm:4748467029494873136,false,train
b06a692a960bb15be414a091916aec5acc0b99b1d09f0d5463ade234a9e23da2,Mirai,arm,arm:11643862048469359010,false,train
b0a226e951b03e8f221ab099c3c1c19687a9175f87faac50c14e433d5d1d258d,Mirai,arm,arm:17567871801533722800,false,train
b10b33212c4511c112a401daa94876d0368dcf47eb52e1a683dc7d50490471c9,Mirai,arm,arm:10503549908167081303,false,train
b1679202b71e5e5815790179ede61051aad5dbc627d419db7ecc4116a1644dea,Mirai,arm,arm:8020955012824461118,false,train
b17ca1c07222511532631117aff8ab0f304ccfbc1b569db450f0bb558ea20f5e,Mirai,arm,arm:17977090774197708001,false,train
b19bfefd3cbd80bd9383b8f328b509b8da7c7c0ecb07db18343bcb92f5b489ef,Mirai,arm,arm:2747762545287037624,false,train
b1a3a3397bd840867a4b9b2a0f5aac1d546e1adfaf0a784347c9d62a93e63415,Mirai,arm,arm:11723867524063407175,false,train
b1ae85de4eccf2bb8ecf6b975a0603a0d1e1d5a8f1cb04e20e2de87bc4d956cb,Mirai,arm,arm:17977090774197708001,false,train
b1c71877bbc5a970c4040fb65567c2457c8e0abc158b30b86b6725590853abcd,Mirai,arm,arm:6443582794221025184,false,train
b1cc5e974e62af15cd986d00cfd098b1dd970cd1821a7880b44ee168dcc16984,Mirai,arm,arm:4610532678239764611,false,train
b1cf54200e242a0fb282880f7c8f4a009266d0aa794b3e7a382ea4f82550a75c,Mirai,arm,arm:10260046691227894985,false,train
b1d29f871ec8b301f2921562134d8ea653fdc479e4b1c50fe2c2c88e939b2cef,Mirai,arm,arm:15402417687947770653,false,train
b27d1929a9e2f21e116b45f182f0eebe4d014ee911ed424abbfcca4a53969d8b,Mirai,arm,arm:3529533565023577197,false,train
b2921a73094728110fc3a2394fe20f231a0d5f48bde47b5db7bc809ca65d0f55,Mirai,arm,arm:1771559537517878758,false,train
b2cc9d51a6e273c4cc37e206a2da8568da42a74f4c37cc7db7b7a1b3d77d9451,Mirai,arm,arm:15960936101399080640,false,train
b32b9cf5e0a037ec21e629b9c34f40ffb8d4491edc37f6baf1ac4115ad5ae0ec,Mirai,arm,arm:17977090774197708001,false,train
b32f8e7f7d14af3b1415eaeba531dd898cfed8843bff0bfcf192f7a74ddf3282,Mirai,arm,arm:10108185757655013327,false,train
b55a474a3d188b244dac37b56346bb3f23127478cd875374dab2edf8c442b94f,Mirai,arm,arm:3217253240173414742,false,train
b59727e90cc8eef29f96fe4bc208e9162c43a7b2aa69329a31238fc34dd7ab50,Mirai,arm,arm:3635994768122608570,false,train
b5f7b5917615ef0fe81162426ed5f8bce022ffcd2beb5533d4dd0bdb5906e850,Mirai,arm,arm:2207186372247021556,false,train
b65c2a5334d74ae2c487195c1ce253a28fc0cbf9bd8728a8c4641dbf8bdd0dae,Mirai,arm,arm:11348774753468674203,false,train
b67c9976b292cc58395fcc8b14000ce6617bbe48b8bb3751d0bef4bd3d6066a9,Mirai,arm,arm:17977090774197708001,false,train
b692077f2b009c242bd7e23e88dd17e65d175b02a7425ed683eadda6a4f6a8cc,Mirai,arm,arm:16357634190324924520,false,train
b6cfd218b6bda350372bc4e612df05ede6943cad307a2c1c769b1dd1bd168eae,Mirai,arm,arm:5415571371199516429,false,train
b6d234d83775ded8082080a0f8f93d664c0c96204f76053fab2acc46310e42f3,Mirai,arm,arm:13180459364759672311,false,train
b6dea2bbe15f7cd55539eeb9db0d84c278d4f5fbf72aad972e043b7448234152,Mirai,arm,arm:16937449724608173196,false,train
b6ea88d8fd49ce3d25f2bb037c5ebfbf2e023ff2ba4231a7902ac3fb2b6105e6,Mirai,arm,arm:8191564591704912436,false,train
b82896e8c9cc1172dc77252d6ea382e22c0d9fd33147587e733fbb07436df439,Mirai,arm,arm:15744045836894115594,false,train
b8577da827f10dbe3909cae50c0465268ae5aeed89a20271d50095ba9c021341,Mirai,arm,arm:8451925390360619433,false,train
b8598ea72ba70645cdcf406f0bf45bab359f7342f6dee54e066973120675295a,Mirai,arm,arm:18340919590408077779,false,train
b8a5f7cfbcabd548e4aed2efd6061b0493bbd503bb92acaed8b9a22b29259ed3,Mirai,arm,arm:1704836825938839875,false,train
b94e00f81487aa06ab6114f6fc7f753428f5353bfcd63239751b60bf06482c39,Mirai,arm,arm:4279819855781856118,false,train
b976004faa079c3ff12de3cf7fa4351d4903f2065c43a43740a5d8dfcaba5ed7,Mirai,arm,arm:6930787153531642487,false,train
ba4e1e7e12eb35df6e4ce434f401f59930f4ebf33cdac140f19091f91448c388,Mirai,arm,arm:16950017142148474084,false,train
ba805829161b1162c466d4b6070780ff41d15f78a51f120ee9d0e995562ff0d0,Mirai,arm,arm:13590299671424370039,false,train
ba8179237bec018e5dcb64d981cad3231bcb4ad76c181eb05afedae2d4784ac7,Mirai,arm,arm:17977090774197708001,false,train
ba896bc4662b0498cd91d0c392555c159c47fe9c787ea3114cab04d5a48613d5,Mirai,arm,arm:3351181559212373891,false,train
baa35aea3eb9274692206452c18adfdabd599925b3c266a7042c6207cf601ad3,Mirai,arm,arm:8249674359447369285,false,train
bad76bf876243df847a7591c64cf6574acb062f6e848b7139e04e12f5a5a45d3,Mirai,arm,arm:17977090774197708001,false,train
baf61f1a9c654e21b9a482ffd6de1281810f3d6cb610fe5ec7d3b04785c67b0e,Mirai,arm,arm:6188537582197629018,false,train
bb4b23d43c87a72fac09ce824b1d578a64cd36f3d68d8de97fbb0fdbb5348075,Mirai,arm,arm:17977090774197708001,false,train
bb8501c7034f21b73f1352fbf532192cc4165344ffaf7d0d7976b4b30dfaab49,Mirai,arm,arm:17977090774197708001,false,train
bb8f0d182d613016608b90aeb39071c10436ee81159a0a7ee47a855c39783d22,Mirai,arm,arm:11366303533336638708,false,train
bc0452ff9aed985d3fc0abbccf2670cef9da19582c725624dca8935ab98a448f,Mirai,arm,arm:11514582624532275451,false,train
bc159c9b6f6abd3a9ac6bc8d2b7da0a528dae9ffaaa47b4c64b666bddfef8d85,Mirai,arm,arm:1356770034286079368,false,train
bc659571e0992b6f633c2127d4d432a1c8b7461e0f65304e859324a16dbb2c24,Mirai,arm,arm:8789891353673385833,false,train
bc8816fe4d39d79d1a98d36217d1ca301705c9c47cd5bb71fc84d4669f03b032,Mirai,arm,arm:16031678106719702630,false,train
bcbf42a5f2626c784960e2b60756b748477c8adb744cbf8afad5d1f8ccf76df0,Mirai,arm,arm:6689116704388260093,false,train
bd0fb11812efc8ce04c64151bacf03153174d99b1c17c0b9390aec301ac962ef,Mirai,arm,arm:1672454497877156725,false,train
bd4723dead226ccb1ade728fbd6ae2c8569f9b27167822e19a2840cf3b399d58,Mirai,arm,arm:17977090774197708001,false,train
bd5e4c2fcf5a694eef9dc9183fbe9276bf15ea7b91a592163802fbde5ddd62fb,Mirai,arm,arm:649288051603288640,false,train
bd8898a6b0632b1c44e4f68f762f7398ee085729ad226bce4ab06b41d3131fef,Mirai,arm,arm:12151681119265182496,false,train
bdff815241aedf4b44015988bb3736cd9615d37ea791c1f99dd737a1b68bc8ea,Mirai,arm,arm:17977090774197708001,false,train
be3169b8f0ba155fee2f5ec26549d585a0c2a88c1753d0d5021b9ec9b4f15d4e,Mirai,arm,arm:3763162665272401909,false,train
bea44446df2a299dfc9e7497372af4dcf2cefc6b2bef493dc58af5c3363ba0fe,Mirai,arm,arm:10919249403049977641,false,train
bebccbaf982b5fce6dfc07e1974650cb97c44c3aa9c1bd68a94efe6a8952ce29,Mirai,arm,arm:1496038992784800025,false,train
beec644d889c6b04c11816b80b29e3eb08b057afabd050dfd73b61d3cf739a1e,Mirai,arm,arm:17988045830048274301,false,train
bef826e0458840d709afb8ed3b9c93a41e9e8483f76f03dca249316f814f0447,Mirai,arm,arm:13394387644355410271,false,train
bf16d3cc88c37dba1bed9176db30e0c92334c8594b16c146e8280a0ea9044580,Mirai,arm,arm:11390767347786340412,false,train
bf277783dc62d64bdfeb468df6e80c4fef0852cd5eccf6ca5b36757424d048db,Mirai,arm,arm:7769468169508363065,false,train
bf6914912ebdbf594ad9acf1267b3376a638a754bf8f06efb50383b6374e0b81,Mirai,arm,arm:17977090774197708001,false,train
bf6e7231f70ec8670d764dcb44edc25476898f7b9d946f97c38331bcbc7ce4b4,Mirai,arm,arm:15967996885329601907,false,train
bfa87ff1a797915aff500e3407bfe74de2df60f6a54acdd13ab9144844873794,Mirai,arm,arm:17977090774197708001,false,train
bfae6d48a7b181ed1bd00a9f7149b7a55e03fe2b494a6ff129774357d0eba876,Mirai,arm,arm:4699967089696242647,false,train
bfbbaafa5e0822fbcae9219323eca23058b4f4251861686992257e47c457ae2e,Mirai,arm,arm:10633458929157960507,false,train
bfef327e055a8448653fad3c9015de7d2b6b29e0f5bb63a62a37a9e6383da9cc,Mirai,arm,arm:7869727924280850110,false,train
c010706ca588c4bed92d5c2cd437400e8efd2026afe4d8474a18ec59c8d2b515,Mirai,arm,arm:17977090774197708001,false,train
c01bedb69b31a7e8c0b810012f6736f92941dc62c437246d2337ac892c2770d6,Mirai,arm,arm:15445082566272516142,false,train
c04c94a57d2a9ec5a123fd761f5317dceeff08a66c8db98ebe81ab0a3385e356,Mirai,arm,arm:9356933202307706404,false,train
c069524d37dce3d375bba446f4d8d1a3d5a76e1d51abb38feab04aff6c8a2e5f,Mirai,arm,arm:7615533674791825566,false,train
c095ff92547f1d0b2271d2f44c49db991eb3fa62eb8d2fb427f8c19b968abb4b,Mirai,arm,arm:118828650829833293,false,train
c09f24472bda6c213c03861f2860f6d4d4724b5914da1e0d89c1585c0b50214b,Mirai,arm,arm:1564658737403818305,false,train
c136099ba0619fb6a915ed1640b3e051a6439bc9c55a61f4e32dae255881d0dd,Mirai,arm,arm:13586902300278082397,false,train
c189b5c158dec8bf34455fc919a16b12aef08d9e8c92e3b63cb6bb56adbb46fe,Mirai,arm,arm:17977090774197708001,false,train
c18ee22404f3a842a7ca10519d88ee3ac0d83a98b483768d4d3f1af4d850c90f,Mirai,arm,arm:11745142520725352070,false,train
c298d5078e7082c296e273c8aa0ef7421695f6ebcb6d9c527d9291816cdc5eb6,Mirai,arm,arm:17977090774197708001,false,train
c31635d9cbb46ae5e483dde254982baa37ca4ffc39c6d8eedff489cc08794325,Mirai,arm,arm:2980846703743327048,false,train
c4078a0968c4ad00e2d9e724933f786ad4b5785dff792092ef49a6767e385f9f,Mirai,arm,arm:15463211311424664709,false,train
c42fa738ed3df95d89e8b1d33a2c7f3b03f329e201c0ea90406c881cf51b115a,Mirai,arm,arm:14551619065671560362,false,train
c43a27451025f15240ce47c26dd6e0b549d50fafbadad44e375690542185b1ca,Mirai,arm,arm:4536464573486405592,false,train
c448680b4e43bf3c9a21d13e4443b3d98c1a9b30858d1c5bb7ac8d89cfa48cfd,Mirai,arm,arm:17977090774197708001,false,train
c47741aba4bb32e1252983bdd28a79289b5d3874b2225d844fadc24de40e2448,Mirai,arm,arm:17977090774197708001,false,train
c4cee8b5a4e433429f50100216960d859505e04d9aa613bfea2d447e359fc243,Mirai,arm,arm:15311640310266679080,false,train
c50d3bbfb0ab3ab42fe28606e3c96885aaec46444d6b528bca9b694f5b417626,Mirai,arm,arm:8289241256628070672,false,train
c5345a77932b3c6ac7cbbb8073bce631286d9409ab1e6d4ea16fe1e767abffb9,Mirai,arm,arm:5259919854275072985,false,train
c57be527c0917947087a7e744f3daeb0e5159eb019a9857e55bd4e6764e06a65,Mirai,arm,arm:18221892956327882686,false,train
c57d752e49619f0f1245d696efb9759cefe6a6364a5ce2a5d036168fb826bc30,Mirai,arm,arm:3461964180869339267,false,train
c5a0c2252d13237f4d979e1f4b06068d2eacc3b8d86765f1493186b6d3e9dd7c,Mirai,arm,arm:6665824696414234945,false,train
c5ae47dbd0d1cc567bd4162da44bf1b462a2d2524c44624a16f6e079e23d3400,Mirai,arm,arm:17977090774197708001,false,train
c5baee4181316f01c02a7b99fd23c2f6e90025ac4555b5dbadebe3a1be937b81,Mirai,arm,arm:12830623719307970744,false,train
c63c11941aefc114157dc3c333c1bbff59c5b66fc2bac78bb70c44f580b837cb,Mirai,arm,arm:8316087109888760661,false,train
c65d3e5ab76161aaa63120e10e9ac06fe1feba3a52c15cae45aed6e67e89fdee,Mirai,arm,arm:17977090774197708001,false,train
c6663a72b4863516fdcf51b3826066df47d76b7be866b3d14190f8e2b54ed8ec,Mirai,arm,arm:16990761246279172760,false,train
c66d07f139e06155280ed159e48db23971319efbd0cf2fae13765a700dfb262f,Mirai,arm,arm:220028601970081360,false,train
c675181194ec752500649a43b4503358bd2ec3e7cb86f8154354f228d7a79c4e,Mirai,arm,arm:8658309981969417424,false,train
c69a240d3462c98e5e1a76a8e30da88b70c2e19210d3f2b75ac81e0b966f83fe,Mirai,arm,arm:17977090774197708001,false,train
c6d9a859206450cb5bb7b988bab98f318e9aacbc6ab5c29b9e37adbbf7a529e3,Mirai,arm,arm:3805379043827459117,false,train
c6da7877932d738766a7a5eed739e2b6dd5aa5ec6500fcd04d250c66fbccbddb,Mirai,arm,arm:3286761521148118529,false,train
c6e83da24c2e8b3bde3b9242d8ba8318c549cab29b64d866e92c5d4c69e52821,Mirai,arm,arm:5641762426358768904,false,train
c6ea7ed0850cd1ebc5e05999946e7f0435363d35cbd0f9f019d902051b299752,Mirai,arm,arm:182399643266692247,false,train
c72fe0511dc1476aba58c1df4059c7682bb8693cfe972705641785d8570d577b,Mirai,arm,arm:8987137322601520059,false,train
c8901982103f10fc55ada7ce95dd28754a22b09b1ab3a4fd48f0e2a4b78b7972,Mirai,arm,arm:17977090774197708001,false,train
c9311410ef8c5b3adeddd39daf764fdf255d62cec0d308b9ba1bea92ad97d219,Mirai,arm,arm:13088115928638034269,false,train
c9797eee07dd312efb5dfa7ffdf5179fad56802c2fd0bd4d21a9c1c394c51de3,Mirai,arm,arm:8902879269921415265,false,train
c97f43c98c220528f35c08ded4914a6d3c9f2b9ca94c44c0e68808996d947194,Mirai,arm,arm:5693143782131277619,false,train
c9bc35f8d9e6a2cc5ae1b66567ad3a815fee28ed0c809296d10c8578d718d26f,Mirai,arm,arm:2450947947332929448,false,train
c9e6632b83b22a0ea69b3b93133d779835f4bbbd7596d7350a97b4de618227b6,Mirai,arm,arm:9610747741829927392,false,train
ca012e8fd4e1e8497caf6bcf9cfbf9c985206e75c0bbdae22b39dd2ec87387ae,Mirai,arm,arm:17977090774197708001,false,train
ca76d6c7c8f2c2a2fdd5d2d1e8979eede27fe9f02b2ced0c96fd1b37b36e53a8,Mirai,arm,arm:9194759926226369186,false,train
caef9d4bff914cb065b86aa5b9a060136f28abce1eaf3e18dacf97d4f9b0fb48,Mirai,arm,arm:17977090774197708001,false,train
cb76c1fa6b5f0de5e453185e277b8197f75f9338d0f0fa92b0addbbcf1aac181,Mirai,arm,arm:8823034236666305016,false,train
cc044b40a803a415637f193c151caf8e1e2c985892c8f9dce70e1f5ed06f4bc2,Mirai,arm,arm:4663713131223578441,false,train
cc3beaeb44cbee910191794a6ecebb120c2f69f319e1ef40e6f08c14918e4be3,Mirai,arm,arm:11385808650968176969,false,train
cc961f710e7c3bd673718e32ec025667c3b76ae58a263607bcba072abe1528b7,Mirai,arm,arm:2033353083151592653,false,train
cca267ee6cb2642441dd0d32602bf9b6aea3fc7225556396808994f6e99206e8,Mirai,arm,arm:4958291484574527241,false,train
ccf320f603a0fc0a053db12fd62d06ec74b278360a377ef7c17e462e0df6ac7d,Mirai,arm,arm:7557965607393733496,false,train
cd69e92fde558ab8c79c4aa9c5ca33bdfc97244402be995674619b11256b10a1,Mirai,arm,arm:12271472439632251241,false,train
cd8e2b005e689b2492ff42df320ec2f7c3d1aa59bb49108b0bab547706a4e9cd,Mirai,arm,arm:13919455864044170112,false,train
ce50756ba016a5f0e84413dca8dce2f8b2d1f2a5ed9834c3549522d516f17125,Mirai,arm,arm:1086599104181566161,false,train
ce5bddff414e0cd4ae69c8e124df512bd6133ec394a4720a054f3597f7e3a9f5,Mirai,arm,arm:11684764185097276757,false,train
ce6818e3367fe460e5e27b9145816683dfe92b6c0e6172e8cfc83e8a964e3a46,Mirai,arm,arm:11528720270100596656,false,train
ce83d551446803a99e10121edcd0f18ec867b14def597cfb4621eb59e4302d9e,Mirai,arm,arm:13995119587599321479,false,train
cea95fdeef86c1d8d38c90715a01409000e09ff656ca58873f2423bbd840306a,Mirai,arm,arm:6926060095128650284,false,train
cf17c800c76a42d74ebe59d2ee5560c82800249f29918fcb6279d24a60dfd188,Mirai,arm,arm:8702512465681866020,false,train
cf2d69e7607069c6c21c9949d26dcc31e1bb8fc18b00d549bc0b74f79d189740,Mirai,arm,arm:9756955539348423854,false,train
cfe6454bcd36cb6fc86b51984c8969a2c8193aff3da26b079bb6d271903ed731,Mirai,arm,arm:17977090774197708001,false,train
d0008dd0c67cdb91952e2485d46d890af5d232ab2aa357ef9802093f4532ee40,Mirai,arm,arm:12888814179094271694,false,train
d00c5f799cb830fdc00bb42d6d235a3af6d640edf0a15992c977adc02a5f27b3,Mirai,arm,arm:17148525904756575550,false,train
d0948ff6ac8b053f27395c28ccd54eccd2ceb7a8bce1a0206547efe0783ee422,Mirai,arm,arm:12366612117210734615,false,train
d0a83e52df6f6ac95f18f02af683b91aa5648e57609cf4346b7e98397a1fd30f,Mirai,arm,arm:5223565741748544097,false,train
d0f7703726aabcc46c76c9bef9e5126f280cc77813d7c4f273b7eb409338adac,Mirai,arm,arm:6593673320645956285,false,train
d10386554f41234f8210441129de71e1b62633f6b2748e192e0e55465dba29b7,Mirai,arm,arm:10498530122270980914,false,train
d14e568312778c45dbcf0627afa1124f88b883b29baa32e3fb4bccd67cc7bbc3,Mirai,arm,arm:84289150787986978,false,train
d18231fbe7432ef4e57da51117d96ecc7597881230bcfd82be56f69ce028b547,Mirai,arm,arm:2220692692192729442,false,train
d1f931c868ae032e959ebebc241739435f0cb25c26d47294c6e62acfc81bffa5,Mirai,arm,arm:5442756304680732406,false,train
d21fea404ccc48a8a797f226be9920e8be0879177a1c07be8ea3cc638aaa146a,Mirai,arm,arm:3532005986906334371,false,train
d22a5b7d0af942c12e91c5b1159e44cc09eb840cfdf61c795ab0734747223f5d,Mirai,arm,arm:17977090774197708001,false,train
d2611656f426ec22c07993b633e3b345fb98039a48f31244a0f44e10a16c5ee1,Mirai,arm,arm:17977090774197708001,false,train
d2860a9290aab25ab80419c73957b5ecb4f306289e0ce7d984e16893662a32d9,Mirai,arm,arm:14123863692070021480,false,train
d2c65aa5137e7cc62468cc0ddab081f85608820759d956bc43bf9a2d55ca9a85,Mirai,arm,arm:17977090774197708001,false,train
d2d3016b21df6746289ef10e043041de557d4e3d9d18e61ced7ad3ce202b53fb,Mirai,arm,arm:10655428750760932145,false,train
d2f8f503a0b647b78ee87a9c8edc5af439c0840ed6aff03b023c16412f6d2f18,Mirai,arm,arm:2192646499912509683,false,train
d38993d0928f3692cf247619e26bebb87c528dc1b539ff0e6de4381543f22d38,Mirai,arm,arm:17977090774197708001,false,train
d3c0652e5c9c10f89715839a630f13085a3bd1960bc481b6cdf8b5f90bdd6d3a,Mirai,arm,arm:7092391342284934187,false,train
d3c106bdb232b8b802184f6e29ccede967174145e04adb61e640c84f2f22d931,Mirai,arm,arm:3463743351854248328,false,train
d3f02b1ca3307852c033970596972b009b22e6351e42e9ab42856a1c790cd351,Mirai,arm,arm:8380136260867033290,false,train
d3f9d0cfac6f3ca2a3bdcc12299102d1893c58c09ecad114b0858b2084d98026,Mirai,arm,arm:10956903993868105888,false,train
d41579735edbf373e76f8a0aab1475cdf42cae82fe06b18ceb4a782c97c8df18,Mirai,arm,arm:13659025494794917408,false,train
d42ca5eede7fa8575055b88ad7d66e5e47e7b7e53e2ad9dc347c7a0919a72f37,Mirai,arm,arm:10423013997065198856,false,train
d46e56b0bf5574ed570f0133c8cb77e603915700f8ffd3753fb06eecc2372bf6,Mirai,arm,arm:15926021245393972419,false,train
d4fa5c46323319b84758f3d17b5df443dd056816f4c7622773e6a66799bc8cbd,Mirai,arm,arm:7380079519562736724,false,train
d546180a2779ede2d04ffb954c799364adaba26b9598c2fe11ee45509177fe54,Mirai,arm,arm:13587812998686930961,false,train
d5477715397b5c67b8a2038168eaf4ddad0d493905ed1c7f9861e304a19d0f43,Mirai,arm,arm:18253644281907120690,false,train
d5541d192b443696768ebc19172b5270f5eeb498e4bfc4ccca3481708ef1f168,Mirai,arm,arm:95957667096326525,false,train
d587342e56bf09ab83bc8b32b161315db9a49f16c141ee1c746711367472a874,Mirai,arm,arm:4733977726702502422,false,train
d5f3e8acf8b3dc80fec0d72edfd1c0e3a70ad57dcac2a82f83054eb95334b5f1,Mirai,arm,arm:12960454800875194707,false,train
d63fa000269560c17be0a5d6bc9f4dfac726f34af57d648deabf9e749b20d5a6,Mirai,arm,arm:11727112018461950739,false,train
d667869fd5855933554524ae27a71e2ff474e82942452b33c2b2b0efe2c12694,Mirai,arm,arm:15567525301852295447,false,train
d66ca824d17df2b3b5f1e4112ab7971cad4f79826bf43483f5c1badeecc89e3b,Mirai,arm,arm:14567921474319557291,false,train
d68b203aa4d9061f362b1aff44cd5ba318400abfbf3932dc540312850b7da55c,Mirai,arm,arm:142737265318805901,false,train
d6b4677d0eb4caf450c4165aebc8dbdb10577d731db01d4861e09229b59c0b36,Mirai,arm,arm:17977090774197708001,false,train
d7619211926c42b4e2e1c9e287711579b459ce37699264a27a6122b1a4d14672,Mirai,arm,arm:6717075599235045648,false,train
d7c933920d57dbd609ca7d324bdec5e4ae93f00f04088e578f1465b1a607b012,Mirai,arm,arm:6135520247722346785,false,train
d7cc4f1bb692bb5a38b1a7f0697580ba3d03f22001ee41a5865b9cad65c8907a,Mirai,arm,arm:3067449255510989777,false,train
d83224a5d9f0510099dd74fc678f9bff527babdb547b6f0175d57df57e6b83c9,Mirai,arm,arm:17977090774197708001,false,train
d8356254e573e9ffcad209f094d655eed73357bcdfafb95b603d2649ce9132b8,Mirai,arm,arm:11797842313571262758,false,train
d8bdd49c9941bbed2c74e40447a94c60322dd173709260ca830b2e954b11d577,Mirai,arm,arm:14962861935765999303,false,train
d8c3c0a9aa7f729785ab69d08f0236afe382c0b288ce719ea243c0f53f7d1617,Mirai,arm,arm:5493277074150041104,false,train
d8f30da6137b3d61515c756415cbc0b8eb92b206d94109810dad973d678544e2,Mirai,arm,arm:562257980933882799,false,train
d90c7b28947b744969a48b9a34dda09697e432d693706469b9ee3cc3af9245f2,Mirai,arm,arm:17977090774197708001,false,train
d92481cc54b4a9b5a0e18cc2e6da5f9b7ac0df90374429bccf42347cca1f1d97,Mirai,arm,arm:3656404603462424181,false,train
d9684e6929e9f819dd3d03b04e31469e08f2f434d4f11642b7ac06770479c4c5,Mirai,arm,arm:2356220170272126603,false,train
d97be5e150df9ce104007acb033a475ccc3a23512e877de1476ac7777ae91f93,Mirai,arm,arm:17977090774197708001,false,train
d9911eef14b072a43b418febc3959dafeba1956d97187acefbdc0f2b6d4d3006,Mirai,arm,arm:1504436410392557909,false,train
da3b9edb904e299e4088df0aa00e473796db60865c9ac0bbdb3ee7ddf3464fda,Mirai,arm,arm:14410338309929457451,false,train
da458ffa2fe13e5ac446c130cdcdb03260fba0b459c6710ec996f2f59d4be807,Mirai,arm,arm:17977090774197708001,false,train
da7589edd160f55463b61e26a2cd9db91ecbcb60c240d77a3636dad576289ff4,Mirai,arm,arm:17577308007127170466,false,train
da814d7d573ce413586c94f499d3176cfcdc8c94e163a4d1bde2421c083079d4,Mirai,arm,arm:1709913060661453790,false,train
da9b60e604bc490a3b7db49322bfdfc7d22e014d4964245439ce4c533d150087,Mirai,arm,arm:2087817336660202794,false,train
db39648d2b064c29590d0117b62da5b286bbbb6b384d820f484e75d99192f659,Mirai,arm,arm:12931116054957919296,false,train
db639fabb7f70bcaa4ed58b76638c355e445355892386a8c288cb6342cf1d4a1,Mirai,arm,arm:8809828549959746792,false,train
db7143e95adb446762d45f43a79d53837641ea93d172f0802b6c2f3639617614,Mirai,arm,arm:13001936493864163555,false,train
dba0e891244c23d4f7686854a3a8a4715833a23be62e5e69d66572073e4c353e,Mirai,arm,arm:8402158559543552452,false,train
dc4e5e7d5e1770ac3567e7840be790f333a65d706898abb2732e51f5b39643a8,Mirai,arm,arm:3128761066951071090,false,train
dc757f531545ca68c671b768d185fb414316953e5825952a80a6b9ed81bc8de3,Mirai,arm,arm:6344997247578032607,false,train
dcb49af988d310d402764de8fbf845640dd0f324619c82a739e294d866963af7,Mirai,arm,arm:15001342326121049630,false,train
ddac2400ce56a9f8a02fe9e13c4863c2629c1a9c4d4c12687f4aebcfcd534f45,Mirai,arm,arm:11172855541637533561,false,train
de02928ecc9fd02b63998fcd29940e2a6942317834768564c17183a7696706f5,Mirai,arm,arm:9903841701084405973,false,train
de14cd971bd9bad7194f8222385fe9f82247cb7f45db0c908fa258d61a87a5f6,Mirai,arm,arm:16886633778145423532,false,train
de6ad03aad6efbfb07b37897af6d31f98c867387ef7c69e8894300bcc5b7b630,Mirai,arm,arm:3769860794446192738,false,train
ded75496b850a0f688879b60c0852fff0c817aab22235a237e7ebb46cf690acf,Mirai,arm,arm:2426128658493786324,false,train
df0923811f63d2a13dcf7414421f5a1258074cc9b54b87c800fd7324bede6d30,Mirai,arm,arm:9127089608135244799,false,train
df113f3cfbe8a7e35fdd1c1619237c22cfc6b83bceee3750ae170e7189c26e22,Mirai,arm,arm:17977090774197708001,false,train
df88a97e647ba0b37c072454f8fc3234df456878df6777faf9eb6ddc6ae7eeb4,Mirai,arm,arm:14287936123786176998,false,train
dfb9efe22827b04e1f6107733039de0cb35eafacb9ea3fc75379f30a8e7792b3,Mirai,arm,arm:10504817092730874377,false,train
e065886f5001fea445007fd4037a46fd5b719ea5ad12f6d643a9674d3be4f9a1,Mirai,arm,arm:8465064160831618348,false,train
e0cdb47b419597457649aef9ba0adab95e1c75a40a2c24c9d680ac9eddcc8950,Mirai,arm,arm:4999117731180070469,false,train
e10d9d14b375bd65f074afb28c86d8d2e23baf6f7a4cb62a294e35892dfb642a,Mirai,arm,arm:11269004592019919212,false,train
e10ecabb1dbe1db6eba4c54fc09667f7e526e9c75071130fe820f4ebea3226fd,Mirai,arm,arm:17977090774197708001,false,train
e11b6e13e60d0039aa31744685e3d9d23e0cbe9d96420f09f761220d634329b5,Mirai,arm,arm:17977090774197708001,false,train
e13396131e2df7ea687cc71f3d922f6e937c91b353686d43dca7382665fca5b0,Mirai,arm,arm:17372486028458564554,false,train
e1ca6578de75c39f4de8e0e6ccde97f29579349a1edec0835e118d58fff77fe7,Mirai,arm,arm:1858662586746481438,false,train
e1dee78c24b4e18b33f956f40d2556600b0cae31a9249feb31351017a2b99eab,Mirai,arm,arm:9267076861144803353,false,train
e222d433e0471c04cde03357b90f5bd50e96c4d514dd2b5826d9328bf30dd1fb,Mirai,arm,arm:11987756549546903818,false,train
e22b3fe5bb7673a8d65ca96bdd9057096f9951f3df53e5e0e9dd935e86b501c2,Mirai,arm,arm:8834999086208466656,false,train
e26a29e52ed8db305a920d4b77aea2bf3f1afbaf765b1e0e0fa5731829639538,Mirai,arm,arm:12471319605260981693,false,train
e26f8dd5d4e6bcb2cc98893d08c18a153fef1a9af6677dcdab7f9390babf8334,Mirai,arm,arm:1281903067647002102,false,train
e28318e111ef742c3df51e29e5cec13f045d61b829265c5ebf38e4aa40eec246,Mirai,arm,arm:13885941199431792131,false,train
e286e4c8fd86605e9dc0b8b812581b30ddc7c79ab67bbe0918835d844d9f4f20,Mirai,arm,arm:1250169558877205072,false,train
e2cf196da742c45695e42279a6a8e886f974a9056b83f4a1921a500e1c7cf31e,Mirai,arm,arm:15881972566598491904,false,train
e34a26db35190f0484c451f1f942cc7a7f9a19b8efe8a5abc33af35d38ebb3b2,Mirai,arm,arm:18379195666437185524,false,train
e403cb3ef01ebeb627a0e4271ee627d136c2c18f384f18b46d1cf5696a7bbad0,Mirai,arm,arm:10949370433627734398,false,train
e43c3cc6c749f6b49828f6f6c9a4dd83af595e0f94e2103ea1a5cc7ea98b4201,Mirai,arm,arm:17977090774197708001,false,train
e4489c956e2ee7efc44995f5dbeeecbd78aedfcff58f67d1f14f01f22d24a393,Mirai,arm,arm:940995018417988442,false,train
e48dc134a38cbf2573fdb3c46a81fdc792074b5eb9b5a5db60cf515f6d6f92e2,Mirai,arm,arm:3654115309204680,false,train
e48f543e9cbb3a23251b3a1428d120fd57b2d869db8c5647d38f793dddc689d5,Mirai,arm,arm:5690455174802951392,false,train
e4a6bd6668b9370d0e00440cdcddd2694f1f3e0989e462cbb1ad294ea948343e,Mirai,arm,arm:17977090774197708001,false,train
e4da123aa110eb620876a534ce6fd58324e5182fa76df8725729d44a04e29163,Mirai,arm,arm:15449065417823464519,false,train
e4e2768b4835574a753cacf680ff21401da3539d0ff6b653454b443329ec7115,Mirai,arm,arm:17977090774197708001,false,train
e4fe2d2c57158a23f97b277e9ac25db18e5947aa9f22a15b33461ad079f5a084,Mirai,arm,arm:10478792149522078563,false,train
e524418ec0b2c5055d768a2346ff92690fca6adf261170971810e1bc9060ae32,Mirai,arm,arm:93273794374064883,false,train
e5256fc95a64f6ae9201651a2f8439979f07facd25fbcc6fa1943dd82b032486,Mirai,arm,arm:10617017701922024334,false,train
e60a7871025bf3e6443e703129caef4304dbb7850686c2503f7a75009dcb4be3,Mirai,arm,arm:3806125935885152303,false,train
e63f6cdef84a0756545f4f97f7aad24523861faa772e60ade4a8c9c808549913,Mirai,arm,arm:17977090774197708001,false,train
e644f79fb578ee2e65e490167a2d50c6a503221da2e6e6dba4e7e6446d4c4083,Mirai,arm,arm:11253202032963824016,false,train
e68030d2b08511e3197d7aa2ac79f18d733d8761bad07b8d38a4ec6b680d9b43,Mirai,arm,arm:3568781308886994346,false,train
e6981fc3f673d0cddc71809f45ca3fcb5535c4a4442fff20d8c87df3c1f62357,Mirai,arm,arm:17757719102357598988,false,train
e69d803a1daf6a7a691df0cb0322a9ac6345fa62669dcc6bb72f66fb19ce9c8f,Mirai,arm,arm:3626754713626271844,false,train
e6a49d0fb75a0a36a661a33e02f542095fafc5b0494671bac10090f9e46e2521,Mirai,arm,arm:2573152607263574092,false,train
e6d75cd57f6d559851e9da904f6675c1bacb32040be3c15d43e2af9036d021d5,Mirai,arm,arm:16382201062827191849,false,train
e73a7c521b286d7dbe601016765d52545ae43469c731ded3b1d885c535492f82,Mirai,arm,arm:8150273497688366081,false,train
e73f50c8ee1c37325ff7e39dd4c5ef51c02e1a7e69891245e7c557195fd3b144,Mirai,arm,arm:440361431628813399,false,train
e74d4a70110308d42c79289e5feae132d5f7a5dd8664c90224b851f3a1da0e99,Mirai,arm,arm:10686036789877185495,false,train
e75cbd0abaaede031fa9cd15be66c14ef8076f5ded5e38b1665452c65aec2c44,Mirai,arm,arm:10392829975424805703,false,train
e7946f078d27ca799b6e377271125c428aef5a8394fd7ec30bec6626a034c692,Mirai,arm,arm:4958125963232401862,false,train
e7b119085da952fb2c13e697023042d9c5359633a520781b771b8aa435ed9b96,Mirai,arm,arm:15824196585051444088,false,train
e892caf2169ba123ad66a41e0218a43bd947d5e8d9e254adb757baca10b88baa,Mirai,arm,arm:3736578507908665688,false,train
e96fc75be79ca665c89b6f511699c849ae160abab65f97820ba795619205183b,Mirai,arm,arm:17977090774197708001,false,train
e981e5ef37ec76291a0ad11fff4c5240a09f1f7374b8d93cde9f518e9b036c81,Mirai,arm,arm:6150745273342867401,false,train
e990cc900ecc51cbb73006c2e732b17a4b3e4a8509ca91369171c9f9a0787e27,Mirai,arm,arm:13041388857554044885,false,train
e9e0137a29038bd41c9d8655ad8bd0bcbe397a2cba8f629debd8b45ea5649cc0,Mirai,arm,arm:17977090774197708001,false,train
ea2c90039a9d4f15204d4b705a8657f77c8600a2f0e3626840c7bdcb143e185a,Mirai,arm,arm:6528276705281367883,false,train
eafb02a8096507d9cb472aaa1b014477c0b7d27645b7c1891e66d0e97c1c3c34,Mirai,arm,arm:16367686441044370770,false,train
eb24caabc7475dd51267d03b3a52d9cad2e7791fc8cebedb7964e585362e9250,Mirai,arm,arm:8779951068424707621,false,train
eb4c2a238c2f051734afa7512d8f052d41bedb2026dc0eefb8dd055a970f1364,Mirai,arm,arm:2101937896558056095,false,train
eb98bb03938c1441269c1dd47a9eb44400607b9d92c4bd4ebbc6cae323d0e665,Mirai,arm,arm:17187213579236264401,false,train
eb99f4311ba9c154f0d202686adb0ef8fddd414c91ead23d2185315539e7a05a,Mirai,arm,arm:5412402783740271383,false,train
eba58d6d03cb7985b08ce78aef33ece96d41be607b0c4748b0a46cf7203d771f,Mirai,arm,arm:3590958187958272894,false,train
ebca70d77319bb0dd949484938360c864af6f46d8ce7ed150b92241f11494a4e,Mirai,arm,arm:4590683462801061216,false,train
ec1330bb7b26d691ac176f4c972ff86ba39fe9be28f9b1b5ef6302e106bc35a3,Mirai,arm,arm:17977090774197708001,false,train
ec19d3c007248c928c16290957960d486e8f54b2ba950feb171a1418157b580a,Mirai,arm,arm:18136501485174329614,false,train
ec20d11846a972e64d04a378ccbbc30f7920910ba5be50817fb57eaaaf521d11,Mirai,arm,arm:9095302620250408388,false,train
ec70a3cd6b90fcd976991af5c3b0f2d99029b969b1febecb0c58cc8ec1e6b85c,Mirai,arm,arm:14173813957223891097,false,train
ec887c1359bae2ff6456baa54515994c906f191d022f998b49435cf42a349246,Mirai,arm,arm:12795714243104410362,false,train
ed159151f237716262c3f1d83110931f2e540c1948be356e2511983d8da0f899,Mirai,arm,arm:10290496422017576977,false,train
ed79e4492721dc11a38449e840cc0eaf68b6270203ac6b642cc677890e036fa9,Mirai,arm,arm:6994022533291445750,false,train
ede6e7109e9a5e7e363e2c7d9c6028e7c47fa4d188a91213bc6b64117914d54a,Mirai,arm,arm:7264238728995489490,false,train
eeacf852e51605ba9f6b400dc6609feead8fed71a068506da3ca54a0aa74b539,Mirai,arm,arm:17977090774197708001,false,train
ef3684aec5388d2ac0e2508f976ac37087e6c5886bb8aecec20412dcd29425c2,Mirai,arm,arm:7261154160348215682,false,train
ef3ac9e02bc040fc4f0fafdb5035b095dd6285e94229d3e4f336d0fa2eed7ba2,Mirai,arm,arm:1307749980585259975,false,train
ef3e1c1fec2bcdd2263855980ad58cef913655b1f86a5d0338b97e6620692c66,Mirai,arm,arm:1340942264828035001,false,train
ef4da0487969b7fdf6e95eb1a6ed858b9122669b38679e6bce4046fa94340e44,Mirai,arm,arm:17977090774197708001,false,train
efa4b1586912450b972f370a750961d220f4dbd756145009592498174429f0ed,Mirai,arm,arm:17977090774197708001,false,train
efb678786b87c0890b2f1110fd81580424b2a881636f5265e9d7d55ef0f4cfe0,Mirai,arm,arm:17977090774197708001,false,train
eff9ef9396826d5bea95181e250b783d5bfc2b72e5aa702e82c06178e3bf006d,Mirai,arm,arm:12758818707423357329,false,train
f0126bf15b89bdfafbf4a0d846c0dc60baacfe7c4c161d993ab24d9116dfd34f,Mirai,arm,arm:15876644571360195501,false,train
f01b02699746a48c872b4a37f00fb787b037c96735b359a756f40ca5b36980eb,Mirai,arm,arm:17977090774197708001,false,train
f01d425f3a0438fe9a064513eb466722c3b779c839c332c2c663d8f68221a560,Mirai,arm,arm:13952638785462410982,false,train
f03359d8927d16a4d116eebefa785643a62cd51d9d99af1ffbd657fa03c45567,Mirai,arm,arm:14391845436991272006,false,train
f03f72bee458f5e483b204061c5d13b3b764049b69d7ea248171c0e8a726ae83,Mirai,arm,arm:11272410752020790108,false,train
f066efc98194a1f0d2796f04bbbdb244737ec55c7f2fe12b1602cd21c3cbf7ff,Mirai,arm,arm:9086978725522391095,false,train
f075484cb59888596e5945750bf5314b504b4cc391e243c89f587ebb0ca069d3,Mirai,arm,arm:17557566208382519104,false,train
f1336cc5704d44f08de9cbdbb7f1d3b73b3e8d451f024c68a6a5c49158ee98bf,Mirai,arm,arm:4445960827398663245,false,train
f150de1aa738166f8465e5fe64147862d002b8a59466402d23cda1c92c4978bf,Mirai,arm,arm:13920120410375733338,false,train
f15dd3333fd52751ca6be962ee511f9e3fdeca7e668ed950453e4538cea7a7e6,Mirai,arm,arm:3844679829425522109,false,train
f18a5e6ac36d4f935acb04fd40d9478926188599b076422dc3cea95bbaff699a,Mirai,arm,arm:9957118034768527375,false,train
f219e3ae2d38ed78615efd2ba57b95ee43927ccdebd7d8bc9ddfb49d97261801,Mirai,arm,arm:17977090774197708001,false,train
f2877683ed5b9030c88b677166d73ef8eebbdff77867528ae77dc5d3e0ffd86f,Mirai,arm,arm:1862355518222075133,false,train
f28c3ccf87cb7f52ae5af8fbf513d7a7d774c9119c4ad9b4f372349b316c6c98,Mirai,arm,arm:9387482214137572114,false,train
f29eceb750103f92411f039e355ee15eeb1f95adb07a81854bc2720716cacf29,Mirai,arm,arm:17735391491357586748,false,train
f2bbb1d0a7892e4ba5ba88be748dfb2a8e41b8ab1eaf8ade2e34a6b804986fbc,Mirai,arm,arm:416193322744435987,false,train
f2e107008782867251420fa66b1919c8c5301d323b72709c305028756198c5f1,Mirai,arm,arm:10651292608260085677,false,train
f31448d54727ded28736d79036ab5c847cd36508978f6aff06935f5b0d25b29e,Mirai,arm,arm:9918001602424001998,false,train
f35649c3b920bc334fcfe9f066d5ec31191a0148d438e3c79a1978996b46587b,Mirai,arm,arm:16869632604033412377,false,train
f3df9d22f41d4ac10a9eb1392624e9bcbd285940e693633764e88e0fa8bd0444,Mirai,arm,arm:8318952249638285974,false,train
f43afbaf96f10e497addc6b82ae9758134088da719866cc91a1c4c74468ed0c1,Mirai,arm,arm:2004165778584083752,false,train
f46cd6bc51ac78b3409c30310de813d7f3a1594148907426020c16e46d14eb6a,Mirai,arm,arm:4692151494569614260,false,train
f490cb68096137bd376fbfb849279b577a86c5836af5006a01bb437a1c3e5451,Mirai,arm,arm:4826812990881593391,false,train
f58e10d097674914c811cb494567f50812ae7fc3c3c42919f48268c35f2a1cb2,Mirai,arm,arm:1466802859760967772,false,train
f5ba01590df3492a530d19af7f92155f2e822f822a788a0814973e954c9a4259,Mirai,arm,arm:3059904485224216297,false,train
f5ec069f87a976f707f715c6de73ed04d054706d79a8237c4f305d630e42c5c4,Mirai,arm,arm:15219790979190376749,false,train
f62bccbb0e3fad72141510cdf34051acc6d9d21f45d4a1d46591e0bd0b3a3f44,Mirai,arm,arm:7201746178292567165,false,train
f69a040b67b6b9eea4a4be3e525bf7613eb3701fa090c3f8a481163008e02631,Mirai,arm,arm:1065196859988661111,false,train
f69d5cab2321a34e21b015beb98192e16bae10b3459b3c46d0cfe495540655a1,Mirai,arm,arm:12846038507803866202,false,train
f6daba523484f0c65c2fa0601197d1fee8dd33b477081a3ddf5fcaf7ef29d381,Mirai,arm,arm:17977090774197708001,false,train
f732c9a43df880c97ec1415abb3599e6f23fdf5e95eb1e18f9533dd0a9eb34b1,Mirai,arm,arm:9174890963012845956,false,train
f755ef9daae2951e134b90296dd04e56f4ebf6b903a19dd6f42953da81eb0c1f,Mirai,arm,arm:7201746178292567165,false,train
f7894468b064651dad72231a5dfabd0c37017c1d7556f90acd7fe1196ce859c5,Mirai,arm,arm:8622286040886275276,false,train
f795769893f50896bf3df269b53c966f2f4289f02e3a7f510330e2a4db6bb08d,Mirai,arm,arm:14154096276152057939,false,train
f7a4907d94abc349c8cbad5d8ea4b35c218c3602d3a7fee29097c8f3ffaaf13e,Mirai,arm,arm:1158331284056176199,false,train
f850833f578a31d7be64cd7ae668dc51ab6544208fa0a8b1dad31415edad1dc8,Mirai,arm,arm:14994917663756111538,false,train
f882635506de7341e6a969a06d07561e85974bca257790193e07a7c3f89b26e0,Mirai,arm,arm:17977090774197708001,false,train
f8bc63428a2d49e6703a62585c01c70247c5e7c8ecb95c4fdd147a25317776fc,Mirai,arm,arm:14805393377890915143,false,train
f98ad47c102380290927c6b11c9b3139312a876dd4550f6d5609a3c517ac8327,Mirai,arm,arm:17905535542829749040,false,train
f9bfc275211105373bb8fc264c5aee2cd01d1c874b0ad98b9b281575881778a1,Mirai,arm,arm:2482458858420638597,false,train
f9e9078cbc6aee63539841cdced45be3f804252ca51cfa8a14d5abbdfa9e07de,Mirai,arm,arm:17977090774197708001,false,train
fa0cc8053d2f46cd2026cd1fb8b96e432e0948aae8f8f92723f16e926650a5cf,Mirai,arm,arm:334047910886252647,false,train
fa2252bf84438c6dc721ce4bb2fa0c4ae03317cc717845528eaa0d93e3104c53,Mirai,arm,arm:11181263102354107405,false,train
fa5c0b8d87ef8536c049e9eae19b8c571203beb0195169d2a4a232635425059c,Mirai,arm,arm:9759078715450499674,false,train
fa5e2d11c567ae806f9e7ec0f627f2bca7e86e856af1136251a1fdf91aeac0ed,Mirai,arm,arm:1704569167696358759,false,train
fa6a904e1dba8718ab6a14f2a70724845660a81cdf4621ddf04f8c5adf50e9c3,Mirai,arm,arm:11494141574461202110,false,train
fae1be69fad0d62e267bd290769236b9c243d84a8420460949feb9aef0aa2cff,Mirai,arm,arm:7375511397085501208,false,train
faf689c91d89bb10a40ce6c17d9c4b8ada2808e773815b9b4cf5328aeced55b7,Mirai,arm,arm:6803017054026481341,false,train
fb1aa5a27a677849540822a2a8416ca4fce3a6dd603f1b2a6783b4009d457963,Mirai,arm,arm:14837164751952640971,false,train
fb2a7f62cc9656cc56847c6cd7e3362472e0e15d0b692b3da88575729043e8d1,Mirai,arm,arm:7051009374453226263,false,train
fb2b331efc42895e433825ef8714c97d46f3869bb89c0230d0d3e84be6affa1f,Mirai,arm,arm:17977090774197708001,false,train
fbc6897193a97dc257ee8376b559eebb8ca30676dedcb429aa2bc6d306121860,Mirai,arm,arm:670494147905330466,false,train
fca33bcad47a538d8cd57f3332a2d8f36bda14686b609fce650a4f251b21d20c,Mirai,arm,arm:1520108097709873860,false,train
fcbfdf94e920728f47dc0437e8d7d2c9bfd650b8d1d74cfd3ceb3739177e5fcf,Mirai,arm,arm:14217302984434721542,false,train
fce2059db655f7ed6b6ac7c39de5e4f9cd6dc4e4b2b378d5cc5383444473ba7a,Mirai,arm,arm:5171579633751690802,false,train
fcee0e643d29a0a06bdb2005261fd8d66e385467208288db8eb7539886838130,Mirai,arm,arm:13289748834481742702,false,train
fd11abe71b36e0d93ec0ffd6ca748ee26feaa0ba7aac3101e3d9b2e4821f940b,Mirai,arm,arm:12807844763916988085,false,train
fd2a3526399e0a9e855efa692fb3d3181952064a28057ac9247b22ae4a54ece2,Mirai,arm,arm:11199142454032718567,false,train
fd8aa8d8896e8221bab443e8da9209e363bd12480f722775f8578a4ddfaf7415,Mirai,arm,arm:7942235234582678534,false,train
fe033fa2aa6c52931ff78e761660a3fda2f4566e5820562a1d0735a5b0bde6be,Mirai,arm,arm:1291234324585288305,false,train
fe157f77a628a525eb7fc064d9ed3cfc8aac4c5e18815d6745426e8da2145442,Mirai,arm,arm:4690965580447375992,false,train
fe1a6a551c567614c9801c31a69e4aa2dd12a711ebcca5831c425edecfa78416,Mirai,arm,arm:16617930859364495502,false,train
fe5152e25f06fa2faf64c56b1adacdfadcc19b9f542c84a7c8689a8cccea5530,Mirai,arm,arm:2923438165200171237,false,train
fee3ea1706cc1e04042084e466b182afa150038ee0ee6c8b1b179f55e0b25a14,Mirai,arm,arm:5688086020843767468,false,train
ff0e259318164b9627a3d230d85a7b0d3dc185075edd9112a3451924b4b6d056,Mirai,arm,arm:15562725260283240200,false,train
ff2cf42186839c0ce6324a9c01e3808a0c3c3151099528b21ceb1d2d3ed3d4ab,Mirai,arm,arm:17977090774197708001,false,train
ff2f7ae1bdf29f690907e5dce5dcbfdd40df8c20eef30c0c50cd1c61eedbc898,Mirai,arm,arm:17894227356539502035,false,train
ff43d1aa40fef7d60df86a8d74179ccab9abcec06d9c803faf0130559a42de77,Mirai,arm,arm:8820011232003521928,false,train
ff55258913352664be35c4d14c75a917cd58af166dd3f7914f0876d6e1d33fe0,Mirai,arm,arm:6692495495622105338,false,train
ffb64690d91625f9102276ec902a9b0966603442c821df8653d8f0172f0a7db0,Mirai,arm,arm:16455368619584300902,false,train
018e851fd31ad0b574b22e92f2b62a9f7fd1302a94ff2e9a5d12b98815486ea3,Mirai,arm,arm:1257227156683482064,false,val
03c5f68362ffbd72a192117f84a1bf4a9986ec33cbfc89fe8896b554f093df9d,Mirai,arm,arm:13047114322338435737,false,val
05bbea75b1313ccd485958f641dbbb21ffde58e814016ea26c3719bfe51069a7,Mirai,arm,arm:3319519142272078035,false,val
05c855859da5c2ac97ef0903ae707a08a8d0d1712cafe547a0631384012467af,Mirai,arm,arm:15015201184861194964,false,val
067965d354e54be67b8edb85f28883eeaaf796489721e3b04e4bc9fa62b97d90,Mirai,arm,arm:11805284705603567863,false,val
072e141586f82f1fb6a5ba1a2393a2549791ef082bf3fa2f2aa7cacd3bc5b5f7,Mirai,arm,arm:16255122726469645547,false,val
0768d7ff082f64fb97cb1508294fe3444ca2759f25ca7e51797ed1579c8830c3,Mirai,arm,arm:15677254917979613669,false,val
0839d6d1bb3d17793c646274d8bc0df9c3d9d4328450fec93947bfc6a59f61d8,Mirai,arm,arm:3771443020297277883,false,val
0840b09b8b7668f09b34e66673fab2e60c44785f9d1e55786f6038dbf56d921f,Mirai,arm,arm:9593556566276729330,false,val
08eff21810e46fb0989bb39a6cdd812f32e064f2f038e7a0a6411e79e356b7eb,Mirai,arm,arm:10236610396762721414,false,val
0c5723b33f25c748e9a3722f0307aefb385cac2a490f4d62e164746b4d94650d,Mirai,arm,arm:16824528823874267365,false,val
0c6622a3a947315c7b50da2a3bf9f39277236c08e2054ed2cd44f3faf63d928f,Mirai,arm,arm:16824528823874267365,false,val
0f2a7374f4e26887d54ecdc74f8599b8ecd005e2f2d71c33dafc5c2d0959d466,Mirai,arm,arm:1050704564591192608,false,val
0f8a2b76a6b12159cc006a8594d49e2c75b1cc67e57fd700e1ae0f2d849e821a,Mirai,arm,arm:5104645564860539785,false,val
1090f6fe0a01963fc0e7c8baa9de91e0a8b8fe9fe768315198a22cb8b2707544,Mirai,arm,arm:521495540764707674,false,val
1259a502f523998339efc349acef2be562c695e4ca18c79ad86e6a7bbb6a7f10,Mirai,arm,arm:8076140019753232604,false,val
163bdce79f899b4da1f9da3296726ae7cd4aae05c14f95a595334f7a03790983,Mirai,arm,arm:16078962268293981154,false,val
18c7d57cf690e5210eff413007b36d2948c786a68765f2a1a48dfe03a55587ad,Mirai,arm,arm:2641987085108337604,false,val
1bdbefc4c667700d7ab6e51e4067d5bd8333996fe241b7e640924b5f3d51d8c0,Mirai,arm,arm:13028149945525963463,false,val
1ce09e0d987e8f57ea0a0c66982ae5d48f5a0588ac3ae640c72032bd009d226f,Mirai,arm,arm:7342850484200284041,false,val
1d41545cd5b370950a1cf8023f5f3d0a01d958028fc2279516650e1fa306b7d5,Mirai,arm,arm:8349493168966763462,false,val
1d81933769c1bd7c68f196ed9af69d848460e134c6018ec3c52101735ec9507c,Mirai,arm,arm:10385861546490403922,false,val
205844a902c6e9833e92d8d16fc5fac90dcc639635f021bd26cf97e09e0dd256,Mirai,arm,arm:9394115396823091493,false,val
2134ab68a67cf3db16b9629cddb6303523bff2907f5f7e1b1ce4e3784ff931f0,Mirai,arm,arm:16059268112810693664,false,val
22bdf20ee05e5053519827d235b2d0d4130e691fbdeccf0a6314a363345ea776,Mirai,arm,arm:16824528823874267365,false,val
22dd3fb910497592a4f78e4b761ab3a4baf97815be003ada6ee60b51044a49e7,Mirai,arm,arm:17596664521114368947,false,val
23423a3649fd7fc9890093ede3362b0ab4fa9282b855517f1a6e73bb14e795c1,Mirai,arm,arm:4683887354712519604,false,val
25075a6ffbffe1c47d257c32614793b0021050e3dec96806b1fd456667879f06,Mirai,arm,arm:10581351857335977215,false,val
25613fc6fccbb700597042cf25c0662567f1cde4e76c1d58c7687346c82e1f63,Mirai,arm,arm:12281396247943258356,false,val
2678f7f3a94838f3e491a3b28a733b665b83913655d98cce3f83070b1c31fcd7,Mirai,arm,arm:5171767172811771875,false,val
28c7e29af16dea191f9810b119adb08b74d7941fea0d4f344f8fe6b268415b60,Mirai,arm,arm:1668858208964973658,false,val
2e378e867e8f1632d2727ee575a3c2fca11fc3faead8fada9c1251cfb0b4798f,Mirai,arm,arm:15419809627047738495,false,val
2e9be784329a762aa3c43b8a00f9f043f465223cb4a81ab35fae7715fea2bbda,Mirai,arm,arm:10272006284491563277,false,val
3484ebaafbf1e24a6566b1afa2f1ab4b2a357f5b421450dd92fd47aa7d4260e0,Mirai,arm,arm:1432592330266904646,false,val
3664218d03abb2afb7e6a3c8328760ee35ec9c85ec2708bd1f566121e7fdac94,Mirai,arm,arm:14007239658862826301,false,val
37ed08fe85e889ec98492d702ff04d4040989ea56d269cc6301e4e42dda3acd2,Mirai,arm,arm:16170454272747358376,false,val
3a031b987e6e1fd195c9dd64db6a45d85356f82e327388bce37bd66407fc6b07,Mirai,arm,arm:18021298432543463096,false,val
3cda4f664e68392fed077781143242268842a8a13e998508ce4128d84257004a,Mirai,arm,arm:11871251010009440717,false,val
3d9ac97293a09ce3ee952bb4fbc117fd6cad35ec24526bcea0e3038b222865b8,Mirai,arm,arm:1399904038707602070,false,val
3e1c4f38925ad5bfd21a6d6f7463c973b3effb55c80bb119b014fa9151bac420,Mirai,arm,arm:17263026787678213074,false,val
40bc0a49aadb682057c742f78e147edcbc0209aa05d48e3b4400682aa9c58773,Mirai,arm,arm:561395239546223654,false,val
4240ef8050ea2f670635d1053c857190182b54fa20b7407f94180f2c99c6ab6d,Mirai,arm,arm:13523386062166811715,false,val
45b98bd66c0a1d270ec44d868fdc6874a95c5d0482fb038f87584b2715d01840,Mirai,arm,arm:3080773597906774730,false,val
45cb7468e0f8e77be72475b3c2bd5ae8760165ae9c4021e838e47d7ffaa2e8f9,Mirai,arm,arm:4697821233794592706,false,val
49441b1894f162e13ea14347ccaebecebd0b4e659100b836bcbee33c9f22ba6f,Mirai,arm,arm:3892498670924318955,false,val
4e4eecd1a29c87db610958743d99b7156ad92d982d4577e56c7993e925068d04,Mirai,arm,arm:3443276259479437378,false,val
4f2454067eccb737ab729c205333f0c763405a50f23f002879b52ceff3e30228,Mirai,arm,arm:4113043031140793947,false,val
50886d171ad10085b92188b20f5bbef78ae9cf425f7218b3c34b6290a25ede22,Mirai,arm,arm:12268391593253582974,false,val
50942e54f884fe7c4c82d01cfae55b93ad4c83e1c39080eb3e065cef55f7e3be,Mirai,arm,arm:7642826997917205011,false,val
50f92e8075430eb4348a77fbb4c7d3cd3f09fc1f7659b82485fdf0632fac24c7,Mirai,arm,arm:9366392114443627126,false,val
51f466c360450fe9a31b3c1a0ca9bbc6182d03bd3e40be15818b141de6fb6e10,Mirai,arm,arm:7544485906210166908,false,val
54d3cb37f0ec53fa1b78a7f33a9e52d9b52d457c888fa9a726b5b1ebe07c8996,Mirai,arm,arm:1872826690532735570,false,val
572a4e95aa6c1bf7d74162f1390930d26e7dada0ef5ed16bf106cb8e32ef7e5d,Mirai,arm,arm:6646049644615309113,false,val
5be905a13d82bc3069118698809bd41181368da37c8f98ead2857f4f7342ae06,Mirai,arm,arm:1003967575533323498,false,val
5ce7b80e916cc58c70fc1769b4520bd75919e3551d3efa917ea5058bd3bbaa8d,Mirai,arm,arm:17259093902220628358,false,val
5ce8fe78390cef003c5be4b4132080b0dade4d71a2c82f6015faca5b055836e4,Mirai,arm,arm:14038120336578643283,false,val
6023d3a78873210abd5c7cb3c4cb08d0004d29339ea8e6e602724602ba402247,Mirai,arm,arm:9286984049902453970,false,val
6101d467422be53957ae5e6711890e52a85ba3efa281db6f1aee3d50998427fd,Mirai,arm,arm:10317117957344879327,false,val
611efbfc3d800c940b6b011b2a8c93876421f343d917d36a49005040b89ba2cd,Mirai,arm,arm:16719679293184826467,false,val
6166846974c38295ba28cc032027814dd79b38040f29d42d1ed372fcef523a74,Mirai,arm,arm:12351395870400150999,false,val
61bf036206ca0119720752d33ddfe87b9f44bf86495416b2c0b54f230b7ec618,Mirai,arm,arm:14215826837740486978,false,val
67363933330fd8f7e714a212c5a480968e8531231285671fa8142ed1ae8c6646,Mirai,arm,arm:9838438731878619574,false,val
6742e351bc151158ace6b96a32f35238e8fc4184131c56cc0476ede70be51943,Mirai,arm,arm:4099723896948118364,false,val
6d1a8d361ee7753cb8be4531debcf55c962c4ec7542db2d77c429b435fdf22ae,Mirai,arm,arm:2306621862515713118,false,val
6d64dddfb8355b116e5a5de1c677ca45fe1964b4f85812c937b97c12b972ffbd,Mirai,arm,arm:11900492674642810021,false,val
6dde90ba913ef30904f1b5cb7ca857d615ba8d81c2240f257ffd8f973640014e,Mirai,arm,arm:2342181920662718780,false,val
6f2f895a459df3c6a48267d1c32810b62efad06ccee827a72208032c6459bd6f,Mirai,arm,arm:17410722900358563289,false,val
715567e24f8b8ea94443addfdb05402a7a8a6d0d1e0450e3efc5b12b6053d80d,Mirai,arm,arm:17823432747820053053,false,val
721f421d2158865f8d0ffa0b552784bf702fa12783b8359411fe0396a718abc7,Mirai,arm,arm:16988624541518726124,false,val
735058de5205002ea81c57a098a5687bc9a420d3f434f14da54d86930fe00677,Mirai,arm,arm:15106008895807707946,false,val
73d2387ba51af079dc40d1e78deb008117a954050ae7a5cfa893e1af4f47c033,Mirai,arm,arm:14372429911502062117,false,val
767fe77af20a4c98c32a19ff5d92de74914a2604c10b3e610c452717e213ab35,Mirai,arm,arm:17743285063212585684,false,val
77140f9415e98d571f4bf740e99f05c4d5e1fde62fa57ca34bf74e4bffe92b08,Mirai,arm,arm:8584569298620537155,false,val
77f0aa61a6c730fe062678e9e988f4d295b163c8d4f0863cecf0b0a9095d1b26,Mirai,arm,arm:16824528823874267365,false,val
78aee89e40a6a5f24c11c26102105b13df0b6209492d7023a485254d93a2f61d,Mirai,arm,arm:15480396656124058546,false,val
7a9014e9c8070fcadea3abf651722da017a1ae090fee84a9fe2fe5e60fc09c5a,Mirai,arm,arm:5188020538845888794,false,val
7ae6c0ddb607f597d2a8a8c213907c99048fd22d158f1bc7d47821f958a68838,Mirai,arm,arm:11972779556431553057,false,val
7bca217a084040d7ddd33852487ab50f5725dc18f9c04d99e3f6cfb55fdba601,Mirai,arm,arm:12647396888517918146,false,val
7d35902d5ab84f4ad10c21ca2533d6dd8c3a7a364453cb5e03f1edc4040950f4,Mirai,arm,arm:3365204049048379539,false,val
7efbc0a5bd56925a3fc6a50e56e213ac3578df2449e73b70c220e4d35d47e9cf,Mirai,arm,arm:9389650663116275312,false,val
7f67c5a60065df491ee34c92909369c3f15370637e6826c1b04de5cfb4d0d7bc,Mirai,arm,arm:4776561005728405530,false,val
80c5187ce8a9623dba06ade9eb6ff1010166b24dd6c3db237f710f035ccefd93,Mirai,arm,arm:5104645564860539785,false,val
81297e1e815e94261a7226bddc258870422cfce8b445df33cb900a6df3dfc0bb,Mirai,arm,arm:1590545697705962802,false,val
8223e71f3c41b076c55d18a3df89bd04403180bbc5c6510efbced6a213087387,Mirai,arm,arm:10726256245835032564,false,val
82490ce4fcd8038ec69f69ed79b7548848a88cb1463258687b3ba5759da5f0cb,Mirai,arm,arm:18401913273409700737,false,val
82c16cff9cc311519471e6e673418452016b0764145a7e5f54636494f8315fb7,Mirai,arm,arm:8151869471914388402,false,val
83feca70305e5c6fe879c6a04e7e3523a84226f4e9faa4eaf941e006f497bd72,Mirai,arm,arm:2634159700381763155,false,val
8a475c47900b3fda65dd4b3c54093b8a2ca776d10b81329df403790ce5a94c4b,Mirai,arm,arm:4713470928824795245,false,val
8b97bedc07fbe52ea5cfa99c4d612549411606b0a275011f47f53ed65ac392c8,Mirai,arm,arm:16824528823874267365,false,val
8d96f60f6bde454b96b52617d67ee48f8d22bd6b4485e5c1babcf228a8c5a58e,Mirai,arm,arm:15619630989981061878,false,val
8ff5ba7bec029faa6c68a12d56a416a800fff295e8f21bf5693729465f576e7a,Mirai,arm,arm:1968046142217149681,false,val
908ee35804e1be53403c09125fd031852510142b9e31dbaf199b4f9f0ac057c0,Mirai,arm,arm:3256855227049266664,false,val
91553e1054b9c7188d3998093e6b8d5c55c6168f87410474fa1d513eb02f0ae3,Mirai,arm,arm:434581706187294933,false,val
9586f9206c712c4120f23cf5650ab79aa9058cde3a5f80b7d53abfa316221934,Mirai,arm,arm:116303509825476624,false,val
97db5b6f7f79a45702b5d2409757510805bbab4860bf2e02bfdb1232666c3226,Mirai,arm,arm:14138099177482194931,false,val
9965aea34b38c3c1ec05eaaaa9609c0802b2c9c3f3f2d006a7a8e6e9fddae3d5,Mirai,arm,arm:8724052266703141434,false,val
9bad1a4b4ab3fa0ec21f44ec6addacfb8fdb611fb440b265f535ee30db5a65f6,Mirai,arm,arm:13360801294996439180,false,val
9d3f29c4ae3497ef9ff82e8df068c3673822cb2aec450b5d4e65e59e68e97c41,Mirai,arm,arm:4820838399061664386,false,val
9dfbfb16ce53739a44b56529b467c2b5ce0942661966bc8be613f7d0a2ec4058,Mirai,arm,arm:16579618250146760932,false,val
9e65544181347dab0dca802511b01240502c37aca4e410d717a8312919dcfbee,Mirai,arm,arm:13560227454159827200,false,val
a259efb332e7e96b025a89cc549345e76dcd491a081d0bb6b7aa2f6ade72925e,Mirai,arm,arm:4025127491182084771,false,val
a3d2fc45d2b21049c48369e5277ffd39d45e468e3c624dfe5e4201d37041b81d,Mirai,arm,arm:12691304980533099947,false,val
a46a9feeae164800ac8ac255f341e55342b5daf1d69c19f9ac0da9537a82ed90,Mirai,arm,arm:8326360705156743744,false,val
a582464dfb735dbdeb15996631545876251603ff08546792a730fcabd3750003,Mirai,arm,arm:10222779904181420303,false,val
ab5456a6edce9c913befe2e44880cf407d94ed6151edffc3c2a0f6f3a80250d8,Mirai,arm,arm:8408927181218530546,false,val
ae4a4f69f222764f297ac855b32fe755be1c05590ed7a9261866dd2a225d06d2,Mirai,arm,arm:14688866302200706309,false,val
afbdeb2cc38e78c8403fe7fe2a4b487ecfd286fc75d91ea1e685e952075d360e,Mirai,arm,arm:2663887266796554660,false,val
b24fd8e1a9c4ca831c6796caec25b8918c2439ed165fe8383931498a498c1b28,Mirai,arm,arm:16009706187217099912,false,val
b41a75a6a80ac5ec7215bd14f7a89fc2c58a24b1a9f3861d70534888c0eca283,Mirai,arm,arm:283014068289441973,false,val
b5b59b9337010e9d4f82f4c1568cdcf2e508fe69e8a9b7529a5209c786eabae7,Mirai,arm,arm:18132512939414096257,false,val
b736b6081ddaf4ff01a2e6179017a3c6d69e35d0f6edb5166b8913ab23fe3e32,Mirai,arm,arm:2777437461976773593,false,val
b8ab6f63e813823e65313507933400016179c288ed2ca85f255e2d0a37879726,Mirai,arm,arm:6130387197300884537,false,val
b8aef4885cdee2202aaafbfa392766407e77fd6204e6c93d48a5469a392eda31,Mirai,arm,arm:12185789055670284997,false,val
b8b21abf243c709114bee4b4175d44080d66c820de28a6baf4f38e9405aa59a1,Mirai,arm,arm:8224293450251903239,false,val
b9cfb7551bdafdd83683cde45d153626b17c1ea38911640954b36ec908f638a0,Mirai,arm,arm:1869970184436218459,false,val
ba884fb02b8ce19cab57568e9f6493c4604de66fcfc05e7f15ff767ba24cc3a5,Mirai,arm,arm:15835796844342702426,false,val
baeb706cf777ad7b93c6396a38ce7e60202b42752ecd2d86f751f40f66ffaeed,Mirai,arm,arm:7342850484200284041,false,val
c0ca6ca57df02f5711b9779c95b4545d4a497cb91252165af440035912d7f2f3,Mirai,arm,arm:9126837292044498682,false,val
c4011757e11790d88efced2fbd346d30eff5438f4d7e54dce32968b097c3eb99,Mirai,arm,arm:9692615410726899729,false,val
c45463b338ba3df135ee514901721b150ba2fa8f5bc9e3aea349845c0bc4d44e,Mirai,arm,arm:8402639804941847105,false,val
c64a634e19f3f3c331b88fa3839245986c9d14393eea1b57e08e84f7f483eb60,Mirai,arm,arm:10163274534831650188,false,val
c6add5342ec67c4ca12afb6e5d6b8fd7d305c9e5a115a0853bdc231c5d9f0512,Mirai,arm,arm:13356213986898126875,false,val
c6c4fb95177c776bb30e5b83b8376653b4bc3a09628f9086067aa8789b564a03,Mirai,arm,arm:13676048047651517374,false,val
c93dcf3baf8572b4dc51fd4ee100c142a2e6f831ac893f489f27ca9adb8732d6,Mirai,arm,arm:6887161775090434871,false,val
cab719f9725050a45f97a6de332fca92328201dc7491dab732696d37d173c095,Mirai,arm,arm:17219034996468808618,false,val
d168a91c8b403f814e57cd0daa426651e182ec3c22963c52e4c9343d97e34b95,Mirai,arm,arm:911291008278697799,false,val
d170393cb372a536d3584979344fa6c9c895b43d905bf6fa0cfb0a2052ad2e79,Mirai,arm,arm:15380631672542829771,false,val
d4b37eb306d434ead8b95fc8220c689432613b8093e11d11194d0730f621a811,Mirai,arm,arm:16970379892167237814,false,val
d650014dc909a3415d5360e3f9327e2e4d8585967638f1f6821557c1c14f835d,Mirai,arm,arm:13570785700001707248,false,val
d7272b979f40a23241a1b48296d3c6fd3b1cbc05137568310cb2f124522ffc79,Mirai,arm,arm:10046125837452136031,false,val
d7635f803c8cb9986a0d4daefad5169531cee6b67bc66a1cf6b5baba8e83c9a9,Mirai,arm,arm:883044050365356412,false,val
d7a4cd2c8866ff0a90c9e13197217632448755aaa2ee8c8f49c42633eb784f2e,Mirai,arm,arm:7716320857149736813,false,val
d91b5e21d5d45d94b543c43f3dc9c6efa235adabf4ef1f546a270190a010cb37,Mirai,arm,arm:13306101576378013359,false,val
da5980c1097733cf000e050c77ea28422189ad8be59b85903b8ec93f86273480,Mirai,arm,arm:7315770256334178174,false,val
dee17ab6abfdd8f8b517d594f6db2c5012ee01b5d247319329f53924bc2fefc3,Mirai,arm,arm:14290177790616768977,false,val
df16ae7afd66a4c6322b0e6e581cbdd84b900229b115f464c9c75ff502c57650,Mirai,arm,arm:11270316981422118045,false,val
dfb2c9a2855e8be96069615372330011371aaffc2551313eb36ebe5a70f1d054,Mirai,arm,arm:15219514209878400503,false,val
dfc7791cf38eba67049ca06e06a9c23a79ea9cc7b8c3fd6fd812de8acca9aac1,Mirai,arm,arm:2641987085108337604,false,val
e087834ad11fc968e801d1be813cc7f7d3b1d850e2a5299683d68c18e127641a,Mirai,arm,arm:6658538948826789819,false,val
e2ac24ff4ffbb16da3b4ba8fd5631d51a617a6e7100cabf92cef3c143cb1f638,Mirai,arm,arm:1928677641843987870,false,val
e36566224ac06811a7a6b606ff0f6480c24767863e2ce8b4828a109fc37508c8,Mirai,arm,arm:11341954922292381786,false,val
e4dce636279a23948353018a5331d1e80520b58fb7ca88dbda121e99ccb93a2d,Mirai,arm,arm:15007608088136905561,false,val
e56a699dd056848967a379da3d9963561956aa8471098d38b68b885c07d2e73c,Mirai,arm,arm:8439144850635623094,false,val
e5d8b95fd6e0a80dc3639de5cbd7acbcd3007d055ae824a4ea350ff8641f73bd,Mirai,arm,arm:112507507495037829,false,val
e76f09c630fc390bcd5c874f4ea5e8fa4258840f215fde209001125a17724fc3,Mirai,arm,arm:16824528823874267365,false,val
ea183e30a99b80cf23bc0daf19685777309379d08aca80b70481be9f941397f6,Mirai,arm,arm:17520300287040395817,false,val
ea812e837968f9ccb59be94da0cc12f4ffa2ec1cffcb806daa72c4e71c0d97f8,Mirai,arm,arm:4652587510770175644,false,val
eb2c52c45007dea90937377e306c2974195ad69a9f7fc11a5d08400aa79a0100,Mirai,arm,arm:14292833489807347872,false,val
f1af3c16dc2057b162c0e0aaf4aab726258f300b117c82cc3ddb3aa137a28b8d,Mirai,arm,arm:4119566216521096336,false,val
f239f9474165f4dbef50a122ba8aa6625df356b07ea575eabec5e3729511b01e,Mirai,arm,arm:1788191371003914617,false,val
f2493b4d81059bcbded9747f0a98f231d30fc0e23366c7ae309b6682dc654f70,Mirai,arm,arm:12873205574774417352,false,val
f395406e8c1b5272319fc05ad74b57c93df3beb37a0fa4639ffb44ae19604ccd,Mirai,arm,arm:14099992880182956194,false,val
f41fcb5b7e461d03438e1632c66dcfbbed163343426f8ed8c6482f3d9995cf15,Mirai,arm,arm:3806506670933965474,false,val
f60c9759436e56676e12107107ae50cff5001cb3b19f6ec30f544cf966dfba99,Mirai,arm,arm:16066858244788964892,false,val
f6c25d2b8841c74629e7b17de54caa7658a1b991e9b8c8bb3d89f3c19816ad6f,Mirai,arm,arm:9151354542272474237,false,val
f9a4b2b7e970a1e29416073028ae17fa6cd95188f21d76138a938f5e9c023825,Mirai,arm,arm:9089200079011801835,false,val
fa61ad3dd2134ec416ff2c489abb187f37a29c0cb0ecfd59f11667aa1c7add6d,Mirai,arm,arm:5574431457260711704,false,val
fc170c219b28bc2adc32182d3a330a240827e84478b3a8111a82517ca939ecfa,Mirai,arm,arm:9491006513838080670,false,val
b70614e76ddb67409b2f1641f5b5f9b88fe26a8c422463f44a2f9aeb547e3d2c,Tsunami,arm,arm:10401545857555942334,false,test
a95e6c1f77c27a8a702d7abf0f253d3d46ad5342464fd8cad1a75d33bf94f044,Tsunami,arm,arm:5444473733636566527,false,train
b04de82e7fabd30ff90f8e4a83600191295ec92c2b750edeb4d1735cc67685d5,Tsunami,arm,arm:8444030710430518961,false,val
