Hash,MalwareFamily,Arch,group,inert,split
ac32d173a0d1c965dc395bae5e3e36a90206a60cc2c99dd1cef3269c51a6870f,Agent,mipsel,mipsel:18250333978918151853,false,train
0eb1dddbdffba6ba95fe98ba0a5313b7c2cadd9315e3b91bcf1aa16392ab82f6,Benign,mipsel,mipsel:3215700651053157094,true,inert
191e6359a5857d8a89ae6724107ffc687cb2e1ea847b47fddd5a83d60bfea91d,Benign,mipsel,mipsel:11403796163892508902,true,inert
1bf6b1bdb82237534fc2a7e84fb5ab6629d544d40d0afd93141b77d05d4f800f,Benign,mipsel,mipsel:8421163647133058081,true,inert
1ef10bacfe1b0cfad6483c6e752a27a907b7f84dab154ad724e50bdea3552eef,Benign,mipsel,mipsel:13957409002858814037,true,inert
27857d38f4724594cd4a486f4802b860c07168448593a25e5f921f887b229ac6,Benign,mipsel,mipsel:8041661906338485280,true,inert
37a9964a393168f238ae92ad5f1074b9ba98780cd0e5e70a1d1ff0ec998b2b3b,Benign,mipsel,mipsel:1864382655882070416,true,inert
3a1284ba0f59e5ed167a767606def538b13d1291b31779f378deb047b0c9ceb4,Benign,mipsel,mipsel:17288208889845130863,true,inert
3b2075f8b26caf663b52831c18be28976c33dba052a540fb676de617a8c7e3a8,Benign,mipsel,mipsel:1234267679709061815,true,inert
4f6a86b1ba7c072073b9135c1ccb045bd42454a3ec893c3abff20f0223073d1b,Benign,mipsel,mipsel:10324664035342502855,true,inert
623f83e648086184e66770cf8e41ccb7c9fd76745f7c6a856a3f4b250d198947,Benign,mipsel,mipsel:13471932574108568014,true,inert
ad74302e28604046dc96554b583c92760c69915250372599a1d7836f6e661b68,Benign,mipsel,mipsel:6167752948843490501,true,inert
bbc18a478f66ec09d64be7e902c2a3c0a340c5bab524b66f39a45168559f70b7,Benign,mipsel,mipsel:3029890200720220546,true,inert
d284251e886a84ea8d0db4e864ea3f2472cf45d4a908cf983f8c4de1fbf54132,Benign,mipsel,mipsel:11525634558505190376,true,inert
e7308e395d86a346a2e7c8032b151ab70e0305d2a3ace5c1f19d8bbd47d91de2,Benign,mipsel,mipsel:13737015406477937629,true,inert
ecec38a89dd022ccd5eb912ebdd68f531ff7fb28862b2c5324a2c1ea265ba082,Benign,mipsel,mipsel:9113441309675467208,true,inert
004b078aa550bbbe01a0c28006c3880e9891165461745043b4d0bdd6a45f4e80,Benign,mipsel,mipsel:11608482561214203773,false,test
00e3317b5f1c317aefc306dfec42804eac01e3db9a616a5c96fe2fa6471360a7,Benign,mipsel,mipsel:630621015849124681,false,test
01492ac054140c3ef97ea516bab781834c7057066d7f61695448a7f011bb0754,Benign,mipsel,mipsel:2846416919001311972,false,test
02787e9a110baf15f3d979bc35314195262eb284d05e95485a9a6043bade2245,Benign,mipsel,mipsel:14165128898414289392,false,test
035138cbda774a115bef819f877f52ebff8a5fc2e1a39a765bf9cd9c59d44d1d,Benign,mipsel,mipsel:9079294629719040395,false,test
035d6bae0f47cec7254bab21cd898911bb795be1fcb2a8c244dd78d5959339cf,Benign,mipsel,mipsel:14132237143582595869,false,test
03c436377ab3e1f41b6dbf05c29fe795d22d62b2b2c3c1b76b75a39d093a89e7,Benign,mipsel,mipsel:13811265548489488933,false,test
04686246471cc29e320d3dd842dae17805168ed3e1946d94df79bf98f879d5e4,Benign,mipsel,mipsel:13751168496264263401,false,test
065470fb2d222d2844880c136db7f7b59e422816443ed28d94b643c643257d81,Benign,mipsel,mipsel:11832706998669770677,false,test
07a43270d428502f0f3cbe770aea884a7c46fb2f55dc866bdd18d200f7c7fba8,Benign,mipsel,mipsel:14071093460207603159,false,test
07bec1fc5ffd396b4347685585344dbcc30618eff7a984db002331737cec5105,Benign,mipsel,mipsel:17838546160058834577,false,test
07e1f4e21bc3abb20f065cb654727959bef535380909622c0dfcd8a9b4b13230,Benign,mipsel,mipsel:16501967813869032473,false,test
0862e95b0e968c2b5bfcb80469d22ffaa27250bc27204d766a53126108e04167,Benign,mipsel,mipsel:17924580201634503023,false,test
089cb4377389f10d4df8f8b5e0108fb61ae13b79de91f5c6c99f46f752b59b43,Benign,mipsel,mipsel:11986803519235349531,false,test
08b3ae9fc52c5e0c505bb41fea088d35f036917257d11e3547b65229ca84c228,Benign,mipsel,mipsel:4808460451078792859,false,test
08c2413cdce7e7751bd9f1710db4222a9d773a78c22b6331ba3606f5dc9649e0,Benign,mipsel,mipsel:17564919629144388726,false,test
08d290976f7695831dfe6daad84bec579f2f0915f4a786108630d1ee3918b653,Benign,mipsel,mipsel:9387096860275427203,false,test
09ec03c1eaeef4b7225516b5e6c5401ce9c7e0539edec6f1ee81a79a9b519afb,Benign,mipsel,mipsel:16952077124541920028,false,test
0a3aef1cbc8155f0a36f0d37e76da00b039e5876b4af4e74ecb5925cb6d0608b,Benign,mipsel,mipsel:1392438614514899527,false,test
0a8597fee4b3b1264ba28f3542391d8753b4d36beacb0ccb373a7fc9aea306ed,Benign,mipsel,mipsel:6234355181520570866,false,test
0a8b7d3891519aeae8975b36a53b7d50a9cbba5d3728928456acaefaf3fd35e2,Benign,mipsel,mipsel:12482435454033804045,false,test
0b09bbe8aaf879aae0b8213b3def1b8bfa962f73565fe076c033c3decc138140,Benign,mipsel,mipsel:3052930582512910585,false,test
0b13d50ad67e03ace52e19e128e9c6a470da2e7a541f2387abb76819f28ad11e,Benign,mipsel,mipsel:12654226409688234762,false,test
0b41ce9387084921e91ca97c6622bfd6b9a4252fb33fb6089cfcf6fe81d99ab1,Benign,mipsel,mipsel:12771196621541505464,false,test
0bc9f68ba74919328280f076aaaf4a2d07bed0268252daf707d099b1d81804d2,Benign,mipsel,mipsel:4139105716986913588,false,test
0d9b628bb8280ccb2c28db1d79b7ce7f6b5b806015fbe1acfd28ca76fb9f328f,Benign,mipsel,mipsel:15285655803320321436,false,test
0eafbbed32f72c9543f4c4b427c000d85ec10642a9145ff60edc7e09d71e4c2d,Benign,mipsel,mipsel:7742186005188259459,false,test
0edc35bf5ffae74ed71f0f7f5cdcec82185a1296605b4e71808f961f77b98b19,Benign,mipsel,mipsel:14267374311881722402,false,test
0fb22e7bd700e54db3168007bf7d59db269a0f350dfd9836b0dfa6c5f6810dfc,Benign,mipsel,mipsel:3156307494540677464,false,test
0ff88da15a91a1ad7fefefb0cce42ad537a9761ee654663c61a027ae86929c94,Benign,mipsel,mipsel:5561361889014411532,false,test
107638b11982f3771479b4cc401866fedeeb14f5835d99fc3006c4c49f72b23c,Benign,mipsel,mipsel:17288003377768307027,false,test
108b1f7e6a994a05329743460e067267de5448390d9eda129ff872fb81acc618,Benign,mipsel,mipsel:10039878414740538758,false,test
108e3b72df12286cc9332c0cc0dcf8bc7234167bd9078365007cb457addf4130,Benign,mipsel,mipsel:2270013047053492952,false,test
1091806b6c977fc13cb8a876810302776eabdfe2db58f33739e5bbf1a2d200a6,Benign,mipsel,mipsel:12524610130490885089,false,test
1112ab0d9cd4b9c0124a0bdb8073dbabc1e8d0d6eb558eb2c019e05a8d143fc2,Benign,mipsel,mipsel:4000937888576144709,false,test
11d75eb28b30c2cc9eed4e40f1b5bdd32b5099d11a4c272b09242da1354c4528,Benign,mipsel,mipsel:5973052759335355865,false,test
12457a5edbe601db9260e050d12aee274f14cf4fcd32578269b70b5b8c9c3f86,Benign,mipsel,mipsel:2866903039548662856,false,test
12d2f0740d7afba8661f41a58987e094897878f8bea0a429fef1da3013398732,Benign,mipsel,mipsel:1532338090901896688,false,test
130ab0324e386ded0b4fed7b597beee35e3a4fd2996983f8d3b5988d178573c1,Benign,mipsel,mipsel:9023415659056836900,false,test
13c6ee942418a86a4b96e876f39e7327652e8ebd61820eab9a6c54622ce50f88,Benign,mipsel,mipsel:8290114031442488190,false,test
1411184faa1d8cabdb36aba10c102e85d59311e9d78f0cfaa76a4816af587edd,Benign,mipsel,mipsel:4558929495466193095,false,test
1426f63d44c3efbb8c0a1a617361babd0d8592f833d0c605af52ab37074ca23a,Benign,mipsel,mipsel:9875261467652303500,false,test
148e4a17304184ee277a3fdaccbd617c83af20c0443e0f0a188770031977fb9d,Benign,mipsel,mipsel:3099749413279538592,false,test
151c59a86856b554a4de1b8406583a784db9573571cc97156088300f99b0a86b,Benign,mipsel,mipsel:12972061883921160219,false,test
159bf22fc0c7a3db35555e8dad88aae8aae5a4831f6ab301578a4e1554998762,Benign,mipsel,mipsel:11821093086827672141,false,test
1607ee0871e912d6b08c757e20b3b4927c7b09807d16350bc53a5b1072f7bde8,Benign,mipsel,mipsel:11003072340812626287,false,test
1679cfb55a877af9108168ba7914ba066ef147a755cac0813e4b3fa8a9a414cf,Benign,mipsel,mipsel:17718789937926982126,false,test
16bd298464aa1331d159d99244f7381b4f56c2ecd6071fafbc79a03f22e91fb7,Benign,mipsel,mipsel:3042930733650974370,false,test
16c3a120a0252d00d076dc33bb0db02798ba9a9f72563f4c1244856b22be5e61,Benign,mipsel,mipsel:16839172453175655821,false,test
1701dabc7c9786a1cef7fab3460815957a9c5582083434e8bce1dddb168abf0c,Benign,mipsel,mipsel:17337290237308453892,false,test
17c3b1fa65c922db9552cf5f659d3dd645ae67691d37f098139e0c7cbaaf3b8b,Benign,mipsel,mipsel:17204086269707987568,false,test
19630fd5d795c29bbad8d1976f92ee87beb15f5897b0f060003e995275403eed,Benign,mipsel,mipsel:9879330185029785469,false,test
19bbdde5b494bee7a6657bc2c6872bc06976b9201b40a9ce1e5f443e4676527f,Benign,mipsel,mipsel:5893775811603314910,false,test
19f1b657691436dd286369e0e7a8b6358708eb2293285ee409db26251ad50896,Benign,mipsel,mipsel:10790703246456609587,false,test
1af7225a4c7d3b3e5759b23477df386be31f1cc5b85973b8ecc6469723910db8,Benign,mipsel,mipsel:3614801379985736274,false,test
1b3d2577f79fe32bfe85e3b0fe25f86245728c4b2cd373d8f632f20b9ea6474e,Benign,mipsel,mipsel:17530949897493557997,false,test
1b461edfa2f721d5eb3594deed551bee0a86c5aa01a5cc0c836efe332e2f1c05,Benign,mipsel,mipsel:12813716741555709457,false,test
1be768d9086011d5beb003dba53d97c50b954ee094878aa79f37f4175b0e58d3,Benign,mipsel,mipsel:6904014006739545918,false,test
1c02a80364461d64619b469858f14e0b15b7fd10ed15d790225b8f77f489ce53,Benign,mipsel,mipsel:14847603838699613955,false,test
1c06a63c5a7fea291bbd0964bf248e509e8ad81dc50b540b13ddbaa1ae207b90,Benign,mipsel,mipsel:12360211732920953666,false,test
1cc37a30c0b87d59c519e234d59628828a94d5166393643f6834e32578f18665,Benign,mipsel,mipsel:11621944723053555722,false,test
1cdd52fc842d92033de5373a38416ea596d17447cb45749a0a97af7bef710245,Benign,mipsel,mipsel:12471324559586251341,false,test
1e2848171e2a515b6ed091db244dec0c329b4d5328a2cc21237e46ce917befc6,Benign,mipsel,mipsel:7612679151389963873,false,test
1e6e46e6d0b1e94b55dcb4508aece7f68227115e72c258634529005a6a85e2f7,Benign,mipsel,mipsel:5254252584282350828,false,test
1f7d209940f4dfa2f2794747b2e68e3dfcab86aed4f19c1890a361b212ef4a89,Benign,mipsel,mipsel:9677914742410606195,false,test
20a07f704d9befbedb4770539ca3ab03701cfb454121ae01fd4e0ad909862ae9,Benign,mipsel,mipsel:5203552635037941270,false,test
217c6d70cfffa66a02ffdf5a89bee7bc69852db9951e58e92ffbdb3ade9ff266,Benign,mipsel,mipsel:9564115522718924744,false,test
222078fbf0c36c270de3035ae31666e3fddd947163866daa421abc3418708847,Benign,mipsel,mipsel:3415133101580137185,false,test
22386d48c5552e84b0fa7f307fb584f428377887189f2382c73f070d1f9659bd,Benign,mipsel,mipsel:14061384380872997864,false,test
22548c1ca71252241b1b8c9974b58c3d678379b991dc305a1b3d69da0e68932e,Benign,mipsel,mipsel:1104562119875529624,false,test
229666bac040349dc2c06cda1852a1a781f2a98f9567e870304df4d3669607ef,Benign,mipsel,mipsel:5629959753331521402,false,test
2299d937b661a7f25d6aa39cc444e049a375e039d0d59c3b1d684eacba2e0685,Benign,mipsel,mipsel:7284944653484012545,false,test
238975beb264c10de5668929371ba0fb41d14d992d36980dc888d5ccd8828f22,Benign,mipsel,mipsel:14151017460820467189,false,test
23c4364f99c4a15d5b57f419f239db699b69aec74a4600bb71d30dd1971d8a50,Benign,mipsel,mipsel:12030614773036072070,false,test
2449c240aedcac8a210db20749da69724ff0e22c16d8873c25ca6c5e08d55834,Benign,mipsel,mipsel:300706178497921669,false,test
2462fd6aaba539b226a890e8022db41f03bcde64f7113a568b0437618d6601e9,Benign,mipsel,mipsel:7444306665531752493,false,test
2494a2aca3bb494b6b703b219a8ee4d1672988f7cab3bb0fe33efe90f1212d0b,Benign,mipsel,mipsel:17762513218677930115,false,test
250e6a620a0b6ad2c2674b345ecefcd584310c83325205594d7ea3551bc3bfda,Benign,mipsel,mipsel:3653339309937560241,false,test
2616c2a9c0af0c596f9e0810749551a98842869df0d92021437284f540632e42,Benign,mipsel,mipsel:1888815669751209462,false,test
2732a591cf24abd85f2e07576d122fbaf43c388ee4518513d1222d33e8b3da7e,Benign,mipsel,mipsel:16349377491024914042,false,test
28aff324c5b3cd3da3c4b12c684c160c2b0317e4be3301ccca1bc2c094e43205,Benign,mipsel,mipsel:5317592607197943042,false,test
28ba3e53cf5fe7d9a8076df696773510cc755b353c44caeb94b52364ea03e989,Benign,mipsel,mipsel:18274687659097776377,false,test
28ec09cbb0e42407eaf158021aa34b86ea15c3d72e7b69059388342f21498c70,Benign,mipsel,mipsel:5573916072952908124,false,test
293ee5b3c615e8a033673e9a970979b7352894e349a2850862634bcf91a72db6,Benign,mipsel,mipsel:10674328758915005227,false,test
29ab12847d3dc13f675cc1d88010371f3e707d51f161bc785a84a60f41e3fb91,Benign,mipsel,mipsel:9410450475101648178,false,test
29f3f9eca1739d67ead4f7b58f1dec032d4f5d022ac9f58ac8047406dfec0684,Benign,mipsel,mipsel:5026797130235008396,false,test
29f524aa03029e0d1a9c1a47490f8c3655ee82ab8c46fd3114b2328301edad9d,Benign,mipsel,mipsel:15840192006179852960,false,test
2b60993fd75814c6d6afbec45009b6e16a9efbc1f6db0f6f9dce02a58ad6f4f8,Benign,mipsel,mipsel:13809807226459089163,false,test
2c3bba7d62e971667b321be585e660f3b14926ca347b0b8616340e642f7095af,Benign,mipsel,mipsel:13690256367935831194,false,test
2c49f1f6a7b9e824974023d87c413f0341a6718bac6ac6142bae513fcc812b88,Benign,mipsel,mipsel:17337093314847170998,false,test
2d099132e3904086b1ba198f338e6b2bfccee4060fec48a5948d0e5e6ff1b9e3,Benign,mipsel,mipsel:12544569027686213026,false,test
2da44f47ba39901d1e9e51f8900ba6b425775e0aeac32beb871f949a641a9726,Benign,mipsel,mipsel:168278247270422200,false,test
2db7c994e7003e457932d60d6a6ad883b4bb66dc564f4cbe89a09fe1a2975f1d,Benign,mipsel,mipsel:13560798782749111076,false,test
2df2892e1de56a39872108f7a2b5d5f799781f1b33d0b66291e70d681956fdf2,Benign,mipsel,mipsel:793281249069853191,false,test
2e05b9ca8ae7e5f881cc8dbbc82ace01be699e2ec9a55a391fc140fdd33817cb,Benign,mipsel,mipsel:10360617890555327207,false,test
2e1afef7a6b278e5d719bd50c21493fba1212fddc0961de88040e35fd60ca84a,Benign,mipsel,mipsel:10653385463373334690,false,test
2e304eb3c42017e2135789c3d907f7201869fea29eca36ee4c4eb6fdc91fd3af,Benign,mipsel,mipsel:1361389508830999329,false,test
2ec8cb8a7cec49ff9aa05059d297fb170f5d9d4a14714ad88857513d3bdb0337,Benign,mipsel,mipsel:10020142696146527149,false,test
2ef2ec19d2370c7f8dfdd5e24109a54f82c0505c315884750d87263707133a76,Benign,mipsel,mipsel:13209652011989997827,false,test
2fb5e3e3d096d5a05d145b09d9001e073807157b4b29e66fd11b5186f1b3fbf1,Benign,mipsel,mipsel:6636352948227707017,false,test
2fc1816af3a112d842fd432fef439ff53acf500e64adda9a809c28dfa73cc5eb,Benign,mipsel,mipsel:4458912050176263036,false,test
3076c87c0939983fe80f72209bf0f1de38e686b397f7e88c7031b571a8fae2e7,Benign,mipsel,mipsel:5440162935448940506,false,test
30e6180bf310ee7a821c9383a17bfe8b93ccbfc4030aac466b6f818c1e404d0b,Benign,mipsel,mipsel:14248785773593216512,false,test
31094ed299f70e8c47f5920296ba3d395cdde936a6098099d270fb5f861155f5,Benign,mipsel,mipsel:8666539620074364760,false,test
314e5b8859b67f6ceae2402a4e07367bf9ef9a4638d2a3da3fc6a5c36524fefc,Benign,mipsel,mipsel:16177780216494990141,false,test
3185a474a055df6bcb57ff63ad94ca5965233c8b3317185b3df2f11df4b0221b,Benign,mipsel,mipsel:10312428814779854411,false,test
3190a23cc4b7b0ecc1439ea8bcb4d398ca777a55e44b834881c87cb32b69fe22,Benign,mipsel,mipsel:1265427130240405676,false,test
325b103f2c0475b52921b40b938b8300c37564f10175cfa9fc25a983c4ca5ff9,Benign,mipsel,mipsel:8597595056054983167,false,test
3261e94de5d699e3478aedd44d69bd975c2ff46a4b4405b76b46dbb080d028eb,Benign,mipsel,mipsel:15068427957881487931,false,test
331bd410a57bfad95baf1063713cfef2b481167bf302a1d969ee0dbc8b8ad1f4,Benign,mipsel,mipsel:12683745287025372854,false,test
3342f3107926d1eede568718fad730d04a892bec08835b6de6e2ac3e2a2626ba,Benign,mipsel,mipsel:11830235145424325769,false,test
346b5bf0c4583e7771a224659d81f21048ab8910d2b2a840dd915e6c2a1bd69f,Benign,mipsel,mipsel:12190734359510708611,false,test
38737bf5459f83dbe250bd06bb8974393ab21020e553015c7a38e615f4317abb,Benign,mipsel,mipsel:13213966753035492986,false,test
387ea20de79d134728f96704e99636448346223eb5537ee31e65aa06b5bcc66c,Benign,mipsel,mipsel:1220762106874586471,false,test
399b52993706b885cc88e25bd83215a646e8f5d2dd15a215c882e90adb85a8f3,Benign,mipsel,mipsel:11182834550700083881,false,test
39a9012f91dc8a1ffa9569570d29e73b35b89524bf7736dd42e57bdbc7317216,Benign,mipsel,mipsel:13032842349161945435,false,test
39bd966646e5fe37549f0a3c83dc1feb44fd92baebba8ff1b4087ce11f85e857,Benign,mipsel,mipsel:15672701017295240780,false,test
3a107230164101f47a27a2f9773f0d341c5172af46ddb4613eabd475fe4b0e21,Benign,mipsel,mipsel:5023471858283207559,false,test
3a739b9b1fcd4008a2a29fa6699df03022fdd89bb29069709c27b8c9e221d8aa,Benign,mipsel,mipsel:14141730913508285896,false,test
3ab626606cb7931ff3a3053710c71bafe32e620f69236ef3ab20b430f61306e6,Benign,mipsel,mipsel:3065687948348134524,false,test
3b42ad5690192e965b0c1c0e7321f5ad26a1b17932e2165a790ab585d2aa5550,Benign,mipsel,mipsel:4383717742037745767,false,test
3bfa485a9c648ec4bb7747121e3b0a0f863f7e333f81d501da599d4cbb5bde77,Benign,mipsel,mipsel:12387717021805311714,false,test
3c61aa093752e872fdc07299689a6db23e652b115ac8cc2e02dbd50bf7759fd6,Benign,mipsel,mipsel:767349167217946039,false,test
3c85e73e6ca461898da83b15f0bd6d90e571a3bb05d486c3fb43e04fc444d5d0,Benign,mipsel,mipsel:13882457127202335551,false,test
3c8fac96f4da1834cd3f6323ae1bea32927555b72738e33778dc7100f8b34967,Benign,mipsel,mipsel:11514670803908534952,false,test
3cc8dda998efe005d68cc5696b02911ee0976b3d490bddee2c3f660e8797d517,Benign,mipsel,mipsel:15506297235771976145,false,test
3d53c5b3a5bf951866e178cf0aa6ffd6d956f271b3c2a7849eefa0e05cd46418,Benign,mipsel,mipsel:16802867906351244727,false,test
3d73af4a6a335c411024f8e14b01eb7d8956bf093fc18275345586675f411643,Benign,mipsel,mipsel:12841714078424000047,false,test
3dd35fbcd1c784aa79d231153294aa8b87a10f64ef1850d7c1c5cc0038f8722d,Benign,mipsel,mipsel:3222935769413660024,false,test
3e4f56c5f985a99600685e4c7f919015d6218dd599eab3bf9e5465bf5053a2d6,Benign,mipsel,mipsel:2670290322691378784,false,test
3f06138deb02f91d4b0c8544747f7e6bd5a8e973be8d595bdcbadc7d51e98a9c,Benign,mipsel,mipsel:247979778778129316,false,test
3fed47ef96b186496666b6f7e6828e37ea29e2a26b7e27c8b046cbd8dfdabab7,Benign,mipsel,mipsel:3060708923893500813,false,test
401eaea41bbb32fd3c80bde374551b84a978384c1961b8fcc6779aad12a2cd18,Benign,mipsel,mipsel:10124255208529893091,false,test
40eebfebee3cd1a9b73142f7323d030345c0d02ded4dde02390cfbc80a17443d,Benign,mipsel,mipsel:8553050908962767741,false,test
4122580efd3d1985881dd052ab1f360032316f96aa393c40b4cbcf5e956f36b2,Benign,mipsel,mipsel:15246826105530326017,false,test
41bf0e0c52ad6217db3ce91b60eb578ca1ecb2b202facc655740d490acbc4469,Benign,mipsel,mipsel:9483146004013048042,false,test
4200ee46532cd328ff10ab7a67f6461b6c40188a7e3c2a9b3e968e7f3a9278e4,Benign,mipsel,mipsel:13924208870323163258,false,test
422c52c39b5cb17f02af9d99b471f41fd6e9acb5117f8cfb2b209e453d37dd03,Benign,mipsel,mipsel:17000007980264648423,false,test
42c17cfb7b42c6288ebf6f2930e51a190cc51cac2b07be61d87382ed6b2ee515,Benign,mipsel,mipsel:9402413929743619461,false,test
430c94f90db367aec350741b35cd33b6bd48f1afde8d807e81dc6087647afdbe,Benign,mipsel,mipsel:18287734571907727353,false,test
43e0d40847393269aebe5d3c1e43f9573a1725c4cc09ba31d2193a01f87959f4,Benign,mipsel,mipsel:17580071956112133286,false,test
441b12d9088cd39a8c48ae49b2788197aad597891595c9ecc57b807cbc63b6bd,Benign,mipsel,mipsel:13874573421233303298,false,test
443e3d8e76f31910a7dec488109415bf40e8ffd096587cd12dbbb44d7ee8bcbf,Benign,mipsel,mipsel:11619979418792453168,false,test
445d36c2595839573e62c089c199e69364ff3c25afc77f59435f5952d2262f32,Benign,mipsel,mipsel:9084129075917006802,false,test
44d8e8a9838433d40805889c4f379977ddd561924b7e47a57773c50da67dc324,Benign,mipsel,mipsel:1515298804395893737,false,test
45a43f89a3f5367f64df51a9ce1302cea83e42a82cd53e07cb2017a9485c3bb3,Benign,mipsel,mipsel:17708644708031427679,false,test
45cd95551bbab059eb54b93ed3c777421dc09f9a2be3f03b447a22cf14080e1f,Benign,mipsel,mipsel:5154044626968019205,false,test
45f84a3d4dc6509923e0e2cb8d3060c04250373f86393ddc533f3488981c12f9,Benign,mipsel,mipsel:1328312633899718198,false,test
464281261c4743bfab504cf244496afbc2839dd64d8a5c40417d83f3bfe23b9f,Benign,mipsel,mipsel:3143194575561962953,false,test
46ccd65eade550bb2a81b364f8921e7264f3e54fd46a6cdb79b4d584cc3ed08f,Benign,mipsel,mipsel:5926485474125133382,false,test
4803a5be53ed24116b6e983884d95548883a9ee7c58d8db2a1ac7589c75bfcee,Benign,mipsel,mipsel:8474236701738612323,false,test
480aa3fa2af638f57a7551cf97e6bd75d02e1e32d036dd73bdc25053f13abfbf,Benign,mipsel,mipsel:4436757399115325446,false,test
48275a03e04e88d65866f840d5cea9c337f7ee19bf76c453fdc72d91eb96691e,Benign,mipsel,mipsel:12200873730220672198,false,test
4a2b7652212f7df52807e3d9c06e27397562d5f5ed369da485d2bcf57252f511,Benign,mipsel,mipsel:10774754185929154260,false,test
4b25c4bb95d6c1fe6ca4b016eb047161f0149bf4823241dbdc79acc22ce0130a,Benign,mipsel,mipsel:14846162367091682989,false,test
4d0f568130ff013a0d8a522859311f64f50e158e78235f4266cb57570752caae,Benign,mipsel,mipsel:82211153545790476,false,test
4d8f59f6bca860f28cbd1394e29ac13cd5cbf7c00913108c3f85d4d9eefa0468,Benign,mipsel,mipsel:8763954156180134978,false,test
4de91cbb86caf0a66f10e1c920f5519861413c7bd52286518435b0feaf7bc3e6,Benign,mipsel,mipsel:17663319917671406179,false,test
4e947ec97410d11815af9695f368cec573bcd5a9edf20b93813de48874a83c60,Benign,mipsel,mipsel:6889136611883492922,false,test
4e99a90180bfcd28c788361b1ce4c97147371fdfcd1b1e1cf24a4c7f73bc1b03,Benign,mipsel,mipsel:11499335342319795538,false,test
4eb2a4186d46fd2aa206c3a1ab0e1c1ada9371340b11de62057141588a4f955d,Benign,mipsel,mipsel:7365445380577213963,false,test
4f945d7a667c82e3c7e1c087e4ec22657c09ed86349639877f85dc1dbaf8d72a,Benign,mipsel,mipsel:13764867107308436584,false,test
507e3ecbf164f57a9ef03dac950f84a0503414d72dd24e64d4dd5dd587c563a5,Benign,mipsel,mipsel:2316582795516810363,false,test
50e6096f111820d146f0936ce380e6fa4614fa755ee78296f14b6fc0cdef9124,Benign,mipsel,mipsel:9521591388589727944,false,test
5179e0edba4aa7ad087c9ef5ef51fe199e22fc38353a14f7e4a3c0fe8153fe60,Benign,mipsel,mipsel:18360827394179943228,false,test
528fde8fe658027e96a300e946d05fe111ab6604a42e3f7554a7986bb7373eb3,Benign,mipsel,mipsel:7588888726851392007,false,test
5355e63ea5704114c3391bb5cd3ff445bf54a4cb0640406d42f8c38c7e3abbbd,Benign,mipsel,mipsel:5569787630592616750,false,test
5392e262b125821fc1eba1c62687ff06fcf6b382c19a6a0bbd8979a77582bd6b,Benign,mipsel,mipsel:5608889344856706127,false,test
5450f4236fc9c81aa302e1e43298edba3a656ed5903b4f91d565a17607f48770,Benign,mipsel,mipsel:1028180108374593915,false,test
54d6e808efc704214dfb34904f8063789f3881fcaa641def8e7ed683403d8304,Benign,mipsel,mipsel:8778950143500344890,false,test
5610c91eef62062ff983d4eab80284a441c5696f8deb335b7738764e1ed0fe02,Benign,mipsel,mipsel:10933771451715212880,false,test
56351e0cceb3e1e0c73502563ca273218a8adf68dbe884a9e6d78d42f9b17086,Benign,mipsel,mipsel:1393050545751607166,false,test
56d43d1abaf19570f411d3d26a42ef1bb379b656c32dc3fedfe3ca4d216a9d2f,Benign,mipsel,mipsel:3340854035282540928,false,test
578a57d799f1c74c0824dbe60dfccf2af4528c73d27ddaeed5ecbf072002807d,Benign,mipsel,mipsel:11026021641307580629,false,test
57fba2022073b75a1ee401354d8e4fc65f3596647c8d8814f9b826a2ecd20b72,Benign,mipsel,mipsel:14497151835507987642,false,test
584e9fc7c52bd03f9c39a7e67b40e61eb3e5462b2dd168dc1924c330ea52ec1b,Benign,mipsel,mipsel:1092446613895368187,false,test
58591bba5422ef4f282a326513bb3219c03fa17e5810ed0ba73760541e186b0c,Benign,mipsel,mipsel:10663670763724997184,false,test
58d14a8981db0c6e7bffc40bd9f9aaa97478e04d2a72e39225b6810917fe981d,Benign,mipsel,mipsel:11729851499216618250,false,test
58f3fa1372bd3a367e87c3b3ac4f39157d7dedd931db4e24133a15edf53e53a4,Benign,mipsel,mipsel:15185646354405724353,false,test
5a30593e50b5f1a8dff46c57815faf7a3e01008eb378dcbe4ec29360132b1777,Benign,mipsel,mipsel:360131528125997924,false,test
5a9113b273e7d68e1426ac1c5936cf9caceb38aea3792a1049fb3a336f0c0a35,Benign,mipsel,mipsel:10870054054701712241,false,test
5ab251ba32e88cef0affb15e7d382636078d1cd7b7b0077da434782898f6ed8d,Benign,mipsel,mipsel:17066567443438679839,false,test
5b201ba3752b7f17f38ddbf5005c4f17d30155ad04925de2fa51a21d0393e1a7,Benign,mipsel,mipsel:6282463103001804696,false,test
5b7980f135d798fa4bc34fdf18cd2043dacb7f7f9a7a394d4b178acd83b00c0e,Benign,mipsel,mipsel:4692476857972485891,false,test
5c052e13f6e26a816e87b52171cc25c44b524e609589be5f42a8be0276e43702,Benign,mipsel,mipsel:10151122801687414489,false,test
5c37d88c30cd508799e77fafff948ccb107ce0daf1cf15e65b237af1ec6290c8,Benign,mipsel,mipsel:12469956688512605142,false,test
5ce0dbaa5090da258dd8e85b6668c0c827f6b7b283e07e5fbe9587c161ce418c,Benign,mipsel,mipsel:5246449790892525583,false,test
5d00efcfe72c4ad65988457dfa6f1fff83d60c366f4728702cb2d9c285c0a9df,Benign,mipsel,mipsel:9258059264398183514,false,test
5d708e51fc6421c19eecb5c7b9b2a7c8fcdd906bc1d6bf7a96fa332d8896da41,Benign,mipsel,mipsel:11444263383948424144,false,test
5dcad107f77cb820b59859668e9498a7575c5177f35fd5e0a5e2fc73f4d431ef,Benign,mipsel,mipsel:4741618104806076269,false,test
5e7c3655ad93dad6be08e9dad867c59faf2b2b62c10d7138acda47974b613ddd,Benign,mipsel,mipsel:11347350433349043325,false,test
5f5267d44b28ef82e3c1158d2ead626e09b306775bc75b4dcb0c66baca182eb5,Benign,mipsel,mipsel:337591197698860575,false,test
5f750f43290dd289498771964af5b882e917ae3ca53092ef4eb2a1e1a51783a8,Benign,mipsel,mipsel:9312109825755854414,false,test
600087265ad5cd4c204750e33a99b42a6234bd50bd34a3ff78007d88999fce98,Benign,mipsel,mipsel:15431183698112680310,false,test
60099b286630815f25b46a1fd785a4a0f363db28d0c68bf2f31fa66d5269fab4,Benign,mipsel,mipsel:16638448166838219092,false,test
6025958a9d91164f2e2ccac11881db62fe4fc194a8b60fa1dbff3ac6e2557482,Benign,mipsel,mipsel:3449399184693473899,false,test
6095ecbd99bcab5257695ddff6a3ea5c80e4ff6eb31e6b648b4e9260a0a0bfa3,Benign,mipsel,mipsel:4797031203072509774,false,test
6128070a1883ff525ced156a9343fcb50eecde54da46838317f66bf51f0e6b30,Benign,mipsel,mipsel:9145477278331804623,false,test
6223228c2eb6a9128416dc311c61c9e4141afae390ee35c5e2708379cb1d1e00,Benign,mipsel,mipsel:18401115565726721264,false,test
62421b1d60fa3e3077f342b416de44e3b78706b9b7015c69c2fb37a3dc6e94fa,Benign,mipsel,mipsel:8896553685671196738,false,test
626a794fb10b25b3289fa9b5df80dd99aea702c69e800b5b9259abc0ce9a96b2,Benign,mipsel,mipsel:5943159935233218282,false,test
631fce7396071f13265dee3f507d24ee43b91959b642f7667a7c3601ee3e14bb,Benign,mipsel,mipsel:13094732180251862504,false,test
641047549dca3cf486574e13443ad75f3263ec6f45b6793e54b4726d9f92a8af,Benign,mipsel,mipsel:8884365135856543276,false,test
6435fcc88818360468388bc0ba0b5d6202e36f231c1c69123a51810e9d05fc61,Benign,mipsel,mipsel:17290262773394988419,false,test
64a7b2995c96f6c68a0b0de5094192a39b995ef553c7f04f20f11d6fdf2bdcf4,Benign,mipsel,mipsel:13717041377867009259,false,test
64a7fa10709bed4068edf1987ef51c24ce73823dde89955a7793fd93711b231d,Benign,mipsel,mipsel:9673808389233559739,false,test
64d3e2ea8be363ff60b821fe0fff340665857f9f4a5edb5d7d62232d2e226a9e,Benign,mipsel,mipsel:15721837838034843518,false,test
65209e7addf3a1de77bb1189fa163b0679f3eb4bd5529d48651ea362a1045c9a,Benign,mipsel,mipsel:1545972170470154483,false,test
659f6696b2e85a1f5268f8ba86ad14a33ef9ee6c064b93d42f9bb26c1564c4e9,Benign,mipsel,mipsel:7998671926459307963,false,test
664e3c560e94a275d80cc2c214940819eed61f228db26052bb6b5b717b2abcf2,Benign,mipsel,mipsel:2298579381126082276,false,test
6665cc6e34ad835ad31d675b328b466893e4a0d206ed50d632764d4108216710,Benign,mipsel,mipsel:15346533296389119083,false,test
666ae4563b75b7d00bdb13da019ad22a4bd0fc6e7c23d69f3d22bb4e12fba6fc,Benign,mipsel,mipsel:2527468889571534363,false,test
666cd919d10d29c2c7bc44188b5ddc46116463c9e917b57909db99418058c5ef,Benign,mipsel,mipsel:9878241322642372086,false,test
66de83a10f6b927bf4b0000c3434605c7515fcd5e4c38f9c866fa4a260077129,Benign,mipsel,mipsel:4268589410315045471,false,test
68bd23a9e9a83956064486565430db8541436922a04056d2d5608f12a0a77f01,Benign,mipsel,mipsel:5488299549388958699,false,test
69f8b15f4f082bf67244df3c87661a32e3c1056f8c464f8530aa488b314b9f02,Benign,mipsel,mipsel:3992732850246496156,false,test
6b34df1aff333f90abd644561b24eaeb10937a282610dc87b1c7314dbe02190f,Benign,mipsel,mipsel:12490509132278515446,false,test
6be21d680898f8931a6562bcb3f17060a0842588d7dfeca8b5a08ad76cceb2fa,Benign,mipsel,mipsel:13096393624047384272,false,test
6bfaea275a54c900be4f28845133fb0f26e4566e6a06ad80d2f45ce228a2bf83,Benign,mipsel,mipsel:1382569060434046684,false,test
6d89297722dd2d38ae0848fcaf1e7533ddff7dcd46d936e4c553ceec717831a8,Benign,mipsel,mipsel:6081955872511817084,false,test
6e52feb02425b05b2651a59a05e97e0a59b301528faea08adbc860fbc087e6c7,Benign,mipsel,mipsel:3295578101113956589,false,test
6e950dc45a4303a6b3f7df92be3fad7b63dec05549b89511a5615f0d409ad264,Benign,mipsel,mipsel:1366789722219886631,false,test
6f5f5b2325113b785493df8eb5aa99cb786d4848045f257aaa03361dd1b70c8f,Benign,mipsel,mipsel:4664841698949447612,false,test
6f6bc2abedc5a5c42e7ffaf1b3ae8a95672dffab748a3c3bb101af54462c6454,Benign,mipsel,mipsel:12525219985114582135,false,test
7006e7a38e640cdd16ffe9cdc0ed48b6fb07bc8aefdbaf0377497784c0aa97ca,Benign,mipsel,mipsel:7237626845192319561,false,test
70156e715577b9f3cf41f4373eef777b40a1fc759fe715a4ae3ece4521316035,Benign,mipsel,mipsel:18387875795517810969,false,test
70af98e5190bbf426a96ad3ecf63a5b4d7610f714dbe23b8ccc03d710f44e64b,Benign,mipsel,mipsel:17031013768563177542,false,test
712199516e60ff5569187f440df61a52b3ef655d840a310306eca63ee896fe60,Benign,mipsel,mipsel:7958039014988037065,false,test
71a67282947cd2a471f84de88730a6d1747acadbaee4c866ebf3c695975e6678,Benign,mipsel,mipsel:11096147356622992642,false,test
721841c630cdee0d064a5129d1957b5d295c4462f5d6e81e591447d5a89afac8,Benign,mipsel,mipsel:18217082718972835393,false,test
72628ac619130345ae2a76581a633aef1ab6ab852dca468b2da39136eb9e7c72,Benign,mipsel,mipsel:17767662496805083910,false,test
75b11cca07899ea558c8ff034a24321606d1a0f68fd49cc2dc38f0b98b6bb24e,Benign,mipsel,mipsel:8833609465653244516,false,test
75f17a031d07f8f130351e24d337b0d57ef9dbb53087fa4851a2e8fb496cc127,Benign,mipsel,mipsel:17839469214251514442,false,test
76860b67f9b9c88ab26e0b0f0e2686afc348a0920acf798b9943eba476f9d36c,Benign,mipsel,mipsel:2680008599869971226,false,test
77e675a827c70fdfef42b960de5f439e368acab63701df228657555f0da64673,Benign,mipsel,mipsel:13693438093495835781,false,test
78bb72fd79d0d98ceb37cf93545a5e871a7b1c5415049bf8e469cc64b6acfa0f,Benign,mipsel,mipsel:6581722010005458867,false,test
78dba87f88cfb3c9c26fb724c8b3cce5260391f85ce42000abf760e5de36a988,Benign,mipsel,mipsel:17552944654538393595,false,test
78e8a09e0b777781b22e4d08ab8157095e695c52a24756d97e63ed126af00de5,Benign,mipsel,mipsel:3841958085377966716,false,test
78f13947cb9b856b9bc839a98c4d4b8e2557f96f84ee615b0b6f21cbde7b050e,Benign,mipsel,mipsel:9298624462944534689,false,test
794f85b080cdcf9a14613ede0f7b497893ddc6d267367212617f6718e7612d02,Benign,mipsel,mipsel:1690596396058266317,false,test
7992edfdf9eff3c6a19462aa200969e25596990d9de46a7131c9b893d506da70,Benign,mipsel,mipsel:15497870246183357830,false,test
79f5e93495e2a11391b16803824158891ef6fe9382678966d8eeffa42bcbe38e,Benign,mipsel,mipsel:2652961292591335092,false,test
7a318aff2ae2be3ff0945a47aa04d34cc69dc863ea651d56c69a79ff33ddbbf6,Benign,mipsel,mipsel:18264800135937525732,false,test
7a495c32e0406ed25f184d8bf2f589b1bdbd5dac90f5ed6727f3cdc2c18235bd,Benign,mipsel,mipsel:5056740560518839167,false,test
7a520359fb83b602a156b568196737b45df69248516623b4ac834c0b60d19efb,Benign,mipsel,mipsel:7959748322806116837,false,test
7b1e806b3987855aed09c543997351409dd9f134cb7241a380d52ff86b9dee8d,Benign,mipsel,mipsel:8775412094479586124,false,test
7b7bf3342c7fc93a0c7f9988ea66a3a8b0e5067613c41712d3ecafb9d91a2aac,Benign,mipsel,mipsel:18107410999936727895,false,test
7ba4c03d9db13e45fe80c01ea7a9353a02489ee4b8a46c933cdd3336d2c54559,Benign,mipsel,mipsel:14307999243122815124,false,test
7cb943cfff8c3bb67e4c782139827746bb66856c448ef7db1544ec7b298aad1b,Benign,mipsel,mipsel:11112351584919418320,false,test
7ce02cad4346edde82a1538ba59aa21c1f0a32d58d1f48ac546e1cae62cbd5ff,Benign,mipsel,mipsel:17285088790569056888,false,test
7d148f7378fb1603bbca5000e31ede07f1c5363ce50733bb31a052988632a467,Benign,mipsel,mipsel:6397499679803904368,false,test
7d1b5bdff7d2f85ac8e362add70ad16face0e14f3b1b2afb28118ccbd4f0013b,Benign,mipsel,mipsel:9759460418029006147,false,test
7d24fd70a80ef6c093f859182a30442d89a2ff7075074e70c9075a6496a75dba,Benign,mipsel,mipsel:10908156044920322410,false,test
7d4fa9734b0ebd13c882c52771651cf45625c3e19212911ff6d2349260b7ed03,Benign,mipsel,mipsel:7211597943408140126,false,test
7fb847936f1c8a736bc247e91e02e25663da2d8ab0979e9b472d2c1b993d05a3,Benign,mipsel,mipsel:18088054789222199467,false,test
8005f37a5e982452955cc3c36ef9b7449aae07919b9f401096af4540509fc7f6,Benign,mipsel,mipsel:16624384214925548921,false,test
80daeead832d59e6e42673b1ef1c1b87b87e5c875961413c45fcea6c4d57ed17,Benign,mipsel,mipsel:3838647008405720987,false,test
81202b004d7a0b1d222802ad8adbc9a30842e0378959be1cf5e36ee62900f11a,Benign,mipsel,mipsel:14964844347112487621,false,test
8145e5352f74b5d2be41bfb03f3c6a44f3704a537c1119561687c1206c171343,Benign,mipsel,mipsel:13351062706757206701,false,test
81dbd69c2a4d929e0ce457f887aa98bb0b947a99c5a68ea11eb91b44776a6000,Benign,mipsel,mipsel:12376242811489205988,false,test
82c8f7ff43fa978278273a8c22eec4ac8718e05024bb79542ae741b3b8506eab,Benign,mipsel,mipsel:17945531629793475186,false,test
8337eeb52240e4d8529bdc161b6011c5fb4cc51c728d5d9add0dad5ecb3709bf,Benign,mipsel,mipsel:3694933716428143968,false,test
84b9c6b9fb34dced67fd440cd90b2dc7500422f8373e74426b46a7ee726a2541,Benign,mipsel,mipsel:5805210466689475424,false,test
84f3aa87a3446ae14bde41e1ce7c1e89f5a34d5970541ef2b26653703491438f,Benign,mipsel,mipsel:8737440098713689849,false,test
857b3725e47c912490cdb08859a04ab15417b5492e279efc166113dd5dddb422,Benign,mipsel,mipsel:11298357927756770530,false,test
85c6db7a8f666198f28ce811258c771b98f056edfc3dccd4e8c65a89aba03554,Benign,mipsel,mipsel:7798097857009735502,false,test
85ed5c86e0f0051cb27f1776c0e8d14238c094689dce38a70282d692c3ccc7a7,Benign,mipsel,mipsel:16567099470701083911,false,test
8639fd348d966c08e4ee5fdd93cca27976bed2f760fa146d1109d1668bfdd1a2,Benign,mipsel,mipsel:5271618088669915901,false,test
868780ea11e89d827068459e4959743108487a1d6e388ef8dd883870092f99e7,Benign,mipsel,mipsel:17443494009621205185,false,test
86dfb91c1994b8307c715c3fc897c52e1df6455e73ef84e900cbda1e5f404846,Benign,mipsel,mipsel:12034116091612001719,false,test
871da80db5c04bbb153698a560dc64b69a0735c72d829bfdb1839b89a2f65490,Benign,mipsel,mipsel:12143281873693015121,false,test
873d1b3e48803fbb5f4cee663465dd36140a9e07835231439a20162e91624e71,Benign,mipsel,mipsel:10529536323834478207,false,test
8847be27ea888c7e80d8617e463d5a7f689fb77487e5b8586a6943ca6b5c9d23,Benign,mipsel,mipsel:15852168746008569366,false,test
88e0b68036fb1f0846b3ba41c8d3da76beb528be7596ca5409fd9f9517f5697e,Benign,mipsel,mipsel:7668674064544154987,false,test
88f7ce2acfac08630d41f6bb89cf2c642f867538d2fcef618212ab3d3f884168,Benign,mipsel,mipsel:8229006230165894575,false,test
89f4f4a444b6ca1032aa61e0e7733abeaffe03a8b25532287610edf91b943042,Benign,mipsel,mipsel:5780755020201391290,false,test
8a1650d699a11d4a767b6020d69cbb987f611b4f7e8c34c67b150876951c3a7b,Benign,mipsel,mipsel:12514465853704430120,false,test
8ab0a990198f1b58881574c684d260b1fbe05b49f06f36b250a5b9486a39eccb,Benign,mipsel,mipsel:9259694196572278566,false,test
8ad9756d54fa675ba64eac101c326fc9d1a52d06f42448786143ee071e9296bc,Benign,mipsel,mipsel:7613567517571842387,false,test
8b2fce5864a43fc365b7453491f5867e829be58177c7e84a8b09c18bcb25d85a,Benign,mipsel,mipsel:7789274145852645756,false,test
8b339524fdafa63a90a8fb7afbf44e4f7e006686903f41036dfa5e97f0e88d1f,Benign,mipsel,mipsel:12804935155719098415,false,test
8b9d312f3b1cec06da174dc99251da6cf421a36a396a9d8d89d50ce2e0bb65a0,Benign,mipsel,mipsel:18309031501609479961,false,test
8bb58286924f388e51a4a226e78abb0510ac0090a253dc6c04ca8e74ff282a13,Benign,mipsel,mipsel:13056695357173641616,false,test
8c414cd31d16e0209914c5867b1fd735295f599cb3d07ea3438b87b6173afffb,Benign,mipsel,mipsel:15953992889488966206,false,test
8cd052d1aad3722e26fdcffea7f08eb4190747518151f8364476113709813f13,Benign,mipsel,mipsel:10045243482368082019,false,test
8cf630286adb69334644ed0140a482a7946f4a3eb1ee991982d2dc7d1860fd43,Benign,mipsel,mipsel:9151338008911017476,false,test
8d0c457ccb25667ddb94735b3f95cac346529a57f93af092c3f1f057fe1d7989,Benign,mipsel,mipsel:16973376826497805641,false,test
8f99689b6a142f371a136c12314820baf07fe317b4883737d2581c633eff7a19,Benign,mipsel,mipsel:1938785187682305496,false,test
8faea12e439050500de261507d3bffa2b25c45fd5b3f429d767855317a72009b,Benign,mipsel,mipsel:8318261202772117925,false,test
90ce127c5781e87c2bb56ff3450422461ad710ccba6571f9734bf004d72c5b53,Benign,mipsel,mipsel:18423838316526128545,false,test
90eb6b3a5cd587b7ceef443dd443b5fe175e337db78fb31c3a57ac78e28b0f0e,Benign,mipsel,mipsel:6069908793765909991,false,test
91a65023f549f3ff47a06a4f290750222e287d436a38ec01686a0ef40903d87a,Benign,mipsel,mipsel:2176587648022567954,false,test
91d20027cf825ac04397259bfc0cdeb7dbca660c5b4802a507d9bd348eb380cf,Benign,mipsel,mipsel:740468346149891848,false,test
92612f35aa8548ccfa45af086ceabe291992215c28ffda6dc130e1548d447a03,Benign,mipsel,mipsel:11945058545353640113,false,test
930c8e94815acbf244e8a2f58bfdc1a82eac80e232ac988a6cc40a8b0e51e86e,Benign,mipsel,mipsel:13905230869731574722,false,test
9317b74cb8e424f36d37fae4dc3b37515a460c2c3501ad60255ec31f922f5545,Benign,mipsel,mipsel:5835751585081225316,false,test
931d6850a3bfab15703a47cb0562560ed9f80b4edad12f29858bcf0f9f499c00,Benign,mipsel,mipsel:10573489400156591155,false,test
942281b6bc2c709f14f99c8f441bf64b159739bdc46e972006e9dea951768924,Benign,mipsel,mipsel:9723632800765777678,false,test
948311cb3e7547de8fead845d03f9cf730e26cf02c50c68a141877fa18b4489d,Benign,mipsel,mipsel:3598100792513304175,false,test
94aa5fb3a0df1f5e0017ad49ad8059193656476001867f301128a040bed1bfa4,Benign,mipsel,mipsel:14008031849149362566,false,test
94aca45fed37275ca07d76462f468b7ba3b3de53d0f6d3695b8cf7fc2bd4f3da,Benign,mipsel,mipsel:9288107413668263844,false,test
94c1d5dfc82b180fd287d165af8f9b6c6e6e0763b42e8277097f740398ba8ea1,Benign,mipsel,mipsel:6213054359477480133,false,test
94d7edeb293a2b30535c044df67307a1795a531435f04c8ca48f95efa6a70d7f,Benign,mipsel,mipsel:980012339654013459,false,test
955192eaccd7654c4fbdaaa04b3243a7ccc2f47a9c46052d62b4906337c15966,Benign,mipsel,mipsel:5265039220547154788,false,test
965c876a15407e225ecb87bea8531f8f3b0f33c1eb88c52c1336dbf75bf3933c,Benign,mipsel,mipsel:7525957324795277821,false,test
9682eef979ddf39f805555a5129dc4d769d825b93c5090b04fcde79d771aa41a,Benign,mipsel,mipsel:7050018280004660319,false,test
96bc9d66ac478eab8ca0f27056541a876690e707eb1151447834328517a131b7,Benign,mipsel,mipsel:8669815209000140107,false,test
96d0d53775cd7e2b11422b7ae7adea1dcce11cac7fe732bb8444e78cf2bc58a5,Benign,mipsel,mipsel:6017847159531727850,false,test
96f94e3bff143adfda322e99ad149b45ba13bafe3ba36e6b9502971d8dcfdfa0,Benign,mipsel,mipsel:5099149335344556075,false,test
97517fd7a5ff6db293dedf5c2c7682de6a0aaf19b75574e14f230220c8d33c58,Benign,mipsel,mipsel:7398751220348182387,false,test
978cffae8ac66d838ff08b10814c8256841066bf3c14bdaadf02447bf69ddf06,Benign,mipsel,mipsel:492857215250379933,false,test
983a500dbe655e915b28ad1ac91249af219953e31f5fee8e25b98ebb500b63c7,Benign,mipsel,mipsel:3227044384889686665,false,test
98d25d614616dd462f1e3972c66fc97ea4bc6dbcf7f2b3327a0eb4ba42427326,Benign,mipsel,mipsel:1160936388378986298,false,test
98df5f83b39dd92a9aab9f27bf1f2c32166024122da3e9545451c7509e605292,Benign,mipsel,mipsel:16770875379580164486,false,test
9988444817f48ce526cba947581d413868e391f5d40eb4b95e229ea3e1575a99,Benign,mipsel,mipsel:11764892770391491073,false,test
99c56207a1b9930dba18e1f8afb10e1d502bd6c33b7e2311914804f22c0ea7f5,Benign,mipsel,mipsel:17137250505028659007,false,test
99ff0d38e14f9a55616c776cf263dbb2a2fcaffca60420c43dcb1aea5cf4b0af,Benign,mipsel,mipsel:5340802790624466403,false,test
9a2cb0abd4bc999a3622fa48875ffd9e2beb9fb2ec51c2ac66553abb294955fb,Benign,mipsel,mipsel:15765859895260503304,false,test
9b7dcc6e1ac2476ebbc0304413b939bec361d4f8817dbe23ee300e3f7f7c7bdb,Benign,mipsel,mipsel:14898522581293076334,false,test
9b7f6dd19d74b93d7ec3611e5aee1c24545b96eaa084733542b3f7567109e841,Benign,mipsel,mipsel:10800944825802927523,false,test
9bc932c9ea0531a6d22bcab6dad6abaf118b0e9e00736fc0779318521bf88c95,Benign,mipsel,mipsel:1406344445299612371,false,test
9be9078b1c6fe42a5e07c040596b8d4d1135926765f11415922ecd7b0f818f9c,Benign,mipsel,mipsel:12792464428613545349,false,test
9d03cec0369afc1ec3ed1419fef994244ba4fef9763c0b8bdd9f62b34415d98c,Benign,mipsel,mipsel:14519900975128126957,false,test
9d38e6d700aeda1734c5b7e21e55333bd5df286d93337ff4b163b305b2930d20,Benign,mipsel,mipsel:13541066676952198789,false,test
9d83cbd5f105c6642c1863f06cdde87d863d697356343afdeb73337790da0e50,Benign,mipsel,mipsel:5697214148191376052,false,test
9f7da33c361d8cb11972bbabd2dacaa3dbff18f5bf1e951d4ca4e7376d18b1ab,Benign,mipsel,mipsel:12762815096128767685,false,test
9fdbee70a4cb3073cf852886ed85ba69423f36d88ccda7707b2351ecb25e34bc,Benign,mipsel,mipsel:17316628572636942375,false,test
a13581de589aca1b9036f428e085f47b98317126697ed9d4ae151b2baf7f02eb,Benign,mipsel,mipsel:814461731920323252,false,test
a17d04cb64e396ff22d26078b22775e79d700a5d19464c6d3028e8dad6bf08a3,Benign,mipsel,mipsel:13305597859455326089,false,test
a26726e0c2a67c5e552616d22af76a9fb4c7ed76269489a2f0cac65cbef57c0b,Benign,mipsel,mipsel:6005078605413273126,false,test
a33e7543e0ed3f2e979899a49b2578248264b26d912d9977e8b500dd74feff71,Benign,mipsel,mipsel:18295065776787950986,false,test
a340195661b95885fc4e8e803697175e66e90a236d20c317047913f3c816b82d,Benign,mipsel,mipsel:8743106990883027211,false,test
a365e20f65b257895c57686b976c58eff114cd71832a154cd6df4d343e3c60d8,Benign,mipsel,mipsel:16227084126700003624,false,test
a3a8cea57dccb93af781dc4d89939467ae8148b96c02a3a5a62b34fc93febdbd,Benign,mipsel,mipsel:1191375922119155949,false,test
a3ad8f1d11f33fe5e3e69959c2a69730042758a564f5ebc490bf4555daa0b447,Benign,mipsel,mipsel:7537532854371291617,false,test
a456735c5eb32fb8ea8c4ca15987b84e74dde46d1a8a80c62707a86efc2dd91d,Benign,mipsel,mipsel:6370532733998848883,false,test
a574447a2543c0e5274de3f6fa21b0de132490382b47034fce903f2fb7fefb30,Benign,mipsel,mipsel:8500817026541762057,false,test
a5c2aa0a102d5024c6f6de3601bfe66d47b6a3b9468d0bc965f3fe515fc3b068,Benign,mipsel,mipsel:11851613529650272982,false,test
a5f8cf482a7e539320fe8fdce2655a15acab49a40345285d5f3754536f9adaea,Benign,mipsel,mipsel:8968626289340409911,false,test
a77d78d57a3a1d04100e3ec020275b6b125daf1a056fce8484df70668196e2b4,Benign,mipsel,mipsel:13604046336639603472,false,test
a787e204292e21efe6779e910ef5602766c8022a5b3c43665dfcf9b43fd59298,Benign,mipsel,mipsel:18095498196344711005,false,test
a795fdcd81e69b91db0462103df795ecb505b15967e0deb52dfc29babf48da01,Benign,mipsel,mipsel:3727488389259958051,false,test
a8baf8eac85b0ce43878c5ee1e85edf4791242c90bdc925366699aa0192d5e59,Benign,mipsel,mipsel:10479082201581058921,false,test
aa1ccffd53623e2286b0ee72a207115f2183267671fb13fa224c04a9910db203,Benign,mipsel,mipsel:5403434620166261950,false,test
aaa4c2d7b0fb9474b6a0800dbd67a817edd2a66b28cc45267b815e9661595ef4,Benign,mipsel,mipsel:646853281099677126,false,test
abd543dd3f1c8046d037f425450f2efa12169c58102bf8a4e6e482b1e670e403,Benign,mipsel,mipsel:2695456499434392127,false,test
ac0c9bd661556fe032ce2a639176b650f0d362fb288c93109921cbf76d49ee95,Benign,mipsel,mipsel:6965281443060423215,false,test
ac2a8decf89409a71c62e30aafb64d9518065f471067b50600a5e5585632fcf2,Benign,mipsel,mipsel:17740190093962427669,false,test
ad21682f6101e3a90900b5d3dad5d47146f34a4a27258f49a4663c9615737b46,Benign,mipsel,mipsel:18127146671859080457,false,test
ad7fa2f96ab04dcf22dec7bfe1b597c4989189aeb649b5b1bcb54d9e6b6059dc,Benign,mipsel,mipsel:10739692566992229289,false,test
adf6db7b12ceb1cd6539888bad89972c5cf4ac610d420b2a9ed1dd182c91115d,Benign,mipsel,mipsel:12828138215471084698,false,test
aeb0c0c7321fed906ce0a2ba1f041c8e49be4dd9fa2edc1925fe79faac8dba0d,Benign,mipsel,mipsel:7237686602578698129,false,test
af152e3441ff2e28fd60253090760a766f66af77f6d153afed58a6064cb818a2,Benign,mipsel,mipsel:16115758329539819772,false,test
afc53f4a4e76daa75b92e8dffa0872d50396ff3cf9bd8609c942ac536d3f2248,Benign,mipsel,mipsel:4258983883646147731,false,test
b01297a3fc83c2c008aca6415c32e9f478dc66ed78db2eb83af29722fc3f2d13,Benign,mipsel,mipsel:16981111954153104436,false,test
b0ab45f3d8bf79cceb83434ade7eb89ef01add5f5d8f5ea1c43fd466517ab918,Benign,mipsel,mipsel:5837131211521945072,false,test
b14ee747ab12c0ae3234b1c9c0b786ab8ed6e3d90747b59ba3a90a63ff82e1d0,Benign,mipsel,mipsel:12437777888118088613,false,test
b1aeb75fd14e993f9d399947cc49e416dd856003586ee6d11815a629b7364835,Benign,mipsel,mipsel:9634099240678928644,false,test
b289ada7fecf9bb0e583268c2d86c198b2372cc57bc056472126714962c7c161,Benign,mipsel,mipsel:12644381165307687722,false,test
b311c73524d1395b3e6adc8963dc70b5b9148be974fc8a9692c8baeb4406cc5f,Benign,mipsel,mipsel:15972771984123309024,false,test
b3b0a69829c4c355f250329f4d227a35e39d45c4ec126733a939946392c98a7f,Benign,mipsel,mipsel:9263331373630274212,false,test
b3bccea4928a5a87e2158fe72ea701f1e6ae63d9727172e5c25c30eb3452e93c,Benign,mipsel,mipsel:2010784843926382144,false,test
b42df7bcd664b5e56623ff8273fddbcfabc9106cca708ae2c6997f03a14cdd3e,Benign,mipsel,mipsel:3696051625931241745,false,test
b5ab8391fb5919dd82ff11df2e7759e220f425b157eda475d3f795f978fb7eb6,Benign,mipsel,mipsel:6844689439682215382,false,test
b5c92f9348b19e5eb64c407b8e2e12fa99ca4b9b92911fe1866d4ec017f450cc,Benign,mipsel,mipsel:9986389421791775248,false,test
b62233d5589548974a538c44e8fe9c0150e30bce382a77bea1c308dba1c3acdc,Benign,mipsel,mipsel:1772880447951082768,false,test
b686aad69f1365635f0c160204d0cabe397831e5d504707ba9a22e79967ee385,Benign,mipsel,mipsel:13015122420161462775,false,test
b688a42e7b6fdc754219600ce50c9e9a70f6387833843e505e109ea29f7aa52b,Benign,mipsel,mipsel:5191201900237095001,false,test
b6ffbb6bf3a26d8b9ea9adec3e59caecd792f1fe830884f116fe9a840cd32948,Benign,mipsel,mipsel:103577265592094465,false,test
b78cc4443323b9c1161c43bc4bdbf89f55da8c2eb2097add4f232ec756e8843d,Benign,mipsel,mipsel:1143407847496436308,false,test
b7995d3fab1ed7f121226dc8594b77bb4289b400e4864d3c8e9cfd3728a387fb,Benign,mipsel,mipsel:9067373409037076283,false,test
b7b8a4e6a3ba883f558e3dd058056e698154a9a03684299b32a89fa492bfb475,Benign,mipsel,mipsel:4291982521618013916,false,test
b823957929879f41cf1a37323812983caf0c01bfda62e7096c225d1098baf392,Benign,mipsel,mipsel:13765222987610664410,false,test
b8bf64d97ec4e84ec9454929ddc824c42447f9ffd5fc7e33651a5f2a5dc08b22,Benign,mipsel,mipsel:12224985981468682873,false,test
b8f6ed6984dd58ed0ac5a50892323949995969cd4c0cb237904e005d7d574428,Benign,mipsel,mipsel:5284289980045425996,false,test
bae2de1a133d49b2fbad7f3ca0593c76c77ac85019590f57018cb24cdd0b5747,Benign,mipsel,mipsel:12930689235511669034,false,test
bb2941fd5dc74c1371fc388a110cce40cab9a6a09b5f16b5ffe3de40994f344a,Benign,mipsel,mipsel:15363994233614476605,false,test
bb39e944df0da51e8e242da385cbc02cb8d3c896efda63ce14adb6269cf0c606,Benign,mipsel,mipsel:858407433340722131,false,test
be01ff122bfd24791bd00868404680231098dbb75a48e127459cee355a7487ad,Benign,mipsel,mipsel:18126909305314679390,false,test
c13f38a36b885680cf524092c577b80b490c2dbe5469f909f17310fe9bf41904,Benign,mipsel,mipsel:7560704411026986696,false,test
c2e3e6de7e313238e92146d913d34a5c187e60b3dc625c8cd14b72ad96d0e4b5,Benign,mipsel,mipsel:167300298875065057,false,test
c319facb523a3008516ac6d5af46f2d66f51cdbaaed824d4594c383a81993aa3,Benign,mipsel,mipsel:14687686523250149242,false,test
c338e5d8c471ddccc93dcc2f954aacdde0e0d3c97c14b9fa7c1e4f468da53bd4,Benign,mipsel,mipsel:2623234647460693080,false,test
c467c5baa4fefdbe8a671782d568fa07e19a89b6adbcd1e891b776a8f0cf393b,Benign,mipsel,mipsel:11072606311174524485,false,test
c4e25beaeb2b5c59d55f59e3c57408323760c674d54aebbcae0a745cb1bcfaf6,Benign,mipsel,mipsel:15015104203402495470,false,test
c54346b7da26161be32bd4266a537783a3171f828245ce62a71f52a2ff7f8afb,Benign,mipsel,mipsel:10063027229814087640,false,test
c57f3d4b47f8283248b7d6adee80e974b70763dba483d19f1814e7fa5527ea0d,Benign,mipsel,mipsel:9747275480002629949,false,test
c65eeb29fd94b10f960176b356015b2266e2cfc967a7fe96987c3066fce5235a,Benign,mipsel,mipsel:13901111986236454722,false,test
c6bd4edb6e60ccfa9849b9f0244ef51c7b6f5ce043e142c61d131ed9f50aff7d,Benign,mipsel,mipsel:14002034539449787642,false,test
c77155a59d26f20e852158d0429ced19ce340588223f8129ea7a8a5b7d30730c,Benign,mipsel,mipsel:18198570528344661644,false,test
c8936bbd7f3d56906e7b0ffc86bf565b07ed6421e713c50e87fe2e4db1ccad20,Benign,mipsel,mipsel:10737123991233803553,false,test
c96c2325fb35db96b2573b4d3bada59958e609386c438b50926974b436c512a2,Benign,mipsel,mipsel:14174394906345912107,false,test
c9874c7b7d601570f6762a7559ae41f9a65d51ce619b4c32241f69c5388e3814,Benign,mipsel,mipsel:17454924020321929181,false,test
c9ed8d2353b8bff5adc3752f0013bb587729248b28194ab437782bdaef1c1922,Benign,mipsel,mipsel:4352250625228957989,false,test
c9f2154261ee60597dd22c2f42c8bddca39635d445558b389834c996ae196c27,Benign,mipsel,mipsel:11734405016539448683,false,test
ca80c82439a141106779cece36c45256e0d4b8c226075a1c0bf359183139bf4b,Benign,mipsel,mipsel:11860263811816537933,false,test
caf0a9172b53c156ad7496c995bab946f7fee2819d61d9d85cebcf562cf7e684,Benign,mipsel,mipsel:11500394592504647481,false,test
cb62793b5242f90d4e11ed559580df8a0458b9c71dd1fe1dd6a840d272fe3ffa,Benign,mipsel,mipsel:16417783917383379733,false,test
cbb0f36ce7cb94d6ed33e0602476b89600a6e11809f62eb0de4b8f0b49214ffe,Benign,mipsel,mipsel:14158533798140933892,false,test
cbf448f849cb451388f49a6ff39a6a6ddf9ee0e5844a1031e9f90171f1ec9a50,Benign,mipsel,mipsel:2823153158277309382,false,test
cc2308d032c638f359a7c3f29f153de3e02957aee7bdd9155da9cc2902d748e6,Benign,mipsel,mipsel:13391779378405613182,false,test
cc51d94ff83b3420601962c2246737acc932236bf27a5b619d200084fa5ba152,Benign,mipsel,mipsel:17542131768680074621,false,test
cd4c4d89fdec2730201b830ebe0f2733eda4243b73f228cf87472828665eb3f1,Benign,mipsel,mipsel:13851319891679316963,false,test
cd531a860e6bc2910d4751a0690b4d8698c110d67a719273f7750d51e5243242,Benign,mipsel,mipsel:13704510891933304787,false,test
cd8e8718adaabb6b5bbd6d65314fc8a39e62cacc6d85786efbaa1ce44081b1b7,Benign,mipsel,mipsel:875146173533221265,false,test
ce6db23088c9e8087d88dac9cbfa618200a31cb3bb41b35ca46fcd8d20adbd2a,Benign,mipsel,mipsel:4859804569399855372,false,test
cee1c21a000a98b679038d3acdd0435f39c438f8908e239d5a689dc7ef6cd1f9,Benign,mipsel,mipsel:13116628702403521319,false,test
cf7bff42bcea65cf9a3e2784f07dca9bbdcee0db3a4342bc928db45e3a40ffbc,Benign,mipsel,mipsel:8106373984930307925,false,test
cfaf079c5c8a0fbe529a26f52305535d3a6ab29ae40388b5858ae518b0decfbc,Benign,mipsel,mipsel:1395379447718268644,false,test
d022f74cd18149bf6d91254088fff795f9ac5e3c8caecbd902959f945d1e3e60,Benign,mipsel,mipsel:3041191505232657011,false,test
d0ab07addb8b83218aa9373cf74efeca864efeb7224eab52d028bc556f6b3505,Benign,mipsel,mipsel:14825569061071762117,false,test
d0c9781c1936d08ea8409a955aac256e3464679a9386bbb4dc04d56dd7a0db0e,Benign,mipsel,mipsel:9191263008145791590,false,test
d10691cba107445c3f540640bbc4ba22306ffee3d90715ab1fe2499c085f38f0,Benign,mipsel,mipsel:11974678439297994806,false,test
d1f1185d486f12d93890751d15f063b29f2c0c702bf816a8583064477e0eed82,Benign,mipsel,mipsel:12154897549070474144,false,test
d291e6dfc5715315d60f950299c39b188e70bc90a392c43e93d3cb6ff6689e1c,Benign,mipsel,mipsel:9554077511247697136,false,test
d2a489af9910c1213710482966b3908111bde1cc1a6693a203bba4fb8307ab13,Benign,mipsel,mipsel:6623531396412768561,false,test
d2b1b0a37ea10ddb880b40ed22c16e77ee1da1065f12c7dc58d4ce055f0adc49,Benign,mipsel,mipsel:4052792778608344899,false,test
d2f3446dd769c3d08b20c52b885fadda7edad6d2fd5edbc79d2d703a18367bf1,Benign,mipsel,mipsel:13917473364324990434,false,test
d3c0143891dd39a2c95120ad19ca43f9679d5704b1a6458f97465cc847241a73,Benign,mipsel,mipsel:11295295059413016729,false,test
d57082b792a2f8231f0094f3af1d0ad91782acbca5404e6c906fc04523eed771,Benign,mipsel,mipsel:13832005313797057060,false,test
d5b2b1b3768943db68d2a388138ff1a49cc0b6cd311c76dc578ca944fe52652d,Benign,mipsel,mipsel:11639001085275713153,false,test
d688260a3706173278a92210c7c0be6c76de9af5efb02f97093074385a327e43,Benign,mipsel,mipsel:16881880356692260336,false,test
d6dbf273934e9f9d7841b3ef8234005f01c44ea13ea36c7dfe1c8055673b88d7,Benign,mipsel,mipsel:3611124735060581539,false,test
d74befbe9b72bf187c8fbfe245e418544f37930df4ff5df613c5b2757b1b2291,Benign,mipsel,mipsel:15470978453139797960,false,test
d8b36bfabcb6aa6468beea8ced7e798d2f900a7c83074eb8e021f5550844f6b6,Benign,mipsel,mipsel:782703011549607212,false,test
d8dd7d47be3a540fe501d87cf85d5e31e436e8852b06f0f0b383ef8090d1dec9,Benign,mipsel,mipsel:13881796471996269543,false,test
d98295724ebf5c5b18b1558d801d82b0b6cb2bab61d8c48e9ccf942193574cab,Benign,mipsel,mipsel:18234613959055682271,false,test
d9eed15fef1f3efa1641a5a832baf677012a6689a513cb7f1724a0eee6bf93f3,Benign,mipsel,mipsel:7589329339316503246,false,test
da62edc26418e57607b19569368226ac8acef2e9865fcafcf30b49af582e5a9a,Benign,mipsel,mipsel:3289544583680460764,false,test
daa1a71f9ead499a3f54ff02d6b544c6ec988dc5efd0a342358e322c20da2d43,Benign,mipsel,mipsel:16398476911575538647,false,test
db82426084a6e5ffebbc7be48c73f5888a446126bb21630165d2d730e30591e0,Benign,mipsel,mipsel:17745051516152532847,false,test
dbaabdf0e12b1c0d96790a69c60939af8b42aaba8074fa168d474701ceb8bb95,Benign,mipsel,mipsel:11533180641086126119,false,test
dc1f5be2087c832f23af3aba048e81303630d207f74e3a047f1a1f99aa5fefcf,Benign,mipsel,mipsel:1182471113047417158,false,test
dd0c3147849c4c3a5a8b9b25a3ae63ad25011bbaad6a64fefd7ac24a4ff94623,Benign,mipsel,mipsel:8386808265934675415,false,test
de40c62e699c6f0f378b24e12e7c5fff753e6bbb566ae7aca45ebcfc5a7a60c0,Benign,mipsel,mipsel:779295255277507284,false,test
de651982ac1f32ce6000c51529215e056d2b536947fe055d1544a49e48525df5,Benign,mipsel,mipsel:9392789794187259590,false,test
dea0fabfb7705db78456e2555934dabe40a2b7f05d12fca9b2d1552fbbb864dd,Benign,mipsel,mipsel:15138126423644220185,false,test
dea84449e65190c1fe580f600fb26d6fad22b2cc9e73ee41e5a3f9e7118d9db8,Benign,mipsel,mipsel:15418651667723974446,false,test
df0619fe32d8489da7aa00afda356319ef3367568e00131de946e0b7644c9046,Benign,mipsel,mipsel:17342456360673884884,false,test
e04bcb3d982c35300deac581622f943d18c73ec9b3924a3f6a5ee50ace89017e,Benign,mipsel,mipsel:11123823374435566477,false,test
e080b034bd25c61dc2210c7befda918d6d4f33831ffc94df9202a6b73eebb46e,Benign,mipsel,mipsel:17474886043438608063,false,test
e1c57c8bdd7178abc1c36348ba78c0db158157edcb253137a7819100022b4388,Benign,mipsel,mipsel:13880915205981850827,false,test
e1e26abedb4935d386599c7add11061c6fa1fe2ec1ff7877375adbd13d1f196c,Benign,mipsel,mipsel:3275472318824429042,false,test
e2243f44bf0db595d21e01a0d07a88b988bda0af713c201f43ffdf9310ddf1a1,Benign,mipsel,mipsel:12223548995965982657,false,test
e230be2910297fe315d84c3bc3b1feba96a40fa0caeef48554d250737b6f2edd,Benign,mipsel,mipsel:14865138778884262932,false,test
e2adede866ccf2de2dc07e1ff2daa042f4031578be2761665f7240809958b1fd,Benign,mipsel,mipsel:17419861434328500039,false,test
e2c6f7e4cdb568dd081a35ff7f2e4aca5f17a679b6b134dd591570436366b0ca,Benign,mipsel,mipsel:4601873542467501524,false,test
e32ee6012ac93b84ff6ce69f5cfd5e20ed13c4836543571a20eda178ec4f5556,Benign,mipsel,mipsel:10845945505119257106,false,test
e47ceacbf9a47a9ba122c10bea4e8d5fddf2264cf93d1b5200bba99d16deec9f,Benign,mipsel,mipsel:11748435916256389572,false,test
e562e340e84ae75bce35f2b78bdbb7c617a6bd15d0a90f55cbfa6fdafafc1bb9,Benign,mipsel,mipsel:7738553294696137112,false,test
e5b9f4a7ebb2916ab8cecd8995b3a67e0a8f66c05e2e7fbb0f4449172534be5a,Benign,mipsel,mipsel:1876706895765086333,false,test
e5fa9c4c35b5d86eeaabfa986540a185ac0285113492972fc65414f9074854a6,Benign,mipsel,mipsel:4393407451276111805,false,test
e61abbdaa585eddb1b609d21abfafb776fae57a63c324d03e4fbec3d9215a5da,Benign,mipsel,mipsel:2157595802434718065,false,test
e74aa02c37852ad74b4a1f544d7e318eed28c7c3c0bb38927cc85fce4a0534cd,Benign,mipsel,mipsel:14272502449588614030,false,test
e77b0a93a9fb0380d35b532c1a54be510bf5de437f47402a3929b9d4d0dc00f0,Benign,mipsel,mipsel:12749174908530969505,false,test
e8b84cc338dd61060bd7dabb7af74fd92cc2690c6bc13002de3a5cd7c13f2026,Benign,mipsel,mipsel:10810948294964248960,false,test
e8ff6b5f2252d461c37b9b43a6bcaee0aa9150cb0bfcafaed74dbef22321ac50,Benign,mipsel,mipsel:10753041866897809364,false,test
e913c6d0bb2bace27652dca2c35975da555992c1874d72a050f461ebd6e43b6d,Benign,mipsel,mipsel:13207971755271718718,false,test
e9b7e1732b2cd84d38df5ea6aab8c84555b27e6173e352aa4c73ee80e98e6632,Benign,mipsel,mipsel:13644234521607502345,false,test
e9cde06d75b5210742f152d2a3db3f953148ce4a9d750461c42d9d9fa8bfb976,Benign,mipsel,mipsel:12083669540991125161,false,test
e9e8a6e2b561c2d4927971e37ed5d61ea064617ac083313348263e5ceead8a7e,Benign,mipsel,mipsel:80157665711054065,false,test
ea4aaffe2bc5182da2f14f1db69a10e09493c8850359565576ae8b1922e16805,Benign,mipsel,mipsel:9564364420967032908,false,test
eb4df958f702041743ea769f7b20c24fff9612640a9b955daddfc6f9fe0c9c7c,Benign,mipsel,mipsel:12280998108195684864,false,test
ec39f2ab701ec7d63d17e053d3e3e45aab0a75e39968f5a34a66f7c5a02e653e,Benign,mipsel,mipsel:15247683290241788549,false,test
eca531bea2a5c46f4601b4b4e328542b0fb04070c2886773d0cb0dcdb4d69c58,Benign,mipsel,mipsel:12612614801253183281,false,test
ecafed3cd61d13676ea7b39edccdaa8a1b1f3ecc7d6746acc64acbd2bfa9d40d,Benign,mipsel,mipsel:6246175412649413297,false,test
ed216994c591442db7b87cdadd57b6a6849ec8445785993a225e3bf8fbf0f3cf,Benign,mipsel,mipsel:5461897674792555152,false,test
edaaf1fe17acbd0eac6c005f3694c1a1739757d31745a5e5683a3cc48776dcee,Benign,mipsel,mipsel:7984642031003203461,false,test
edd04be88309478fc42e5bc3cd9de88591c1bc1dcd9b6126d494267b64f6b37a,Benign,mipsel,mipsel:934922820580339823,false,test
ef116338293d7b3d0841174ce21457deb73a44d1d575648af197b0f9b54076eb,Benign,mipsel,mipsel:1868879601249183314,false,test
ef8aa461251258cd22f4e23163300eb94fd15479d9fbc83ccfca26369deb1a87,Benign,mipsel,mipsel:1554831827794716095,false,test
f01ac09394d07ae5e811e137b2e7a58ee6090355e21e05d6fae382fe812bde8a,Benign,mipsel,mipsel:18445032849152759449,false,test
f0603210e80d3a125281ec93147a4ecc2dde42950f4699d8a36e28f34e5f9ee7,Benign,mipsel,mipsel:8109838118651736866,false,test
f0e5d0ee585f16f3dc7da54b5c84243e410f79bdde5b891772ec309019e59cfd,Benign,mipsel,mipsel:11772519947719965145,false,test
f14c1912a232a4ee68ba7ff4b5a750624f85744bd5ef8c08567e79fb25a246b7,Benign,mipsel,mipsel:12942677687363392036,false,test
f1705346a294f8e2181a1b145b293dc109a8251d6d67154028000a1244fdd99d,Benign,mipsel,mipsel:14943741577473495366,false,test
f22b6a956d371858d3c14eae03c1aa7f5cf907f0aff7b5752218ed34f5a733cc,Benign,mipsel,mipsel:3331773781641853572,false,test
f2669165d8d6506fb4aab1b306df1a81f1339419ac2d613fee47da03d1632cb8,Benign,mipsel,mipsel:16660867980126469848,false,test
f2dc2411ae08f9f0f97b565e4e5a12ff13b3b87a680399a939fc6965efe773e9,Benign,mipsel,mipsel:11673767768647003076,false,test
f3126907fcf96724feac44a6b9f811cd0023db5551481350995909e9a5b13e71,Benign,mipsel,mipsel:7669101918934868189,false,test
f4573a689cd53d5339d54f379e8cac95823b72b46dba7fe95c510f87d25f4aa5,Benign,mipsel,mipsel:8309283546418162571,false,test
f493c242a489dc711b2e59b70a5b47d0abd09f8fba7a9f06d8deab6bbfd4eb12,Benign,mipsel,mipsel:14310240023162627345,false,test
f4b3657dd786be2b264ea1825a92037772ab8ee2fbb6d6840a4d0ae9cb872712,Benign,mipsel,mipsel:13879631470563057066,false,test
f612ebdcfe93dc0567a6431d077bf5283fa88934cc69a38fd2fd0bc12b2b1997,Benign,mipsel,mipsel:6059986104470851677,false,test
f72042154840e4ab11043b6971d975fac4203b1e0b8eebd5d5dbb6f1552836dd,Benign,mipsel,mipsel:7342411948076143941,false,test
f7691c5557fece38a22fb6198e47befa301c552744eadf570214c582ff00b00e,Benign,mipsel,mipsel:5884303889878321153,false,test
f7f5e33ab36376c48db56f078829e899ffb2b452514333a135ce329ef4d34865,Benign,mipsel,mipsel:14637893653575136821,false,test
f973e9ede098f9c06e2822403db110c5aeb04d716c544d6e092633b474fcc041,Benign,mipsel,mipsel:9953671197108178785,false,test
f98b2dc655149dd3729bd784c54d0166e24ca501517466211165d8907dd7498d,Benign,mipsel,mipsel:13475872600314912682,false,test
f9b8515314211036d0c6c158200bcfb2d165be4db413526b55c1d8515686150a,Benign,mipsel,mipsel:14841443132862067387,false,test
f9bef7452ad087b801f08cc56e5ebb40b4da3ece2164074a1730dcacc283060f,Benign,mipsel,mipsel:1485376256454935238,false,test
f9cda6483c9ac6c14658625f0d459d621b939ad6497663563eae419a896cac29,Benign,mipsel,mipsel:9128952725117166240,false,test
f9cdacf9b85a02bcd6e30b95b59f7df90b0996861668a68085de80efe76b9b39,Benign,mipsel,mipsel:2212380967168469427,false,test
f9d1535d6fdc058c55e507d2f4569e836be0d6b3bf4a8bc701220b5c3d5074fc,Benign,mipsel,mipsel:2912067316163494450,false,test
fa708b64679e33f9a871d71063b04727d25a95f28035ca31cbee5142e9edc1cc,Benign,mipsel,mipsel:1964361461994910505,false,test
fdcdc6cda1d0d743ffbaf676e6f37b4fdd93d63f5aec5f8b6de085f0c4bfb926,Benign,mipsel,mipsel:8119105786926458071,false,test
fe77b57960eb8699e2e46cf30e42a19bb3321d629f7ef457dda479142534f563,Benign,mipsel,mipsel:10133900395553423433,false,test
fea6e74605388ef63fa11eaadb6e31c096ea650743725226e0e60eac52d03ce2,Benign,mipsel,mipsel:5888532125434687271,false,test
fefa2a750989207ec95b5ea0ac6693ec4d13918ad32358f898b04046a01949a4,Benign,mipsel,mipsel:9168133699662953367,false,test
00502fb191b906b3f058d9aff75bd2c2fe15fd458582feca83a0e0ad96eece6a,Benign,mipsel,mipsel:5339135313062013103,false,train
0077b0fecf80ee490e335b60da9f959dd150c41619c31968ceceb526501686ca,Benign,mipsel,mipsel:661715306723595028,false,train
00a15516e07b86864af8605f454c0a595d0b90a076ff84f3e507d6adc76638f5,Benign,mipsel,mipsel:17536278764904472739,false,train
00c4556529b1a0d0cfa8888ca81de346657bae38ac394c0058273d59a080ccc8,Benign,mipsel,mipsel:4902793429516169770,false,train
011038818e09396222364aa0956d8e31783c768c9f9874da89e40a60c11ad8c3,Benign,mipsel,mipsel:6998726206761494244,false,train
015ae14baaedd8bbbb104be42860d743bd56d124ce5eb22d726f30861cca229f,Benign,mipsel,mipsel:9134522285296768187,false,train
015f3aec77193756efb6f1e8df71ed0d1bc001e6ab6fd0bef7c13f424bb1e433,Benign,mipsel,mipsel:732625902522208088,false,train
0168c0a79c980afd1621572c3c6e562ec1af6d1119ef2d0ec0cfad75b0b779aa,Benign,mipsel,mipsel:10057954977304756207,false,train
016e86a980b29c4409bede826c3b104b11697f2df4cb4934c134d89ba3f30c17,Benign,mipsel,mipsel:1207941582877361266,false,train
019b18a6fb375b7dbce540517db5b660f9c53474951c06148d066636f712f57e,Benign,mipsel,mipsel:16428049824454995501,false,train
01a657cdba7289c984629683a46a1e551d64369e4763a00c2d19acadc39ee767,Benign,mipsel,mipsel:6010563471460023133,false,train
01de2a5e48120e903e18e43a8f88bb72ef7c6423f32b91b1c9b5896756c01a3f,Benign,mipsel,mipsel:11385622946676236715,false,train
01e715bfd88c0efc147e0e827d0b94ec6740d5319d0240615df541d8e843fbdb,Benign,mipsel,mipsel:2367597933897862581,false,train
01f1d5801c08635fc40d176fa0b2021198cf7c855151bbc993ee735c72d10b4d,Benign,mipsel,mipsel:8972481334989549138,false,train
022a1eea19968dfb170de69b58124fef77f75f00a207e397ac875c251822f8e8,Benign,mipsel,mipsel:18409567260727278937,false,train
024955678194f488af946bb12fcc4836adaecd5ee9b92475f6f1838e7bc97e12,Benign,mipsel,mipsel:9881210350681829348,false,train
0252a95e6157409d72c2cce6db79907ce82c68e4bf97a9c8446e85d34b0f247f,Benign,mipsel,mipsel:14252169171908726914,false,train
025d00869e4c81ca7303184b0bcd730d8c20968deeb441e2214b578d3e73c7c6,Benign,mipsel,mipsel:4527014935831061718,false,train
02928943127e88e9d8b29217174f3fabac4aa655bc7e8cfbb24c63b1e977e713,Benign,mipsel,mipsel:7469202570065526791,false,train
02a96299aa15a2fd39bb1649e04cef77a8475f83f2c40f050ec7c7703c903629,Benign,mipsel,mipsel:6461838848036638215,false,train
02b6d3bd40d7bc1901be7842964ddb8d7f7064cd16473ae891d5bb6a366efbfa,Benign,mipsel,mipsel:15580007321366286904,false,train
02c955fa667f074a9a8cdb64175b40d2c93ea4eec308072555495f3333111d2c,Benign,mipsel,mipsel:17480043277867043778,false,train
02cdb4051f009f2bf64f77cf343334c5b8538034093b1b2f83848886ea607d04,Benign,mipsel,mipsel:3674153109767319975,false,train
0313511fb3dd325dd3681149a076ba22ea04d378c48976081242c5f42ecb8fe6,Benign,mipsel,mipsel:11844846964720113882,false,train
03258433b668026613505add9286a784b7587df0ce5bb24ec4b29ceb4395de53,Benign,mipsel,mipsel:3852023756342147049,false,train
034b1b8161a25f05df1c481d11701ed42039751d8e3ba7c588a4415f2ea6e406,Benign,mipsel,mipsel:4495532426986492370,false,train
0360c762848f0ba62343cbeac094b8bb065a5f9b85c093e5e04be07c18938794,Benign,mipsel,mipsel:12616400671605604531,false,train
03baeda505e408d15226a9ddf31e31af72a7048318e8b1ef5fa9096e4213b72d,Benign,mipsel,mipsel:6694931666724769972,false,train
03eef13fce11f4474de3d4fea58c08664afe9f6cf00b98afb483d98fd34ac6ab,Benign,mipsel,mipsel:17554044003313381767,false,train
03f19fdfc6d565ff353e1932cd25a7eff30ff611d01aae0e87fcbc93ef26d273,Benign,mipsel,mipsel:4119465263614447634,false,train
0451d44ed538840495c9d845be9cf5ab9fdc810fb6d09a10876977421cfb2729,Benign,mipsel,mipsel:6327720082157210385,false,train
049a147e8abab717c62f539d74944376f0da2e7ec56846f6a5f59cca729a2135,Benign,mipsel,mipsel:12325640154902630266,false,train
049d700ccffa1be6f1cb675cd2870dec2548f663e2d830fe777143bcb9c04f48,Benign,mipsel,mipsel:6620579471684151340,false,train
04ed64d85ada473a01c3e6f4626544e7892c700f2d801ce111d12532c81118c0,Benign,mipsel,mipsel:1030876306990329339,false,train
05748798800c81202adcad03e1f3532d44aab095f2cbf721d8e4bea845579fee,Benign,mipsel,mipsel:11193678387667589479,false,train
05ab97c8eeb1b01b91b1e919ebadd4a7133ab48ca9607d0c8ff4763b22d90a37,Benign,mipsel,mipsel:5007957634773987026,false,train
05bb8a79e571a49430ca6160e2e123fd17c6204b9b551bb08e421a7f90fc7f72,Benign,mipsel,mipsel:3434251095960045545,false,train
06064a54af5f463836b4be4f3ec23df031072821c94d10a0f66392eedf99e245,Benign,mipsel,mipsel:3937594898707884158,false,train
06309ff427d6a2ae0eb460fd33d379a5053a7979740096669b52e60352b1fb5b,Benign,mipsel,mipsel:7849864992604612668,false,train
064a0d305f7fb29dea8e209dbd8fc9e7ef7b0e0973f487e5554bc622bb12187e,Benign,mipsel,mipsel:13326533222724419205,false,train
06a525a1f13d4b2ceb24925b426e7724a86ca86b16fee25ba54cf99ff4698bc0,Benign,mipsel,mipsel:17691281439090564971,false,train
06ba48068a27410647a1db747e6bc73bcb17045adce72265d902140766dcf6a6,Benign,mipsel,mipsel:12243129321552890575,false,train
06d7936d8cda7c78e3b8e61bb3c28cf3365e38e5b6e8b3ced645c2fce264ab16,Benign,mipsel,mipsel:4362003804006863259,false,train
06db7b937c2ea15081150f36b27f2d84911d5b57d66b75bc37687cbca8093039,Benign,mipsel,mipsel:11103793697874730150,false,train
07165be934326b08d9142c75dfabe37d5ebf19ceb521437cab897e58753d2021,Benign,mipsel,mipsel:9218097589401533241,false,train
07229d30f6050f983b37c2f8109e9189e7e43756219ac43c8fc0ad86d7461fed,Benign,mipsel,mipsel:4005621334704629589,false,train
07745c2d561d859a3f21a38c33ae1bc1e758c560f8e3a1b61e08e9ef2b1982f7,Benign,mipsel,mipsel:16117414584983659447,false,train
077fe0e08bd62d9220620059340f63302213bbcad267a4232996b165c8faaab3,Benign,mipsel,mipsel:15145418372426158643,false,train
07b1cd8d1d19f079fa2d7a73480783b9a6f7912b00c0225876efd16f7985551f,Benign,mipsel,mipsel:1197607854532661550,false,train
07b4bb3470d2dbeb887a18d51fcd0d467cf152c1a617bfa9b235eeae04d1f46f,Benign,mipsel,mipsel:18161820865252655828,false,train
07ffaa6db409ed24fa2fa81a81932293cb42099e7c31e0d2c12c7ed8258d8a4d,Benign,mipsel,mipsel:7981369957133284567,false,train
080f428ebff7cfd86695ae621edb16094b984c602e55e5ed11d5adbcd116e7e2,Benign,mipsel,mipsel:15538994225267537104,false,train
0811085aea42ffdae9980cabdbe7222188c06b03b773beea75dd7e09e85c5f9a,Benign,mipsel,mipsel:10977564168012969156,false,train
0823cfddc40d3e5577e4dbde12a54ef06cb9d0a7ee6357a553affd2fb69a87a6,Benign,mipsel,mipsel:16759661921471933772,false,train
08386009958ab01005fda424b45f6f136e98c4b5676ee0501497c04880ddb69b,Benign,mipsel,mipsel:14856655795933279520,false,train
08553181084d3b43d4b32ec7a8d3dcb63f4fccfd4f249f27fe561ef6ea803372,Benign,mipsel,mipsel:7749979573193387214,false,train
086a78920def8b5126c7c7f84075438bc33a6573f8b836521d91ebc8e18fc710,Benign,mipsel,mipsel:15162818359085132819,false,train
086d58a73adcf3cfe5efec4e5e6d312129d02185b7ed053e8655192f9dfbcc2e,Benign,mipsel,mipsel:5886274410161107802,false,train
088b0e533a9a1406542b916387d8844fa648a875ab1346a491b262f689d68682,Benign,mipsel,mipsel:14251896417585552045,false,train
08c1d8d16782559c88d33d4c971d5b62a51e7c73ad128a0059f4f999de7783b5,Benign,mipsel,mipsel:13287809650365705919,false,train
0909a354e67b8e8ae68979b416c1204719c65939e9c3d62d39111b795ee87cb6,Benign,mipsel,mipsel:1270495745635500043,false,train
09117f71638d689f8ca87d585bb750118840ce4902ac96ff7f2d3b29c3cb9bb0,Benign,mipsel,mipsel:1973009988880064162,false,train
0951a799a69406f9cd0f196f60e288084c919aee828b414fc320bb57720b0b3f,Benign,mipsel,mipsel:8757493409799116509,false,train
09d4d9c69eeb8d4dbff018ddfcf22292d240c82ec1466ed1cbde3752eb8cb63a,Benign,mipsel,mipsel:5576839531542238333,false,train
09e5a090b0773539c8bc1659e28d525c5769e5cb1e97fabcd2fb7920a6244df7,Benign,mipsel,mipsel:9055025039968668067,false,train
09eab7c6655014639471afeb852ded03f23f5a01de1f6b338a9e0d50ca693f50,Benign,mipsel,mipsel:14591857388399010653,false,train
0a3ccc7999ab2ee58a579b6f5c4487d0ea72da78b5054409be128643c80a640d,Benign,mipsel,mipsel:5866727417859826269,false,train
0a4f27b84b6b9983c546544cb91cf0299418a9e0084dd895f80fef5b5e933040,Benign,mipsel,mipsel:10639885099561468437,false,train
0ab75e5da373c16e453c752d8f1148ba9f7edea77f92da071f9b606faba7761d,Benign,mipsel,mipsel:5188695939890932816,false,train
0acac6e34a5b291ea83f650eee749166142f31cbe831feaa2382ada8071868f0,Benign,mipsel,mipsel:5251218230624838092,false,train
0ad4e7f89261b9cb5e4c92769819246ad91f085eee519c205982373f9bf3df56,Benign,mipsel,mipsel:6500061002047807831,false,train
0b01d975eed386c7ad6dfe6c3108f8a1f991a0caa0d99fa0cee06a0fcb1dd80a,Benign,mipsel,mipsel:5222689762883099040,false,train
0b0c518b26bb4da07d49476d6cfd8b9e8fe2248df50880c9b577122cb7608ecb,Benign,mipsel,mipsel:16679657557346742986,false,train
0b10393b18637c42e98cd537432e7fec7bc4e0d2bef89d47801881e201d9f8ff,Benign,mipsel,mipsel:8421096568073272059,false,train
0b2a8d35a21fed2ea89beb5e8d54d8185cdb26505e44f5b9dcaecbfdc9314265,Benign,mipsel,mipsel:5305953000820845648,false,train
0b4308472ab846edf1d8fee32e5f301f300e7341f8e7b3b2eb2dd50d91cd6808,Benign,mipsel,mipsel:3010709125895121362,false,train
0b6f747c9d8090715a107f4b01f821aea05c479343b10acc894165ead2a09698,Benign,mipsel,mipsel:12734316114776192245,false,train
0b81a7261946ba483777476856702fcfebc6da87d7bb6a8570d131676f1d77bb,Benign,mipsel,mipsel:7504431216217140571,false,train
0b8281080665b86d443ac7d2ac7736298d7bb2db5a137089f6faa3d5df71ba73,Benign,mipsel,mipsel:15389133046409120645,false,train
0bc674a610243c3123f98c30b998654fe5ed01b7f5c08341e3f7072a0d7aad68,Benign,mipsel,mipsel:5717848198979898700,false,train
0bd99bd7f62c209783d57225ef8e9f0f59b43d8379e3c37bd766f808b917bd61,Benign,mipsel,mipsel:17110230672235044471,false,train
0bdc32224b45d8c63439a50fbd10031986903d1c36eb92adcf204902a3e71941,Benign,mipsel,mipsel:3760802571834837468,false,train
0c04c5108a911151110959e961960d9ba5059b79921baa85293c757469a98393,Benign,mipsel,mipsel:17631794132058489215,false,train
0c191e19567f1cddebb389105d30dcd3b25b0f58102e873db570455744faa4ba,Benign,mipsel,mipsel:12403133280943604024,false,train
0c5cebdb5363d51e633f09f00f7c6dac9bfe58ec8652571e725e4682887dffb7,Benign,mipsel,mipsel:8486452871495564124,false,train
0c77f49d19840eb1273555d68d340667853399045cc97f9373ae177555db9a3a,Benign,mipsel,mipsel:146537005410745840,false,train
0c802bf6e7728e27d648143856806ab405fe002bdeff60d3656b7849da187eaf,Benign,mipsel,mipsel:6605078970740965259,false,train
0c980acbac02e462c71d32e78be840aef52330161f62f4db51c37347e59d08e1,Benign,mipsel,mipsel:10143066758769749480,false,train
0cd0aeafca8dd8f81993b6e986c98a349ed6a400790b33f1bbbfbf2f1c8ce591,Benign,mipsel,mipsel:5314766285800674542,false,train
0ce0f31f1213bc8ad378b2ef245a325b81d4ef1f459b3263d1bc235d56a274bb,Benign,mipsel,mipsel:727914876333207086,false,train
0d3ba51a69a81a55b1be3bceb8983175dc61bdc4ac090788010be1fbc6750bb4,Benign,mipsel,mipsel:7790727771515433281,false,train
0d57dd8bec2f069022af52cfaa7c4e7c5be9421b9a42b9ae9df679a9fcada013,Benign,mipsel,mipsel:14582342641693114538,false,train
0d6ad73f8e5978c02b97c5b4d507189b010be7e81156e519ab67b9e897e2e878,Benign,mipsel,mipsel:286894058332249695,false,train
0d88675559e93124cc9324d16609400a7b2ccc2050866bd3e0e3faa112db4815,Benign,mipsel,mipsel:324685126811247070,false,train
0d940b80ffcaff22f96254fb6eabf6ba2ed19a3a6f2da345db083e8fb03521d9,Benign,mipsel,mipsel:2523198443725966877,false,train
0dc9d7feadf03f1ac565c3117584120f37df8dda8a2d63eda37ade11b3ead600,Benign,mipsel,mipsel:882884454219092244,false,train
0dd161df935f9a10eb2f7db0574b322db3462ef6a968e7a95fe1c38944c1ae30,Benign,mipsel,mipsel:14499215839643127258,false,train
0e5bbd3ac1bbae194dd5b54cfd5ab67c86d2eb211525b5272e95af56f1a12ec9,Benign,mipsel,mipsel:16321007344389642378,false,train
0eb6b155712e05bacdb89cc194c2482b8bb720280a8d84d4f6ac71b9987e9dad,Benign,mipsel,mipsel:17502975436681716329,false,train
0eda73a525b436d14060e70c6673dbb2038da95b2665337f1120c8e71e98923d,Benign,mipsel,mipsel:5151036411055002821,false,train
0f1af1960564ede26745a7f87e09f8622c752fe9d27794ab9e53a34496ad8825,Benign,mipsel,mipsel:7227944184666658618,false,train
0f219f116f0d17db0fdbb0e082e2150bca953ba04ddcebacb498891a7f7bb5dd,Benign,mipsel,mipsel:13967401770255623406,false,train
0f2493b103e555450ef5a04beffd31df3f576a0d604ffd62d2f441d6141144b3,Benign,mipsel,mipsel:15328035468794705752,false,train
0f2bdf6637ab520c27459f0206ff83785450e5d3c3ef05d51ac5709b24651e5e,Benign,mipsel,mipsel:15781465223450478226,false,train
0f338cb9d2f16068b79898dd242b6c3588bca0bb35207f24b0ab7a395e859d54,Benign,mipsel,mipsel:6017336951388500910,false,train
0f45b632479334c01f95f8774c7e849c009192ec0346b36b27df85a4b94b95de,Benign,mipsel,mipsel:17219239891364237851,false,train
0f4dd007ddead89bc53aa74741843f162ff7f66198ce86e8daf4d8cb9d0346e1,Benign,mipsel,mipsel:1053302381944729749,false,train
0f55bcfb857aac02590c4c61540b479648e0f7500408ef6cafe7635b47092e58,Benign,mipsel,mipsel:7585461381528779128,false,train
0f57fcc0a0f90606cd03921de912100f505ad73ec26a25ffa5940e89220375b0,Benign,mipsel,mipsel:6055193648959900974,false,train
0f59abdbe88886ffbec36bf391854c45100ccdd390161ba942530b5fc7cff168,Benign,mipsel,mipsel:9369155994321582340,false,train
0fbce50ad6c0ffd8a58313914bafe4aaa1b5c0e74b3cd753638654e651c4ddb6,Benign,mipsel,mipsel:3347093223574580776,false,train
100089e85e3a60ae3bd5f1962277714dcf85734678104cad7b72b5bf19b5e5ac,Benign,mipsel,mipsel:14201656102725452404,false,train
1021a92a6251dfb9f4734e8d62b9c16e2fb7b214f153f0c3fca0e412a6a563d8,Benign,mipsel,mipsel:12751191081733881030,false,train
102a8d5242145d04eee717755ed79f0773bd2be9b072340d1a33cca71883b6e8,Benign,mipsel,mipsel:18326572361039174357,false,train
104561d9d79a540b9852231f4b875de7e4b33fac5079af0d4d54686dc0a0894d,Benign,mipsel,mipsel:4829926158375225221,false,train
107cca2706a6cb0c851a99e2857fc212dd19b65da935aa48055152a5700c129a,Benign,mipsel,mipsel:560303266063655121,false,train
10c5ba5ea6a7c9836b859f1528f752d46b14a6653b9889b1060a4a32d3b467fd,Benign,mipsel,mipsel:7284974949862329777,false,train
112e2867a300150b3a377641ec26fa4a214fdab5dca0b03f69a87180cbb2bb84,Benign,mipsel,mipsel:11459122529458653388,false,train
112e335e1a6c8ca716b020e2e6601893c8862e1b8453e682791bddbbe2b71e2b,Benign,mipsel,mipsel:9287060115137066403,false,train
116ccc3eefcb1495e2ada7fda23fc0a78a1fa9a2a03b6c1582b508fa578bafcb,Benign,mipsel,mipsel:7350207787175127276,false,train
1185f63d6115e69494273b1f1f97afb4703f9726045badb8d9fedc0a6d2b9199,Benign,mipsel,mipsel:9410728394875823078,false,train
11a37aff8c54ac1b7cc0b9cfad7f540fdb30f52107fc471a80a16c5269d7535b,Benign,mipsel,mipsel:10218473879553758942,false,train
11c97536c9163acba8473e3602cdc21f246033551a4b66093562fa6c17bfabdb,Benign,mipsel,mipsel:2542782259410032067,false,train
11c99572c5a40b9a55b13879a15ac10d770c5b81af825b1069559f4ba7c5ce24,Benign,mipsel,mipsel:15259801609149788149,false,train
11ddbf739799899c18c741cb5726c3c53808ab622419d4c8396832664148e11e,Benign,mipsel,mipsel:9388717606849080628,false,train
12718a1c7c9846f3ebc9bee1d08e13d3a49a0d03190e35ce558c26a1f125fe45,Benign,mipsel,mipsel:10698528292445394948,false,train
1271daf801faf749aa170d52c901521ead5c86540996bd281747624347a38e98,Benign,mipsel,mipsel:10574954041254685044,false,train
1273ffd6d3a66c88eae864246847544fd49982db3f91bc6a3f8d1039163f04b4,Benign,mipsel,mipsel:2144898210425962372,false,train
1285cc5b42197d0e467aa42895c55449697151544fb08adc798d7c5ffbee689d,Benign,mipsel,mipsel:10145651947260215461,false,train
12933793b1251e66bf75408bf0677cb2d112711877b0f9900dffb42d454a6682,Benign,mipsel,mipsel:15097003587362790825,false,train
12b445968965ddfc05dc82d7ee096243621dc8be5553258a268c4b282a941ad5,Benign,mipsel,mipsel:4405247423556710165,false,train
12b44ec1ad9540477199d2d96d72df967e9bc93f9f7454abb146866b62bb3bcf,Benign,mipsel,mipsel:12377049618187686923,false,train
12c24797a142fa02ea096e91f704a92f56d643648e514715c3cd5d25c9745a09,Benign,mipsel,mipsel:13386153369533709099,false,train
12ca42f691ef5e3f0b8e39919e1396e37d4a16d86fd475b5b4f47526173dd076,Benign,mipsel,mipsel:111814324726541704,false,train
12f83d73234934dec4e21bfb831e2bf7ef9a73cf56eef1686fd0d30313f22135,Benign,mipsel,mipsel:1374977177260580064,false,train
131af16faefd390b25d158cfd3c571da69030a6702100ed6ca620983dfced968,Benign,mipsel,mipsel:15709527090997291250,false,train
131e460f24a096c8a411cce75de0276e8222662369d1f7bfaa995ee165b409b1,Benign,mipsel,mipsel:7933039753043046799,false,train
13253aca971d32b81730e98c8d107df62ab9c5753224ce24d82ccde9ed39f8be,Benign,mipsel,mipsel:11340182204389566814,false,train
13470ee59e4319e16b7b7a577fed0f9403b4cd16404f7bd30aad55abc5be882a,Benign,mipsel,mipsel:654585124096522559,false,train
1349e863f3282af73b52fa08cb03bf80c72ac65f21d36d51afbc618cec7ecd86,Benign,mipsel,mipsel:1949041301171210575,false,train
1378257b5e7e4d5e19e51c066177d11ace024dee6f6f701efcdaad717b8a21b0,Benign,mipsel,mipsel:1086493281081916125,false,train
13bb763751c95c523bcd0af0b91e0b739abade29a7317921499b82d3ccfe7c30,Benign,mipsel,mipsel:10436445723224966384,false,train
13d2d0f78dd497e474e38a3884a048662ad23ab4b07476b89720625acb634be0,Benign,mipsel,mipsel:15800440965760112111,false,train
13de630451591ee2fa9d19143d5c5b22e5c896e92d2b54cad5c1281aa53d1692,Benign,mipsel,mipsel:2078848993310099028,false,train
13e9dd12f201bc5a386036e2dc7f3a39fa559ff229cb6e03d0c88885160c75cc,Benign,mipsel,mipsel:2913151510772708656,false,train
144d1731dca1d751c0321372e5d138b37db182f480a43c02a3af52e357906ef6,Benign,mipsel,mipsel:12782116261261387762,false,train
149c081fa1f7454f51c10052c62df22c21cd30d4e8103e616d84b4672aef472d,Benign,mipsel,mipsel:2944221378507920469,false,train
14ef5f644db4c3156e8fd3def073974e1ee341036d8633c51244e7f61d6e849b,Benign,mipsel,mipsel:6413472006542364383,false,train
15035d30d3ef2357a694a6d87000b1fc33934298e1fd003348ffb08594bcecb7,Benign,mipsel,mipsel:2243854761210539534,false,train
15066102923776de82ca3d159c47237a02d77c8a60dcbfa9b26ed7c0b565c570,Benign,mipsel,mipsel:6259451709624464587,false,train
1515ed12a5035f0388d3e071580a6b96d096f2d9f89e4fa181cb624cc2b7af0e,Benign,mipsel,mipsel:16042009277078380539,false,train
151a9fda4fbbc46be0a16cd1bd0f6164afeade6ae97df76d466aa746c9ca250e,Benign,mipsel,mipsel:10939448350850073923,false,train
15493ab849d8f28c29d5fd02319b011ac2e1f64ea75478d9ad95aa697ad4dc86,Benign,mipsel,mipsel:841023832708849546,false,train
15587b359a0b5a8eb48a9c512bffa4171df603e4f397050713d9cb96a54bc9f6,Benign,mipsel,mipsel:8978574203882565176,false,train
15708d18abd5ad8da455f35924921cc3c405c6369c5c9a2178c3e9955ab29a16,Benign,mipsel,mipsel:14721003718050854685,false,train
1583de995ef7d687ae417ca6740bb8f09deb54ad82df0ca4e162a357a330a10a,Benign,mipsel,mipsel:16232121446978627076,false,train
15a01d3f554144cdd79f629a1fc67785a1e0552977fdb0e47c3aab71b00335ef,Benign,mipsel,mipsel:6461473405251213455,false,train
15af195b0ab85519e4c773187b0265eeb961c8135ae8e2444cf97109195d4758,Benign,mipsel,mipsel:17808822252679412564,false,train
15c21ee95021478b31c33b8f89f17741257a0d035f9bca7e2abcb06c93128c71,Benign,mipsel,mipsel:15526562899815379270,false,train
15c93e48002629496928b138297c75e72c8e63efcae8384e6eb20410d7071e5d,Benign,mipsel,mipsel:5526758351858658296,false,train
15c9c05f72c6f0b0f40e5dd4a8646c07c1a02cc2c1b31e29f2e078d191ff1088,Benign,mipsel,mipsel:11446691579044928548,false,train
1646cd0ed8bd88233318610a2cf7cdeb20c93162737fc9fe0276142c592482bc,Benign,mipsel,mipsel:6127590362300339108,false,train
166d5ce05b128a97c248570720892371d456e81080f0ba72ab8b59725219d2c8,Benign,mipsel,mipsel:2478374609231480570,false,train
16a054f5c2c960e0b84bfcd99f6acb452c06964b212a179e51f93e2204db61e7,Benign,mipsel,mipsel:5658300583559829877,false,train
16a2a129f080d96ba4e2253d2d9a3474101aaec52e5e9a7803789e4807a37597,Benign,mipsel,mipsel:12478617812233048863,false,train
16b5c633abafc8191e0f9ee89411ce0b0d98ce139a69b8e23a97aed5c59e5fff,Benign,mipsel,mipsel:6881975726486770247,false,train
16b9fddb1ec103f060cd94f89f7eac0fbff5a508db5d1887ff0624dfde1232f5,Benign,mipsel,mipsel:12060785081760063527,false,train
16d06b1bbd16786d13361cf0b2796bc3396ba1896f3db8a838b4470b6c0a6050,Benign,mipsel,mipsel:8272255903862952503,false,train
171551fd054b4039ebf6268d8cb2ae2c8a986ac312b73dbeee07489dca57f6cd,Benign,mipsel,mipsel:5741182722764320138,false,train
174ebd1c32ca1464a3c4db4de92686dda7e556ce531c96f08b780b0660a02c79,Benign,mipsel,mipsel:6515311081769374890,false,train
17cb77cdb5721b7b46555d072b78e946e70920fb9fdd6d5a883deadff9dae8d2,Benign,mipsel,mipsel:6611308655936921557,false,train
17e5bd8e57d94094ffc8914ebb361b152cc85be077d23df2778f969e98e5263f,Benign,mipsel,mipsel:15979789364754210142,false,train
1820185ea9f78ba47c9c8c1a60f7d96aaeec4ea95af9f4637486dd85718c36c7,Benign,mipsel,mipsel:6291892750297036036,false,train
185e5c58f50824be8093250dfb10a54b601ab98406b6fde2e24dad7304c8ab04,Benign,mipsel,mipsel:13512722922403312662,false,train
18bcf127dce98bace5e29af89db157a98a7117fb5658205c0e71e0c54af8f8a6,Benign,mipsel,mipsel:14296054278508698015,false,train
191278474254175768518db79432d4dcf6abc658049976d1caf14a6c4483be18,Benign,mipsel,mipsel:11486180873286935759,false,train
194fe2ae59abe00a5523da13eb00f0d76c941bc97a93fdab2e128f88bba3c72e,Benign,mipsel,mipsel:2190384467468544319,false,train
195c653811c87a55e98f7d2c1a43bd3b876e0698015fb480375bc45166f4ba0a,Benign,mipsel,mipsel:9988792077755473103,false,train
195d88f2fb41e1ce212c0815ff14ca7dc6a1121e4dc6dc9da08507bf74ffd4c7,Benign,mipsel,mipsel:8092008049412410650,false,train
19685b7f19ada63fc8c860464ee2b101d4e568e7d6ec0b9e75152b2122a18093,Benign,mipsel,mipsel:11484721500023772226,false,train
19abbd942e51bcc97027437f005298f4e5b0f6f661e80f1ba0e4354989101c4f,Benign,mipsel,mipsel:551953976148940518,false,train
19b849cb4da42efb10398f4a861c1b5ec8881ff6728f0ff5e511b0a6bff2ef8e,Benign,mipsel,mipsel:9711354010092587457,false,train
19dda1774cdfb19ca0732d4309594aa9fdfdf62618bd328960353fe841dede67,Benign,mipsel,mipsel:9413087833127388935,false,train
19f190cb9d9569908ccb8b6bec1501f480d84bad36a1ec4b4dc92dc2636d62a6,Benign,mipsel,mipsel:14512975099115821837,false,train
1aa475f9dd600f44316f63c61c75d9c73015c5c56898e08c3b9701b0315bf030,Benign,mipsel,mipsel:10137460350263681050,false,train
1aebd9db65efba90a67aa6638079102f51c083a2e8430e3dccd5bf99fc6d6266,Benign,mipsel,mipsel:15864971022333042484,false,train
1af0c427af144a3b902192750c98a30f2d25a8062b10f2a5966886242de554c1,Benign,mipsel,mipsel:4575941131984089293,false,train
1af462d3c00df5fcc17ba3bfaf1830d21554e661f9454b7d842f235da8fdf7e3,Benign,mipsel,mipsel:9778958323550518934,false,train
1b3f90b9e61737ffe2861e64dbb73c93f4793d6d558b24959d464388b3e0524a,Benign,mipsel,mipsel:5092542271404655024,false,train
1b524f89661863758ac943982b998ae1bf11ebc71a5ce8511a2c3a9c3c782479,Benign,mipsel,mipsel:13262514247166656926,false,train
1b8c805f98bbdf47e8346e459e6ba118e373b0134163cbe8d090b11bb11d7e8f,Benign,mipsel,mipsel:4262929231621093698,false,train
1bab6bb130b63110baee9711c88e18cb633135c614bf4286d45c2ee69a885c7c,Benign,mipsel,mipsel:10696414303652025223,false,train
1be8bb7f90a956322b045a74c7d4b944a29669aaa39f1904ca3e4d9ad5a8eb80,Benign,mipsel,mipsel:14028256086218379271,false,train
1beedd3a9f4b7fb224c7fd729e06c81d8138b2fc91a53159ce8dc4b51a184cbf,Benign,mipsel,mipsel:12428313416879084217,false,train
1c43f2d1314505863df35eb2f65adc6b5c52c66911f65d04685eadc5e487242b,Benign,mipsel,mipsel:410837674207246433,false,train
1c5f6b91d8d7679d12a271f0308213da7315cc6a7db6a1401136a425aaf5d15d,Benign,mipsel,mipsel:14859592836344832750,false,train
1c88ba475ce353e75df9478e8df593c1de2f0d68c8df03575f13830df32ddcb6,Benign,mipsel,mipsel:16314530139896782565,false,train
1c8ed4ecf5cb360ff79ea03fae43443a3cd47e664c14cc2969a4e0c05a2c2a21,Benign,mipsel,mipsel:2352988374397313120,false,train
1cb48f9ea94f78fa5d6b79cef3f492a264a635e426462c109edf40fd5772ca0f,Benign,mipsel,mipsel:13078471336840588178,false,train
1cd6283660b53d5d6bbed973b2fb812d54210372e36e9ad014dc4e3eb5466552,Benign,mipsel,mipsel:12548232656089115374,false,train
1cf42d24c8338cb8dceec9dfd797708ea741d5528e02751f2dd189ede86b7fda,Benign,mipsel,mipsel:7217400035393047478,false,train
1d16bdb201eba72c412efa6f6452c4a23b374bc9c01b9a8284b6ec7eda3345ea,Benign,mipsel,mipsel:3516777685706234433,false,train
1d16c112246ec980331b403de8dba7cefd7d73d1a2ed7d10e4425df7b8db7812,Benign,mipsel,mipsel:8873782669455715475,false,train
1d29ad37fbdb1b6ff3ff6d118d42311eaf8b862c2febc715ec279e88cd5a58a3,Benign,mipsel,mipsel:321103328230516205,false,train
1d2ff3aa476282f55cabe26656f0d468b3b9c17089b77e415556d5190f6a6060,Benign,mipsel,mipsel:3380129799515390455,false,train
1d34ba0fb7cb32f8d97ce3cd9f98a66b55c4f9faecdbd9b9f5bd109fcff97e8d,Benign,mipsel,mipsel:8378454941761571427,false,train
1d53623c0e166102283467ae784c3278cfb1233c692066304f484f8716c87b8e,Benign,mipsel,mipsel:6169761591963736,false,train
1d710f010ca7525bf24a46e7b5ded80366e817d76dbbb75db90c52bef852766b,Benign,mipsel,mipsel:7969902537239248924,false,train
1df2226ad7a1be80a3968ba725358bdc50b7d8774f0317892aced04d8df81d0c,Benign,mipsel,mipsel:16762528787476313865,false,train
1df2e9838cebe8d5f98ae9790d5110ae4709ce91a52362a4c8512f17e5b3877c,Benign,mipsel,mipsel:12459364719743446349,false,train
1dfb8b4ba11ac836f80ec104f8fcbc961403894ff611bc2506594bf888c4ee6c,Benign,mipsel,mipsel:5939775879132191074,false,train
1e39093e275b6a4df786b40898a9fedb10df3bbcad96ada2081fa77ef603f393,Benign,mipsel,mipsel:7473321404771439489,false,train
1e3ce1c4f8cb048b88467f835f00310d97e7674f60acc4be7be4810270b52383,Benign,mipsel,mipsel:10019151189044221941,false,train
1e745bab1d21896ca71e66790a160d080d67b6f16794d76f2e2d937466332ede,Benign,mipsel,mipsel:6260574217178659490,false,train
1ea8307da0f83e16572b7a6b70ed307d16a29ecff7860340888c310a0863cc67,Benign,mipsel,mipsel:5362808613184590519,false,train
1ee0fbae79e9b32046071850e8947d6c7f5509972b464939d53dd2bd96ee0af3,Benign,mipsel,mipsel:11191704689012524233,false,train
1ee1e71e71834ac69a6f70b387c4e7153a8e20be27161f840a659edef5d9d780,Benign,mipsel,mipsel:8271926985470726916,false,train
1f116fb6ce4342be70e3185218f2f66275c1c9449f3e0fbbdfbd2fc8e8a3892b,Benign,mipsel,mipsel:714354634067285807,false,train
1f43f08750a036f1d1cfeb67cba6fbc1e8dd227e6f30a66f77c6646fff4f5fc4,Benign,mipsel,mipsel:15323544598015946821,false,train
1f5a133b283924189cade372aa8223957b52f61e7b52784bb57069a3528da7dd,Benign,mipsel,mipsel:10336590354922426038,false,train
1f612705777dd6481c201a84e6f5312b96f2dd56bb97a58fca516ff5c3a24d22,Benign,mipsel,mipsel:11759091878760931781,false,train
1fa3e36d2608b3a0ca4b803d718ad00a18eded592694354c4e3ee1cafcf41f70,Benign,mipsel,mipsel:5952711537184465344,false,train
1fac9dbada971ebfd7a34447f17a8b6d8a3f7034932a2e8722c421a17ad64edd,Benign,mipsel,mipsel:8213795913894467486,false,train
204b82c65df1889ea29ce3943e83692a1af437529773aa84e9ac676733cc092b,Benign,mipsel,mipsel:14985953961083324290,false,train
20b265195562538ab881384f238e3aa6a8e99b2ec584e380c93e2db418809c2d,Benign,mipsel,mipsel:9390602514328071718,false,train
20eabc91a45fe476eeb1d76c33d2cad763fcf2d90e149805051f98f03529fd43,Benign,mipsel,mipsel:3880164747139487370,false,train
21184d1366a7ae5a49b93f8b9eb905dbb60d292913e24c065b85e0e607fa90a4,Benign,mipsel,mipsel:10855784191454551971,false,train
212ecb3a48c557a01b1ccab9e9732a1287099aa625d17f567b93ba88c46912b1,Benign,mipsel,mipsel:3768556628110773034,false,train
213705fe510d44e0f525885dbe6a527b790693b86390a4364ce798f5a49736a2,Benign,mipsel,mipsel:11432200826417556043,false,train
2156e38e56de0efb9ef5c57c28916a168e2bbf1deac995ff495490528d4ec84e,Benign,mipsel,mipsel:1834111606841031101,false,train
2159d62484dad930a24f892743231e483e2790f2506e1490abb3ccad329ad9e5,Benign,mipsel,mipsel:8805692540382693368,false,train
220012ca70a056a17b7636715e23d96c5aee0b28a4d364699e3a8c9070180b4f,Benign,mipsel,mipsel:10268820861691669811,false,train
2230b3b67f77b4f8acd41c57af255799cf506f829ce2e193a293bec30d6e305c,Benign,mipsel,mipsel:13931296806282246515,false,train
224193122e7ba220ee872f10c0a51a41bc933183f09c2b1566db173afe816c88,Benign,mipsel,mipsel:5366342122226418864,false,train
2264ea3815b8d82918a93e8d8226131d2e0ba5a8508b8b55a960f7dca23fc2c0,Benign,mipsel,mipsel:11724385611599113397,false,train
2284b92ef5f4051df7b674d4c08429f2b393b30a7cdf3c21c5906923305f97c0,Benign,mipsel,mipsel:18354493971115995829,false,train
2312e54de9a00b421d17ab11f93f24168b8a1469a64e6019da8053ccaeef0959,Benign,mipsel,mipsel:10253150481752113582,false,train
231ffcd9363b01c3e00f7195fce43af05d81b4c3b95d707e22deaed75e541f8a,Benign,mipsel,mipsel:17804926264523832067,false,train
2325e34c52bb324b63d9f9a6f4b419b689a18596a8d0b31aca3c9c40ac6576b8,Benign,mipsel,mipsel:4268923982784280671,false,train
2326042efcf567e1f3d7337bfc56dd53db105dd2b8702635787f30bccc8309d0,Benign,mipsel,mipsel:17638171840771321658,false,train
233a8d1ddf7abbdb8de5681e67de13ced6a4321c7e10684ae46a65dd639c1649,Benign,mipsel,mipsel:18245190694078749942,false,train
233bd24af7acad557ab73556cef5ad56b9f4b9ce0305e7b89ee01d2f5e8d2063,Benign,mipsel,mipsel:13973053811737799441,false,train
233e41bd481ce10e9edb69fd15e6ab52c5b921cceb5c3a8c10ebdc5897e0675d,Benign,mipsel,mipsel:12695106030121139524,false,train
23666482e652c04cfc27cd947143284269c99037d98951172e00267127e1db3c,Benign,mipsel,mipsel:15005578820947819041,false,train
23ae379412dcf5728d4116f329cf56df531bce0cb5ac5c8b3fbd97d5ad3af5cd,Benign,mipsel,mipsel:757079752951543012,false,train
23bd8e3d74109a0d12c657ab4bc84f5561231e158970282bb9a802e9625291af,Benign,mipsel,mipsel:1219052901485444365,false,train
23f1efbc2c1327024c3e5889ad1f9fb4b7e34d7079b4464ac13386c7138d9e25,Benign,mipsel,mipsel:799921364551221089,false,train
24349c5d0cabab22e1cd718f96dcd3467503b7fa5e926b852576f472577f7fad,Benign,mipsel,mipsel:5643995702975984189,false,train
243f4af943aad883fc0d744d687e3d200729152ca6bbff2b75bd615cc062b1ad,Benign,mipsel,mipsel:15886902658053793938,false,train
2447f234459c86e347b7b66b2d249812ed893cf002b9602a64378923eb79139c,Benign,mipsel,mipsel:4232439434710878851,false,train
2456c33eff2623ffd1ed187a29bf8d931d8ecff8c7671c86ee1d7be285d50941,Benign,mipsel,mipsel:9780415963957772657,false,train
2460c7dd315d3d01eeadfa94d427ebc909cdd2577a94bdb9fffa9d32f265955b,Benign,mipsel,mipsel:7145088496539472700,false,train
24c90cb19936b6ee1e8cdc173cf5f56a140d17c5d60958767c69e961ea281780,Benign,mipsel,mipsel:7664976319273841030,false,train
24dae70157ab11a991e30c0ba1d9275dcb9136b481ef8bd3694d64931e371cbc,Benign,mipsel,mipsel:11355443320320450015,false,train
24db93e37bb66a1d9eeac8a3e7f8bfd6412f6429b41a6cb3a82d95ade051dcf4,Benign,mipsel,mipsel:6601678632788441732,false,train
252ca972fe7fe71c8beaa637fa6eb805fc2cadf5dc08d4f5a8dbc1e8f1098f80,Benign,mipsel,mipsel:9434050986980151350,false,train
25339b9856a4c0cca9e885be9e7b018a49d9fdae999c89df173220dde47058bf,Benign,mipsel,mipsel:796834529711375104,false,train
2561bef550da0da7cf24852db747c77d83a20863fb9a7636bd054c7adb8baefe,Benign,mipsel,mipsel:5347234791122984263,false,train
256ac32d793e8060e970656abce799cf39728a92d2532581f0e6fda679e98e95,Benign,mipsel,mipsel:4660443129818618408,false,train
2581bd53daad9748b9c986b75252e6d21f703cf6b5dc7dea962ba330b2e88fa0,Benign,mipsel,mipsel:3743195591373927689,false,train
2587f0eb67ebd1ab7eb36fb1299a27b98ca4d2063434c4fd45f354f1cf9b0719,Benign,mipsel,mipsel:826647662414133062,false,train
25adb33ae88bdb20675941afc208334c3f3425ab4d8f4202e45cc164d52a29bf,Benign,mipsel,mipsel:1755675030716970909,false,train
25c4d3de0f93f596336441a7646a27d41016e35e10a663ab4f78f9c629932644,Benign,mipsel,mipsel:7803755850348172660,false,train
2613ff35d33b56e8fc7e98bc2005a4fede86a91d654ee7d8ed9a2a4b28f98673,Benign,mipsel,mipsel:6657037923473355888,false,train
261e8d1859f5591e646f5d1b4d0266088ceffb3aca7be560f7a49dc719bb4944,Benign,mipsel,mipsel:2909339774370240837,false,train
2632b6854373dc7ba4596ebe689099c0700d9268fcf01dfc65ba0b9c0b5a3e2c,Benign,mipsel,mipsel:10436214488940196404,false,train
263f88cc00cb625969a2fb3ad8342d916b7d26c0d895db8d1b302e58af7ddc5c,Benign,mipsel,mipsel:12608648116310273666,false,train
2641410e4f78c596a41b76892cca5ff6f4423130966c250e4ee5d59b4396d6e8,Benign,mipsel,mipsel:905863200815613110,false,train
264f8f85779a34a28746e6036783728d5cf0f0117188b9d7438665323fd65ff4,Benign,mipsel,mipsel:400653665971180811,false,train
2669cd86548469d8a18ff89b15a6082b7f42d87890bcbca122900426fca2cf12,Benign,mipsel,mipsel:7403801989011589751,false,train
26b5282a69eb5043047bb064568be39db912d862d88e248614d3bef02c41acc5,Benign,mipsel,mipsel:9705703215982265332,false,train
26d3dfda326ffa0fc53eb0eaa1beb6344beb8de5fe83f1b92422e33a4ef04897,Benign,mipsel,mipsel:10593195200492879437,false,train
26d4b865342e928e1551494efaeca030ae7bd0946fe3de6f3f67c3682d62f1a9,Benign,mipsel,mipsel:6323155017074150373,false,train
26d5dc84df5ec2fa7e8c77bbc55c2179e2129ef0edacd5410c1760a5c63eeb71,Benign,mipsel,mipsel:159839800844368177,false,train
27488382b4bfd24065209a1cc6cd7ca4fd98f93407a7a9f093676e4b1e72e747,Benign,mipsel,mipsel:14192023756186077312,false,train
2751868d2dc90b2a8631989c06585ad3b65f45c6df2da9b3cd332d01fecdba8a,Benign,mipsel,mipsel:3375886648987658715,false,train
2753a2c9c489152d375010553790174de8a28f94e982ebf6021d7576ab368436,Benign,mipsel,mipsel:10513692064585048949,false,train
27c393c4e06ea8bb9459cc93395ed95d557b25669d69a6447493efcb9a22185b,Benign,mipsel,mipsel:14071654880673071004,false,train
27e629b5218de3eb0f13ba5ca50279a4823813ce5aa43a096978ad06466d8468,Benign,mipsel,mipsel:5660752496184051978,false,train
280643c9cbb58809de044db637f73c27b5d618ff66f6bf060941a3fd8c04bb1e,Benign,mipsel,mipsel:16057387011583295824,false,train
282cb1890dd64c94a1cc1eabca5adde66601a6d6244235ee85450fc4ef5a262f,Benign,mipsel,mipsel:7319972848169703786,false,train
28370b1be12477da000382bef8f1b8080569bbf16e4ffcb43fd969ed20d131e2,Benign,mipsel,mipsel:2668617879748921033,false,train
286068c05c08d307d5a4bbc5f9aad26b325ce211f3368aa5c591b11c04648c90,Benign,mipsel,mipsel:4584342672297910806,false,train
286dfb9e44562152f849938bd26f910b5c4ea8875c059d09942f684aeae1861c,Benign,mipsel,mipsel:7096933817163487128,false,train
28be993a9a63700c587969130e6d23434ac651538193de1bbc58a212f8b513a7,Benign,mipsel,mipsel:1654232422538638834,false,train
28e99c65511e1f0ec02677a4c7e653943f272fd130195c65b2a5c58eb5a0e767,Benign,mipsel,mipsel:7436286649548909143,false,train
28f3bd81a74333d267f3d4c0a7ccfdc6bdacf297ae7a93c081a3536a7f17df47,Benign,mipsel,mipsel:6013939995793950969,false,train
2916f5da9fbe67f01611da3d9d23a38ef5086fc8dcfc1e95121087167c0fed95,Benign,mipsel,mipsel:17869512650855733117,false,train
291740e5690c578b59193780c13e0a88bc3aa7ed0829902a7841de8b1b724338,Benign,mipsel,mipsel:2606726358150824420,false,train
291fff204c6ab1c481ebb04ccea799dff45c1aecfc375726e04e2f6271281589,Benign,mipsel,mipsel:16630539937534797693,false,train
292882586724bef47677280d6880da33d2e2b12bfecd35ccba466907ba397115,Benign,mipsel,mipsel:8758736110939669197,false,train
295602829dd729ac3d532bd1db38dfa70e824c80d6e9ff93714668a5dda851b4,Benign,mipsel,mipsel:4290664464289945266,false,train
29a71ceb973f139ebaf68ba951d2e166b61be654b7361ea27c2ac22f1c46fef1,Benign,mipsel,mipsel:11995927481942763860,false,train
29c70db411912390050f7dc892a22d2200f7bf8e02c9cd3a5a34a4022a6fd481,Benign,mipsel,mipsel:1103222549672212187,false,train
2a70046452ab30d61dd3333d0ece74888a7132123088d06c543c86c2f605a8fa,Benign,mipsel,mipsel:13988601884729649633,false,train
2a703d51e5e18d2cd709e2b66a49653b063d940267957a5ea17fa8a5644560f2,Benign,mipsel,mipsel:3561760234989062736,false,train
2a8de585702b88006094cace02758a8ebb9b4c98d560e774521eff64ed7aef02,Benign,mipsel,mipsel:15953289412385590014,false,train
2a9fe10eff36ed311b3eda6375832303e324917a7b018a8d5da130b50b424d29,Benign,mipsel,mipsel:15108829089613860459,false,train
2ad2b1b5f5a8788be4757838c99f187d2298cc4675ebc6d5b1462866209447ab,Benign,mipsel,mipsel:13934083304285254806,false,train
2b632816c5ef7171b7110cd7a6065a2b381c25d059e4e0561bf11ba4a7754733,Benign,mipsel,mipsel:17199682807436738294,false,train
2b9860b6f7a317b38f453ce11f70112cf607d62c06aee456d8b2a285308bb52d,Benign,mipsel,mipsel:14214778196271909651,false,train
2bbedfaf8bb2dbe0404b2c4fb5970aef313e8065ab5a2185fb82cbcef48e1f89,Benign,mipsel,mipsel:1435118265944000126,false,train
2bce419d48e48ef417c20dd1cd515fd3f39ad926541ea7f4da093c43ba5b750b,Benign,mipsel,mipsel:18161859518095377434,false,train
2bd7421e00866dc645bc8ebd2f5c4e3440aaf6f812f70d5431cb3457ea30cd1b,Benign,mipsel,mipsel:13879259953356001821,false,train
2c0bc7745a3dc4bc52d4084554f242167d68f80cd438db755365854b4f551975,Benign,mipsel,mipsel:2722738464482077508,false,train
2c2e3136f5a3e0f9ff879f191401ddae450d55bebcc217334f2ac4f57bea1a71,Benign,mipsel,mipsel:1439020173984382247,false,train
2c353028e916a495263347bb2b42b301267e7ae1841f042847aa183ea8275a5d,Benign,mipsel,mipsel:14344822722695863117,false,train
2c8193a6ee37fcca5761f58a22437bfd00983c319115daa3514748db69e9d2dc,Benign,mipsel,mipsel:6948639465087010398,false,train
2c84de636bf1e582c52e8249e4fa6f43e38f9301f12354f4c7def12fefa0c494,Benign,mipsel,mipsel:5470548128646706346,false,train
2c95019d1d7eae1b0c88e54b8fd67fa031f907cab4ad76b208d84331d25b2ce9,Benign,mipsel,mipsel:9328928291370746543,false,train
2d0eb607fc29aa7680f3fd341442a758a6b2558646651840cb007006f4f14109,Benign,mipsel,mipsel:5051077089233006241,false,train
2d38b6ce34fe02b7967a71d7707251cf1d0bfefc197d542d3f66ad902ff3e89d,Benign,mipsel,mipsel:12265050620031897813,false,train
2d53af39368d627532e57135eb58697b9b82ae7e9450c30f10963ab6525e902c,Benign,mipsel,mipsel:13067162836136493927,false,train
2d58a55f7388351e1970839e1e88580ef2da1996de23d10085b5b87b68dbb62c,Benign,mipsel,mipsel:6266924433818085826,false,train
2d8c44a7500809823fb92524f099f2d3cafe4f15aa6425ebed83142f470a51c0,Benign,mipsel,mipsel:2202523016594620836,false,train
2dda3e278600969a4cd5d54bbedbf4f002d635b99163f468d8deb95f3be68650,Benign,mipsel,mipsel:11203094366110751728,false,train
2dfc501ed1bef1e587ae02a983c245af606f773c14d43178fd3fd428cc6674cc,Benign,mipsel,mipsel:5049532888949924833,false,train
2e1cd4cc5836dc05474c3a53976de79dc65b79f5f6087241e9306044214ec7b2,Benign,mipsel,mipsel:11612956420169022331,false,train
2e230adb1d30e21634330c49599cc22237193f4922fc1309e2247f636ef21a1c,Benign,mipsel,mipsel:14594826047569064285,false,train
2e6a44e13ff9d8ca45341423e46d730fb66313a44a39300ebd2d38366310f9d0,Benign,mipsel,mipsel:15226775617266283404,false,train
2eb7dfb60663c03c36c6a95bef3de1ac00164a4c98b95bcc506ee8cd05215cb5,Benign,mipsel,mipsel:10207604885895738011,false,train
2ec9e821d5d6e1141fdd26dd7250f4dfc19865db7957771d3960380c4e7892cd,Benign,mipsel,mipsel:16742091442827364238,false,train
2ee85470130a2bd8713f66a39b234823356993c0bf7a2ef1113629f446927c71,Benign,mipsel,mipsel:12513111175840706286,false,train
2ef049a1464d6d5b51a1de5351d8699ff1341cb36baa8e78f4d394f599e46c24,Benign,mipsel,mipsel:15249291508982051300,false,train
2f2da3f4fa9a37456dcea8f649ffde73af0256c2012076e89a356ba80e2645b4,Benign,mipsel,mipsel:4039160854738907440,false,train
2f38701ec842f447f241f289eb28b926e49ab643ac98b34fd0d4e2c19059c753,Benign,mipsel,mipsel:1496967135337420860,false,train
2f586d7ad0ec85e787dd2b3d99e80bf2a816a11d02d5a30a441cd4dce8533f9b,Benign,mipsel,mipsel:8824430247523346206,false,train
2f5956f47cdb5c4890434ce8e7ecdb8fc72ae22939fdef4957a9982f4a0f787a,Benign,mipsel,mipsel:16230827075314726565,false,train
2f9a9e102758089561f89eb52a0d6ef63d57687bb9fab6cdf7280379cd7f2339,Benign,mipsel,mipsel:5180076116704614775,false,train
2fc927c64611660a30bd5eefc7bd1d205b4e8686c923e1422e733c8a6b7881df,Benign,mipsel,mipsel:6968219986296606056,false,train
2fff9ece9e9b0c495c5990af0fe0edbe9c26f54d78491e8e602483f904364ac6,Benign,mipsel,mipsel:9736485633728745904,false,train
301bc54606e665f7ab533101114d630c5faed689dbf44203eb40af1f0f4a8212,Benign,mipsel,mipsel:9755903713360319031,false,train
304fd28ac021a39af018c30ad3ee5b8711bfc373ef660fb88b03fd6f537ee6c0,Benign,mipsel,mipsel:5827154992057358010,false,train
3050ec7b79e171d03eb9418da9fd28fcbf3544687a1eedfe72ebf3b4bf3d22ba,Benign,mipsel,mipsel:15740525248763141641,false,train
30c57a4978dacc4f65c61c365d5e2b0de744ca56d1ff1d175dd03c84b0f607a6,Benign,mipsel,mipsel:608077975855255899,false,train
30d705fcad2a22bf416094979f4c4c4a55d8bb3010e49b6bfd44c1ce1a46b32f,Benign,mipsel,mipsel:13657827335862406246,false,train
30e364ff2a82dc9b21ea02be2e18b409fdf88958d160ecfd9e3a815ff3179d30,Benign,mipsel,mipsel:7984766090880311338,false,train
319a79a4c420e554862989c0cdbd394dc9945eaf5274ee2b302c659c7baa0b95,Benign,mipsel,mipsel:12119082589323496679,false,train
31a972e7d3ff040b47aaa2f18d0ef24d81bd54e95269d6749714c39a26da693a,Benign,mipsel,mipsel:7285936962317962080,false,train
31cc4704f2a42ed759de85bc39614328d27ca31dfe7efd139c8fcd4af2104508,Benign,mipsel,mipsel:2059565973714204644,false,train
31e40f2b7d4bc7dad45ffac8a91a8d390c2a450261c0edcf6498b31f19ebd7bc,Benign,mipsel,mipsel:12609876908883718874,false,train
31e7e6702b238c5ee4245e911753960f769daa59078bbae879fd4ffc80ba46f8,Benign,mipsel,mipsel:2020312349542667207,false,train
31ed774ebd69d49e2bb402fbc058405aba4678517a38cdc8c0211f4c465e09f7,Benign,mipsel,mipsel:5020298928949516261,false,train
31fbb55dc0e5928e1df45c93ce201c7ada934b960576d99a42670e1b27ba3f23,Benign,mipsel,mipsel:12165234843851088988,false,train
32070508a43c747b824eb27e9bf31ed4eee741c9d547bdfd06d83c9c0589c725,Benign,mipsel,mipsel:15189285345680673661,false,train
32217f0d00e2a4ad494e371b2b7d1d1df28234d58264c7d39914d5a2000e8f64,Benign,mipsel,mipsel:8042825196896033965,false,train
322736d8127751bd7d5683e089fd8e8e9e09efb1e465d332417f2190f09714e6,Benign,mipsel,mipsel:8221388332057308369,false,train
322c65051747749a6ec17a024556cc88d64b6d518283c81d0532fd4e19704a71,Benign,mipsel,mipsel:15843332440240694404,false,train
32738f16ceefd87d93616991929a7ad9f1100768d9c58f7bc438af6f0572880e,Benign,mipsel,mipsel:7994035648056164728,false,train
32c0f2fdc8559bf589b8135c01117a64fef98dd69a5532a289377655d5fea691,Benign,mipsel,mipsel:3091089885374770196,false,train
32e23bbe9fa5f413c61bf461b3287d77d78c16a42151fb106326efe11df212b9,Benign,mipsel,mipsel:8734579930149812354,false,train
32fd7f8178166362ab1585fd0c6fe2c136297f04ab184b209471dc857c91530d,Benign,mipsel,mipsel:12757085573755121818,false,train
3311e693e03574f58c0dfdb81f1983a57708611579d467c9b769195227a4c26b,Benign,mipsel,mipsel:4935374622138488055,false,train
33531dc299ce81b6d283af8e16781ff9950ce3c1505bd89e036f791823ff020f,Benign,mipsel,mipsel:11170402104135063388,false,train
335592c6168db4b2931beab7cfb6fe3b462f742fb3402656ae3f5266195855f5,Benign,mipsel,mipsel:2556612684483173621,false,train
336b1b53fdf4c19e50ec533fc227f4acdbd4a36006be052e1f592a3842dab304,Benign,mipsel,mipsel:4405223352308090080,false,train
33b81290ec98713ac5a31a2d9d319f08f0f6207fb0bbf25ab69baf1a0a063296,Benign,mipsel,mipsel:14712768988519681562,false,train
345301635d46a72ecab16f97448e36eb60a4f334825b571c9cef232eedce8788,Benign,mipsel,mipsel:4524343795684853285,false,train
34a66285340c273e934b7b9acf9713264574576715ceaf412e221f2b472bc6b1,Benign,mipsel,mipsel:6279869468349778192,false,train
34a6df28255a8e43f4fa8b1ddfbd396422a58ee484bfc8c9f8197714a754d2da,Benign,mipsel,mipsel:17781670691298537212,false,train
34c6c99da41c8e9259f38ad98d56271280cb8181179704f1abe2047b7bf91fbf,Benign,mipsel,mipsel:17848530448954242962,false,train
34d6cb7d28ee51677e5ed02d7b7a34a8ae58d596197e13c34590fc36488aeafd,Benign,mipsel,mipsel:10053694335151563911,false,train
34ed3488f9ec3d9ce78f97da4c2fce38b95ff575aeaa6e5248148ff9ef7f7ffb,Benign,mipsel,mipsel:17697806251360335235,false,train
350c42289deb39a84e9acbe4f8f974dfa7f6c007e17a5fa8c8f0c96e3935573d,Benign,mipsel,mipsel:16673812576144527762,false,train
3539a6e5d25d33d3ee30b543160625c985909a3ed84cb08831b06b011409cbd4,Benign,mipsel,mipsel:4549397990904469508,false,train
3568ad43e893abdef17e28820a3e976278b435aa9f250395df83c2e5d27b1e2e,Benign,mipsel,mipsel:15699917403076069560,false,train
35816800ac3f2a55609304e7a8cb90e27984369f0193a4237a12792277467151,Benign,mipsel,mipsel:14700138886124091066,false,train
35c4516f1467b766b82fed9dc7c019f117eff52e5d36bef2dc8f4cd756b0ebae,Benign,mipsel,mipsel:17328572093656265010,false,train
35c97963f5f444f2761f8cdbfc7ea86324488fca73894c43fe98c661c54dfbd5,Benign,mipsel,mipsel:10644880693454504288,false,train
35dd46426e768cf5195c2da144abe6a5ecc92a8b16a2b4977679a3b8d6293849,Benign,mipsel,mipsel:2673180846463991273,false,train
35f95a923f4cc57b80a78894e6278b6cdbcb2aac86566c906c01fb0a7f9ef4b8,Benign,mipsel,mipsel:17606610134538392624,false,train
35f987f39c3231b04602ffa63fea5cb1c6d27307c39cb4d0830f3b58c53e4089,Benign,mipsel,mipsel:18360053118416854423,false,train
3614955fe4d502706e75547e186a68b96bee4cc2d645c2e6518176394f178b1f,Benign,mipsel,mipsel:17621816327445561373,false,train
361fcc4ceb271dd36b07de8d58c5ccb5c6f2f6c78e88f68a4a85367dd255cf08,Benign,mipsel,mipsel:7783917794926243793,false,train
36e9db4b1b270f1d88224f3ee6f98b422abcca1751c54a50f3e812e44aa33187,Benign,mipsel,mipsel:3426244949656244234,false,train
36fb9acea10f062ece37687bed20ffad531c488624506f661d3c14329b2d83a2,Benign,mipsel,mipsel:5284989506717823531,false,train
3721026d2409fd6d5d371c6dd2ae0000ea8a85f122bd6dce4db607271f8d77ff,Benign,mipsel,mipsel:10727718562421744374,false,train
3764c424c7ad40d21a62f4fc3caf424337bca761e3542ebf980e129ca69bfa2b,Benign,mipsel,mipsel:15429463553411008679,false,train
3808d031d24a9eba77738467cbc6ee5734f43cb0decc020bce55e5d35ad59f80,Benign,mipsel,mipsel:3754442399966062092,false,train
386b033ef8901d7ff621e25d594ecb61090f4410429a4fadd318456b5556b993,Benign,mipsel,mipsel:15370789374214674353,false,train
38eaa5ff2d7ae1857e0a3198195a93af1bd59fe7c34091460e008db6d33ca177,Benign,mipsel,mipsel:13362073250889628123,false,train
39239006c3416d8c6d29d8b126626508120f904a3545ef3a360b78724aa48794,Benign,mipsel,mipsel:1048896676651436293,false,train
392d73fcfee1d5ae5e519b0e1da4db8e74db69fdd230151e0d7519c1d3e2d768,Benign,mipsel,mipsel:4129741854151087417,false,train
393ff7a02f1c149d585f218152460e6f98bfa5142a78826130d7bb35c218996d,Benign,mipsel,mipsel:2214415538536662024,false,train
3a12b04888784492ba001370c3ddcc49e9be4d8c78125a349fe78bdbdc3d1572,Benign,mipsel,mipsel:14458542202662496330,false,train
3a2d057a908042b04b8c5f446f506acb1fa2d71baa339b7189a01c4a0e5142c1,Benign,mipsel,mipsel:2283603458478941211,false,train
3a35708da249a4cee7680934d601d1c30e8ce087055f9a8209cb5174a48ae2a0,Benign,mipsel,mipsel:17936261268135880582,false,train
3a50d3d27ac80e04c07cfc25d2ab800918863eb324a664657340cf8daa5cbcea,Benign,mipsel,mipsel:447118227010034563,false,train
3a755dccfe6972b8465856067ee99e73327dd812270b4bbca3ce6f4ef63d692f,Benign,mipsel,mipsel:10390352248391241145,false,train
3a7844e326081f08c263ed4cdae78da3f786b283df8c2e3c02a673ecc27f6f03,Benign,mipsel,mipsel:10655259898821168778,false,train
3aa17f13c003e4bf6fe65d45b6b13d227f6e44d5e76057487f613107e0fb847b,Benign,mipsel,mipsel:114265296223291947,false,train
3aa75541e1fc8063d535f20fb3aab09e16d76c408f56a6715af48ab902a4a8a1,Benign,mipsel,mipsel:14502450899997154092,false,train
3af671d9aeb78a1cf0aa190b0a8c2f42a0ddcd3302d29237d54aa9b299c4655f,Benign,mipsel,mipsel:2338438726819213703,false,train
3b2d66dbd2d5a956bf5bf405f0038c362fd5efc356dc8e08cd0f95d8e200c3e5,Benign,mipsel,mipsel:3392067727329483228,false,train
3b2fe899a42e1321a0714ecba6087611cf397f34885f4ec264cc5026273e81b2,Benign,mipsel,mipsel:8165949584946224545,false,train
3b44abbcf70895a1d305db114f9decec6ec7ec0c209511b6c8cf2b11007f0e98,Benign,mipsel,mipsel:17210875807111196047,false,train
3b5c950134f8845d7bd4169160a3706a39a33cc1119e8ebd2c8dee87baff3c51,Benign,mipsel,mipsel:1839601152279644360,false,train
3b6406daadb7b5150cd959309afb0f99987de89b43dc090167dc2ae340665672,Benign,mipsel,mipsel:3634926726864479970,false,train
3bb4ffb9661ae779b2927ca5de644ff6e39b4d9fd0be9142342a3ae23b7ade1d,Benign,mipsel,mipsel:1297044881842987883,false,train
3bb71028d361563b325b79d8d972fe421d4dd12ec6d3586e04fbab990861e8bf,Benign,mipsel,mipsel:9607050434956787323,false,train
3bbc81352f9a628730d19558b1c246ee0669d20d090cf5b84e1ef858963735bf,Benign,mipsel,mipsel:369214671251066099,false,train
3bbe90896919baeb0c470d9fa5f10fb0d56a9cd1efc61e10413575b0f468eed7,Benign,mipsel,mipsel:12397316295339499010,false,train
3c7c124dcbaff5ca90ede493eb2692c0fe3e484fb63948cf1123f94c8d865008,Benign,mipsel,mipsel:14831116735138004703,false,train
3c8fc4c992d68c826c43d9047479ae214c34e2ac770f23ab6d464372c30cf0d4,Benign,mipsel,mipsel:10529839097152158713,false,train
3cc483ee7fa37310748896526a93c7628459990fa4a5c2caf394cd2fbd0a55d1,Benign,mipsel,mipsel:12675998364908709188,false,train
3ce985dfa74b5230c8ccd6b97594850d405651e83098a86f341c2b77be2c6e71,Benign,mipsel,mipsel:15211998116360822502,false,train
3cf9f28fa882ff094f6f35f2adfeab603b3c306282913739c5a024cd9d899be7,Benign,mipsel,mipsel:6035289654235626923,false,train
3cfb646d519dac067a0e181043bb0452280959c102cd25a110e5128546b2c99e,Benign,mipsel,mipsel:11270896190871104617,false,train
3d296380f3ff1140aa603799d18d9044e1a5a954fa63794c6fa5eb8bdf26b0e8,Benign,mipsel,mipsel:12495468918261176485,false,train
3d2d3d7284e26ccf2a1d40a061ed43c72ad0b22125794c9be3bc0409e017c3c3,Benign,mipsel,mipsel:10198623264327585718,false,train
3d3ddcf4e70d2ba2baabcd5dbe55e4ac72157e5598a3f50ca6769aa3675315ac,Benign,mipsel,mipsel:576706364226284893,false,train
3d62d7f20a89d52a58ea4a4212ad281f798a20bcaf4f8da76f6d9e708914b263,Benign,mipsel,mipsel:11304101276856479050,false,train
3d88f8442b58f7d5c2d28b6be3ce08c1784f7f83b5e189d57ec757d87dba059b,Benign,mipsel,mipsel:5503885538591031869,false,train
3e2fed546366f35d88cd9fe7b1f5107f8bb5db4c28d34272f42d15fc747e811b,Benign,mipsel,mipsel:15764019910573780201,false,train
3e373caa2b4b66c0799320f26de84fd0b415442deb8172ee26e1f2beea2d148a,Benign,mipsel,mipsel:528059352776433604,false,train
3e5ef89332dda5d74bf02b91381193f4dd54a3750d7a8ee0b7c9ea98aeb1f36f,Benign,mipsel,mipsel:6173186894951508457,false,train
3e827d34fcb8855232d0ca4c5d4be94e5f5c1b96b5a79b453049fb910f5c5da8,Benign,mipsel,mipsel:8229089497556594907,false,train
3e982c6d2cba715a62271a26426afc4e2841682286bff46856159a7a27b777fa,Benign,mipsel,mipsel:1439468954836814582,false,train
3e98e74eaa006c8a65b4e6f18867b91a251f00f99caa995eaa3763e94205e9c2,Benign,mipsel,mipsel:12134241185334670954,false,train
3eeac68d6d62a941acc02854d80770ccb69c79286a8d406e564f59b081710a68,Benign,mipsel,mipsel:16322845739719446641,false,train
3ef0c3288955b2261d0b568623a83a3f9a5b1d1999c1ca3388e91f1ab1747c2b,Benign,mipsel,mipsel:6690088227992966764,false,train
3ef5191cd90352c480b2e54bf2cb3e83fad626cb62457e3649c7f8a9be76a4a4,Benign,mipsel,mipsel:1064528344434545619,false,train
3f14711dd375bdf570f9f555f9f177f25254daafeb761661395ab2c9d18d524c,Benign,mipsel,mipsel:3519549714603139685,false,train
3f2455ea9049960c9f85f1e0ff6f2743b595a56b4d0c5eaeba594a6036192eee,Benign,mipsel,mipsel:14698048348730660854,false,train
3f52029916a0550152692c727c9ad6f4c6f4dfec103accb2ef95da04cb83b212,Benign,mipsel,mipsel:1595915324610560773,false,train
3f568ca68d22f04f73e4a09f477570e097617941dad41511d8043b1cfd92660d,Benign,mipsel,mipsel:11907969010339649513,false,train
3fa85b8a543696a5ba439bff8a392217170c50e72eb13b9b0374b22653904049,Benign,mipsel,mipsel:15664572948688889598,false,train
400ce353274ba79377e5ae64c3f704272e3465b2a57e7bcc27f98ff152ff3bda,Benign,mipsel,mipsel:3611504011371945856,false,train
402425c6d926308111adc5c44a9c6d26dcee11929c5a37c0c3b88ac278207bff,Benign,mipsel,mipsel:7349987923169273176,false,train
404b4de9e263cf3e69d3dc8da6b621f55b0e6e059fae69e591c0806ac7d8ccec,Benign,mipsel,mipsel:16509600068693852681,false,train
40734883df9407303bb4c14c6df58bb1a138534ceea7ebf36ec9b9d41797f721,Benign,mipsel,mipsel:814080635039207001,false,train
408a2d9e02d8391ee12c1ba430fb68f10b7ee1a9b917b68e4478ed16e835358b,Benign,mipsel,mipsel:14194115812523093362,false,train
40a688f27a00cc1d52e3562de9b5f8f3ffac4642a06765c709c858a10ceafe78,Benign,mipsel,mipsel:13235268029138748749,false,train
40a8b457508584fd1749fe51416a5cc0cca85513ed71bba6f492b00cab51721f,Benign,mipsel,mipsel:5285633863362249837,false,train
40ecbbef5adeafce14e30248cc469c7207121182d93aab7d9a0d0d4b08ebf1c1,Benign,mipsel,mipsel:10099329253377418640,false,train
41183af2e09e597eec408b1fb17378d0c5f5d8b7dbd15796320bbc00fc55ca6e,Benign,mipsel,mipsel:11889443843521409895,false,train
415ffb04e7827f37fac24343524ca30d6ef759c4cf13ebdef3ba2866a01e2a60,Benign,mipsel,mipsel:14790195039038976353,false,train
4172bce6cd5dbe59570e6ef9b31490b68f3e93d960a6436ad12e4c128ea8da00,Benign,mipsel,mipsel:17933842629825926439,false,train
4199b5ca7420bd4b926b71c90fa6473d446a62010fba9d8df1cf6d52895f8c9b,Benign,mipsel,mipsel:8130331056495737105,false,train
41cb0d1b9ebd592053a776818e3fb31a3d66b7f7103256ea6cd4f07b6c949989,Benign,mipsel,mipsel:6689192789901287638,false,train
4208d711d896f528b970933b2348249ec76eb42434e83d9cb55b84d09eb56d3e,Benign,mipsel,mipsel:10471961219739442877,false,train
421c79c21c294d5b0bfdaf0fdf90cd28075cb98273f172b09a8ed93f11c62807,Benign,mipsel,mipsel:15383742968534421352,false,train
427dadd0022aaa969ab1cfa95ad20f3dfe97c2e21b2ff8776bb8cf3e239b5154,Benign,mipsel,mipsel:15239576218435544039,false,train
429274b490898a2de4c675ae4da1c08d3c85ecb6a891b66d326f410da83d9d90,Benign,mipsel,mipsel:6487008893695887047,false,train
4293c9b2afbdedcc348d17ef03c3f790417ca77613d3f2793a6b679dab8b2e8b,Benign,mipsel,mipsel:1790195216791573445,false,train
42a8fdafafd0cabbb380efe60796d439520ebdd9994ac1671be37c9eb72eb044,Benign,mipsel,mipsel:4868670043702765276,false,train
42e3066b330c45bbe262370642592a252054bbc9cdb1966a409fb656f5ff3059,Benign,mipsel,mipsel:11286774048667644110,false,train
431404e3b2d00d3d0c6ffe37c9573e1d121d715e5864ec4fd761c27214145f0e,Benign,mipsel,mipsel:7414419874638809267,false,train
431cb85a477438d9a5c20c1ccf244972a233a81676669ee898d9bea6b89b86c7,Benign,mipsel,mipsel:8388416257285847716,false,train
436a572dbac233a6fba9f18d8f1d49d206ac2b3f71b5047b2f992efb925bff89,Benign,mipsel,mipsel:13695748814098632632,false,train
4390f2e7938a51da21264531771567455589955637675206690e9c91a74d4935,Benign,mipsel,mipsel:7263725433632000288,false,train
43f50ceca766e4d8a79b3a70c7fd6918636fc063dca0155f3e56171986f49510,Benign,mipsel,mipsel:1966106939464687348,false,train
44751fcb19222fdeb9c7d0f9810c81b9656db1563a0a0fb6e8ca43b65be02679,Benign,mipsel,mipsel:5967930123501811070,false,train
44942f7dbbb8f06e73ffdf5e186ebd3650cd66ec2cd79749aa921142f75ec7a9,Benign,mipsel,mipsel:13586283756382381651,false,train
44b74cc63b46d15723ef5f96473e562eb3e9c909f2ce3e4770f3289fa52f2d9f,Benign,mipsel,mipsel:1637420915935258894,false,train
44f848d56ea8b5c141dd3f890fbf545c5770c1a38ad9ba8fda3549295f13e8bd,Benign,mipsel,mipsel:7985480175904378940,false,train
453779501945871aa1a0f5df6c61561520ca8951ae1a1dc8439dc42d2d1eca24,Benign,mipsel,mipsel:11559325703180834486,false,train
4549faecf7a203ae69e8fb16c15f50e20a12a7d12e3ed05f58b307b74e12842e,Benign,mipsel,mipsel:17345097374492254339,false,train
45522014269da92bf937192af97cf42d62cd82c6e9aa807928d6a6907c85e3a6,Benign,mipsel,mipsel:5752624992781903159,false,train
45c549e6fd82b6d749d33b72308fdd3176d88adfecb4f9b0184e61405eec6d46,Benign,mipsel,mipsel:14111796425124277827,false,train
45deaf965c6efd0808ec51767f706a026fa14a28c9657fd5309ac1cc316a2afc,Benign,mipsel,mipsel:13213915953227102729,false,train
4626ec15f0e394aebec233e75f92ed0930d723c1d9cb163f7f4ac84e813722b8,Benign,mipsel,mipsel:12648123234339594264,false,train
46313be18cfd1485479c7de3bb935879c566e62651ef8a053abfa0544106c3f6,Benign,mipsel,mipsel:17009083982563595502,false,train
464040e420fe535d0552589dfd7741343490fc4aef4b1f01affc0c0ce2c393b6,Benign,mipsel,mipsel:6911414947453161707,false,train
4685db75a1d7decb27db672cb51992b5274b71d2a1b5ba185ee1ecfd9131df7d,Benign,mipsel,mipsel:2140713874015741675,false,train
46a100a0dfe1633d091176d1f3b5ad0f1932503792bb5cedd2b4e038c135ee0e,Benign,mipsel,mipsel:10402803143681366994,false,train
46aca5bb67fb080651b29ceda3d694ed0f60de36b95a2afda061e3226713f7a3,Benign,mipsel,mipsel:10997532205823927893,false,train
47401128f5e1b41190bbf080090aeef489b62cb31ffc29dac9a0ec788c0f2b64,Benign,mipsel,mipsel:17393347950612162773,false,train
486a456fc99800a3e96cb7bd7c314d0bb55fc367004c42df1e48f908679cf2dd,Benign,mipsel,mipsel:10705457623760409067,false,train
487942319ce9086ced15a382d7fb049109659942fee1c5f2e647358402cac9b5,Benign,mipsel,mipsel:12712587532903557557,false,train
488112f73afe3e0c69959a79aabad841815874b062a12de47e64e093faafbc0a,Benign,mipsel,mipsel:13887927573436195847,false,train
4886800d932d6654d00a5f27e157c3a8398d37fd8727acb7f7d7e40fa76bf077,Benign,mipsel,mipsel:5708702428044555991,false,train
489a9c1548c1c746b1107990a16948ec39d58b2ac334d52faccb3b92b5450d93,Benign,mipsel,mipsel:3075445456662005255,false,train
48ccf4719bb213b9f007388774ffcf77fbc8eddad5fd98f3adaaddec9299a509,Benign,mipsel,mipsel:5274710559142928924,false,train
49740ac48a7bf2c2fd45b8bf7c32d9d1bc8c46613043cf8de004bcd1d10b7be7,Benign,mipsel,mipsel:3683917078594551296,false,train
498932d52df21bf655f901889fa70eff807823f12018c9347107dbeccf071134,Benign,mipsel,mipsel:10674422248251141772,false,train
4993360d9127df456cf81f57eb507bb732579fb435bae59cc9bcbca6e2dc9a41,Benign,mipsel,mipsel:4404313889785671674,false,train
49a421d5048d019f686774e52fb4e41e4b45b656bf1fe367bfe4aca8a33c7c9a,Benign,mipsel,mipsel:10300288796017367975,false,train
49b9cd76e4f5b7569e5207069db3470937466d28e47abdb2bab563d1d4631139,Benign,mipsel,mipsel:7025896938172318090,false,train
49caca7ba5721d6df2a7d71a5e55d2266231dfa57e496b093870d64c0f2468b9,Benign,mipsel,mipsel:13143718909203008629,false,train
4a5755aa63d8c229e057d26784a2300100dc75b5aa7f59a8c9823e1d5c8ba41b,Benign,mipsel,mipsel:16417257896726431600,false,train
4a826b703f989ea5a923b527734489435715cf04e353ae3bfedff7977e6f0f81,Benign,mipsel,mipsel:7556361904932401688,false,train
4ac7c0047ccc8e8c906fa3c46b23a2631394d35037a5ff1f9d1e75e2cead0031,Benign,mipsel,mipsel:16085028224376392024,false,train
4adb9f9f0c376f7e9106953c4eb0301b15ecfb2a7b0aef11a8661d2c46ed43c7,Benign,mipsel,mipsel:11451615341293029320,false,train
4adc8a8f71e6152d396aa2808eb917a1f966c91c18cec04401fbb7d0ae923f4d,Benign,mipsel,mipsel:253786805355862049,false,train
4ae35286916d12206d2171e0ea642b62d3978d5eb01d8a4094a7cb635a08abb9,Benign,mipsel,mipsel:12718805462521293904,false,train
4afb4dcb632bacf8ee8990a8c4e06f0e3591ad7872eb832e079ce66f26238a5a,Benign,mipsel,mipsel:5626367568100586137,false,train
4afd0c835a652ed9e1e5f95735ecf19b5b1d46189ea03ee240a12a036ce354a4,Benign,mipsel,mipsel:16401683923026702478,false,train
4b8101d7a88baba9f215a9d6d5aefcc702caae4a10c7d8443602d1db928075a8,Benign,mipsel,mipsel:7718508213463515676,false,train
4bab2e5114e38d1410035109c668c13a4f8f54933192eeb4701f8185af11c8ef,Benign,mipsel,mipsel:2170773389296305343,false,train
4c102a89af5cd6ebb0a85ae25102491f4f2345887d78e7e1c32703214080f210,Benign,mipsel,mipsel:9097861929125565691,false,train
4c294cd703214031aa3ab5adebe95d08791be5bc12e46364baf45e19fb9b7bfe,Benign,mipsel,mipsel:12730809901636913890,false,train
4c4efcacad69b24444aeb8ce896f3baa1a7d03e72d2a418d595528cf35a185cc,Benign,mipsel,mipsel:9542881630912045428,false,train
4c54bdaebba528fea2293dddf559e1041e39d2c0bfdb4e02a14a86d2d4758b39,Benign,mipsel,mipsel:503600384129230747,false,train
4c5fe66f30c93475c7040eabfad95d44da344713db0fbe458ea294a579e44113,Benign,mipsel,mipsel:17408970413577765136,false,train
4c9709ade5cf4511b0bb1adc9b7c2e5df11df21e60ba30bacef00f97512b4eca,Benign,mipsel,mipsel:16672515191702103293,false,train
4cd48f1e327b5ffd16f496e6dcc2df8b8341049a1acd6922c8cd26efe84bcc8a,Benign,mipsel,mipsel:4547316564379284291,false,train
4ce30e9a5b6df67cf0623315ad7bc60a5df96010dcfc4a7f2809fc099808433d,Benign,mipsel,mipsel:3049784607544529231,false,train
4ce3ca85a33bdbd111d1a06df4493d48dc8e06367e92a52f51016014a68ee2a5,Benign,mipsel,mipsel:14686626899217586281,false,train
4d1506c4d92212ba883217db1d66a1201becf6a300833d9dd2ff30565e8584cf,Benign,mipsel,mipsel:7028351510060215350,false,train
4d22e7beb30e5574ae33b7516d1326b7c15b8237ef232bf7ddf8cfeabe093d7b,Benign,mipsel,mipsel:2655129153718469687,false,train
4d41d34cbadb92d0d010b2450a4e675acf343c419cef3d032b4d6d985509f52a,Benign,mipsel,mipsel:11063018429625222865,false,train
4d4f95030caee5b499d81192c19f49c7f0baacd8f28032a13d4082a305dd2bc2,Benign,mipsel,mipsel:8177753442737554990,false,train
4db73e8ecfcd3f48e06eb41c578beb77036b3d027a46eace115dc4497dbd2b6d,Benign,mipsel,mipsel:5303341306781357141,false,train
4db89d01644fddae1281f54d398647cd00d92ada1c0bbb653797725c81d806c0,Benign,mipsel,mipsel:14246589230869288170,false,train
4dcb32bf013d42bc5361195876a3b17e1fec24aec2ffaf8fb640863cea940cbe,Benign,mipsel,mipsel:11657180911707322818,false,train
4dcb34c2f913926cd1a94f36daa043db419c9d92e7a34289dad7d2197949449b,Benign,mipsel,mipsel:17671119902219178882,false,train
4e13958d6007ef1310d3180cb2c8acb1907700b77f29297cafe2b6126c2656ba,Benign,mipsel,mipsel:7954228632647498262,false,train
4e24290df2ce8e4b24db854b509b023114860b9d35864810d782cd7a0ff02900,Benign,mipsel,mipsel:14468777012292782647,false,train
4e7a16fab449077805e31ed8b5f5c8106da8620204b9162d478a385d38c90e8e,Benign,mipsel,mipsel:10019672326785506575,false,train
4eaff66c1bcef05279cc70959b4b9c784328f668c9af8c6cf010e0a67ad1675c,Benign,mipsel,mipsel:18292240575050547875,false,train
4ec713868e199d36acb4f0273fb9cb8a30ffaefcbcae79355b832f9a6d522c81,Benign,mipsel,mipsel:15746960349685813732,false,train
4ee1be913bdc7c45cfc1f5be40e4d5a98758550182d98579fe3aa119d4a9888c,Benign,mipsel,mipsel:10995434618646368226,false,train
4ee5cf17c4b8624bbb655157a7eed8355f76ef34dc3f185156f730671d574092,Benign,mipsel,mipsel:2493390739024417991,false,train
4f23d07d0e190b81572cc7eb49059add922fecf91283ae817cd38050725d4089,Benign,mipsel,mipsel:222866951702481373,false,train
4fb72d36a67755047819a228aaad8de3e3909db2ed24229115072ffb46518543,Benign,mipsel,mipsel:6356100566585215724,false,train
4fe1f1192524f8355637546f5cb2957cb6ce31683d5158d92e14bd05c1ecd202,Benign,mipsel,mipsel:15156342440864252118,false,train
503d855b2591f86665d5eba95b00e516c64907df881041584a31cb80d68da4c6,Benign,mipsel,mipsel:16915885607976054692,false,train
505a4049aa8b3247b444811597a79d674e95bfbc06701fd76c9554006d99aede,Benign,mipsel,mipsel:10058454084690207524,false,train
5097e7d5a07a303d0bc3bc76c8f7e9f7397255f8095bd48dc8cf23960be005e2,Benign,mipsel,mipsel:15630517849166440899,false,train
50ab5bde3407a63586d9b8d9d3269d13b86dcad82702fa803274103b03a7f926,Benign,mipsel,mipsel:2471574625214956590,false,train
50c785b1e47863f7e13dde4005cdaf7536e6e18ec280a419faef854c7e2b4aa8,Benign,mipsel,mipsel:16736793268100241725,false,train
50ff72849d3df139ea1031bcc0e577ef01857137f15241503560a757367a17ac,Benign,mipsel,mipsel:12088170169111851004,false,train
5144a08f51514c859bc9e343a2780d83a03be9e84731e734fcc776ac41cca85a,Benign,mipsel,mipsel:17113039935645327257,false,train
5161679e8de64fed1dabbe11413962e46501bf3ae77edb36b2ce290e88154635,Benign,mipsel,mipsel:4279643258072940093,false,train
5174c86131aaf65e1c56a12d890015afbbab83f9f104fe7f789104ba838edcfc,Benign,mipsel,mipsel:7923384217620548514,false,train
5178c39627eb0d246d049942008d3f509d27abd5300c4231fcadd2828e05a149,Benign,mipsel,mipsel:11890259049560094964,false,train
518072f17ce47250ac2c431e6717d25a9b8af27b4a023d67efa7649331e5577b,Benign,mipsel,mipsel:5211024465955838377,false,train
51ecda6baa2423bbd03620adb9da5cf5f4a31361de681a0715ed26835ddc2f51,Benign,mipsel,mipsel:8301591829664666794,false,train
51ff80074f1b989179b3a0f34c16a3a74a5db7d1e123a697ee06ffbacba0c034,Benign,mipsel,mipsel:11837431988012925769,false,train
5204269871348e960de01436201d907a6cac83f7f8e9496657b029cd720247c2,Benign,mipsel,mipsel:4837303696503273187,false,train
521d2f64d21f3e413d26d6301084a12f89c7edd01d817d8aa955d89447b43b95,Benign,mipsel,mipsel:5992293716803434828,false,train
523a8f3d9e793d3a28970ed06376b0746fc2a5f0cfc6deeb340e78f600c0dc7e,Benign,mipsel,mipsel:14320511323579730027,false,train
525b8e0f1f016973461fe898d0e7308b792f0119e745bd9c366156ea10bad8eb,Benign,mipsel,mipsel:11625506597257287758,false,train
52a162e30cc3e1780c8e2bcdd1beb74c8173ac312fa121cbafe48482d815f71e,Benign,mipsel,mipsel:13616152356848071845,false,train
52a3a5fb573c5b3518ef60154a9cbbff6de2f9f2d37a12aea23ad188647883db,Benign,mipsel,mipsel:90484682005772772,false,train
52f64626441e4a3efcbf64c6c523d87e6d566aa29c5d8ef09729d2afe7887655,Benign,mipsel,mipsel:12647328160794469184,false,train
53011de6dd9bce07f7fd7c92e64d96be9d74144b8aa8c677a0d51ae4b3c2d5d1,Benign,mipsel,mipsel:8812887520709299469,false,train
53448da5ab533d6bc028a2775b77a409096f4e77ee932a1bfbb43856e632bd84,Benign,mipsel,mipsel:11160754659966588357,false,train
5345d73a175c952c41f22beb3445a80d73f60134eada6f7b0db0bf3369efd491,Benign,mipsel,mipsel:17966419228231631789,false,train
5358dffbc6c498e72af11d4481962c69198787e7f4060f99cec05de65d2ef28e,Benign,mipsel,mipsel:3653901383564089965,false,train
538865a163bfc97e4b2fe1fc0162a86ac6e88a36ae0f25cc2bd144c5f5dc514d,Benign,mipsel,mipsel:6725449590301678456,false,train
538927fdd148c331a844a2c1ed44c1efec88bccbe372fb2691226b78f772581b,Benign,mipsel,mipsel:6127853404325955665,false,train
538ba2cbe578834603e67ae40a5ceee4b92066391d42b308cbe0baa209f8e01c,Benign,mipsel,mipsel:17389228493777394364,false,train
538d3d591df1014796ea6252cceea224866544c25522f133e424c0f852b3f43a,Benign,mipsel,mipsel:13247236809701181691,false,train
539d9c413bba40e835edbf9c2b6d6fa91133766aedaa7e2adf1a95ab784970cc,Benign,mipsel,mipsel:1200099957644206253,false,train
53a2242cd0fc9f788520d3714764720c6ae6f5be75267060a45bed6be4b84269,Benign,mipsel,mipsel:17935711293466579191,false,train
53b1785d1f770452a2fb174576c28695d98f36d1522f9b8dee1e7179c40ad75c,Benign,mipsel,mipsel:17752950644148139848,false,train
53c9bfb7341aa25349a747f6bb94c36ee0118ede7325fa8b71f014399ed2323f,Benign,mipsel,mipsel:1176293727235514272,false,train
53ca27864e7231bd5bcb4cc46818eb2885f7d6b92a3680343244cd9b6e930697,Benign,mipsel,mipsel:9716258872994928207,false,train
5415c0183fa2fb3c268e16e9cb3a6bd5634942b344cdaf5116d4f810fda06d06,Benign,mipsel,mipsel:5011443497163600976,false,train
54239e7768713bc84ca26e754237369dade69ebca91d1fdb3c6c35772ba47394,Benign,mipsel,mipsel:12586520112492333818,false,train
543496d6c4d1592154d6fdf008fe75d0d25b04460643a9d30838ac3a0c49b50c,Benign,mipsel,mipsel:3683724833272231771,false,train
54467d7689444e8594f331050c53503ecc063834d07dc8133ebe1a9d7282347e,Benign,mipsel,mipsel:7053717724512467266,false,train
54600a42c58c34e4ae393ede9da626cbba56866e4486809743989952ded3706f,Benign,mipsel,mipsel:5468172715135022558,false,train
548be797eabb6b1d3bc3580773430be2797f31b3d4ad658733666d6773760acf,Benign,mipsel,mipsel:5602222000967314157,false,train
5490c7815c2c52133b07cada9a004d8928a0631dba2f265519e8a21606b4144a,Benign,mipsel,mipsel:15839373660114598025,false,train
54a4c083eb1d80f982eaad376805e5fa115b6f75345066a9f1fde4c4ac3f4542,Benign,mipsel,mipsel:4850336542662567017,false,train
54e4d7947c4e17a20eaceeac6d55d097ae9af2b4b09401d66570ac814974098a,Benign,mipsel,mipsel:13188744700966382912,false,train
551e1472564f93436c7efac4ee804ca0f4b3c6d5f28fc93f7b168d88696151c6,Benign,mipsel,mipsel:14974353168538377530,false,train
55279c2ad885129940e927abeffbddcbe7594d113f8e2af0f844e0e3b4fef035,Benign,mipsel,mipsel:8729876619256713863,false,train
5564c5e24bbb293c02366d90d9867bcc45ea50a3ab2ff056d5f729881ca874e1,Benign,mipsel,mipsel:11800386111192126117,false,train
5572b698ec7efbec4bd962a8d511b864cf8aa5cc003f32323a7d15da1efe553a,Benign,mipsel,mipsel:7948557901588537203,false,train
5589196695ba7c45c4b3564412ed9f3294207b4c08e2d00b1c08a4597fbc5444,Benign,mipsel,mipsel:15672575355163643015,false,train
559d8acf44fcd7ab43e15fbf6b4eae36b6e6739d9dbc9039f492597aacf4fe92,Benign,mipsel,mipsel:11011140734957851651,false,train
55ce97138f3b1a690c44e330405ba6d3f2f8cf20180872f87d8fca4c22f4182b,Benign,mipsel,mipsel:4496281842800881837,false,train
55f910effcab1bf776bbd42a40d5127f28d441c6b74debe8b621a90df42955cc,Benign,mipsel,mipsel:16330874827312036497,false,train
56b638cf199e2cbaf1f2603d228f75af6c6c17900c98c76d7e15633ccdf794f9,Benign,mipsel,mipsel:3041166220499490408,false,train
56c9406c9b22adfb18ca9ff8ddeeb576356b8775bbe65f7f9f99556149582cbe,Benign,mipsel,mipsel:14263011008719271615,false,train
56d8bbb8a36e1163bdd36ae884b6f0f36128503bb58963fd3e45048dd0c1b158,Benign,mipsel,mipsel:5701509549715440219,false,train
56eca06880a973aab3b412927bb3ec72980f0baabb4c30fb8bf8f8c5d63bee7a,Benign,mipsel,mipsel:3611392174173659578,false,train
56ecb92780f06b75b1293f58ac1f0b72b85b29fd535082da6f95e47d7885f529,Benign,mipsel,mipsel:14583619608638254452,false,train
5737e974f05c7b303d62b30cad96b917e85920db3fe2da4ea2f9c44a6a99d19e,Benign,mipsel,mipsel:9705855075586045322,false,train
574e87b968ec3c43421130d154fea6f154fb01aa04cfd2ea2292056962900254,Benign,mipsel,mipsel:8885500402739389377,false,train
5762c6eff8092efe9366d6b800a8a778109abe2a47cbf7a3fd18f63f866e27ea,Benign,mipsel,mipsel:5895851626987726109,false,train
577fb58fafb1ad55b70b8eab4b4afd015bbb9bab643bd4993f6cf548dc36f608,Benign,mipsel,mipsel:8142936440294229696,false,train
57875bf04cc301a2c8749501745a13831db6bafb930e3d6cb6aed32b053543e4,Benign,mipsel,mipsel:6202840434709414023,false,train
57876d08a12baad71385e95173d70bcbfd282c2b3bb49bac2ae072eb94a39ea1,Benign,mipsel,mipsel:13167873916157445807,false,train
57efe347860f07d19b227ec065a80b27001bf71a588b376d6da01b8caa8667e1,Benign,mipsel,mipsel:10861208658080694584,false,train
587b8f0ea1e6a64a5aaea41ce376a726ed91e7ffc4ca2cfe1a73035f26120ead,Benign,mipsel,mipsel:9802476064071267200,false,train
58c732a709ab68109c896849e224fa44b462e022ef528059fed14888df4c86ab,Benign,mipsel,mipsel:106854160331932682,false,train
58df02a86f6b0a672d9a772b42b1b7c9232188f7437003275f8f69f4c099bc89,Benign,mipsel,mipsel:1198455955027234023,false,train
58f60317a4d5feebaa041374305ca6ee1df850c2b98c26c55abfd655e467353b,Benign,mipsel,mipsel:9004223407783256336,false,train
5960cbb04270a4dab23751bb26f4617874be85d875746c1f018bc6780522a27b,Benign,mipsel,mipsel:12428557602097376733,false,train
59805f8311fcdb1a8c0e367db9b25fee1a7dae28b29b0179f1e205a80e49c859,Benign,mipsel,mipsel:12697085450525334139,false,train
598a804457b47d46acc3a4c28d8a2e22f18d564512f24f1d3276ddc96c0f3d63,Benign,mipsel,mipsel:5344209584917011120,false,train
598bafbe622b5d5ba459c6c830fb73d3e647feada5baf510d6ba0fbe8149819c,Benign,mipsel,mipsel:7966903048615929930,false,train
598c6597c44438db411129df1d643165b61063a443d3defa3a6397b97474d2a1,Benign,mipsel,mipsel:13457644210057049808,false,train
59d2689d91e6bbcd544a5861fcc5c91499c172ba2add17647fa2d128558deda6,Benign,mipsel,mipsel:5247065505491468326,false,train
5a53e6869fb27e94609e634989b252488925a13c3d3425fc15e4630859fd713d,Benign,mipsel,mipsel:13950666263836346476,false,train
5a5625f3341342dfcd1c93e581d8074116bf2b860d008f44db92fc08cd1a6954,Benign,mipsel,mipsel:6297184716673198522,false,train
5a5cd05422c18afbf9677e2a378547ed60010e1fd95246de104b465530b669c1,Benign,mipsel,mipsel:7975802134298800602,false,train
5a9dcc77852a561e5a0de4c3a7fa752dc131f67db8e694a677eeda39e71df6ad,Benign,mipsel,mipsel:8824719629907003643,false,train
5aa941fb2e23636bbcacd410770c200cbd194dc2deccd14b503c5c2383482871,Benign,mipsel,mipsel:3676783221606274817,false,train
5ab60f0653aaf509aef48f19118976ecb7cc26e78961787f3417f46ad5a6e74d,Benign,mipsel,mipsel:11596958621175739052,false,train
5ac1f681a6b63477ab24c495b38e47dcd26a96759ec96347432f23f074bbf175,Benign,mipsel,mipsel:7203438529503046528,false,train
5b003937f9f8cebe2a3dde8b42068722711f72d27682a96e36cc0e4257312686,Benign,mipsel,mipsel:11654841951145554480,false,train
5b0dc9a15284637e7dc1bf05b6566ec587ee121b5f82f9b124b648fba7fcdcf4,Benign,mipsel,mipsel:2124756285757682805,false,train
5b3c06a92bb7ace4f83cb3f754234bfc4700332c243909698068c65681e3b894,Benign,mipsel,mipsel:6271066656628364174,false,train
5b4f3cb8e06cae5b3dbe1e5aa5ed22717facdf2a5a55fc3ce439d6ebe466935d,Benign,mipsel,mipsel:9928387442820595982,false,train
5b51a1230a8d8199346ba9c4d82b70159addc14076a3e8ac466241625ce6fd82,Benign,mipsel,mipsel:1205188971986105636,false,train
5b71fc90c764504972347d87ce1c5c7d1d08fc0a696857cfe765e3ba670ff4d8,Benign,mipsel,mipsel:8760772961087769836,false,train
5b79656e70c6d36d92440a58dff64ec9cc1b5371cd5397005eb954952acaeb3a,Benign,mipsel,mipsel:5878010624040203563,false,train
5ba6bdad0b3754535a03548a03a5ed8d9260855dad2d45fbbea53690137c48c1,Benign,mipsel,mipsel:5911802746533586513,false,train
5baf80f18325d1eedddb0d76011fdf267dd9188798481e04afb0f1bd21edafac,Benign,mipsel,mipsel:16890874541725723897,false,train
5bd2845346845834514ac9bf9e80b7265ec997b97f22b3cee3a68e8613432506,Benign,mipsel,mipsel:13365479993293717089,false,train
5c10d70b7bf07534d6eaf024e84b86b402861f7ffbb4342c0c734e1cbf1f9e95,Benign,mipsel,mipsel:6947302007458512560,false,train
5c2cd4c4cf807f256a82b2c95ce575fe4a85904e439a7ee146193ec105d4a51e,Benign,mipsel,mipsel:10386684553618634993,false,train
5c57f7da783269e6393d8df15d23b07e7f6fadd8edffc1c6d849170971773e28,Benign,mipsel,mipsel:4461378407856935148,false,train
5c70a398c6e761ff44438cd3ef5793caae3916f55fe455f5d51d00bbeeeb1e4d,Benign,mipsel,mipsel:2950917412123481426,false,train
5c8b25d7c78c875ce6865f94e9f02dff65baba6545c25bcaf0187edce6078d7f,Benign,mipsel,mipsel:16075288288646407089,false,train
5c9c59d7b0fafb98f8cad197cc489b3d7b07b14983c93d59a1010c2988c4b634,Benign,mipsel,mipsel:7643227778084825281,false,train
5ca100c462969b19d3510e955127a9ce916d7457fb7cf01a02ee5fb86d26abc1,Benign,mipsel,mipsel:5333780154964470492,false,train
5cff5f108ed2f1751572f637eebb22b6a071062ad0cc9a81d515224a3f5db69c,Benign,mipsel,mipsel:14017303619567456380,false,train
5d199343040269c5225b76de0d2ca01b8cd2b199c5a8615f963adf48c6dd8ee2,Benign,mipsel,mipsel:12444788997670351171,false,train
5d213366d3ad791435c3ae6387674ae467e64f6fdc9f024efa9fe52e976ad58f,Benign,mipsel,mipsel:4434548188802878589,false,train
5d24f9473c23c04a470e2aa76224221e30302d90f33bf8d618eb2e97d7357cab,Benign,mipsel,mipsel:11036959540385767470,false,train
5d5592da1652072f2d8058d91b3e6d8be289b5f9510f405206c3c9aaa8b0cb8f,Benign,mipsel,mipsel:13550008304480503756,false,train
5d61ae85215d66d8163a96f446cbf140cc34aa87f4e2f2f986128bbd00d6c8b9,Benign,mipsel,mipsel:11168419434167363994,false,train
5d859ba60812fcabe7cb595957c2ddf030e94395023174aed1377b9b74cf75ca,Benign,mipsel,mipsel:16540369929919474255,false,train
5dbe1727d0c4f310401c8725e4d24dd62559d5369671187e2bd70f1bb6ba586f,Benign,mipsel,mipsel:395441628821982896,false,train
5dd1f4e60a3b6674161a8d38658b0a0595ba054d96a5082219dd1f365fb0b7e3,Benign,mipsel,mipsel:2453430486507941590,false,train
5de8558e66b91f20bed656621dc2a1cae283de08b176d4d7341b31b8f5855ea4,Benign,mipsel,mipsel:2235976510822923597,false,train
5e0074261fbbdf6ca924357dcbbad66d47e5f40864f560306285a060f0f71437,Benign,mipsel,mipsel:12585311108251851458,false,train
5e2d15179943bea84d1b73815b1c23f15100faa3fb1d8880ebfbbeb81db2e716,Benign,mipsel,mipsel:18372645039679239686,false,train
5e6cd91c94d3ed45ee74b9dd87be406720d05e4c8668a432560cd0349be5e1dc,Benign,mipsel,mipsel:12572275560095264782,false,train
5ed2b4f55689988e15f4a3ca8f9ff9b7b974b18739697782258996c8e1633991,Benign,mipsel,mipsel:575897797537145097,false,train
5f10a6df5b0f9087678c99bfc8223afa0d1f4f8890d1580e4211ddd6be60742d,Benign,mipsel,mipsel:7507152340415511837,false,train
5f1e290f0ed09e92a3aa189464bda6aa45fdf85641a2c078b0d4eefbee4e90f8,Benign,mipsel,mipsel:3375196282351300643,false,train
5f3537ad0a534f8f25742c1e0ca93123e256890b26133c82b04a2dcd32a6a30d,Benign,mipsel,mipsel:7575661606486578822,false,train
5f60d4dbdfab0a2a967cb473dfe2f9016190146b3a6c0395e5e2092345be6edc,Benign,mipsel,mipsel:15392745002662918260,false,train
5f66a3a8c5a7b8b1fe8bfe8360de1d92f023be024ef361e700b4335ca47ff31f,Benign,mipsel,mipsel:16146593571199748923,false,train
5f81dea6677ee4898dcf0bf3cdc1c6df7a35f7e9f80be5f84e6ade6740e5ea0b,Benign,mipsel,mipsel:13722477766376213310,false,train
5f857ad9777d1663e035270c8ab5d3ca5d528a099e695a5ef98f074f6b970e53,Benign,mipsel,mipsel:8455910866563036218,false,train
5fb6c2b133eb9645f7fc376d922c55011e37c5303f255bde3e572ecf55492373,Benign,mipsel,mipsel:11525782974201570999,false,train
5fec442ae205828b99ba46ebe64f948412f2230559f87107bba96b1ceeb1d41d,Benign,mipsel,mipsel:11668955057553354120,false,train
604089857ab4ee5a36be92f293e07ded95bc198b691cd5f4ff1838f59d1cdcc3,Benign,mipsel,mipsel:1613443229761209177,false,train
60644154828d1db420fbec24dcea766249971ed10d5e2d5696bcc2b74b854106,Benign,mipsel,mipsel:7517110713091120462,false,train
6068a425ff0c852691c222265d28196d19f88d8f9933cdccae77154f3fb96ada,Benign,mipsel,mipsel:14778654794802982619,false,train
607644d2cc9dad93668735c4ada93698948d3ea9fe01088ed9265f99aee693fb,Benign,mipsel,mipsel:7885977715840434428,false,train
609c48ebca0f4615ccbd911b1a26d9b853e24880f8a17b6d29a72943b625134c,Benign,mipsel,mipsel:11625699637800902433,false,train
60b42a9288f51d9c1fc4566469b7464f59e11dd113db7004f30198b4f35c8b88,Benign,mipsel,mipsel:198152220165751633,false,train
60c26e4992b676a8f2d0489d7b90d3c6063c0a8066a6fa5c31a1be0ab9e1e0d6,Benign,mipsel,mipsel:106788201106106146,false,train
60dd29815f7dd0cc238e75fec009fb514a82664ea94d3e7205cf05c22a1310bb,Benign,mipsel,mipsel:1811074398300093972,false,train
60e46c29e0ecda82811477ea897056b216cad4091b0a3e9066278d47c30fbed8,Benign,mipsel,mipsel:13296920421135019472,false,train
60f0bea6e9d5546d7fdb3a66d98200ec00f95dbde062ea3adc429ba4f08bc9d9,Benign,mipsel,mipsel:16729489414069925894,false,train
60f32d91a86806d9d093d1831adc1e873c8fe1f5b7568a4ea4d7bb88a4f676d9,Benign,mipsel,mipsel:933063936151581327,false,train
60f63b785697bb54d44df59079dd75e82f7c9221b43815f8ba4c8bb42af1a652,Benign,mipsel,mipsel:3376932683890510038,false,train
61159e394f9e721d38f3510cb5dc065795bfb00c91400ae609d8899e4672df85,Benign,mipsel,mipsel:17787705397464206713,false,train
61170779a07a1ae0c45f98779bad8453890b0ee76314579e9db6fe1ac70aacb5,Benign,mipsel,mipsel:13709465442526444919,false,train
6122fde99551c1df94853d33650c2abc0cfe978cdbe30025c167123548b90e43,Benign,mipsel,mipsel:12095741637480938676,false,train
612e49fa6e8e20778b71fbbdcac288c0e9f1417545f696666c19cf48f73639e2,Benign,mipsel,mipsel:16515534602399962222,false,train
616399baa8680ec95bc76325b4277ce126ae190dc7e19af051afab1f3d2416b6,Benign,mipsel,mipsel:552901974731175264,false,train
617aefe98128223a49995545f84e070a3c8d27d677d42fb3453669142812b106,Benign,mipsel,mipsel:15647058690582623714,false,train
61cf71316757efc3d92a8328cdc26d976179cda575dbb67424831d91b78e916c,Benign,mipsel,mipsel:6990999967767363220,false,train
61f11aaddd22d5fbdf31c2c43de0423ded3a0bf7fe075a191e6dadecf29b0a51,Benign,mipsel,mipsel:4285171851462959709,false,train
61fcbafebf6b5ae654f785ef04b3c7e4d1d98583168bbc8f08aab0d4cfac7ea5,Benign,mipsel,mipsel:7938280239308115580,false,train
624f9528bcd895a0fa9b98864b6004cdf113fecbe6cbdd70689c4231453ea116,Benign,mipsel,mipsel:5322837669384647556,false,train
626473406d46c476488300078dcf9719ed3352879b36664c1d30afbbe2d6eaef,Benign,mipsel,mipsel:9537348939477259189,false,train
628b4af96e8a70646aa57930a716f7461680138a86e2f315cbfa497f2019abf6,Benign,mipsel,mipsel:8550136330330392379,false,train
62d74d22a8bcb7793fd1fe086e63a0fc1eff03c46b94db28621c19de43f7d587,Benign,mipsel,mipsel:3135313929871498766,false,train
62fa1ffa1c465c2d8973a2d8d80c1fc6c2175b76fa1f2c48cd793031efe92ea2,Benign,mipsel,mipsel:3542371362798958605,false,train
630c800bd5a9ab9333dd1037eccf69a37a8468016107ec04ab130c7f0311207b,Benign,mipsel,mipsel:349761742623839990,false,train
631be6899d6291cd198a8d3fbce2dfe804c41a6a87072687c6639d78adadd970,Benign,mipsel,mipsel:9109785882970284113,false,train
6327552cfab252903f319ec9a0f412235ef3bb03d2dec2cd1d2886d5ced0d347,Benign,mipsel,mipsel:12866911779401321528,false,train
6331f1f1d678ca61a3185987320d4ff19bdba8cab8398fba8b14d1d0a354afb3,Benign,mipsel,mipsel:7792633759411577802,false,train
6331f32bcfb07ff9388e7182270ffcc187d4603b5369372524bbb7a2954b17f6,Benign,mipsel,mipsel:15547560388802290990,false,train
638bda726596155e98b343cd90f71920696e6da20ad7b77f8ddf49522e3701f5,Benign,mipsel,mipsel:16179583699608144750,false,train
63a6808306e1c24fa8968483d166ce7e794fbbf6de364d96826c6cf049a6a2a6,Benign,mipsel,mipsel:1322805248310309326,false,train
63b65daba71e10df07ff5b3aed99caad2527780519ade3978d7fb4e5a652d984,Benign,mipsel,mipsel:16741499885574145155,false,train
63b7ca323c7f74795a8def39cc068b62f8283b59ca4da2200d973a31106af632,Benign,mipsel,mipsel:2747980969650950139,false,train
63c053be41dcf3e1c631a262459664d6db2ee90c96fd22386e34bebff56c47a8,Benign,mipsel,mipsel:13323662445385374171,false,train
641eb3847dd7202b13900716574ddfaa3ec1885edaec9b13916383a9877a22f4,Benign,mipsel,mipsel:13854765565189976484,false,train
6422450b914fd0a9a10faadb968768cd13b9e84b17462411e379869911dbe0c6,Benign,mipsel,mipsel:5871241012924309885,false,train
6435c749d6e2ca527bd538eccb2b905b5b8c903effca3114821228c932e104c4,Benign,mipsel,mipsel:5255192480507406919,false,train
6485a1d81a9f3a08f90e11f990d5067083301bd7a94a95e849adf3e19187316f,Benign,mipsel,mipsel:10310717507880711656,false,train
64a570b7fbf1f1e065b5ae5024477456a3520d661251750f22bf033d8c9d2fe1,Benign,mipsel,mipsel:13992599656989597325,false,train
64bc006f399ab245da9f12c19c8318e687d44a02a670b5d00de19837cb155697,Benign,mipsel,mipsel:8394743917809258401,false,train
64dcb42255d2994d99d49249ee4d040e3c5b753211b3ae00f3610bbc97f5148b,Benign,mipsel,mipsel:16025506997089449326,false,train
64ed92ffcac33e7b57d7b5dbf690cb5efddbece74e5bdaee8ffbedd7d7e067ba,Benign,mipsel,mipsel:17776400284383920204,false,train
6518dfabef136db2c92da3304fb0ebc9468fc31b8413af16861275e49f0f86a8,Benign,mipsel,mipsel:8369018448316227334,false,train
65a0814597751cd69bef6115b584b928efa5c2482fc7ea43e67dc6437a1d89cf,Benign,mipsel,mipsel:2311468735835895422,false,train
65b09f0063afba4173f1b730208313deba24f73e24cd4d5620a65b8228fc1d4c,Benign,mipsel,mipsel:559550290180612045,false,train
65c06390ff200e321b653690f63deb2d0ed7fa4095ee0ec9d6c13cbf9a845ba0,Benign,mipsel,mipsel:9649432404910532089,false,train
65eba6e5582ae7b4cac51acd6cfac3dc3698dddcc802ca11930d5cc3be39a26e,Benign,mipsel,mipsel:17482488883058451971,false,train
65ff89aa7246c42f7569244f9d06f18249a8349f57f10f760ffc2845da4369cc,Benign,mipsel,mipsel:17954742148999321986,false,train
664189cce2292d9b30a3052c84f0d32fee59bfafad08348e48dfaa7816b5f456,Benign,mipsel,mipsel:19278311905366922,false,train
6650b6b427e3862317627fa7ba104bf0c6f238b034d5276d6c22c925b9d5202d,Benign,mipsel,mipsel:17815729423478895177,false,train
666182b5f575aef424956c0b062a1e5d94690b0212cdcd8e3e33d2fb876f3e3b,Benign,mipsel,mipsel:2279762177081323689,false,train
66942872d49261a3b593827480e59c9bd7fcb33a7f1b1b55e7ca11059d2cfee3,Benign,mipsel,mipsel:14164609748421474406,false,train
66a0d3cf146df8fba751afc35f9911efd5f74e80c815783e8a3e071bc04fb3f7,Benign,mipsel,mipsel:17073607889054805602,false,train
66bff116a883fdfc2e6dd7a82b746ed0ed66031c27e5b680fc41263895471f33,Benign,mipsel,mipsel:8938190671474022018,false,train
67291dc50e82c69c08b8a36bbc92cbfb3ad58211eaf6ecfb54e02462ba418837,Benign,mipsel,mipsel:4660963112234886235,false,train
6747b4bd2a446f5d92f0ae45a033f53333a3d9255f78c5c26d6613addbddcc59,Benign,mipsel,mipsel:1684030979983699786,false,train
67720fddc75cd232824ee52f92c103b6a96529ce88923298a455404825d6c088,Benign,mipsel,mipsel:11966104979719311079,false,train
679000c4e9925b362fbddc77dc40c1b33fd6c9b50b64dddde58bf85e39139f88,Benign,mipsel,mipsel:1871344670411339700,false,train
67a01b452e5b50dbe920d27f785a14b5bddea1d5a6c029b26a70f39b2c17ab85,Benign,mipsel,mipsel:9392468364521851625,false,train
67b2eb91e9420d1c435c2ec82208543ae924e6c8c933fa9f1acb7eaa715cc99b,Benign,mipsel,mipsel:15834501434275390265,false,train
67d56a54db383484b92372ac6a93df4fe268e940f3bbdcd99a4fd865d3c24963,Benign,mipsel,mipsel:13216047058881247552,false,train
67e125e3e9169dc8130a96af3da08e8f274b4feb3813e1c717051abaf6a6c934,Benign,mipsel,mipsel:12990149273445869630,false,train
67f5cf14c858ad043f5cc318ff07c2d2023e7f563f94f32da9cb211eb6f8d297,Benign,mipsel,mipsel:12744720056198785601,false,train
67f84cffd8365a68bbad1d7742a9d8c738a9942f7eeda565984862ad244aecf3,Benign,mipsel,mipsel:13964587878780958694,false,train
681dabf3985b7c4848ddac0d51a818353141ebf5f629308a11b2168325d9e3e8,Benign,mipsel,mipsel:4681275881173996439,false,train
6840d0e62ea533173ac2a3234fcce90980481da8aafc9d50b6dfce976528dd8a,Benign,mipsel,mipsel:5449550642349087928,false,train
6841fea2ac14eb01df49d132f5aba217e3c968afd93206cac51a040e7b51ccd9,Benign,mipsel,mipsel:18164811812634176919,false,train
68451529f63a855fe07b5f7c0465507dd20ffd14fa7045c51aaa26e1336a457b,Benign,mipsel,mipsel:17408332335881230004,false,train
6850574349a98f2a337759be52debd813f2c3e9ecb4683b788a11375e0fa30bb,Benign,mipsel,mipsel:8944141683205824546,false,train
685c98ebf8e511d0821814df6ca7e96eb42b4c06f49747213cd74a6964af6e33,Benign,mipsel,mipsel:15373544780829222711,false,train
685f47a47866b03d782b742cf530f4d643b2e423a095775cf6298e09fcf26231,Benign,mipsel,mipsel:8783710691865986168,false,train
68682b7b510689aad19dcd78ae1f39175b38577f5c72ea76efc2bae8164246ab,Benign,mipsel,mipsel:13593641407404965207,false,train
68694af759739496741985103bc4e464eb58dd20eee25eedec66fd7a35069827,Benign,mipsel,mipsel:14091803942109720275,false,train
688ec6ae8733cc49db374b86b48c5598f0ed413c00e03156701979f42472359d,Benign,mipsel,mipsel:7460183159109646193,false,train
6896bddd33eaf938cdaf4631010cf755c5b0b8f536493f9bb25b9a15e7ba975e,Benign,mipsel,mipsel:676833586454045503,false,train
68a72ec03f02b22859a20342fe5aa5d99884379adb411cc99fd24d3abd6e1e60,Benign,mipsel,mipsel:10542511461831508174,false,train
691d2ceb3b1a550e2f19ff0e3430074945d5196a2e2a7b9cb441193db00075f2,Benign,mipsel,mipsel:585844631682346779,false,train
6933e578486b7aca54042db3e0fe9a2e4f81d421cd435eb571f35d0ff276b9e4,Benign,mipsel,mipsel:9622350821657174241,false,train
6967307bf00fe05707d0349f9fafa73575216c5ffcfce3652047bd3ab693b3a4,Benign,mipsel,mipsel:1515210171989824816,false,train
6987c91b8216978c8a362124b294c3a788818ef4555e90acc0ec77890916c4c7,Benign,mipsel,mipsel:10310090733687365640,false,train
699e85e5894233cb2a9346dcb46eea4f75d238dbb6e9508f1eb6db9290f022cb,Benign,mipsel,mipsel:4290827829762676907,false,train
699f81a6be732f40f1324de274170916c26ba41080b9be847acdc5e26b10b0a9,Benign,mipsel,mipsel:12551604519053721916,false,train
69c61257497ff574c19a02042d87aea1b25b38b7d3e54ffd90f6211026293a13,Benign,mipsel,mipsel:2466550196400056370,false,train
6a3573e4c7a5fd938ee6c822f6d868d7bf80ec8818aeae0ab8b70214056067f4,Benign,mipsel,mipsel:1321272610013804246,false,train
6a943733049873dd70b9b9ba6fae64d3a0d64ba055b74c5db10d9a21b1616bfb,Benign,mipsel,mipsel:11597301023495397389,false,train
6acd439979f6a09028ff534317501b38755d435cd93ed9b957afd614ead8be9f,Benign,mipsel,mipsel:7255704547732276173,false,train
6ae28208173c731b7eb0ccba3587d5557f3006d5b8d8cb482678979a19db99d4,Benign,mipsel,mipsel:16948659634221843359,false,train
6af47fe5bd99c97c52e64de0977e0d930902d395dca35789b3a9dcebcc7bd8e7,Benign,mipsel,mipsel:9388009806191225928,false,train
6b4edf28ff8591f2d0ae80597de0656be70dfc98b1229b4c25a0dbedf7804b9f,Benign,mipsel,mipsel:6437999921223369986,false,train
6b7bff509027bca2b82f9d870261a6f442176990fdf28bac9285b99fcf6667f6,Benign,mipsel,mipsel:15869569029395452661,false,train
6b81c349185754a10e10ddee811a1f62609c92fcf280abacd9cdc2ffa0dbcad1,Benign,mipsel,mipsel:12999636256991543054,false,train
6b8eb06c80c4d154adce0f94326319ee2cd93b61e65e9f167978b6ee486cb1aa,Benign,mipsel,mipsel:9372125076377992198,false,train
6c04db00d6572803d39669bc6b2b3b580896ff05a5736be3727af02371672081,Benign,mipsel,mipsel:7611497152140973467,false,train
6c4a85974c915e0f2ebb1d9bb28c4756cd5d4ff7abf2095c1ca92e7f2ff68cf5,Benign,mipsel,mipsel:4966541355411209389,false,train
6c80539894543ae10632ca5a9acc0d8a05335cb5231107dab07944855d34fc17,Benign,mipsel,mipsel:300606083350246261,false,train
6c941010eadd642aebe9b7967ec4d4bd572a3bac639f63ca123c1b57301c8361,Benign,mipsel,mipsel:12690940191006355391,false,train
6ca23ae0c28a65ba493b7e7a9c74c00604c3709bdd93f5000e4180da883666cd,Benign,mipsel,mipsel:14393562942267217277,false,train
6d708b92eecd4c1fbea7c7edd852c4edbdfdebdbcab0d0a6c5021754b01747ed,Benign,mipsel,mipsel:10501996092600039408,false,train
6d9466560a3fb0bd6a7292a756b523a303a6d58e368bbead662bafb94b9b7cce,Benign,mipsel,mipsel:18110467638472177914,false,train
6d9e797824b8d03834be66db67add16129364f017fff4da67a480342bb3075f5,Benign,mipsel,mipsel:10345500019582351721,false,train
6dd5581be5b9df6f1fa441c9f1c9501e1d3d91a46aa83d08d35a63c81604a7b0,Benign,mipsel,mipsel:4178477354859995903,false,train
6df5967d38093b7a63db32de929938da71ee6ef20af4df20d0ed51037fe1c537,Benign,mipsel,mipsel:5858178963543892562,false,train
6e2c259290b763dde1557f484418b11fb9e09e24dc2804acf479725b7504f82f,Benign,mipsel,mipsel:266124532243600293,false,train
6e334eef8e55e24a095529e34a34e409b0504c9d7a8b251cbd79d9cbc1e28321,Benign,mipsel,mipsel:18438195781541459631,false,train
6e4229f1aafb8296d29ad2e128acdc992ae33f0afea4651c47ca5ca5d110c38d,Benign,mipsel,mipsel:9109926143910834583,false,train
6e4ef11572ecef9708b9de5a937e764448d60ee57f17181174a46cb6895f5d28,Benign,mipsel,mipsel:5202526067128550181,false,train
6e606f7c17f8fb9ad2daa37b126af8f92576ed1b340197558ad9f79839c7aa55,Benign,mipsel,mipsel:7535644960064457372,false,train
6e72d03a909d1079d29e27223816b4c2721b5f49c437a8b9f233b91eb2b2555b,Benign,mipsel,mipsel:14566242102464405390,false,train
6e92732062ea2ea360b9cdc9827b9b02452817257d3bdd6afc6b73f986998eb6,Benign,mipsel,mipsel:5424216780343549141,false,train
6ec0ab6363631e200248708fad1f9b07e220e590ad58bf7e0f24e783b5c88199,Benign,mipsel,mipsel:13891072259457238442,false,train
6ec0c206f719ec1e25d09c753d346be32117051cb08d8440c318ba18eabf7df5,Benign,mipsel,mipsel:18344767950235386037,false,train
6ec4cd4846aacfbc341c7232b79c5ff5bca356a4979f3b7473d5dfd25b1e6ab8,Benign,mipsel,mipsel:10465980024732260333,false,train
6ef0f653da98c1f587a33e0f1cbf01211fd63df2e6848e460c42454316e50c08,Benign,mipsel,mipsel:3213164177196223195,false,train
6f21ecde8a76c446eb01cdbefb35bc4aa56cc4947119680ce1f8db46446465f4,Benign,mipsel,mipsel:10129191368129082340,false,train
6f4e5d53750110ea493fb9ccc2b4b8377b7cf42276b7715d93d58e54409c2ef5,Benign,mipsel,mipsel:16493532127121983638,false,train
6f67c5415d5b47473f3c67b813e8d99e1a1261d72f820e396f2243606fff9f21,Benign,mipsel,mipsel:3445799892670165812,false,train
6fb91f7d450bcc11ed9c52242da12181284ec0c294dc5ef146e412c4d01b20e7,Benign,mipsel,mipsel:9986159719158377297,false,train
6fbeb33ec5ca3cfc5821187c56d3ed9f1393cc92fa9590c1c7254d5d69b428af,Benign,mipsel,mipsel:5712072312188901442,false,train
6ffd5750ee244a61b5a50d24fee291d1646fcccb12d74957053fd8b47c9813c9,Benign,mipsel,mipsel:1632376397463978410,false,train
6ffe3100d43e200e77b01c46b2ff4fe549bb61afe2e8744dc679ce3f76722021,Benign,mipsel,mipsel:2807586725643577152,false,train
7001f68a34378ce65b227348ba3dc8abc64f593ce56cc73288b053963a0ab6a6,Benign,mipsel,mipsel:16476609675707198193,false,train
7018765b42c143f7471eb2ce393dd31e8fc1538de8ba4cebfd681784d6a8fac9,Benign,mipsel,mipsel:15481900701566399944,false,train
701968667de08695920ce609f9a4c420c93fd08ff6dc929ddaf4160bb00087a8,Benign,mipsel,mipsel:15634628757655039063,false,train
702dd92576f182661fc797e5e0879cb81866e376bc741cc4a96014230717f920,Benign,mipsel,mipsel:8920699367840977960,false,train
703e1f541c939a67b77aae29eabc89d1219a742998aa9c6649f3bb7182e056c8,Benign,mipsel,mipsel:13568747425624182325,false,train
707278800017419172d3909e99c171f2dd265fffc04ceb816784909c3c74f042,Benign,mipsel,mipsel:4499868462531549457,false,train
709aaf2fd539255536414d9e6cb49b212e283720585629f6ac420a03f48222b8,Benign,mipsel,mipsel:12880042753202721271,false,train
70f204fab05a73b2620ab6b819c3a5eeb958da1d7b7d54223f8c68181c07656d,Benign,mipsel,mipsel:5093301463935583838,false,train
71342bcd9a1d6a1b96c67b926999f9a5e3a5b19c9e5c27b809bdaebcd6a9922f,Benign,mipsel,mipsel:10686023735622385482,false,train
71388d3e2aa9b09f52c1a26414f042e9f71cb9eb73d4f8f8e9144f9a200f7063,Benign,mipsel,mipsel:1549907825713983363,false,train
71bde22bdafa062c0670b2d28f2bbf6f5c5ae78af54773942f8fada71235ed9b,Benign,mipsel,mipsel:4318897187512472554,false,train
71d14135b3a1e26816308dbf333954a456dfecc96717799a94069e5e7b5c48e3,Benign,mipsel,mipsel:11954490378572114776,false,train
720766813d35aff481a125e7e9b5814c47efbbfa8d0859ae92800479d56ecae5,Benign,mipsel,mipsel:16677196146438025870,false,train
727a33b283cf49c93af030ef9508a7be804aba4f9ee0316ae3bd90c302b0b218,Benign,mipsel,mipsel:881783176067164972,false,train
72a10acf6e12bdad9874ac3399df171552c3bc9ace6450ebab245ac09dbf49e1,Benign,mipsel,mipsel:15248613519521950641,false,train
72c902a7429576ada3e09ba6e2eb448f792bea03cddaa4660770e26eeacd2da6,Benign,mipsel,mipsel:135494000304245208,false,train
72e2a3f12b82193f6634178352dc91e002a1434da6509cd81151171f34a52f6f,Benign,mipsel,mipsel:3394042420127877068,false,train
738331d81a27d062c37815892b67fde835969637e050b16400c821bea2704588,Benign,mipsel,mipsel:4392050210649893580,false,train
73c8f2c8baa1c810403f9aa9aa18c4212d8907cc0a5ecf67ed5a3e46709b686f,Benign,mipsel,mipsel:10159355478840122372,false,train
73d45f300abd6e82d4064fbd5a8f38dd7bd077865dd55755db8cae4c92231176,Benign,mipsel,mipsel:12052241633002211065,false,train
73deb46ae3ac419e7879f658d293625e58344880fd28f488d3eb391ff1b1585a,Benign,mipsel,mipsel:1269642909624366541,false,train
744063006eea9d75d4f86ebbc9580d75c10abcd51a9af4a6a59bf7342d685731,Benign,mipsel,mipsel:14859246681034949366,false,train
745afffeb802ea74a56653bca494a81d5fb2e775a7aaf204cfab51c952d99eed,Benign,mipsel,mipsel:17063405499959018989,false,train
7495eeca92a320059249bfa453023ec30d5e0dcd935198989008a2b353c67514,Benign,mipsel,mipsel:16456408310777556983,false,train
74a87ac940b34131de91d7263019aafee2a2ec2c56df18eefc6ffb98884d320e,Benign,mipsel,mipsel:16295759649235890990,false,train
74b06a68b1286aff05d7472839e191eaac66000da5735aefb74a77300cea212e,Benign,mipsel,mipsel:15031408233714976226,false,train
74b4f7ec56fcf57ad19a8cc0a4ddbec88a91158606e27dc9363ef841287366e8,Benign,mipsel,mipsel:10761643663953206409,false,train
74ee98ac0e8a42f2bb1bfaf4c7dd30a3ba4e233da2853015009327d591419f41,Benign,mipsel,mipsel:144649646976516451,false,train
75121c672539d5a2d6fa8afd8c07e6dca0a52db5cf1af3aa7df55a6346bc9b1c,Benign,mipsel,mipsel:8227324001666483915,false,train
752a99c53c8935500e87f91b9db8fa8c266a2fd91f78b84b1d7d013ee6b0cf8d,Benign,mipsel,mipsel:11940504197766444869,false,train
752bcb3cbca79d4ab931ec1a68b62fbc687c5fcf28ec7be010a54c651ea598b3,Benign,mipsel,mipsel:16795811785256010168,false,train
753af93a421379054a75bff43001908cb40523db75bb7f7d18fb09fe6e2cae18,Benign,mipsel,mipsel:9240676713466652169,false,train
75436032a954c6bdcf2d5e8463c063ddc624ae9f10cdc40f946b27e3a08aa04a,Benign,mipsel,mipsel:14572836328935171792,false,train
7583db1032547d88d754bff337a299a25350d6ce0baddcddac4b27859f922dd7,Benign,mipsel,mipsel:14982783088591339727,false,train
75b69716c41bb8d0b394b99d14754795bbf9aa6d8115f0f5f26930009a10c885,Benign,mipsel,mipsel:12284572156428470863,false,train
75c50b88c145537f31c37dbb2edb8ae75d765a171c3605ccffe6fa10c417c02c,Benign,mipsel,mipsel:6560443772578461828,false,train
764ee4da01617d7fb295a711749c1c01c409409bc768b0b022ba0128ea7de6ec,Benign,mipsel,mipsel:13989420400830787590,false,train
7680e08baba9efc61d68b5a6fe15730caf3d68191786e13e80b6181c5d716d59,Benign,mipsel,mipsel:742121988311680758,false,train
76b166d57cb911f2023e4ee12d4b7953b64722a49f5e14d41da8f2ee1d1e91cc,Benign,mipsel,mipsel:17074832788465378791,false,train
76b24f46483d435d36a72aab222b0fdf7e6945e51aa6bb5c916192a76b4a9544,Benign,mipsel,mipsel:2345522094777178203,false,train
76cee2e5d9bbede6bc622bee95ff0f149cc0cd293b29258aaa19dd0b451c397a,Benign,mipsel,mipsel:15766182146632652332,false,train
76e71b6c5ec6fa0355ee2a8c2c975c3f008a32007a4036bdac8140afbac50ec3,Benign,mipsel,mipsel:1717680843196396830,false,train
76e8be5f10ddf0e159f1a9815799bbe4e2c697f6f6663ea6b605ca2e84b54123,Benign,mipsel,mipsel:3199988248941887780,false,train
76f4e2471d96130767e9fcecad311283466fc1424990a7ad344cf5d99f95aec4,Benign,mipsel,mipsel:7212285431595662494,false,train
771d932a588fe003e9216a4b9e0d352deaaac838f49c9bb876f4cf26143c85d3,Benign,mipsel,mipsel:13809024319157926480,false,train
7749f622775f657b1cb30ad63a6f1d5184a5324ea4f6e111a66d51b2ff948260,Benign,mipsel,mipsel:4068419785963919351,false,train
77661d2691636668a06be2c24566a9f672cf6b0e7ce5144d7b37e4ed3d97509c,Benign,mipsel,mipsel:11484057604629982887,false,train
77842d044db7e487d6664486ffe17b8da97bbe5e14ac7e8c738baf3bd45fc0fe,Benign,mipsel,mipsel:17464815055898433862,false,train
778f9e7d19d85f8275ad50684cd87a729abe27ddfd11c519e8bdcc23599ec73f,Benign,mipsel,mipsel:4740589012859697152,false,train
77a3354411cc82156cf0a2f18b6cbdd26771237ccc5ef971ad1774b62b4b8df5,Benign,mipsel,mipsel:9168160541643984433,false,train
77ac1b0f912be4529aea09617067c51652cc1e2824c48d535451e9706d814a7b,Benign,mipsel,mipsel:6558194314928655656,false,train
77b4f9c95f30d3f4a96c6d1ee45f428ddf0becb3d5dd65dcc5ec9682b7b41a5d,Benign,mipsel,mipsel:7967855015760407131,false,train
77e09bb708744507955da2e0f4caa866b9dff5bbfdb05dfe4fead274a1f02910,Benign,mipsel,mipsel:17725345567915650670,false,train
77fa526824fe84c98a29a32248d28b6ecb14b3dcd4fbd4975eb9320dde90665e,Benign,mipsel,mipsel:4031174170027433635,false,train
780f089946123af3f6be058e63689b17dcda383a55fdebe7f4e4144e89a3ad9d,Benign,mipsel,mipsel:12172776226739602762,false,train
78288fafad83f8420068f334df1e13aed38b28efec3addb055bb0e8e386e91b3,Benign,mipsel,mipsel:4546783287708950201,false,train
782d421f4d3751093d57b6482701fcded4b2854a57ae68dc5acbb5463e3ec608,Benign,mipsel,mipsel:12289439734103661077,false,train
78689821c77b571ab8659d0d973f0171ed3362204f73e873739673fbe0b769f6,Benign,mipsel,mipsel:14512835726821632347,false,train
78a346ba03df3041928bca1486e4fb04bc8fd9f4d1ab103960636aabe62600f2,Benign,mipsel,mipsel:14931763051279165528,false,train
78b826a3ca79b421749164f7df97797c0c048c14cfa610892917268937280624,Benign,mipsel,mipsel:9239689879947377441,false,train
78c739070595b29ad8062fa001ce3cbd2b191c69ca121b69e379d040ced6342d,Benign,mipsel,mipsel:7233085579878712068,false,train
78c7fc0ae46c674ee7dd6b9c2e4df1ae8cad697db83446e18f0ed03ea5d8c957,Benign,mipsel,mipsel:9646650012748509978,false,train
791f142d5902cbe452ba3e95f9d24466a9f99d83ce0af2216ee911b9f837876b,Benign,mipsel,mipsel:17699981667352486587,false,train
794bd4758398fd5f158ff4ef122fff5ea9e49479cca8ea48627622c0b4af553c,Benign,mipsel,mipsel:15601740205200284424,false,train
794f8e08938cc1aee45e1c499675c1981df72b6d50a3df79830f3d71d5e987d3,Benign,mipsel,mipsel:7453343796171993967,false,train
79525cd5981d70cbf10d9ba41fed1add784924acc7159352a75d515be4e2828e,Benign,mipsel,mipsel:14360016593371521983,false,train
7952f822971c5711e684024dd2317cd639e896c9f129740ba12b7cb455a39bb1,Benign,mipsel,mipsel:9900446128739047633,false,train
799e4411deff34bd8b810543ffb7a30abe1fad3c7b188598e5fc3f95c00a713c,Benign,mipsel,mipsel:16548960752348878387,false,train
7a18c7982cca378117788c8a28499074646706c4bfec392033a0a20e413000e2,Benign,mipsel,mipsel:2372110264382540990,false,train
7a6ae8348f72cd3e2fad45bd8522bb28da0a76826fa939ca8cdcf3dea68e63b2,Benign,mipsel,mipsel:18339272882566141472,false,train
7a86b4d7cda7c92c076a6eb232d84aa5750c22bb8663e257628a45da7c26b502,Benign,mipsel,mipsel:17843362773496648473,false,train
7a888f5d5059f718a321c4319d3285411bc0064874944c43aabb07e784619807,Benign,mipsel,mipsel:6507632375464540619,false,train
7aa7bfb38a1970e2426469c748e0b891768737b92e7e2e14849aabc5c5b7b222,Benign,mipsel,mipsel:14551441053938319025,false,train
7ad34d623660330ab3932892b8e6428b825c13bebd5b7e844f3aface3ce48e10,Benign,mipsel,mipsel:10775211931671681628,false,train
7ae856821dff051f87a57b11df68b17509275e9ae2af92d6c2c4f66be410b980,Benign,mipsel,mipsel:3700521577329612394,false,train
7b54c51a02a77971924b7cebe653dfab28c588c2d8a0b6c5615c0fdfd7a3b6a3,Benign,mipsel,mipsel:708284176929731787,false,train
7b5636361fba7ad6c395a0d57fafca1d82a411b6de562d98878cd7f549b13538,Benign,mipsel,mipsel:5120150990379565805,false,train
7b7484bbb0927e64c24114213bff852dc72915575c3839c72e11ce5d86433c5b,Benign,mipsel,mipsel:5458143348167233834,false,train
7b9893fd61b3c42c8052afd31a0f6d12d81f6ba740a49e1dc70c0434d60c77e2,Benign,mipsel,mipsel:10279819302311139602,false,train
7b9d9b83dec4b51e01eda8d995abfbe2e39bdedc0a03e5d8eed6969a513d29eb,Benign,mipsel,mipsel:8113156017995388297,false,train
7bdd9fda7150c0d363384859a8f4f70ced7e80ed54492f973de5ac049050a37c,Benign,mipsel,mipsel:7880482837986466826,false,train
7bf1ceee44027182b827764b3402b3567c9820c637ba3fac02fbabb4b5067df2,Benign,mipsel,mipsel:18261547456785304392,false,train
7c30fc8503d80a8d18fd24930c93f25a2b5501a3540be404ed8f0c04e43f4bec,Benign,mipsel,mipsel:5242498924675705472,false,train
7c36c3eb533a1646b6c3f63c97e3732016adddf92a3117832b14de4683acb15b,Benign,mipsel,mipsel:12091756718552968456,false,train
7c501c38fcc8a02228194caa701a086511005ea0849e631f921f8259883c557a,Benign,mipsel,mipsel:17467536714404280369,false,train
7c6ee9d82d3f7004da16ae5e8f17af08392271bc6b231efb4fe5df762989f976,Benign,mipsel,mipsel:14306463028980145382,false,train
7c8f5ae42f03cbb7a0bd149913662018541d6a5dbeff7c2b21c84ad58b9d2f34,Benign,mipsel,mipsel:4734590381945222316,false,train
7c9f1fc0d49dea945077b0507df881df668bbb220279ca3738be2d05954f414b,Benign,mipsel,mipsel:4898485653521405382,false,train
7cab117e1963e5a1371e7603933a47e0b61de3127494358c4cc04a9f1a0f9db4,Benign,mipsel,mipsel:12762858844473926175,false,train
7d5ffb804a3b1b883a41bef9bd3a790abbe5c7a4f060f082eed212967b3cb956,Benign,mipsel,mipsel:11276728389648956826,false,train
7d7765abdfa3f8e107b3565abadaa11471f3f696f58ebec5b67d1eadc2d30cd8,Benign,mipsel,mipsel:5259963889077754621,false,train
7d8ca67d39a09e27b5a8da617bbcc6f3d4e7c76604397db5dd13864b86bed16a,Benign,mipsel,mipsel:4207073535549243258,false,train
7dd36020917c0ae32cea771ccd0fc3195c170c9d58ed2b564cfa53dfdd6dda9e,Benign,mipsel,mipsel:15237102407422101849,false,train
7df9c170685e8ada120c956c1e599f3698d6091493a5cca909b8fa054be5cf1a,Benign,mipsel,mipsel:7140479021399229117,false,train
7dfbd8828c07800432b0c4b4d2bcec47b6c83e5ed3dff0ad878d1fa9e74808b0,Benign,mipsel,mipsel:7969978461149721696,false,train
7e09f8d48b5d1c868acdfa7fd0d932a86acc7f497f2fa0752ebf84a2a783a39a,Benign,mipsel,mipsel:8906790543604015664,false,train
7e2686bf1235d18b3f51cc4d0b248256549b91910e8d3db120e76957daa57bfc,Benign,mipsel,mipsel:7475073824667332389,false,train
7e5cf0d6306e13e12f62c49d2ded9e0f5d0d1869feb95085ea3cd0e68cb86c2e,Benign,mipsel,mipsel:9850949690076271721,false,train
7e6ef6986154e11538db695e6804377e3cf1622b26c5ceb02dae1d3d1c10ab6a,Benign,mipsel,mipsel:12931551509660604266,false,train
7eab81543829f65e18ecdb65c4edc0539fd904e0136066518f763935501b84d3,Benign,mipsel,mipsel:7522866374661676302,false,train
7ec2a03b15d08fa6a1c841963788d78f07801d6fe3b4b037bcb5c5a41c979c1a,Benign,mipsel,mipsel:12884886391167789481,false,train
7f0b55504b67f6ed120abd51d296f0c3c401c719e706ced5506a34a0b5afec86,Benign,mipsel,mipsel:14894225596326449483,false,train
7f202df57970acb589483468d4fca452676abe4c258d35b4291a60e09736edc7,Benign,mipsel,mipsel:10610256196398741244,false,train
7f30608d3b359d749429310428dd1af46aaf248db944de24b44f97a69fbde4da,Benign,mipsel,mipsel:15681392354266137375,false,train
7f61d324dfece21cfaf1fe5318904f5b299d5fb304b7e9ff920c286d584cce4b,Benign,mipsel,mipsel:5051182093250309400,false,train
7f6c5f115d4b00a4c51ca0205c912a80c0176a08da695c5c762315e8aa71c17d,Benign,mipsel,mipsel:9906889273846744434,false,train
7f7379b276590e47aa1654967c86049a728f2967ed57abfd3263d8d91cc4d2a7,Benign,mipsel,mipsel:7080849818134491050,false,train
7fae300eef14c071b7b003f5ba3381eb458e2e9ef041f8eda690495a23d0683a,Benign,mipsel,mipsel:13326853255387858835,false,train
7fdb6ed3acd2aede6fcb27f9f4c4cd3941f4ef696c888ec0739552f39d76130c,Benign,mipsel,mipsel:13601343172128951349,false,train
7fe1db4298ec626ebfbd3eabe04938d2865c1458ba1edb0deb8e2db3786913e3,Benign,mipsel,mipsel:4094417425624203656,false,train
7ff118e550c143305e736fccd33d7533f0ec1bb486e8de134e9487d635fd9ab1,Benign,mipsel,mipsel:190527554983468783,false,train
80313afafc2645a73143740b108a39121ea641146dde31d9f6807ab9baf6280a,Benign,mipsel,mipsel:16455175798956920197,false,train
804a1c7cd22f595bc3373c3d6e5ba31bee3a2f839b84831e041ba3d56a93ebb6,Benign,mipsel,mipsel:17680935241190276026,false,train
804fa983fed9d9a3931f5242094b022356cd5433c21009384b2183983fc518cd,Benign,mipsel,mipsel:5237478069662704736,false,train
806a8a33dae489b3da514133184831678b4f5e7e32f7cff00f1d785899cd81c2,Benign,mipsel,mipsel:8280124805801503020,false,train
807e647fc2b0b06f05e4625b58e9d5d9a4c7be7ea4ace79c0d8d797f74ae4949,Benign,mipsel,mipsel:18291514054927636914,false,train
809f417292ec0c87ab64b337ef1d3640be40a7e2c4380dbea57229c77e156002,Benign,mipsel,mipsel:5259100642294935935,false,train
80d6e9db555b727a9e4a1ed35cc804c813147f8585bf77986bc904c23ce376a3,Benign,mipsel,mipsel:14836641350705756765,false,train
80fc049051d3f119df59fba1efa60b4f90b195f35471e2f259e8550ef6879b9d,Benign,mipsel,mipsel:12387040067230637443,false,train
81000885b9617206288fce78cc88682ac50731082ac8c834cbb24394e4d63d66,Benign,mipsel,mipsel:4125654338625054943,false,train
8120cb95c0f4dbff9303d10b5e6935561df8809dbfa654be37bdb17e631e439d,Benign,mipsel,mipsel:2886911422229810079,false,train
8129f155d212854c550f23eb335a1c8ab1202ed9b135780e0b0d44434a9c4eb0,Benign,mipsel,mipsel:16281519055239353691,false,train
8138e0fa48e34293c20395f28a741bc5b6fbef5f638ba4c527c6381a3c6d8b50,Benign,mipsel,mipsel:12198580533672702080,false,train
8160e750298b9806f9909fdfded8f0af18a2857579af91ca98b778d920071437,Benign,mipsel,mipsel:17179353698086298897,false,train
81739f750325c7a92db4a51433b22d035f4916452016e6b53f405eb7130d57d3,Benign,mipsel,mipsel:15057790315230272741,false,train
81771efd63223f7f26a8ccf5091b57d91984bd9b99fea2b4d033b7b97e0df8ae,Benign,mipsel,mipsel:1147322036372895624,false,train
817d1c7f8ecbae01dbefddf0a95a367ce929a26b31bcde54689170c16204c712,Benign,mipsel,mipsel:15734849435106319334,false,train
81e2573b85d917bae1f8bb0f5ee87ae754b54318aa072401f6576440b15c36f0,Benign,mipsel,mipsel:3047831597416971617,false,train
81e9d45abd839c3d267955791f22290bd92b5a9d385e9f822f1035cbfb24912b,Benign,mipsel,mipsel:7614231473550388436,false,train
822e60a6642b2f8eb3cab49779092f61af2a5e48c17def1059598bc59e3d2a0a,Benign,mipsel,mipsel:7778990468595306616,false,train
8257296a161be7331e88d04b95e81b704138be92c67f149f43cb05a5f6cc6204,Benign,mipsel,mipsel:11006716686163925625,false,train
82665e3b350c4a637cdcc18cb249cf59ee6b3c4035744b8ed84f5bede8c5f54d,Benign,mipsel,mipsel:7482397041373982164,false,train
8286717fc650474d65ef5126aa6238ce10a473a4ecfabb81763fdf4c9262f6af,Benign,mipsel,mipsel:5063462747075723984,false,train
82891c4cf7f674519c325dcb4eac9105b95bf385be4ec4c83d9821167553d6d6,Benign,mipsel,mipsel:8625006925156185655,false,train
82b881d76a83eb773d93a96b89376f86423e3c8e6d4b511e6a235f9e334aed28,Benign,mipsel,mipsel:5419444636116478514,false,train
82dac16bb66259e8667db841b1f388a93079b33014b4cab267ed2308bd410a74,Benign,mipsel,mipsel:5917897677002384152,false,train
82f935493933ae3e2200dce65503081f8132696920f3b10000b56100007a4c9f,Benign,mipsel,mipsel:2220654743743701796,false,train
83860b773ea788ebb851c4d980eab16854c0ed53111884056831047df882aaba,Benign,mipsel,mipsel:16870719909076652489,false,train
83a2923178fb5afcc7af49fc2fe60da320b53f414c8b53ed2faadb500f9cc1fd,Benign,mipsel,mipsel:12123553255413456367,false,train
83af8838934ec467c7ca929d0dd412278b771386f68eb13ffa98efae2ddb63a7,Benign,mipsel,mipsel:18353101112973061496,false,train
83b9d5e2dbf4923dc9eaef17ef44a6cb8d87913eaa72982ecd19d51123bfdc0a,Benign,mipsel,mipsel:14803969278426760865,false,train
83e4ba333458d362916940e22d0dd7c59f9defe2c195cc78fb958786f3073091,Benign,mipsel,mipsel:5303815874798591533,false,train
8405ce0c904b36adf8556d77b177274172ab7067ae3573fc2987ed14f9ac7503,Benign,mipsel,mipsel:5385617962102019546,false,train
8445e280e9997f62ac93a1954d9b9f82b424d2fef55db7fae9ba839ced0ebc1d,Benign,mipsel,mipsel:5370648234028565377,false,train
84d318cb38fd09dc71d1cb8842b9a0a36a193ed3544f1e3d3b5a548736989620,Benign,mipsel,mipsel:16473579500513115569,false,train
8530a308ff4060f4928359689e340180518313f0a84955feb0782a42528b5830,Benign,mipsel,mipsel:16355494709992651279,false,train
8539220d2fdd85a8738a918af65997f19d9a6ce3c3cb8283d2060189e66b4879,Benign,mipsel,mipsel:3340075597603322320,false,train
8659198f04d00b8dd1884129e1d08217dd362b7a6ab1e1557a73183aaadb5ce1,Benign,mipsel,mipsel:5034686944201123435,false,train
866ca38e814a8075fd26fd5d31536759af48e13e73fb7dea0421520122c9292a,Benign,mipsel,mipsel:17834436739440374659,false,train
869d443e89009b075d1703fdc0ca38c1e73208a47272fb5966e2164f26564ad7,Benign,mipsel,mipsel:4720775916160720786,false,train
86bb88819182fad0d9a573168b2a12f304e79915a62539cf7fff47cb3317f37c,Benign,mipsel,mipsel:16744481930123595561,false,train
86fbddad681af28a87a99db5c9a796b933bbab0255a156a87ac217e88ba4e816,Benign,mipsel,mipsel:10181575478186528490,false,train
86ffc11334a5fd6e93028be0788183322d50cc1043459971f6fe040a42f22566,Benign,mipsel,mipsel:6453303297738182435,false,train
870c64f12e2be4c5e8550e581097edc96320f76f15733a0629a90625ee1f29d4,Benign,mipsel,mipsel:16901431005403558623,false,train
872267542aa3a20970aedb73ff42ec79cb6e7ba5afe777450eaf46afe2550237,Benign,mipsel,mipsel:2255433181536547822,false,train
873cba40864c4e62c3437cfb95846fbf0fd8a8988c53b535117d77cf6a356060,Benign,mipsel,mipsel:11025890399524521935,false,train
8740a714e6b6fb946432eb8f70aed30d8e9753a6b33680ba6cb59a1ee867511a,Benign,mipsel,mipsel:6027862733341764226,false,train
87427c86ef3684568b30851cbb5fa2937d7fa504e6329e181131e34b6f0bf99c,Benign,mipsel,mipsel:6199869333502999757,false,train
8754bc5e78b7f03e160bdee269892e706be48439b1afe13141bc24e7061944e1,Benign,mipsel,mipsel:9245611994931144545,false,train
8772d939df43011651fb3df15b05b74ff76dc46b332756c6b19e377bd8d9d862,Benign,mipsel,mipsel:9803255987622067663,false,train
8781a753f049d228474a18592b9fb3209846a60b9af4c09dbd24cc39bfa8e75b,Benign,mipsel,mipsel:1030118111521870109,false,train
87c584236b15ada98498a3fc17b471b31b166c80499198333ebd1b7d99a57dad,Benign,mipsel,mipsel:14071114507141269961,false,train
87d2b85fb61bbfa979d6f07c0907df0948538574a92792d7df74380ccc376b65,Benign,mipsel,mipsel:2486529854083110245,false,train
87df0e49664fffef11beec74da8c3605d824a65f800b45122d9bc789ccb664c7,Benign,mipsel,mipsel:17035816166118758002,false,train
87df68136d2ae14411cea698b5685b3bb54621d8945688d023909e863a647b34,Benign,mipsel,mipsel:14605043453869156152,false,train
87e29d477ab34e1ffda24cbad09d7ef0979bf4c22abb6e8fed143383cdd33dc9,Benign,mipsel,mipsel:7905667832912671155,false,train
8819f3f1e1d583e1954df0162e6bb50086a43d6b9c93842c53535c90bec6b442,Benign,mipsel,mipsel:11248809821629022135,false,train
884b80f46376a140cffe104ea9bac80f6ee760c6c8e06fca5d2e3deb554a7ace,Benign,mipsel,mipsel:5950086757488569636,false,train
88fbd49ae745fa104af503a0c49eee823b3175b51a71f656197a392f58e9e11b,Benign,mipsel,mipsel:12862121955356363614,false,train
892749067ca89c2d0c15bb4a8030a40e7c60805cab418d9f333231269c1005ef,Benign,mipsel,mipsel:16981068342482240717,false,train
897ed4fe95576062f0958abfed3a3f7762d8b043aee92c640085e658014eddee,Benign,mipsel,mipsel:2969298879200730236,false,train
898a8eb7c8509780849bbe1bb6d3f28e6391ba5119ccc38adaf07d07d2a3cfac,Benign,mipsel,mipsel:5252284516609500274,false,train
89ca23bfb9b59f1a8d90da8480caeabeccd188cd5dc0b7e031569a3cd44ea1c5,Benign,mipsel,mipsel:17281042816973965084,false,train
89d7debf95838488461a0b39cb4ec161e6fb3c0236e3907d068ceaa73abeb4e1,Benign,mipsel,mipsel:9849006337991584147,false,train
89fe61d233c511359ca988f885cffd302aad30cdeaf537b8ba473d16c35481ac,Benign,mipsel,mipsel:4570076892420245267,false,train
8a02e8133f4c2b443344afbd7b743819f4b5961fae79d859ed046db4c39bf992,Benign,mipsel,mipsel:15118959894899541773,false,train
8a2ad20d20a66af887ee52d4bf6271ffb4b5d0c4f2076aa8ea80bec9eaaafddf,Benign,mipsel,mipsel:2365771841324561179,false,train
8a63618031c1f65d139e42696d4f8603d3d09a455cba21ba3abde46480219914,Benign,mipsel,mipsel:2143813911787364702,false,train
8b0746e1e9637794f7460fcce09ed83575502cb8f300cef170872191e9cc9544,Benign,mipsel,mipsel:1691313675601816681,false,train
8b26096d23523848bdaa84d6ecc9806e6e101069aadcfd1d48cb385f1ea98c9d,Benign,mipsel,mipsel:1560083387020148336,false,train
8b7de2592a7aae7eaa9a834e58d504606dfb642a4902c9ecbe4d7aea5ab83262,Benign,mipsel,mipsel:16309437939954477699,false,train
8c270fdba71a07cca7c2e72a5990492c8cda30a8b8ae800fff217e353dc9fc06,Benign,mipsel,mipsel:13968099574867939444,false,train
8c782094b3a2372565c70f0e573aece74f8bd170f3f026ce739e7ec57eb70e0d,Benign,mipsel,mipsel:18409859509821981371,false,train
8cbc7fcab0baa8cdceb406ce53bc7afefc150b1da73a8e1f7aab6c9108b1f839,Benign,mipsel,mipsel:3621167737839207692,false,train
8cce7e0a94bc13752afa0ee3f7e95428072937c387242003df231d32ef0789ec,Benign,mipsel,mipsel:11246309753631522495,false,train
8d5571da62a17469abbf2ed8a2aec507584119661a47247aec3d6a0901a8fbe0,Benign,mipsel,mipsel:6021205636374929394,false,train
8d6f2d27d0091e2ffbb558d43766b40c84f09a2ffc5ee39bb5fba9cded4089d8,Benign,mipsel,mipsel:14014366977494380362,false,train
8d70a3de52b7283cc9398fb4515d009e30c0959be1a76b995265b776736c39d8,Benign,mipsel,mipsel:1028688511611499655,false,train
8d9a033f331020c5a08544269fc66fb11dba15b0bdb7cdd31be6831a2a5227c3,Benign,mipsel,mipsel:11590494328650894673,false,train
8d9b7a735b76a46228d590eec5dc540cafda83c19c4e461ff26e7030fe7e155c,Benign,mipsel,mipsel:16677054760541606457,false,train
8dab0ba60c37983685c1b94b279a37d12d1878ced65381de849a6cfcd07224a4,Benign,mipsel,mipsel:13923806130642479416,false,train
8db99a9f9b719f3ac50ea87f8514987e0a4d1a545a806077ad799d5489026990,Benign,mipsel,mipsel:5232563955040840924,false,train
8dce27558b138fbbd255c8617890aa23b9e29f78dc511dd20461ec51b74f9082,Benign,mipsel,mipsel:10913789664962721771,false,train
8df662f85d9cd0ae37382b885c481fd416465b104b638eecb6661bf3b6a056ae,Benign,mipsel,mipsel:14417335017911090129,false,train
8dfe1a16a3d7ae4567625cd9d5a819b2f0770dcdcd9e14ff6171cf36fb749848,Benign,mipsel,mipsel:11752501392578378364,false,train
8e1c7735a582219871a7b12dbc35af7e7b4520f3f3a75edf231c16a67e38dea8,Benign,mipsel,mipsel:1384945728546941679,false,train
8e58f3915acb9aab46db97e6ebee1b671660ffcbf7ef19d436f94a96c65cd0f6,Benign,mipsel,mipsel:9925150691068148559,false,train
8e5c18859953071446bcfd725d8f2944da6b8289db7b3bc9371cfacc5249b660,Benign,mipsel,mipsel:8466330009836542653,false,train
8e774365ccdf72744afa7cb814972f4b27193d6e8cbed490f11ce5ae733b50e6,Benign,mipsel,mipsel:13417788113091344333,false,train
8e8d342207ea2971f7e0858e63af305c230706af806712b71ce59d668922892c,Benign,mipsel,mipsel:5592229378809805950,false,train
8eb426bfa800a50924f2a3a0dd0f6f8dbef577bbe996d334a77dd9edb9109314,Benign,mipsel,mipsel:3377716213620344943,false,train
8eed4ea2f47c495c2555463d7bf42e0c16cf9a0a7dd295057de4e42b3d123e33,Benign,mipsel,mipsel:1413833142449949786,false,train
8f08101c0bf753fa3a7da67edae614d08629b5d8bff9abe52cd5d0fd12cfd4e6,Benign,mipsel,mipsel:541695305578309036,false,train
8f2f2769e43a0bfa4e6bf5a6d9f87801e5d615baa768209b9eb1ea53d849baf1,Benign,mipsel,mipsel:12414302001635936070,false,train
8f3fea96a8ef96c134773679343fab1b574399eec40464c687c4218a0be36854,Benign,mipsel,mipsel:2647479316350866618,false,train
8f56620267fae3e0420cb2cbc8ae089bba8d0d6d198aceb4afed2885b982c5d2,Benign,mipsel,mipsel:12732988627930155458,false,train
8f604a609dac95ae5f8a2114003bee6fbe2a0dfb95b60ec40f03fc194eea388b,Benign,mipsel,mipsel:12653869988860934707,false,train
8f672e9cce83458204a4e387491ebef835c952b9d24439da2f3e86f09e93ff52,Benign,mipsel,mipsel:10095915593812188028,false,train
8f9b8bb8eed429be10e1d665d39b875e23494b9116ece69279ea657bdfd0167f,Benign,mipsel,mipsel:4036886666819091449,false,train
8fd43afcc910d851d740c3bcd86dabeeb783fede8299f1e1ab60136191617b00,Benign,mipsel,mipsel:12064041583525765673,false,train
8fd56cfa8bd92803128294ac08462ce413a11602c0221bc755c6b2658be032c0,Benign,mipsel,mipsel:7933759982273310260,false,train
8fdc1651459872d4dc077f099c3bb670ac2cbc41056fe0e250b6b8b3e10b84f3,Benign,mipsel,mipsel:266576326188950099,false,train
902f788bf30d03cb9e2190027a673aa454accfbefb65513ea50102bb09b044ba,Benign,mipsel,mipsel:15107479715882231840,false,train
90489571180cf86f4ca70cd901568704bc39a8bae8347f9bea57bb0312503bbd,Benign,mipsel,mipsel:8896118516090987051,false,train
90bd4c4e7811eb0b2be9abed688fe9197a924c2a1ffb72c539891ae479c73ebb,Benign,mipsel,mipsel:1259729794465694286,false,train
90fc60f15bd04dee7497234d808ba11c05a5e537e3e41a658f17e645ba2c7260,Benign,mipsel,mipsel:14697866890065715336,false,train
9116c8fe2d10da1db7b2d92ee61a21525ef1172f045f95231f0d8f8bf0bed0ae,Benign,mipsel,mipsel:5331108688995100398,false,train
911bb0bf9a8c25c37d0344c9ba075f8ada9b87d8fbd1a64812c45485c171f375,Benign,mipsel,mipsel:7475576458385750517,false,train
91204424d6fed4cdde60a55c3aeaf235aafe598abd81fae9799ba8d4872a227e,Benign,mipsel,mipsel:13980383199339671593,false,train
91511ab7bdc84244e0269d2436a510b303ceec9b1ed198e470f8ef7cf4e75e2a,Benign,mipsel,mipsel:2367276848031926780,false,train
91857167377936ad5cc29889f2a106de6a8b3cb991d5e83b22c03b54211ef07c,Benign,mipsel,mipsel:13686481119065912425,false,train
918e3e4c9e309cf0a54cc82f64d0d085c75ee722319707c61afdf2c7ada1627e,Benign,mipsel,mipsel:3353482181358259215,false,train
91abdedfa7c8ee0a1a0344ab1dd402b1b4fa47be459230d83078287df7dc5f41,Benign,mipsel,mipsel:13931658233372305009,false,train
91affeef1d1bebb3391c36a3b882000214d99be4b576b10e7c89cd1bd4cff749,Benign,mipsel,mipsel:16195832437981921743,false,train
91c1894fefb42db0c8989d04dd70d146e521bd3c7adf69e167d7e8f7317d56f5,Benign,mipsel,mipsel:7289430549104454055,false,train
91c80cc28801eb2a865b9e974be31e6138305db6ad161e8a122d04b8f62a6c9f,Benign,mipsel,mipsel:51012549689108424,false,train
921d999f5772cdcd34f60f86aefa81e4b2a4df18e536e4350207497a349ea0e1,Benign,mipsel,mipsel:15064056477566169530,false,train
921e63bf4c5c14d5cb34544ee5536926efa3bb84105a95c8bb97fb17d567e86a,Benign,mipsel,mipsel:17529345689033696334,false,train
9228bd07dba3910e3bac17e61d35d73febc1732986dff87878d4e801ab3b0087,Benign,mipsel,mipsel:17847211189728353116,false,train
922aa97120684448668b134897367a3190ee4c4451165ed2447ffafafa035781,Benign,mipsel,mipsel:13006760337440655707,false,train
92720430f34b38bc318106c250e44a5d4fefdeb1178604d62e0459fe812fd83b,Benign,mipsel,mipsel:3789107634259404533,false,train
92bd2e0308d973e12ed7d7cb13376d523add94bba20236c7141b5f48597e9ad4,Benign,mipsel,mipsel:9560404649675568455,false,train
92c2ec2f54bf680486f0216938d3a3712a96e1e8fa0282c45d32c56be34d67cd,Benign,mipsel,mipsel:16023030207392409791,false,train
92ecd00315d325406972697ca7560fb6bba38895dcc0efcb842002b867e21d46,Benign,mipsel,mipsel:1169189301947402274,false,train
9355d503c39e4a304f5b0ad873dc9518002112e00f6d13726cbb4606a9947e8e,Benign,mipsel,mipsel:9880470206674185611,false,train
935987bc0b154cdfd0d023c747c01ad78459445be0b7fafed25e76dff06b1556,Benign,mipsel,mipsel:14824055441631127640,false,train
9373a7b9b080d9b4dc50de55b6060e863ba9ab6c614fbdaaa537f93caa2f2f4e,Benign,mipsel,mipsel:13195992362390077087,false,train
93a1c0710687a0920a98b99aa7354041e33f62d94b7d929b50304712e65ea2e8,Benign,mipsel,mipsel:8233862563280246566,false,train
93d2512b76ae6514d8dea646f975f11250b0e738c017bcd0e944a7137cc0822a,Benign,mipsel,mipsel:11371075455675983295,false,train
93e7abf16a6e47ec36f6765bb96c4b66463b93336ac79e5fa009c41b215ff208,Benign,mipsel,mipsel:3232380987863679731,false,train
945f4d546536c8fdff91ceddad73cf6bda10c15669c32a6dee9e4be880ffc366,Benign,mipsel,mipsel:13976652777950845314,false,train
9485f9a1eea65a3bef9032e97105a3f17a49cfc3e9daf9a7b65d9fc89a472ec0,Benign,mipsel,mipsel:3176151523729824151,false,train
94dc73415fe828988b33e6cf1c97d3210544a1f33d5e41a5de085d83c3a466e1,Benign,mipsel,mipsel:16231873175107106929,false,train
94f741a8b621cf62023baa9906dd64ca3c15319ac7666a1613c869c086413dde,Benign,mipsel,mipsel:11444227012560184158,false,train
953f567deb17ae3c033536f7fb378f1ecd5de13e39bbb047f0372f87141def7c,Benign,mipsel,mipsel:12262277932110723896,false,train
9547a0008a8c53e318a4e8fc2521db9c9705582e0c5a3224f833514e959e0cdd,Benign,mipsel,mipsel:2991255276012265323,false,train
955ef46eb4100cdfabd0413e4b14fc1c8397f240a817c62af3b9acb58d246d9f,Benign,mipsel,mipsel:929719556591507022,false,train
9560fb6846de0465520cc634285aa175b0a9341a5d12cdaa6d79019df139898e,Benign,mipsel,mipsel:9148305485839201159,false,train
958b90851d5857c3bcad840f0333028cec5ba66e0a30440075b98c6b4bc0d91e,Benign,mipsel,mipsel:16626238553652056060,false,train
95b8ea856d8bb43b3890542650b4478466a82d1d4a032ae6b478cd7fc8ce54d3,Benign,mipsel,mipsel:163208578339294761,false,train
95bdf5d716e37f76a4cae849d2a86dcb37c0b5bbe06058df248948a220472c9c,Benign,mipsel,mipsel:6164292037004908346,false,train
95c484b38c9db6b7765bf8e7f29691b110fe6745b2dfc20e6decb047fbf76913,Benign,mipsel,mipsel:12299062245308467254,false,train
95db420c613e461b9a74e8a63a3023098ca2003785a8c5305275f60a1d55053a,Benign,mipsel,mipsel:14045940719487531098,false,train
95ec829db4407e206ddd5548248e94f59b319ea6732441d18a2e4ee08590f5c7,Benign,mipsel,mipsel:699768515383913909,false,train
9622232b468166d101bbe1c5876d5a7a28919d38109f9fa7a7ab0c8ca7813f45,Benign,mipsel,mipsel:2633451496058022092,false,train
964230067188eaad52ede08db8b0897d9de2af101d08ea321e85e4fc4123a8ef,Benign,mipsel,mipsel:2830278286409892481,false,train
9689da1a5f3f3fefc9febdcc0837957eb884552d6d263fa805ac51d481f6e8b9,Benign,mipsel,mipsel:9359510351582619917,false,train
96dbfde1100d9b7b38b37fd56b81e3854418446829b60fbb41b39599c3eb93ed,Benign,mipsel,mipsel:4867070636465385300,false,train
9703dc644664f849efb1cdb8e152382e581df1d76b2194020c85886ae18e0072,Benign,mipsel,mipsel:2760803176143509477,false,train
9704c515eb8af35ad21b1192658e740d2b432bfac24d44f0af8239b04b09e9ee,Benign,mipsel,mipsel:6072559546972339165,false,train
97135a18c4bdffb934fb8c5cdec7e0697dbac5257dbc4dd5f51aeb62e6bc84c1,Benign,mipsel,mipsel:8693942489277380976,false,train
97150b0930850486cfcc6db908b1e5875e41be12c14cf203fc53f213f57a2d78,Benign,mipsel,mipsel:2462922938310725318,false,train
973e738834500b2dd5123e103157d6318876d153e1813647597c94389da50b16,Benign,mipsel,mipsel:6908121454916436988,false,train
976a3361355702fcc0d29c8c337261c46f4a0c86251b91f8b9082f08f4a1fd93,Benign,mipsel,mipsel:10403113767630696986,false,train
9793c0af0aae762753bdafd119fd24c1e3dd4961ae8c59a08a8df244116f9b40,Benign,mipsel,mipsel:8196404040746063422,false,train
97967b227f46031a249abfe23b0c14f9191e303a12a096f2ae185e5138ca74f6,Benign,mipsel,mipsel:15231869143601805583,false,train
97a754b2bfc90ea2044e5e9ae224d95266f8a727b86cb5368e7574bc7eafebbf,Benign,mipsel,mipsel:9471797368952613917,false,train
97bdd2a191d7db68cd323d93d9592659c2134d8f95a7573fd42b08af340ef551,Benign,mipsel,mipsel:3745416379468619758,false,train
980e95636f4c29ab87b85606d96e9f44acae69e72701e1bb29a10fcd035c86e2,Benign,mipsel,mipsel:11185881367319175890,false,train
9840aadd02e174258a22acfdee79155a795011ff3469fc95d4054e5dbcb2fb4a,Benign,mipsel,mipsel:5457695924976935304,false,train
98833ee4118fd14de4315a8c2063d2e9734f433c2c3c75a4de510c66b039bcdd,Benign,mipsel,mipsel:14896011027213611269,false,train
9884fe86cfe090afd049903b8c368309c2d2e05d434dcbd234b590589f989f3a,Benign,mipsel,mipsel:3442560787126574972,false,train
98c6ea806a47fe02c704f5a9a455e5ae23c7a8cb6e8d81020401d851039ddaf3,Benign,mipsel,mipsel:13669957139169457522,false,train
98cc43478496673ad6b027968925e4c05f4d8e5699ad6b5f12cfe385c8a7ca4e,Benign,mipsel,mipsel:6312739525119913318,false,train
9909343bb57a2e3ee6666ae36913121f3ae5e044fa3466fcdf87ee831b3afec3,Benign,mipsel,mipsel:16475767204702442275,false,train
993ce64a24171f07bb52aa12d29062487eaa8117fd15356b0894a4b098bb6d8f,Benign,mipsel,mipsel:14469764041384912240,false,train
9940ba2ef94dcd887ca6b41bf6860cfedca853afa9f092fd6233712464a70101,Benign,mipsel,mipsel:12901492257174460955,false,train
99a318a738635686f36ea7db306bb60fd321a48ad5867c3b0101297722cb73fe,Benign,mipsel,mipsel:445572062837110805,false,train
99b2af7a5ff68536336b0cb5a94adc8c423b7e6ba5deb7bf8ccbe9e1a9443062,Benign,mipsel,mipsel:4174123641349577885,false,train
99ec807e225e2d30804629eb600a93b4d75b667a8135a7135fdb04c8da664115,Benign,mipsel,mipsel:13894968970722131901,false,train
99ecf6baa432485b1aefdfd0d29a908a23c1b7b3a58e116de7c2b76db815742f,Benign,mipsel,mipsel:17207587801567736526,false,train
99efb139347db174a98ee975b41e38daa857ef6fb6e8b0c2c7b0fc76165fd7d1,Benign,mipsel,mipsel:7983192460599489507,false,train
9a3ebaa0d67d0e4757d33e6a2a30b05610ca0136d85a5a53165414b8e34c9139,Benign,mipsel,mipsel:7499632684244050255,false,train
9a4a5435669faf84be9c21d74a3e4144b88270eabd5b6653330d957a57df0587,Benign,mipsel,mipsel:10466442265084732747,false,train
9a76c369a208702b81cb7fe3ac1fa276fa9b3ded94cca39440ee149769643c12,Benign,mipsel,mipsel:14010669629415948697,false,train
9a7f86d046e88041027bfb8140a303bf09402f5787e7cc9d963d26bb5fa4cfc9,Benign,mipsel,mipsel:14082492010893523963,false,train
9aa76b6ef23b0f08badc3f491c3826a9e7a62237a126bb39acd4818fa3eaeaaf,Benign,mipsel,mipsel:16106320459197958916,false,train
9aa91756d4212bbfd30f5f38c4c4da0b54f1e34452dfb99b769e3d5d747b1573,Benign,mipsel,mipsel:4051553056898785651,false,train
9acada053a93059f9a2887d12140ec3a49cc6693e1ca84f2a8ca522a49e1b330,Benign,mipsel,mipsel:8842797713264147979,false,train
9aef9ce6e7f56875c739995698cb0b49514ab4099f4d2a79dc3437431a25fe46,Benign,mipsel,mipsel:4839551798020956529,false,train
9b18eb6b5dafac22b8ff60b3d713da4bdaf48d30eaf56f6b1c6c642da3f97cb8,Benign,mipsel,mipsel:12335862934942627184,false,train
9b3915d8211c9a9db9da5339247694e686f0453acd52b5de2bcec87bb152418e,Benign,mipsel,mipsel:2592288387753318153,false,train
9b3f18cc896218dd12d57a2c4432ddbfd838f41249489f2b814b7542ad649bc5,Benign,mipsel,mipsel:5947069718198718215,false,train
9b715dbf6c9766f2fa3729b5638f86472508630f3f54206d20a787e56957c685,Benign,mipsel,mipsel:2609230984936951408,false,train
9b744e3407f93f1a506eeea7c654f2a9cf3b851231d036530f7df0f16387b14d,Benign,mipsel,mipsel:14265686966630190862,false,train
9b7c538756e1f3f46b6e04587cb7c9ef8f512ab8bea22fb7b71691b62fd667e0,Benign,mipsel,mipsel:5849334945432046968,false,train
9bcc6545ce58e9a7584fdd2506f2a35e59594fd4f3e11e298393992761cfb9e8,Benign,mipsel,mipsel:2009173144250556069,false,train
9bd4f42d881367230c0ecac7823c0773068c3eceb504dd5823871bd55b87cb6b,Benign,mipsel,mipsel:17555752090332341185,false,train
9bfbc885083f656426bde1cf78b4505c83e02e617ce688fcf7da4b926ba1fcc8,Benign,mipsel,mipsel:12511744899300955362,false,train
9c04e61658a57e923392add58834e93f53a6c92362fc986bf9fe6ceafa7e36c7,Benign,mipsel,mipsel:2085263394201294254,false,train
9c930080518a2df5844fb943e456bc4d0cb621ca6de9c63000cdaa02235efa55,Benign,mipsel,mipsel:17590987774112181214,false,train
9c98ec7940d6a10d93cd2b5c3bc602c6269cea66962ce2c7c931b27cbe4c24f5,Benign,mipsel,mipsel:7774964517689806201,false,train
9cfdb2bf01339f6fbfe81fc9ae438fd0a1f13d75d4ac8779d4091d7c5d09e2a0,Benign,mipsel,mipsel:8809167172871776649,false,train
9d15725d41c56213a7e0b36f279aacd4eb932d33d6c2f71b291cfffdb8b675dc,Benign,mipsel,mipsel:9831516459441946758,false,train
9d7b5184765a6be7f76320212b6676b9f492ee0b8d1a0bb2e41b177da14a724c,Benign,mipsel,mipsel:13277211660810803204,false,train
9db7ded138fc1e8d3eb29c2cc0b2edd3be855bc5783482f063923b4b442d4666,Benign,mipsel,mipsel:1964261606084823265,false,train
9dd59429e9a1604c4787a8ad4e45b07483b79f6bd6fbc3d5c8d5c9afb5388f30,Benign,mipsel,mipsel:6457430834010510391,false,train
9de41bc47e7679b1fe7ca0d093db2ecfe821483d853be9871c26a1ee5916f671,Benign,mipsel,mipsel:15767135940522867314,false,train
9df0b8d3138188e0024529b5d89052fc3422c9ab5410491ec98f06fe13e28d3e,Benign,mipsel,mipsel:12412597227636188655,false,train
9e497e7aa8f78e7757681384ba7bcf3d474bfb79cc46d8ec3525474712bdbdcb,Benign,mipsel,mipsel:10533651780858464738,false,train
9e57cb2c793243f2faa2b6a6f7cd6fc5334044dc4581d1142df1f165030c0f1a,Benign,mipsel,mipsel:4414742218810285824,false,train
9ebc6750de16f57f2c8860ae1fbe87d243f56d6c00580f51808c304a51c7bcce,Benign,mipsel,mipsel:18178852805754867324,false,train
9ee8325d5a0c67518face6bf6e81903cdb7bda117851e22fa6e7e564fc2c177c,Benign,mipsel,mipsel:5598619416669999436,false,train
9f38ac7947be7d72fcb38400d126872f41d5f9ef2b65c583954bc304c278d630,Benign,mipsel,mipsel:6735443325550988494,false,train
9f72a53fc4129649b54ae42f111065869434b7d81145da1f83e041045c9fd727,Benign,mipsel,mipsel:8021137286515333333,false,train
9f9f75c9c711b3c2489274bcd469ec1da5ee71e0ec1eb0bae3878dac55b5edb6,Benign,mipsel,mipsel:9980073961656411866,false,train
9fbcd98aca927e89f57322847a669644eef3fa2a888856ee5602e8fa05f78dd6,Benign,mipsel,mipsel:10691839331524471316,false,train
9fca7905675eb5b7f5f22588cd822bc7833bb837a41d850cf9b75b5e89aeb08f,Benign,mipsel,mipsel:8303501477395352920,false,train
9fd24608fde7e85f2f0e2dd329a547d5df4bbfefbd8c037ba57d219136716b00,Benign,mipsel,mipsel:2073310593761592031,false,train
a010fbbfcbc74ef8670d72f21ff26e4c8f85e63fdfc82ae2c1a32f484f2cbcc0,Benign,mipsel,mipsel:741460278638310866,false,train
a02ceaf177fe09c4c59d01808e8afe7b6a7f1852505896e3e1aa33d189b72a53,Benign,mipsel,mipsel:8156886963178636889,false,train
a030a133309592343523a9fc5957e4a60f985741000a29b1826ff94d203dec8a,Benign,mipsel,mipsel:9443089284445597288,false,train
a056ca244b7f9fe69a516925d94bd928752cea038997cff33412649bdf3d8563,Benign,mipsel,mipsel:4294905769822840213,false,train
a0c7ff00fc3df833d1a21a1a75ea3f001995fc57c0e3ed93dd94e8960bd8850f,Benign,mipsel,mipsel:2025373399962275499,false,train
a12c8757ce1d9c018e6ac9a54658c3905c7364896573c790e9888c68b66145db,Benign,mipsel,mipsel:13502928128318410474,false,train
a162fa6edc96f09feb717262b1f8269b3bf73dbbf771ce4e3948c16a424dae37,Benign,mipsel,mipsel:17760425138063695492,false,train
a167b6417edb35938f6e5f83084b9d7f3cd2657064a48217c7cc335fd8c93c90,Benign,mipsel,mipsel:16179750651740804285,false,train
a17c74649925befd71048998c7cd464ec36b59ddaeea64fd884a7a74b258206e,Benign,mipsel,mipsel:12217724409637728713,false,train
a1adc24fd814e99b1e7517d646625709acb6a88e9a97bda08db5b2efc39f3f27,Benign,mipsel,mipsel:12196099417000904531,false,train
a1c558ed88da314c41225b3a5913418dd5833e67c8bf917f97b5b4f5b69f8329,Benign,mipsel,mipsel:8424592031374663546,false,train
a1d972b3128a7417c7c680c64606a917db49b556ba6b464b46b9dbd44a088ad7,Benign,mipsel,mipsel:8550174053703912451,false,train
a22d6116797d3b65037567f1e7779c905acd53f36242b2e60103c55c042a621e,Benign,mipsel,mipsel:9601150517865524027,false,train
a23476b9344d670188132ade4d004ed018eaf772923d99d152bf9d7356820d5c,Benign,mipsel,mipsel:853766693540934291,false,train
a282fa319b91b41ad75e1062adbe9591665dd2483f79cd4d82c7acccb609f190,Benign,mipsel,mipsel:528730733851380532,false,train
a293c6d1d093a9ffa54e29aec7a5eb4f9e6a5f47fda689e20ef027d99c0f2933,Benign,mipsel,mipsel:11896749284185071771,false,train
a29890a51f61cd95de0f01825828fcf409fd3b95b91dc5e78cc8c5272fc04a56,Benign,mipsel,mipsel:13594259526316711034,false,train
a2a2ad636b9f7244a886dc8412c02bd58c72046abd0b968778897586b2e42182,Benign,mipsel,mipsel:118998407419797282,false,train
a2af6744588da83f5c97d80e7aeedd447b354573cac6522ec5bab69d0da8a3b4,Benign,mipsel,mipsel:5120628450578803283,false,train
a303a193c2fdabd760183b1034202c8474246d40d36c59caaef4466520416bdf,Benign,mipsel,mipsel:9774966272349911159,false,train
a31906813c1ddc61272827353f9670c329745a682af4f7c5d3fcaaa88c3c1365,Benign,mipsel,mipsel:5047058799527527860,false,train
a37f0f30a508ce1cd6a753a9bb5d2132d912cece8754413fbd4704132e26b6ae,Benign,mipsel,mipsel:10404866952701842532,false,train
a3913f67bb9d6b7685f8585be74adea800a60543c63bff5532b0853342d46227,Benign,mipsel,mipsel:12636468881524733788,false,train
a3a07ec9479a0c493f1a6f26cfc6f35f1dcb58c344f19262ebe961f2dbb2bd42,Benign,mipsel,mipsel:8034386442033914884,false,train
a3a26ca657861bff0834158e685baa8e574ff95d70dc2d9a23203bbdc9b71632,Benign,mipsel,mipsel:12223567292084034929,false,train
a3acab24dbbcda145eb2e6b705d05c643c46b89c9d89d8686ed8e3a5f147315d,Benign,mipsel,mipsel:3234776188434854615,false,train
a3c2714b16d2c9e1dd50024d79a45d710638ae7966ff508927aeef78a28a7838,Benign,mipsel,mipsel:12396148617092207305,false,train
a3defb28f59d9eb1a439e1c1c7e6f99907b283e3388287b80086d9077397ed6c,Benign,mipsel,mipsel:4603751829936716447,false,train
a3e92a66ea57855fd72386c8eac9cc798f4cb8f204e10724799038b9e4f5a92a,Benign,mipsel,mipsel:13500309254464553286,false,train
a3f1c1f6f710d627af4ac8eca031040b2b06c8f6f424a85bd805329ae14b89b6,Benign,mipsel,mipsel:12197763217321172852,false,train
a417b63d56716f71ef9c56b631ed00b8d5b3626d627ee9e91400aaa6f39ecee6,Benign,mipsel,mipsel:9649057301350464518,false,train
a439927f10f5f8204d144a2e26129152fbfc19a8eaa310d534e27419c4b1072a,Benign,mipsel,mipsel:9022824635349629614,false,train
a44e5bd8377c4f299407df4dfea411484b63bc3254dbee28373f547ad634b707,Benign,mipsel,mipsel:12890080045980242912,false,train
a46a8fafe2268d19267593ee85585c93108b09923787670aa676b411adaa063f,Benign,mipsel,mipsel:6684026735795957889,false,train
a47561845c1326eb2672e8bdb3337271ed90613cd237c4f42bbd7eb631e6427b,Benign,mipsel,mipsel:18220163046068906060,false,train
a4766dbf52b13368c1c11a6baeefe0b9e0bdbe8ec6b0993b58e959c096c9a2bf,Benign,mipsel,mipsel:11452965098003043695,false,train
a4b584f7cf4f27ea88f792a18a4f8b739aa05c0fe8358f40bde632e3ded2236c,Benign,mipsel,mipsel:10739629936882495321,false,train
a4c4082f7f808015d31b3484093e990bc50a232f3d2c7166b7f7486b8f717003,Benign,mipsel,mipsel:2051379828879056167,false,train
a4cf48506e77c228e39f53595d8116f2ccabd2f63c30d50445b649865327a20d,Benign,mipsel,mipsel:14820939706560365648,false,train
a4d57b8e7a9be042c1f4550a530b33c0577d778522557a05899ec0d1ab038069,Benign,mipsel,mipsel:13324644247554973196,false,train
a4e9faedcbadefc4d4539801892d0d2cdc4380b5b89a3fe5709dcdb461a65214,Benign,mipsel,mipsel:14837610961873084807,false,train
a5046385bf1b15784b322f7abf56289ace7d13278b7aa940536dc0673b7bec58,Benign,mipsel,mipsel:3997246545631808749,false,train
a5049847b3e87eb5b043332d3d1444854a49815f4a274416bd74d1c8e2904ca1,Benign,mipsel,mipsel:7192236692260061974,false,train
a516caaa866a0f4c6d2b38e7f7f9b482013f4491c1fbc1d8bb1552110e1a8d4a,Benign,mipsel,mipsel:11300992484286097989,false,train
a52bae80db207bec5bee289032882ebb8b123be55263b14125a6cbf6d6f9daec,Benign,mipsel,mipsel:16448085885685744131,false,train
a5be1e5d44297d730c7dbdbaf4ce073ff9bb1e3e705d9fa447e52fe5d9b85dec,Benign,mipsel,mipsel:2450200534024551213,false,train
a5c28303e2c1fbf758aef13f199ee250b5e1961d577b5c734d1ce418b01f5d41,Benign,mipsel,mipsel:15200236272739429928,false,train
a5cc5a939d3a188943274c681bd801c3b7934223d573001326da7b3c97264401,Benign,mipsel,mipsel:7113364325229632709,false,train
a61a16194dad6ea32cae2e897f41b413b9642b5a84b6bab4e96f1e7c7f6d814a,Benign,mipsel,mipsel:2976417336123089775,false,train
a673bbfd67248f72a7ddca4442d90e868821b7e55935855346cf0a8720976e28,Benign,mipsel,mipsel:11957873233830064546,false,train
a67882072dc5455362f69409b5ecd1c267b322ff74fb5686145b85d911687a80,Benign,mipsel,mipsel:13078259859163836804,false,train
a679b3ae3e9c4052443f9d5686beb77bcdc02b89ec5990a15e6e5641f4dc4174,Benign,mipsel,mipsel:15879268418125581060,false,train
a6844d9db81355778bc6223273af7f1b8e3f15d175c2c6fd36f2a22fe2401c27,Benign,mipsel,mipsel:8004358673651232839,false,train
a6dcfebad8e1d184bcb81bc5c460cbdab84ccf384fa5bcac48cbce347d141cd9,Benign,mipsel,mipsel:14127369695250938679,false,train
a731d5563ede5b3cb4520c604ad38a3df3cedd3aa6c087faf06ffbf0dc86c240,Benign,mipsel,mipsel:1136832592995929064,false,train
a797d82dd167c3b083b7839d5a77f94bb2de2b3a6deb23e3104afce8b1d1b903,Benign,mipsel,mipsel:9543498587274405689,false,train
a7dcfe0be2ddbd44f8e364f8db55066a026a3b7600ddbda903c02b6fa2ac5295,Benign,mipsel,mipsel:5205206204235777376,false,train
a7e1d824e6d8b589fe2f895ab9ba1de2a8811ed3777006f39fa36c6d8001ddca,Benign,mipsel,mipsel:8519622340366241317,false,train
a7e7a5f235929da36c1d236e2fb00cd5b4c28a6c85d4207d010131a7c67f61d7,Benign,mipsel,mipsel:9853252472489050987,false,train
a7f4196c98a1cda55c0a977946a18bcdedf50f8cb5b4c81fc28b5d5ebe758663,Benign,mipsel,mipsel:8302668178597967759,false,train
a7fbca2d0c3f12f86a4aecc388fb8f66bcbda1eecfc053216300007c2cbd51e7,Benign,mipsel,mipsel:13991220516304222142,false,train
a815571fc37cd80aa80c4fa3f96dbc34d76778c605ceb26cb25ffdb8d884e8cf,Benign,mipsel,mipsel:5439862381528998951,false,train
a81dc24bb4a5de14a3c710dffbf9d8a63f1ed43f01b1021093b3bd1ae9d7ce6a,Benign,mipsel,mipsel:17356857792030891242,false,train
a83c3aaa7526847104a694bbb7293cfef046ecfe60d93b58bfe74e84c82ae7fb,Benign,mipsel,mipsel:16214805841603133300,false,train
a84129b0ed88619c6a1b5e43c4c3542ae02a40cda1d560b1831d9ec2c6b056f8,Benign,mipsel,mipsel:16928684571584292331,false,train
a875e3c32376dbf0bb39c02000391ab2351de607166a9fb1f81f5f6d6cf43fb3,Benign,mipsel,mipsel:6602855083549406344,false,train
a88a055976b5487699179eee1ae765a4c8d88d9127b5e1f836acc50efee78235,Benign,mipsel,mipsel:18059176243834195518,false,train
a897a8431466a7822a2fd231de662e7bbca786ccf4a42e6ad04b202516babe1e,Benign,mipsel,mipsel:13893421329322119159,false,train
a8bb9f8975ca912ef7681302fc8d44ecda539c0a7308b7442ce91ad4930bcb80,Benign,mipsel,mipsel:10178932270247371617,false,train
a8e28af504c26102fb432e50d62909e34c30729b67e2a5a7669b403584ec6992,Benign,mipsel,mipsel:8143233104355209828,false,train
a9006407f3bad70d29cbf8e875ae37212803b960b4ec32b04e630653a086e8fc,Benign,mipsel,mipsel:15703721705688888119,false,train
a9194bd6e3ecb0416c99f4e5c86b4d0b7087c85f39e627cff4d3d3cbc103f230,Benign,mipsel,mipsel:18314580917028231971,false,train
a94803eaea8875e66337306aa167942e3a8f532dc4c223d427eaffb87929705d,Benign,mipsel,mipsel:6655127678593208622,false,train
a95ad8f5fc7536c5ee048fbf5c8af351f3691a154d2e315c4480a8c96aebc707,Benign,mipsel,mipsel:17884065400589932947,false,train
a96f82fae6cf2d746e0b4298cae8d2b2d6d5ea85e68a300cb9f5cf557a8bf54d,Benign,mipsel,mipsel:13647238847834933327,false,train
a9b19aa1a5c8f30813bef9f6e788a2963ca7630e3dff630e01772e6014dcd41d,Benign,mipsel,mipsel:2525246769744707755,false,train
a9ebfcabe5b5f54bad78528f762c5a98898b4b0db63cfb7a9fddf563bb0c879d,Benign,mipsel,mipsel:6637731964480887244,false,train
a9f7eb388d496a26ef71f886d3710cb9f5922580238b52b52426c0459fec6c14,Benign,mipsel,mipsel:6146640806687683900,false,train
aa01d79b533e9a7dd006501fe5f398f40b57c6c60726e062d11cdd93554e0b21,Benign,mipsel,mipsel:4811037997961375836,false,train
aa5d14e7ad28e40da27681dcc5d3f97f624e087e1a4655fd4613cef8ce3bd04b,Benign,mipsel,mipsel:172673109861855153,false,train
aaa0459042c82ed0f59a971c5cdbfbf86ab2f90bf2c4ba8e74f6e3f7c1c48c90,Benign,mipsel,mipsel:4019500168020637038,false,train
aade8c0217f048dc6f812aeb3f28dd177bc298f273244419ac11e17964891acf,Benign,mipsel,mipsel:429861042072741605,false,train
ab0d4f206f2f562ea724b7f32f38f91a2f1d87fc8acb4415d1a15cd13cbe3dfc,Benign,mipsel,mipsel:16299218562081039090,false,train
ab2990aa88cbc4be94b414e375710d540a247ef1ec96c30229fe3ef26dd8237f,Benign,mipsel,mipsel:8153421835431224532,false,train
ab79891bcdb9175248ce663bf3115c6e865f0cc87bb494f12ce54e4bb78f8a04,Benign,mipsel,mipsel:17956360729649092053,false,train
ab8cb14eecbc39fb919d47b79409d5a6f9ba244ee5a83c5cbf6e89802e07c10c,Benign,mipsel,mipsel:55153201920401350,false,train
ab9a5ff526ba9465b11f391ee7b73da71911121133ca2c0c08d02d98f897b4bb,Benign,mipsel,mipsel:1232181645096574753,false,train
ac0df07cecd1e39553e5e81967fc57c7909f6a9efcf4fa01be5f4a821661319f,Benign,mipsel,mipsel:11517759155089547697,false,train
ac514feaad702b91cf41f921b2295d94bf1c2490020ec6e956666b9b92a1f1de,Benign,mipsel,mipsel:10075995202999006610,false,train
ac9133fd918cad343daa21147eba4c27058869dfe4d9ed454a9d127af9156570,Benign,mipsel,mipsel:324415029194398300,false,train
aca97d96463f7358e04f487ed0319f107d5b94a35d69252f58d2a3fe0b735540,Benign,mipsel,mipsel:17384524099442868692,false,train
ace7d451c849b03679fd758da0507cce20c98fac747e39c1a9de32ad246bdf87,Benign,mipsel,mipsel:16949850700912122077,false,train
acefa141fb97f62aeaab43baa29683663fc44e7793f2d495ed62fbdb39f99ea4,Benign,mipsel,mipsel:17232432640880288292,false,train
acf413f42fb967ccae443eef85feeaaa2eb7f24c727ad323a0791f910b24fdb4,Benign,mipsel,mipsel:2814847894001566301,false,train
ad5bc1c72c36203db8e4ec06c86513c93fcbe762d8eecaf7f8f222982eb3b371,Benign,mipsel,mipsel:7303628521871073738,false,train
ad822e08c30019daeb99cafae0ba00a9b2f7e9c81510ccb0ce2c050753235700,Benign,mipsel,mipsel:17947015382507379571,false,train
adabd799c2443e0be36a4ea3d549fda46d50f24ca95ba39968fee4c293103e53,Benign,mipsel,mipsel:135665410887243249,false,train
add268565987f77257d49ab36e73c694c95f073405d7155e494134b9b2e1ebd7,Benign,mipsel,mipsel:7830943578516955918,false,train
ae1d24e5eac97c56842d4ce14fcbe9cc33bf015c84e8b0a860ed544a77f967c0,Benign,mipsel,mipsel:2701613990648046918,false,train
ae23a52cfb3912331eeb7288e09bc7a38437e67421514b88aa208fa7b3308cae,Benign,mipsel,mipsel:18341138914428077967,false,train
ae6c5bbc409824b5aeaf459249745fae0527e47a139560afb242c178690f1a39,Benign,mipsel,mipsel:7382864942411327124,false,train
aea0449a452d88915debb16489ea01c38be978197a478bb8f4416ef70273fd6e,Benign,mipsel,mipsel:7906773558391374102,false,train
aef4149735173399a4df517a3a697f7b3426db59eb431d89e7dd9b5895d45f9f,Benign,mipsel,mipsel:758151504555043733,false,train
af6b412c7f8dce0c795eeefffaee923c2c2bd897bd7192d536cd1cc0d6c46d6e,Benign,mipsel,mipsel:12025744561724989188,false,train
afb97fb6661cdd301a5ae6c71a04247a23b3e5074682d177b17f39b8a4711edc,Benign,mipsel,mipsel:14685637592439608893,false,train
aff2d0e1202521eb88e4926f05b48acbfd4294af9bb03ef28186d86a73371163,Benign,mipsel,mipsel:12781807729447806276,false,train
b01272c6b4dc6e88387839d9063e2d5bf10b66393430874612b1156b052108ab,Benign,mipsel,mipsel:2133522811192864577,false,train
b01344f2881136491648442319fab98110b4f0986a6693bafd23cb2b00de7f71,Benign,mipsel,mipsel:3120144877501977485,false,train
b04727b589a7f8834194724634dcd6ec0caccc461a564e1153412d77567334f4,Benign,mipsel,mipsel:8271271124390086704,false,train
b072c326497556532a26c363ed78f750623b92fb4181f90c04addcbf243c328f,Benign,mipsel,mipsel:3457231519369062713,false,train
b0c0f920db42b7078620cbcb4eb7607e0a298ccad645fc85572ce14fc5fc2eb6,Benign,mipsel,mipsel:13054379292986903528,false,train
b0f3d09b21be9255f13106ebd961aaea01967fe268ebfd02caf6c6f10df3a9c1,Benign,mipsel,mipsel:15503471084877037129,false,train
b0fee8d62ab07febe0acf3489c9a236e0d32daf827333333e66583f6941ff2ff,Benign,mipsel,mipsel:8671276116029636427,false,train
b13ef6959236a6ee68f30916c9b99242c17a57109b0c1e368ae2d0c2f5f371ee,Benign,mipsel,mipsel:12594148803636380733,false,train
b1494d5397e1773823c2c5ec55e544e9c2dd7c65ceb81dff14eca5ad7f6e0f7a,Benign,mipsel,mipsel:12520277562229614387,false,train
b157f1366d56a577b4b93aeadad526c86782b2cf03eb4594b3615e8d7cb65cd9,Benign,mipsel,mipsel:14973377718616241450,false,train
b165360396cbd610e419248fd6ccc81402ad37ff04f347451d9a44a08dcdb95e,Benign,mipsel,mipsel:7398377206861150509,false,train
b168c0ba405a32718b5e36eef2e5381d37fc0dcbd56213d829964c2057719f03,Benign,mipsel,mipsel:3927861582023798368,false,train
b18ee3c025248e86949b2805a61cae7506c7cf15f3d178ac2a9490c482b17c5a,Benign,mipsel,mipsel:9737446038691776693,false,train
b1acafb7d5cb51de91ea550b8052a5bff9d6be790c5d817add5bb8a98d9f68d1,Benign,mipsel,mipsel:12757839194748063450,false,train
b1d516fca6c6b6d07053346fdc0017d38dd79c43761974731bc73e05edfcfde9,Benign,mipsel,mipsel:12484447555616742885,false,train
b1eb4e67ed4d875def4198f7e4e92e38f40d35fc829d90634f49aef614b81eca,Benign,mipsel,mipsel:834290612064509832,false,train
b1ef8aebd07040c62eeb1f97cb9c87593e3567c8c9ccf7751d8c9e5ccd6287ac,Benign,mipsel,mipsel:2257053077396887156,false,train
b1f1dbf532378a8f6b62ca5651588c2234ae602b67282ec3e1ce8d1021730b8e,Benign,mipsel,mipsel:65088328707796037,false,train
b1fb41818f167633bb649e69070e2f6f9c485a3c966eb397563c2390084b20fb,Benign,mipsel,mipsel:17173638515872652715,false,train
b1ff0d3b72231f697c39c288ecda03c174d7269f07a1b24e7990f7fd88a6e31f,Benign,mipsel,mipsel:3824133532474343468,false,train
b2011666ccd22c034b1c1a5295a171c191d8667b0a09ca66acb4d7f1f3273e2e,Benign,mipsel,mipsel:10182094625044405363,false,train
b20be999ed8e6570647b152b5029f330d1614c401bc6a3eb7674da1342dbf49c,Benign,mipsel,mipsel:6912779105056365419,false,train
b21fd920e3ff967266c6264410d0737c6cd88f5ce5374c9469382b67bb9661f3,Benign,mipsel,mipsel:16199354054130783517,false,train
b224f17e4224e06194a599f6c3dd5c19a07d24e118b1d2d69f2a0dc43d91fc27,Benign,mipsel,mipsel:5324706433445274896,false,train
b24c026105bf0a2f3a965e46df5eefbc4cdf4b1579b78b7ef916a5a918a7bc46,Benign,mipsel,mipsel:3793497852345200472,false,train
b27352e0ec8b2d2a2549cc766699f9b99935d370a26ad1faf77ecf43b3df9f1f,Benign,mipsel,mipsel:7396319800693540508,false,train
b3162880224079535bebfdb98f6998d9b70a81bce928310eb4a5a83a7f982ed6,Benign,mipsel,mipsel:13224975143045173657,false,train
b31741b34ff51bae21f7fa931915c178cffb637db9ec1ff17fea0e7af929efd2,Benign,mipsel,mipsel:5437235653767104265,false,train
b32f8ba7fd0bc5d12d14b27c68cd3afd9d7a291eb510b2cf48b05af19cdac56c,Benign,mipsel,mipsel:14599401109176107760,false,train
b3440c0b9a48905c6d0d7b24cfb90efa40bee445e101d71a5490ad159fc13f23,Benign,mipsel,mipsel:8639856737737527417,false,train
b35473dc6adfc3fb52f940f1aa5cde81ade27cff268581f68331ba8150d269cd,Benign,mipsel,mipsel:4592642722137810086,false,train
b387c36169c8ec3d1f0299c7254698e96966f58b6fcb3aeadbaed6b0cb7ad7ba,Benign,mipsel,mipsel:1822345995433228374,false,train
b3b7d6ec6913edf702972827f5fecb0dfa661b098621813efe7f6860e0f34c98,Benign,mipsel,mipsel:13007284394444503801,false,train
b408a0020cc0a00c5818d8a5f51dc727620f1eea000ba5e76f0175f0841c5a4a,Benign,mipsel,mipsel:10174474846823168516,false,train
b4402992fbe51ac266e43709671afc80ca6f52cc1afff96b3fc243227f825270,Benign,mipsel,mipsel:17680321250720374116,false,train
b440e3e8cbaf60fe68e53b309236aad33be160d1174e67bb03bdae7a3263aff5,Benign,mipsel,mipsel:687266585073875213,false,train
b464d36d05ac65963f7d5096c69278d1a2e101e735a9a9d5ed371a34d977e92d,Benign,mipsel,mipsel:16999757483074174819,false,train
b46d3edba15bb15554ed6e7ef36896f46feed55c2fdbd580da513b63f5515c34,Benign,mipsel,mipsel:3612753412174119973,false,train
b47f97ffb3090ccd1519c12655a4acc184736655caeaea43640b4adbadf3bc34,Benign,mipsel,mipsel:7553014122671060888,false,train
b487e8bfb0bc782026fad263ea62e3e7d760856afc6cb93152f10fee8ff42ef7,Benign,mipsel,mipsel:3602187590798336892,false,train
b4b4b841226fc4ef75acd24f8386b6a6d87879cab75d979d6e3b9763a9d153a2,Benign,mipsel,mipsel:14456847072129928498,false,train
b5014242ca7a8a3c2063a767d4c1522af7e4313f2a751ac90af00136f5870711,Benign,mipsel,mipsel:1354237820596850241,false,train
b51ff0bcb7f5ffc267df17665f9875ee96d06856f514c2adfc97a3eeee1de064,Benign,mipsel,mipsel:12870462028591377613,false,train
b58cbe07591ece7825334042f623882fc6144c60b5dfb7a1b01f39ddfb46750f,Benign,mipsel,mipsel:7053022064643693350,false,train
b5d87c97dcb6862e739329fe6a0a0b6ff39744ba80200e1485f19c762b7850bd,Benign,mipsel,mipsel:17675119053041779002,false,train
b6723a41f0863cc77f44ef12ad8b0349e9dbc1f86ae2239797f3852a15f7fe95,Benign,mipsel,mipsel:9105804926251156734,false,train
b67b340e41f9b3027ac1ea2964d9a87373616d052512ee0bd07fcc8a855f0d49,Benign,mipsel,mipsel:16483381297468344979,false,train
b69b7283b968d42dd1f7b6b0bfa7821e57f5cba3a4d53fafeb29233a97226613,Benign,mipsel,mipsel:1164372416167940460,false,train
b6ee540e400054d88f1e5ae23838b0bbb203b744094fc09f8b1f64d36c5babe8,Benign,mipsel,mipsel:13835273700815021148,false,train
b6f8e1cefedc5d60522a5b7516a6c38486641aaedf63de4020eeb6bb250e2edc,Benign,mipsel,mipsel:15679707776011407052,false,train
b7358ef06761a116c264e5b9a0ff45af170e483064906ed8aded55e4a9d00118,Benign,mipsel,mipsel:17648052593568579023,false,train
b7e6e9ba758e5fb5c160e7b6fe9c3afe0f92d985e218ddb4e0dbf39c560f2c44,Benign,mipsel,mipsel:17410343541557993486,false,train
b7f0736a1637ffb22121d39f973799a5911a821240f6eb9e63dfc85e2d172319,Benign,mipsel,mipsel:18247343436887508636,false,train
b7faba1dc98813cfa808fc52b54df35eb7220546b4bb5a3486076612feb1267d,Benign,mipsel,mipsel:15198001660261384439,false,train
b806b9a7333d91c34645f78bcebc0a4473c2d8250648bbf6b18ce7abf96d902d,Benign,mipsel,mipsel:3733607664456512195,false,train
b807567ae0bce40e893b41a89ae5b549753c2cd29a0bd7bd8aa03c8df7ff25db,Benign,mipsel,mipsel:12128722197653376222,false,train
b837e1aa9a08c909b3f52dadb7d1972a05d272a5e2466fbce0d981ad966654ba,Benign,mipsel,mipsel:12090807876424999951,false,train
b8665f9d842f56ed8ace4449e2ccd0036559d3844492b720003570b45f38484d,Benign,mipsel,mipsel:14544652973004522546,false,train
b86ea565e6ea3d63b487c065070fccbd8f9be070eb4eb9155b6e4b1f71c5e9e8,Benign,mipsel,mipsel:8957476435226009339,false,train
b88b3430062f38b86c4cb321248b73fee3b1eef26957e89cf9bb023f21aa85bb,Benign,mipsel,mipsel:3720562574448308462,false,train
b8948964d2927b55cb2e9b1dfaddaa89622a8747b8726a1dc53c0ae4493026f7,Benign,mipsel,mipsel:3743078913412224678,false,train
b8cea8d9f3990c34886af62adda64a83bc5099c4bf4a667fe04c939c956518a4,Benign,mipsel,mipsel:7001111049770043286,false,train
b8cfb90a0798cf6ad3735b8b62365d2816ca511cc3c50b2585f98009f66cd20a,Benign,mipsel,mipsel:13721705058388389412,false,train
b8f2a71b08df204a65469ee871211633c52900ea742d4aee07e6570fbd0b1a48,Benign,mipsel,mipsel:3838499302151582903,false,train
b905ccb59ea0c429c980363d4541773b45916e732c29d47c6171f0e62a29fa7a,Benign,mipsel,mipsel:12005390397847050034,false,train
b90618e59beaf724ebd6cadbb8c7839a3c264bb44432f473c441a5d6a72eb94d,Benign,mipsel,mipsel:12483682824867376332,false,train
b91198a87998b888814ac4d68b4555d8ccd33e286733ceccebeaa613843fbc58,Benign,mipsel,mipsel:16918644871018199368,false,train
b92963318980bba144d2a63e6ed3b1c718f879a6ffb0f05b95afbcc2e9c7c41e,Benign,mipsel,mipsel:2070636654778149301,false,train
b940f8a03d2a44d1a2dd64664f764bcd2b56e84f3bf1fc4a73a86678e21ef756,Benign,mipsel,mipsel:13610458863959522857,false,train
b953d4a278ee95e144241c5fcae700b4193d2e601a55eab9eee7a9a27a4e8599,Benign,mipsel,mipsel:2510030146361646054,false,train
b956ff58dcc5ffdf2f053ee9ee6667780a9c1b93a499e53734cc55bedcbe7526,Benign,mipsel,mipsel:2839848946270030198,false,train
ba128a7e7448f536e9c52b58f929e86ebbfa80dd42507cbe684edabdcaf63d08,Benign,mipsel,mipsel:784937816107861179,false,train
ba34ba644be12e3ae4c1b984504e15ad1ac51439a2910e0156e7cb92e964bcda,Benign,mipsel,mipsel:11801358138763506965,false,train
baada87b7ffe4e8783dbdf4db42d440361d0d398fbc6337e2e45f168273a3211,Benign,mipsel,mipsel:3650348700755626779,false,train
bab86b3096d01fac7c9771ef314499bfaa9dac7d27f4376996d607bdf8ffcf8b,Benign,mipsel,mipsel:14424427381238726899,false,train
bb2aa10abdf4b8aaae911da58e796f516c1b5e47a233902796490eb508a32a48,Benign,mipsel,mipsel:15820993996586763912,false,train
bb3cfff2553bebb89d4597060853b5d1c03377c9828e4543a44b11e980ebd742,Benign,mipsel,mipsel:13250608930929923884,false,train
bb66def1946532e752ab7dec14826b89e13bd618be7b2531919a1ef89a3d4252,Benign,mipsel,mipsel:17569304462208089035,false,train
bbfd67ae2b3227fca737fa767bff39df77703ae825c2fc7c682b8754d884e1ae,Benign,mipsel,mipsel:11006630772686208687,false,train
bc1e65d58b001ed78a0251f0999b8751c8f87a0a0d4060d66ade2151505106fc,Benign,mipsel,mipsel:11708766287794184415,false,train
bc5f12ea55b1631caba5d4a298d8394bdc293254b17f51f41fe694266b44324d,Benign,mipsel,mipsel:928421488415635836,false,train
bc926c93b347f5eb1e0e225df185d8f0b1f3095c9a86c7cfdc833d73940a142c,Benign,mipsel,mipsel:698928082394873253,false,train
bccb7efca555fe80ffa7bb70489d57735618dc948ebfb45b3266a79e21fac8ad,Benign,mipsel,mipsel:12712214418318677641,false,train
bcf3477d17bd4a7f290243512de40edd5287f6210d53d2b977030830dc556cc9,Benign,mipsel,mipsel:17522048937435618564,false,train
bcf4f5fbedecb196dc024e36d4fe37ba362ac9d584764ef66e008bab3d10a880,Benign,mipsel,mipsel:12791872588727985421,false,train
bd0e2e5d9ddd2055426739bc40a37def11064c5365fd3d0579262a3c78a12718,Benign,mipsel,mipsel:13088142988129104232,false,train
bd1cdc787aaa4c044983c670b4e0ff914ba3e1cce8451314d9151ed9b6969ec9,Benign,mipsel,mipsel:15510122399826103569,false,train
bd2fbb94962b8e2cd9f8678a29921be3b590f8fe923dbf29cc6642335e0ff993,Benign,mipsel,mipsel:10924395592954160742,false,train
bd61b60afdde00fc2c424fc27c536bbc6ed9627ba89c8259c28a4c9b830d85ff,Benign,mipsel,mipsel:3285833360473245661,false,train
bd9d63f6dff6e0fbf0159faa8601fe8f9a669e0168f646669d95536052f81bde,Benign,mipsel,mipsel:13712230971126695142,false,train
be2008a2fe9cc2f8e3a835faec0ebacc2448989d6fc0a02bfa7e76b3286b17af,Benign,mipsel,mipsel:5839171473754691797,false,train
be30241434854a30c9311e406002ee80fe239a7ff1683dd210786a8e3ac1f85b,Benign,mipsel,mipsel:4835137925793864142,false,train
be4b9a59b09d8ac463b47f86665c350ba8f18ba45e74b69904d4f012572be6b4,Benign,mipsel,mipsel:15978964258854801420,false,train
be57c41ef2118533423bc942cc68f5ae353bc640a459a132420c816522536133,Benign,mipsel,mipsel:5590314774193290171,false,train
be73a2413c4f717377dc826f91853f31597291ee42763defd9a061d2de432f2a,Benign,mipsel,mipsel:5026829712642204423,false,train
be9ef1bf4ebfbc1aeeca9d71b5cd6c39d283578f7eff71f68d26e8b7b1bdda85,Benign,mipsel,mipsel:5457877623890623872,false,train
bed9ef626b1032e574948988a473faa1f5f73d1a8cd9d9dee2d293d9d8166481,Benign,mipsel,mipsel:18178430979273817135,false,train
bee40b18409eda2a73d40a2ec04d9585199d8913ee4b900dc56976f4a801b2a1,Benign,mipsel,mipsel:8541590672282428650,false,train
bf04dad34f04fa684690d58e67d8973489151648835e194fbcf4794b2f1c0b9c,Benign,mipsel,mipsel:16693031934934022326,false,train
bf1c50946ee1ef377d47cf6b0d973f9c23aaf00cb615b4deb1ff96fad5e76054,Benign,mipsel,mipsel:9274834204612519136,false,train
bf49aaa0cad0d43b00c4fc0a3d3f02f48c22f6f21596bb6639aff939dd7910f5,Benign,mipsel,mipsel:14254863074458010745,false,train
bf91f7c3299028b4da27f9a8c9725b16ff1ba87c8013df3dedf4fba75eb5e137,Benign,mipsel,mipsel:5724079776709436257,false,train
bfdad5e855a0595f3f2b90dea42050b8757484450fbc606f9239291ad1d0b11f,Benign,mipsel,mipsel:7700800590032790566,false,train
bfe434940591eafcca816b9725b3e8a9c15f74466aaab72c86325838386be1ef,Benign,mipsel,mipsel:16650302634472362423,false,train
c00391c9523b156a535d0f5d80319fbd58620e229196f11dda79dcac009700d8,Benign,mipsel,mipsel:17088134514836387023,false,train
c03e776e59c07e4acd2ed9e908ba5f2a067b2ed187e8135dd3490e8ec2461e2a,Benign,mipsel,mipsel:2886934075031639069,false,train
c050ccd25ceba9785ef475fdaf1dd69a457208ee937171be95050acd677f69ba,Benign,mipsel,mipsel:13813653165697956877,false,train
c054cbaa2fc3e0c0095ee87a1a67f1145c83da8534fdea1a14a863a6ca61eb4d,Benign,mipsel,mipsel:9332524210338381366,false,train
c064d4eb926af99fbb941e38fc4bce6ce52493f9363928a0160b8a7b093fdfab,Benign,mipsel,mipsel:8976535956126608424,false,train
c0658fb37433dbfd15be9d31878a460cbd746a1a342e2ad6e678c5f3d2ac1796,Benign,mipsel,mipsel:7103537397037133675,false,train
c0934aa5f429bf46e49c392163e1c0198e4a033c896d307cbb325cde9f4f7278,Benign,mipsel,mipsel:2382480173230921019,false,train
c0a289930aaf5224356871b8c469db99442abdece127da3b9b86f6ee360fdce1,Benign,mipsel,mipsel:5697707574192186817,false,train
c103eaa1c54e7f9bcb20eafe432adfff2e67598c359cc90e6e75c573b0b868b6,Benign,mipsel,mipsel:13051957850120361651,false,train
c109c3d4a3d56aa22e56041054b66117a131a2c9e60c68e840b0c196548782a5,Benign,mipsel,mipsel:2610385685477276376,false,train
c176abe7aa0c1c869f605829a98acfa0bdb99f6de246d9493a0dcf9f475874cb,Benign,mipsel,mipsel:1916994703376952769,false,train
c1888b26de9a1120cc2d9e1dca2d1850225307f875f4ca6c1d47053c28a77da7,Benign,mipsel,mipsel:16872373278903703422,false,train
c18ea87c30e840b7902b823aa6516d781290f75f6f479daca99cc237821ca454,Benign,mipsel,mipsel:10374434991463726541,false,train
c1a66c460ae494e2e9d460786063b15ad0bf3a9fd833dbc6dc6eb6732e7fce52,Benign,mipsel,mipsel:11415909540670566898,false,train
c1ab6350788b22f8919b967faa236c5459ed6ad739dd72abbeca6fd41161d9a6,Benign,mipsel,mipsel:16548613221123303180,false,train
c1dff4772b64e72edd57e8e18131d92b86e19dd3bbd719259c8eec1459559b56,Benign,mipsel,mipsel:3815767214885382641,false,train
c1fa386259517b267567768b6a0dd243e287f02acc7d15b863f8253c76c9a773,Benign,mipsel,mipsel:8194134965946343223,false,train
c2262fce20686a9da189f7da1c2e03c72f517a09ac505656e06d3145bcb4a7be,Benign,mipsel,mipsel:12010535828875600891,false,train
c25be5e9c1b45868e3f7372350e208172fc8802ac65c1b9fc857591ba76ce3af,Benign,mipsel,mipsel:7884376050132954318,false,train
c29b19a3de9d99396a182cd16acb229b2affd71bde7b9414583588373d668294,Benign,mipsel,mipsel:14120488623658085129,false,train
c2b4a09e3c4a3c1c6d19755ce76dfddfa71219f38beb869f9ae15d83eb4301a1,Benign,mipsel,mipsel:18185110424853174843,false,train
c2cf35c78e032d0a4b6fd8053306c036d28bd04c35d5bf00ace4415a232d74c2,Benign,mipsel,mipsel:17037242324944740335,false,train
c2e30bf574d102fbe405eef3ca39c9d0ecd344345df78c6e91596dfe87d73c4d,Benign,mipsel,mipsel:16224267843283322969,false,train
c32bfbb99ee86422178ce882181a3a30c4f674fc4f4a13bcfff05186cb716b5e,Benign,mipsel,mipsel:14002310655251283379,false,train
c349d52d8c96b429a5651f5f84a603a137ffc855a475975280bf8e7fc6689aee,Benign,mipsel,mipsel:2338604738636478916,false,train
c36125c11325a8f7388d934014c654b069688f323fb207d61bb9e6898f33981e,Benign,mipsel,mipsel:8118821366906737434,false,train
c3717a5f4bb337070a99ba9981d5891de744c18c3e232b108ad382ff7383f8d2,Benign,mipsel,mipsel:606601159115468077,false,train
c3bbd10192e6cf17b1fea90abbb17fa56ef6c3948325aadbd1017e1de4ee7ed6,Benign,mipsel,mipsel:13659568830107447027,false,train
c3ec8ee4a30356ca3ce978d61af7cea0d94a3784a9440e9d72d5641f5d477ee8,Benign,mipsel,mipsel:16939779482798948855,false,train
c408326d309cdbe43785e1e8bfc3042084ca30337da1bae92909f2145ae57653,Benign,mipsel,mipsel:13995161941695111049,false,train
c41c8fa135d0c5e7bb43be6d534711a75260f194cc54cf5bb87edc987d0b616e,Benign,mipsel,mipsel:14722961397268511059,false,train
c4698122df849c8b8633bc6f023170cfa3e228eefd05d2d6d2fc71a0fcf36282,Benign,mipsel,mipsel:11405013306186647529,false,train
c4793263208f7c3df7a547157d07d0d87fd61cef9c490ef563741a5dc4966561,Benign,mipsel,mipsel:6987548019059069836,false,train
c4a15186c21ea85a55ccc23cc56d6d6ba6b400643cb106a99a0bed972852931b,Benign,mipsel,mipsel:9679794920172240081,false,train
c4c1b630809ef531d28d43fa28f4763c35db714769d2c0a75a1dec57d6796b5d,Benign,mipsel,mipsel:12523146916693410201,false,train
c4f0ff634e5716147afc4bc200b08082af64db345f49acae45d5e61bc22b11d0,Benign,mipsel,mipsel:330067084054107058,false,train
c52cf9ea6ee4bc3d40b3deb984f2c11b38878282c7100b5226dcd8ff80f7d1fa,Benign,mipsel,mipsel:11332423938529904866,false,train
c52e8d4f5f604f723dbe07a4e564e5c42642fca3a4ecc211b3879fc26a0f1d80,Benign,mipsel,mipsel:15400933088430860652,false,train
c53fe962fcd47ee8ae85f2789286b2608e89efafdea7d741d4a4cff936054b48,Benign,mipsel,mipsel:2505432315479496258,false,train
c54836d303e90b14ac146a503342736a697536f07a88e19b43487010054a0d71,Benign,mipsel,mipsel:10415276525463209747,false,train
c569526e51920f59caf548df94febc38cb30333dcaf6a4a2f5ef65021a354b75,Benign,mipsel,mipsel:15256848650462899172,false,train
c592442f26e1d6108cc535a4695364f7252888d52fc1af8ac2e883496a242be3,Benign,mipsel,mipsel:18364982375501460867,false,train
c5bf74e90e4917d6a37c08f278ab7d459ca7e90fcf9282c8a15cc4827d785f73,Benign,mipsel,mipsel:7569567018046944144,false,train
c5df5e381027c3df2ef1686b4d828f85ad351f0aa4340f4314b0e98ad3b2cbf2,Benign,mipsel,mipsel:15007980603062573207,false,train
c614187910ab9a1398162fde4fdf6cae21e2cf07a761476019276de1ebabe466,Benign,mipsel,mipsel:16028533042348132883,false,train
c614c44b5aa003072559fee07ad62d8ceca016260445193e3151dcd4d6c9330f,Benign,mipsel,mipsel:2854285818221261291,false,train
c644540e3df3d574e1bb91a6725c71e1abb77ba5d006baf163930fac94ef27e3,Benign,mipsel,mipsel:4050789434995042908,false,train
c6639c46127e92bb85ad37bbda1eb84302dc67305823f037ae5905259899718d,Benign,mipsel,mipsel:421209201107106468,false,train
c66bd8b1d916fa3b9e38ead63ed751280aa4b678d54b573667217e7594181df8,Benign,mipsel,mipsel:14220314479214080418,false,train
c67b1bd26a026eac5f09ecff3246501880bceffb1ca92646a6a552fb3194dd68,Benign,mipsel,mipsel:8141189038648085136,false,train
c683ff11ab2c089bd55f7fa7f9ab92bbcf545a739b8e5165ada17e99ac6b1b9a,Benign,mipsel,mipsel:9792049430594239199,false,train
c69e3e6cf3a436823b5f4b96e04356a87965fc7610fa2317a7d01bed95a6225b,Benign,mipsel,mipsel:17386981466219508815,false,train
c6b455e3e02bb4543cbd27e646953abad3cfa0c64fd7310c7ab2515d953bed8d,Benign,mipsel,mipsel:13458260927780537098,false,train
c6c67b9dbb2b6d2095c7a93ee571fd5a8d1b1d725bf8f90bf120034097e23433,Benign,mipsel,mipsel:7761180834013326883,false,train
c738731926bc460c5b8247047b0a0d583626a8a2dda5a7dc5a4a0e9c629e5cd4,Benign,mipsel,mipsel:14495653087066524234,false,train
c73f6bc792917de8256343a996d191818663f0bf86dad4b230d4b1f168899aea,Benign,mipsel,mipsel:6063847998820688097,false,train
c746661bbb16f58f6c897516b291ce22d8401ff355257daa1fa653c8b82ae9ff,Benign,mipsel,mipsel:9393805634461062964,false,train
c748e23418a29ca2687858f7074017bc28ffb7d53290cab3f39a5cc55d0dd93c,Benign,mipsel,mipsel:15671654505283319160,false,train
c75574c93031b38bade03a0683a8ee4d2d7b984c936184947a8100beb5165646,Benign,mipsel,mipsel:7098927567270653693,false,train
c75ec8dcee79556648824e7e50729b5afdc4091be535f055d2934a5d23b8f4d5,Benign,mipsel,mipsel:114775327069010820,false,train
c783a1514671a14d633ed241befb53c27aeff22004cc6294c53467fed50355d9,Benign,mipsel,mipsel:16500332511530741744,false,train
c7bf909fe47f0cf4497a284dbb5cda89c6d1cd7298337f5c0a2415790b498d58,Benign,mipsel,mipsel:16386696266573163917,false,train
c806f8048a5a8a69b82d9fc3a74f144795b0778a04452cdd9aff53ec4dee64de,Benign,mipsel,mipsel:944196522963384803,false,train
c82ca109450cf0dcfbe1eefcfd97c0878594a9c173a91e07dfd757cb4b7dd80d,Benign,mipsel,mipsel:13128829012575615878,false,train
c8592c9d7e2aea399e0183831988a6923083529dc228a6d366c07f909e9fad84,Benign,mipsel,mipsel:10050068301954248181,false,train
c85a90bb3f105e20a8e0e79f750cb8fd5aa3e69c04a57b2dea046a68fdf7ba53,Benign,mipsel,mipsel:5874131241600026784,false,train
c866428cca1e69b46b5e562ce3c11850d122bb914c7197f073fb3b5469b0f9bf,Benign,mipsel,mipsel:3783629152123137750,false,train
c86ef2473e7776b066ddafc1bbef43c06558bf0cf74cb475a85f9c96271a4255,Benign,mipsel,mipsel:1654305550329745823,false,train
c882330da64c9ddb5f34dac8257db772e5daa619389b5785c7ca883b9d1f7ada,Benign,mipsel,mipsel:10261648211432332912,false,train
c892c15deba67cca093ecf031649a164dafda2e98b8da0ff28144e95e9b8ad1c,Benign,mipsel,mipsel:11102205621643578731,false,train
c89afc66a647f8559dd65578cc9f12553e7335e10d679f59d29e43e41300282a,Benign,mipsel,mipsel:17341139264304340696,false,train
c8aec867464e68f614313e1db48ea5b017320a634b8ab5df199e19c4ae427a18,Benign,mipsel,mipsel:16164254329359027562,false,train
c8cc43caaf5a166402687376b2a171e5ec9ce4979cbfcdaed12ef9c3ea7594c0,Benign,mipsel,mipsel:4327301766604731646,false,train
c8d40b71a866d54b1c211c4e52a47133ea8f357f8f703f01f351e52502b474ad,Benign,mipsel,mipsel:4114419541259621572,false,train
c9222bf1a3cdeceb40d55892b6f66dd13be723a9aa6ac21050a812144222af33,Benign,mipsel,mipsel:5532944708414481498,false,train
c965c16b4c0e401d45ce3a065abaff8d4c0cfb09cc7b7f551f11f1dbdede2f76,Benign,mipsel,mipsel:7301969348134304688,false,train
c9f404fba03eacf14fa99c385eb0ca80e3d561fc03ad80d047c1604ae249f591,Benign,mipsel,mipsel:7999074607124334269,false,train
ca166781e70e0727368c4e96d78fdadd2ac768a1155f4f091da972ca222d7df7,Benign,mipsel,mipsel:5374716822362098899,false,train
ca1d56f956e66c889b05de143f6cef6129d48a721defa003d6e6cff160db173e,Benign,mipsel,mipsel:4660619125850768205,false,train
ca1d59587355a4b1d89d206584baef1f0f7f430adb68ae7ca2fa4d8dd2698d1f,Benign,mipsel,mipsel:3972139973222914056,false,train
ca60ad0ce449adba8539404144a41033f7c78a6793b9109a0db02c678a48e445,Benign,mipsel,mipsel:9671409421271940735,false,train
ca67ff5431a2512bbd1ea4e7c6e89bfbf4f44f75a7ea333832d130742b12ddd6,Benign,mipsel,mipsel:2903991028473989323,false,train
ca8c8033da67d000723ec1e7483840a9740435124b0f016c218defee8f114dcc,Benign,mipsel,mipsel:8718588899684359499,false,train
ca8c8bdd798e481b3779e20b7bde5a5d645715c7a937cd4a61c16f3cc123c3ad,Benign,mipsel,mipsel:1127095817073572742,false,train
ca92507eef98ad126e0f44f6a78134f4ef20069a2910f6cf6b7aadbe6eb9accc,Benign,mipsel,mipsel:8118122357299606096,false,train
cab3c10b79ee92d7daac5117beea1073648a44991e460ac09be0558033200652,Benign,mipsel,mipsel:12382843105759136887,false,train
caefa890cb604bb4946b9a221258df69b6e271afd0c1941e206f3e49fa4a65a7,Benign,mipsel,mipsel:4980284153023815941,false,train
cb945497d11c7e311e4faf00ca37d17a7ad058866eccf2cc26fd12803b98c091,Benign,mipsel,mipsel:16391197826953843500,false,train
cb9e0d36f717617812e62e7da4483ecb2fb528f9961cc489543a94dd52aa159e,Benign,mipsel,mipsel:4480109999233473431,false,train
cbafa17705eaa3af72b1dda4cd5c39e87fd7c634ca21550489ec531fcd3c8c51,Benign,mipsel,mipsel:8499958218064147882,false,train
cbb14c625d164b61b7ad2ead47ae79eadcc1f796458d803a0bd7978248a5e8b4,Benign,mipsel,mipsel:12699172675916043461,false,train
cbb7a766cd202f78dc6bac58f0b91f48fb5c7e6e63633059281455ecb314042a,Benign,mipsel,mipsel:2030800913965678073,false,train
cbfe8bfbeedf77accb481a7cf4a7a66de29ce52a8ba16e1a4212ddffd347a291,Benign,mipsel,mipsel:17845988092498601651,false,train
cc2c963338b9334f92345e5774e10bfc02957827488af11682cad76d577204b2,Benign,mipsel,mipsel:15371557833379110481,false,train
cc53295ec1641be25dab91ec82b7f828710114dc29f4e0d506c55e40fe53f0bd,Benign,mipsel,mipsel:3816501441984663022,false,train
cc8c769054886fe17708eda10e4917712eea4462fb710789900a64d4f7c214e0,Benign,mipsel,mipsel:6485889020233179023,false,train
cc95d346632a6ea76244c7a0bb85918c06b12bcefc246db893a73e835c0244e3,Benign,mipsel,mipsel:4739513117628652167,false,train
ccb26382a30c22c5b5ed333f17838de9e6fb02ca04244e72ac8feebc6d67acab,Benign,mipsel,mipsel:13508371481866383666,false,train
ccd23df957c03b5b73deaa2ddb2f2d9cc3566c5bdc72946230214e2e93455b1b,Benign,mipsel,mipsel:1332490631217852704,false,train
cd17314e5760563c49a44f5cf43e1c45822eb2e68114cd2efb65c1202ea8da2e,Benign,mipsel,mipsel:14065599870748053129,false,train
cd1b9895a0a0528df3be82d8c7065d1cb6df8b8cff4514f5561e7eaa88dcca7f,Benign,mipsel,mipsel:17354566903431057960,false,train
cd57033fc73a35b4c5a98526baa1e06f2cf6c49b94bb80ef794f8745eeb333e2,Benign,mipsel,mipsel:14508405088801826305,false,train
cd6a69f8191b3d5c366888bf5caf886347fa795d399d0706834e13ef74681738,Benign,mipsel,mipsel:4232005367680018354,false,train
cd75a5506bc88e67ad6895d63ec3101b58d325a422aff13b5d19572b2eb2a272,Benign,mipsel,mipsel:3636898790200925304,false,train
cd8e68a8c8f06a29b7fbbeaf0b16e93728d4c48d569a65e75640c3e0f889a3c4,Benign,mipsel,mipsel:8354404114914228010,false,train
cda8a8046365e2944e5ac84589d5224f39fb5d0b3c71a88e98e70f554673ce9d,Benign,mipsel,mipsel:11089717081043848752,false,train
cdb11e593b6a71b2b68eb3d874c4e881765e5eee5c6a86662a80fb30204db5e7,Benign,mipsel,mipsel:14879625651499794727,false,train
cdd6fdfc9a62149df1849f96172033040e372fec86a2c0bce5be48bb01cd264d,Benign,mipsel,mipsel:10048359942745685269,false,train
ce37c02fdefc3c2ae30b182d407b0081729b64b22f9a65de1f4aa31d0efb86e2,Benign,mipsel,mipsel:1831645437227614435,false,train
ce3d20f0f61b76fe93d0051bdffe763dfae677148c67c151013c5e1d7599d67e,Benign,mipsel,mipsel:4344973568764712305,false,train
ce4343aa2f05b5f59338e3428842c8f770436b5646d8eb1e53c0717500adebef,Benign,mipsel,mipsel:169477653251794048,false,train
cea5189fc445b80d84efadd86bb26ee456aaabb1d8651f29a03a70abf4f63c9e,Benign,mipsel,mipsel:7447694849991803218,false,train
ceaef76536476d28c37815855483791fbff25874900197473a08b1d0f6f6da64,Benign,mipsel,mipsel:8996805976080773255,false,train
cec73e9cd4653341bd295455bf009d3abe1e83d6bf8bc0de31e17b63680f31f8,Benign,mipsel,mipsel:13276811126212633300,false,train
cf0f7ac0742e5ad6284d0d60b153476bab12b510c6f306befaa0e504dad0cf93,Benign,mipsel,mipsel:12984914829734442304,false,train
cf1483d80f9720182515699a9ec27fd8a4cb7af87ff47e2ac3f19491d43776c9,Benign,mipsel,mipsel:11128066398778833451,false,train
cf35961057b361ac825b63e83fa738f448dad8e3ca14961e85884d2838a367d0,Benign,mipsel,mipsel:291380959040917518,false,train
cf4e7cf9c63bed00412ff8a0530974d395f9255c7f62b44aff36e7708f671f48,Benign,mipsel,mipsel:7289213267390301950,false,train
cf517144eedc002c45f7f283aa3b08cfdc4f71cbe60e1bd2a1428d721d80e459,Benign,mipsel,mipsel:11012619685584435934,false,train
cf95093657e6866c818e99e4157ce5ef4b6307a6f55f9b00a6aa7de38fe0439f,Benign,mipsel,mipsel:9299736264058540698,false,train
cfa212d61b83ddb3cc4e1b9ce2e17043b0d59b80e08a5209366974857894666d,Benign,mipsel,mipsel:4194741862974060539,false,train
cfae32e7fc3f7e8a0a405e196ae10e2b6c63ed8e6b0d4810785c12dae53f1a36,Benign,mipsel,mipsel:2892483142926146410,false,train
cfbce578171dcc49eba3ed63be7845ec9df9870d7e006aacc3cca5aa2b847345,Benign,mipsel,mipsel:16338966961360085051,false,train
cfd30f4149a751c812142306288e45c2ce71296edd381683a383478d4bccbc06,Benign,mipsel,mipsel:4434367473269304397,false,train
d00a6b36ac8c6ed1e94f82403983cc896b16192981640cdaad2641a84aa10f36,Benign,mipsel,mipsel:5676903509642800726,false,train
d017249b0f8eef387275fb28182f271398efff99b460434cfd54297b8e843fc1,Benign,mipsel,mipsel:4871076483596911843,false,train
d083c5d38ed77c5f97cd310b0d00ec9c902f40d09e6991b4033d065d88bde1e5,Benign,mipsel,mipsel:12250745024375179791,false,train
d08439d8c7a5528fb3cf68f3a38e46b22d00b05fc919a265d7fbc27d7e536df4,Benign,mipsel,mipsel:1371629443280749878,false,train
d0b82b8876c29bc5764b0e32cbcf0e48467b8c6d6e20d1b9158f9eda5e805ca4,Benign,mipsel,mipsel:15453144814673873067,false,train
d133aebada355210b03dcfc419e838e8adb4ea173b3303b6b6cebd19f0ed760c,Benign,mipsel,mipsel:12017636633235381494,false,train
d1617bb10ef72a4a967d42474c590b4523b15676b0f54ab4bfb007bef212d76d,Benign,mipsel,mipsel:169166153737106342,false,train
d17bfdaf52d607ab34403375a3fcaad4fb7aac85446b9337ea38f2ec1c4c873f,Benign,mipsel,mipsel:12141098697135337216,false,train
d187abf5ca5e269d12456bd92dbb24e9fab19dd76462dceb1d14544fe81823b9,Benign,mipsel,mipsel:10352847332930680776,false,train
d1ceeee14798c2ffa3598d916c246a223e0340d1ef8a2481d1af7d94780ad1c1,Benign,mipsel,mipsel:15091428602752266037,false,train
d1fad82cb514ea57dec4363c2e5a7e688d737d1544fdd5ab42fd0c3f6777c431,Benign,mipsel,mipsel:7912240640694806730,false,train
d210524c31f641189e7c2d8da50a77c5b79212e5babac3970d4765b134e21a64,Benign,mipsel,mipsel:1961764564883212854,false,train
d2166e332c52c01d7739d34b7771e11f891634f01a55c7e383832aaaffa35d94,Benign,mipsel,mipsel:8532444722133058940,false,train
d22a8bd9869dc2b457b0cb204fb033206317106a33217a2559dd291ee8695de9,Benign,mipsel,mipsel:15632592443296750235,false,train
d232aa772f4d2d1d1b5bedc904ccf8e331568a10ee121f636b64e5f78bdbffa0,Benign,mipsel,mipsel:11300244272014202905,false,train
d235f977003ab89aaee8398e6ef64ff13985e5fa9a270e302c37d1affc1e6017,Benign,mipsel,mipsel:14881814385197508406,false,train
d244eed06f943997f43298d053a499fe2ebe7e55ddadf79d6278b8096d95ac79,Benign,mipsel,mipsel:2356954716457135978,false,train
d250d6d3bc50d69ead34af176e9da6ef79ba243c32f511df0fdb31aaa4a4d7bc,Benign,mipsel,mipsel:16980032196809565652,false,train
d26dd5e59f56edbca79cb42484f900666806ca156bea617930c4566b3ca47dec,Benign,mipsel,mipsel:15968463691663527071,false,train
d2bfd71d29a777fe7bdb8969d91063b1e8acdbff7ea90346387b59513a05f077,Benign,mipsel,mipsel:8774344476039215988,false,train
d2c3d22de5e88d5c8d51f82c907099005c991cc42fa142ba32aa1c893544507a,Benign,mipsel,mipsel:16658024481042998153,false,train
d2ddca29fe1df3d6a71e7f90e4b8ec6c196fd978f420b178c1ec17ead374cdcf,Benign,mipsel,mipsel:12077228428941333100,false,train
d2f25ef1080a87d8cfd42a45db5aa343ca97b2902b693d02ab56eb9ae8f67c5d,Benign,mipsel,mipsel:12654811762750584779,false,train
d2f39e4f4fb6650c3ccf98d13a1a015677d6b5034c0d177d8162979cc4aee9ff,Benign,mipsel,mipsel:18303521774359895306,false,train
d31d812fe5e1d2e176c19bef355c70c13ed70f00a7624f41e1e34a80a64aa48a,Benign,mipsel,mipsel:14206010942953956762,false,train
d320c554f4ba893bf9d79f8941a27525727d8a9f95118f435e3aaf56cf9729bf,Benign,mipsel,mipsel:10879891064964078070,false,train
d3328b535b30e7caa98ffe7efcae5f960a785014ee8aed94ac3810acfb806f35,Benign,mipsel,mipsel:13394101975848729948,false,train
d359aae689ee7af61a0e77eb839b57adaeb400eb854df2ad4c1047b90cf1561d,Benign,mipsel,mipsel:18127439209425237790,false,train
d35e9d6c3151788faedcda4a7f313fd9b47823f65d45fd182baed95c1e711c0c,Benign,mipsel,mipsel:9937969429385278721,false,train
d3765a433f6c6a49a9745db90d6aebd18367e087cf1f32d0fd497515b07424c5,Benign,mipsel,mipsel:16898865743845054607,false,train
d3978df965fb6d8218448a2e1d14513551830647abf09d215232e78f2d690570,Benign,mipsel,mipsel:7362508540944903192,false,train
d3b17e80ebc42a9417206e2a1e000f1abadf8c64188acfa16bfbeb680424f841,Benign,mipsel,mipsel:2469589895385426110,false,train
d40442ef5fd1f7f63dbf4fd3aab3f6aee1ff240b63ee4d1d046a8e49461d9628,Benign,mipsel,mipsel:16407309373130305721,false,train
d47ceeb9f95c72d5c2fa65cbb57a22e609f54cd925797368a0517826ff2a8b84,Benign,mipsel,mipsel:1021033931348535688,false,train
d4a47f93387fca4af4f586658396313e1bec99db364cfa98950923d1614289bc,Benign,mipsel,mipsel:14100615316298129075,false,train
d4b5ce3354d906eab2ac26a5e2a257490e58d927e14db3639f922651b3022079,Benign,mipsel,mipsel:15489218695436945094,false,train
d4b9f2f9571fe98e4bdad36b7687b7c78d368ae51a76dee78f1231f45df85935,Benign,mipsel,mipsel:12817589988720444115,false,train
d4bb2866b39aa2ddbd704f592862e80023b655476ed683ecaf13f2601bdbf447,Benign,mipsel,mipsel:480785646554940908,false,train
d4ca32f853338bc6668010ec549e8044aa29921a1356ff969c54e85b19c56b79,Benign,mipsel,mipsel:7545553424297831216,false,train
d4d70acccb74975f9f5d77eafa6068d0fdb3faf1ae8e593f69c19f223bda11f1,Benign,mipsel,mipsel:13676161612748699589,false,train
d54eae94ee0d83c1990e1a57e7d53f3376247af9c4dd829cb9cc3ca166585c01,Benign,mipsel,mipsel:5136623847812465062,false,train
d5a786930003d8344b055e682e3827d0d33a0d906ae7f06f9a1082ba6b736c72,Benign,mipsel,mipsel:16160128318307714726,false,train
d5f51ffc23064563c4c54ff1d5d08ef39dbb4e2c8bb6fd29da73db600b8d5a79,Benign,mipsel,mipsel:15039148290033654742,false,train
d60b556932e9082fd5debdfe998402ebd841eed75f5d128780cbe3c0bd7744a0,Benign,mipsel,mipsel:4728528770839400865,false,train
d645622fcf9ad988c113d4b1db924e85113de94e10fa7d47886ea134eef0a1ff,Benign,mipsel,mipsel:17415243643992663676,false,train
d65455655c3cc064360a0512fbcb762529cab15e1a668f58222bd4ca3b9bd00c,Benign,mipsel,mipsel:8041444297334920576,false,train
d65674af6245c643120df9e8bdcd9ec9340cd6bc403b4849ba7aab16cabf7dd6,Benign,mipsel,mipsel:16978791497838199876,false,train
d685293f0686a2a5007eee5ce608c0479e39caab525b5091ba378ae1ef3febbe,Benign,mipsel,mipsel:12068641361501215986,false,train
d68f29a2ebe7cf7987c3dc065b4ffaebe94b440abbc6315b9bbc9d23c389331c,Benign,mipsel,mipsel:6511416200194209840,false,train
d6999c52a7617a47d8df45caa003b178ba880848162ff357ca344d444dba08f2,Benign,mipsel,mipsel:6919480963249033382,false,train
d6c87683b7886d83996e0b4f4423696ec167ff29abbf9a6accd1fe03817c2d4c,Benign,mipsel,mipsel:17041965451028074733,false,train
d6fad151db1d1c35e9483b7302f31b3bcaa5a704a99a6190ba19a0ad77d8c08f,Benign,mipsel,mipsel:2555585985150012106,false,train
d71c0e8e4588ef7115199b587e2790b2d4fe3729cb1fe687a5be7657c62e6b75,Benign,mipsel,mipsel:6532468954789356000,false,train
d720fb0f1bbb8deee8dba3af25773dcfacf45ef944475ee719ab5f7a0ea16d2a,Benign,mipsel,mipsel:11499834785671763190,false,train
d74664b7d2ba61a25c04686b07f8eff78458d00c726d6858c167828ff6e20e9e,Benign,mipsel,mipsel:16317680686265806598,false,train
d7a90d965994c2b35c9b61ebd9b5ddfd597a300000a60e1539c71cf021c2f3ad,Benign,mipsel,mipsel:2344949024075505788,false,train
d7b3307f0297f8e285dad4e63540ea21b6022713e444108fdae79cd9a5a066e4,Benign,mipsel,mipsel:7274974228449880280,false,train
d7bc6d56f8dae6a95b223ce36ea2380634a71597822497250fc6ebbfdaf7c030,Benign,mipsel,mipsel:15663443563408403121,false,train
d8092aa90db39de3ff20bfcdb46d0d915355ad68f324b3ff086e62e326754e85,Benign,mipsel,mipsel:14014409998825351562,false,train
d828a03afd2732179e8c278ab675b002a86e63fca794d8003635fd50dfeb7ebc,Benign,mipsel,mipsel:2764432670756201900,false,train
d8928c49ea051f51bc252c1f422321c0a7b2694258475d27b4011edce2ae95f4,Benign,mipsel,mipsel:3669784710778583834,false,train
d8af56853af7629baa412b0e4f3d9382865753135b37c7fe895d2827f9ae459a,Benign,mipsel,mipsel:17052979812193260443,false,train
d8b2d37b1d36ec72261c1a54cb81ad78421ad2a4449b62d60f3d21cf26c7b053,Benign,mipsel,mipsel:17675902551338753289,false,train
d9285c1ad4ee32e8503383878dd30159dd4c527581c340307f597d854a18df8e,Benign,mipsel,mipsel:12221851828358239503,false,train
d9647a760d6351a808e7534967ecf143cacecb2165964683f29fc2b052253462,Benign,mipsel,mipsel:6431164422103241172,false,train
d99c21b720b9d302c5174f091f34c6871af256c5147644779a7f476364e717cf,Benign,mipsel,mipsel:8935870967345785123,false,train
d9a64e9f57f79cf0aac89c0eaa52c50703533b376b7d5a38debb405d0058ff49,Benign,mipsel,mipsel:7893377894549596056,false,train
d9b15072baed266a98b634e3da9a79abc08b24c8a30ca0bce08dd570993638de,Benign,mipsel,mipsel:17335899790531728863,false,train
d9e6566b9c7b9d460aaabab132cc74b05f48d5a04d177e0d9a17abead4dffeb4,Benign,mipsel,mipsel:6928235062854611688,false,train
da10efd544fb3d006d10deb5daf29e264a1ed9f62c2dcd791ec814e79543b944,Benign,mipsel,mipsel:11878772073705759480,false,train
da1ad02cf8be4988a6aee7e7033e121a62e1625d6b390a72d13d969670e13c44,Benign,mipsel,mipsel:13625314216225593838,false,train
da539a9a2c25dc58e7829a345a6bff6da51e7f21f3491dfa369d599a9a3d251c,Benign,mipsel,mipsel:8033226403196145776,false,train
da59f97c990448e2ebbca10c7b9b4690b9ae1a9be27e06241c6d3e716f0d9e5d,Benign,mipsel,mipsel:1102645977035089532,false,train
dabb6317e253bd4e34e339866668b127730621f104b9cb40693b381472468cbc,Benign,mipsel,mipsel:11655639297830381930,false,train
db03f17347eff1cb31e4c792334cd45457ff897558a2b25eaee67d71a2a799e8,Benign,mipsel,mipsel:17530528314849206112,false,train
db2c9e20e82b5a903b759290b7686df3131afc9e36e8d94785658716eae7515e,Benign,mipsel,mipsel:17719279642013816349,false,train
db70630e0f8f1adf29def0db885b5658f4a669b6a559f9185d30a0632769163b,Benign,mipsel,mipsel:309946441319052513,false,train
db8315f7f8471f8fea051db74b422b7fc8e43330abcd6c060104265aa5a334c7,Benign,mipsel,mipsel:15142745946713985565,false,train
db8d4e2fd6e5d3cee321e6ce44124958badb2e5b421051586fdf2cf4934a4150,Benign,mipsel,mipsel:10463201062979347634,false,train
db8d8194e8fd3527bf017b36f82ce0c50d1976d0f75b9fca886532b08ba97a59,Benign,mipsel,mipsel:11810687163757798698,false,train
dbe02ac2dc0125091524c4a68fd2e1fd1e4872ae19775b3524f5332893984b6e,Benign,mipsel,mipsel:2245233375169952663,false,train
dbe55c42400da2d039fb17e86ace1eb2a51180bec5267aa7f0ed1621757ae9aa,Benign,mipsel,mipsel:5943351312101584005,false,train
dc09600796127e24c1e4c0626fbc252f56182cb7c233ad70b4de5817c1fd4e40,Benign,mipsel,mipsel:13557413348877036197,false,train
dc3313eb7146b3bd8d45b132ada20aef6ffa50e9af609bfe768678242e3ee636,Benign,mipsel,mipsel:113437608524868460,false,train
dc3370ed27cc12c8f436e79f14939bcce07b0eebc0501f7715dc91b7a6e99e11,Benign,mipsel,mipsel:12922006713375773700,false,train
dc3a4e21abfc343b927f599366300ee84ed31d9ba458eefb4c092694a4c62d2d,Benign,mipsel,mipsel:7641640477597818744,false,train
dc61e7f8e83bb4df369153fc9cd1067e328b4fe8d42c5cf141970e17f25a8e92,Benign,mipsel,mipsel:1677058294260069593,false,train
dc8afdbdb5f339cec7dd3587a8b9d322c9c629859da245b233895eb1661e5cc8,Benign,mipsel,mipsel:9890864869575118791,false,train
dc973a9c0e6559b3ff876ced7b51407525802020955191d2d2b2740525b31bf5,Benign,mipsel,mipsel:4681447675941675104,false,train
dd3c5a5f6e45091625e66417db525501b28c5ebb692c2184d999c446acf8ce3b,Benign,mipsel,mipsel:1782765482283889515,false,train
dd3e56da55c48b49a088a0c044b58b4399223f9be2c9f389709f1abe1c6dfe48,Benign,mipsel,mipsel:10413148311648957643,false,train
dd48b7e0aa309670fbb964bd68cd906ad42e1c12f29b90b7eac40ca8cfa1b8ec,Benign,mipsel,mipsel:10344718463277269498,false,train
ddafd10ecb25c6cb553d7c0eb278802bf9f040508afb5e0ada06827225f0d73d,Benign,mipsel,mipsel:6057479650924495858,false,train
ddc3b37be567595f4f1032e3eb10d8fcca6920d66c0cc46e8e6255b42e0dd857,Benign,mipsel,mipsel:17956432215401043193,false,train
ddcd78a8e6a13974768fd5dc3a0fa6b8d067e5d9d4d1a3185c6924ae8f0ca054,Benign,mipsel,mipsel:17107150034176783167,false,train
de24ea7c906a501dd15f078c047a9b6c993102df4337083a942ea2c9c7290733,Benign,mipsel,mipsel:8577401528031794062,false,train
de66f66a48c0f1e81a342b86dea929970843e8287787471ef3910b0ec678212c,Benign,mipsel,mipsel:10771420325981023696,false,train
ded72661ec728fa796cf363902a4684e26d437410c49b5a1d58dbfa63fe7394a,Benign,mipsel,mipsel:24667596311683372,false,train
df04e343e0f3f2a21ab6e1085e7fe47ed4f3542a41b3d364110f7d322046d993,Benign,mipsel,mipsel:2371807650672953086,false,train
df0d9702061a209f8013c73e7dd7c4aec4bcde3e6f03859ec60147950487175a,Benign,mipsel,mipsel:8669478154744793636,false,train
df137e3ac51dc3b07081167304f3a43556eda104e84a82c942727334dcde5d7c,Benign,mipsel,mipsel:9168557077411662860,false,train
df1c6f8c85a141b2bec3aa6587836151d0b61ee706012d75adf21ee5447668f1,Benign,mipsel,mipsel:12836263727278899762,false,train
df3067a775449287efcfda5838c1a16aae4d0993bf18afcf3ab286b5a4f88769,Benign,mipsel,mipsel:13132400755422557441,false,train
df320b6790ea5557cdf4c670f38b90e1c196fdb20a2526a9bf4d32d5f5f55ead,Benign,mipsel,mipsel:10806647385540745106,false,train
df9a38301e44d35fc5123e4ee591e1ca3ac0d05dc9116e25175e0e3f7374339b,Benign,mipsel,mipsel:3057424565359305165,false,train
dfa5536967237e759adfc17b71546f6eec502b4deafd3f69ac3a172a846ac239,Benign,mipsel,mipsel:1754283867193242976,false,train
dfc26fcacffabefd71f7104bdbe7277d13a0091396ef2395e8bbab72472199a8,Benign,mipsel,mipsel:12547169268631660139,false,train
dfc4c95457de45a7cf9784a3a5cd3426c8e4eaf55c301f89507306bfde371ce1,Benign,mipsel,mipsel:1595286885604996362,false,train
e077e3de730092ab8fa4bbc64fb947360d8a69af0a27b6ae5c2f6cb4520568bc,Benign,mipsel,mipsel:8220402416871742638,false,train
e0a758f99ace0cabb64e124210c6aa089d1f46aa33a1ffb2e43edb5c22fd3e63,Benign,mipsel,mipsel:2027585323225210573,false,train
e0b93ae7c21a3c9253af5909785b08985e3d37594140e6df7320eab9de37bcb9,Benign,mipsel,mipsel:343866014996794630,false,train
e0e3f3f4608279e76db0d50972f6e8f4941ffe57e289bff8c7fe188c9c2e258d,Benign,mipsel,mipsel:6754346558273150521,false,train
e10b5cb4ec9523fa4b096a55171d573f57ae9b827084f133294b91b2c9a7f5b2,Benign,mipsel,mipsel:8765751614821354593,false,train
e119028744a4f212b52b1516a85dacb362994cc7682e964d8e070e74fa719cbf,Benign,mipsel,mipsel:9942562734861678368,false,train
e16259b5cacb0b4f64de1d5a995f39037f09a7ea18f7e2d5672736ac31589cf9,Benign,mipsel,mipsel:4043115870663376778,false,train
e16c8167f4a6319809e140333a42685154d9a0b110401e344859dac772fb6ffc,Benign,mipsel,mipsel:5900222178722404259,false,train
e1ae4e9c7703e42a95e745c8d7bfed72a485fb94f55c4e5adf1c94654499d2d9,Benign,mipsel,mipsel:17958946507427688312,false,train
e1b9ef2e9a6ffb7b037fa5e2c6a1de1e0995fcd238a5ba8723613378fd449c6d,Benign,mipsel,mipsel:4187077003619948429,false,train
e1ba08133599939c0802ddc1e7c64549f09098a5738e696f9eeda63f056f088d,Benign,mipsel,mipsel:7395209541088406551,false,train
e1ed60de86947cda117d8d4a655a7545ce4f6f36b2d4c05eb43e084b41261727,Benign,mipsel,mipsel:11345193714927450853,false,train
e1f41aebfa0f9da1a54f16383ad6b3e6def226d98bca463c68c463ad58f76b04,Benign,mipsel,mipsel:10691713208557606564,false,train
e203151d58246bb2a9b2c1798a08f455fddf642ad4c9b650290a1c40c6389362,Benign,mipsel,mipsel:13090571067966055656,false,train
e218aaf58bb5a185a2525453806a4fc2300bc8784b8722de59c3f8cc1ae5eddd,Benign,mipsel,mipsel:17441211834220455283,false,train
e21cfaf8080d091e68142654fb76ce166fc7d30bbc7874181121c9a2dcd29aab,Benign,mipsel,mipsel:11662123143719280770,false,train
e243a59f96a90bf2910670e02833c5a54f2fc98390172e435abf0d0bd05b0b7e,Benign,mipsel,mipsel:14258268009662025683,false,train
e25a3efcf96f86008305796ed40e6b28188de6b81a8bcb4047a41d6533f3a957,Benign,mipsel,mipsel:9155774561132264101,false,train
e265bb9324e3a6136a1064fab15bb59983cb8ae34d46c9bda4c8e725d58c3d29,Benign,mipsel,mipsel:6924711363516898826,false,train
e28ad70b5dceac80e88dbf965d09b79c3fb714baf10bb5765658400e9c8a94a2,Benign,mipsel,mipsel:18207836703477728082,false,train
e28f3b0e78b13bbecaf74a3a6f6003bbdedda355f13f9aace31b1eca28bd2306,Benign,mipsel,mipsel:12413277018684638646,false,train
e2af03194cfcd68f42ee34860dc30cbb303b4d46ec9a0b198461fde8a5cc66b5,Benign,mipsel,mipsel:16026273158548348095,false,train
e2c95444c27572466a50d0299b95c9db9e7a048d3e70c7fd5b5ad85687573149,Benign,mipsel,mipsel:16484457665665948538,false,train
e2cd0001c57d99110f8d6163627becabddc95650cfafe4f21a5f63bea44a0ae0,Benign,mipsel,mipsel:17859822459939936996,false,train
e2f3d5e93650a9596c7c22bf409959ee268a7a3d7c0dd49c697bf68c270f165a,Benign,mipsel,mipsel:5961995726732050098,false,train
e3030599cbabf4e0f6d3c61461b4a78e062ccd738a2d842b3130e2241eef22ff,Benign,mipsel,mipsel:3894108096121151482,false,train
e33ee8936e9019fb831c77c54a6ee6b460aa5bd7d3b0b486f73c08504bb05502,Benign,mipsel,mipsel:3118657367222088561,false,train
e3422e8c2d9922aabf4d52b97d1d92b62a72720cf2a32d3120b54480edafbb64,Benign,mipsel,mipsel:10680075438977178935,false,train
e34eeb42d50b48dce4536c6379e94d306960d5ad9298e3222428b715d41f38a6,Benign,mipsel,mipsel:7477926950158536722,false,train
e3aa775b59632bffa22c4229373a90578e162769d42bfa2e139a258f54caaaf2,Benign,mipsel,mipsel:1678130709637520272,false,train
e3c3fcf215260a25bc06cd592265be916e6f78abf018f86d894400f02da78e0c,Benign,mipsel,mipsel:4774172221039170188,false,train
e3c5f80e3496b67e46a52467aeec16cd0b7f8107905c1e87333e024dc47c939f,Benign,mipsel,mipsel:6588234436228278488,false,train
e3d08f35699e74bfa991c633fbd1e5485310c7e81c2eca102d95bd00885da183,Benign,mipsel,mipsel:1168952727820241729,false,train
e3fb65a9ce1b904b14e0f4a3b4687f0ba43edbf376890c77a2fe18138f203eaa,Benign,mipsel,mipsel:2937974228509542129,false,train
e41347317fbd92fb357de60c0817f3b8aa16389661dd808022b6d245c848ed2e,Benign,mipsel,mipsel:4032978182460767787,false,train
e41f061d471ae94cc9f16a3a3d0726060b71f51a8a3e9410e3ebd2551bb44f1b,Benign,mipsel,mipsel:6436964040494291087,false,train
e440a76c3eccdb1ec63b8c70169569898baf1103767d2a1f487b218553f4224f,Benign,mipsel,mipsel:12225496670291733504,false,train
e44acd1967f5867ec3506257e01841a15c082849e363da1c144beda575823421,Benign,mipsel,mipsel:4166977964116443056,false,train
e47b047560293b2a85923d7a44e6c709ff69b4690361d49ff35d57bdd2594f75,Benign,mipsel,mipsel:3694611614953287783,false,train
e492f1da16209dcda05314997b491bfa24c079331e2dd62a0535962f238ecb60,Benign,mipsel,mipsel:17455685085324320411,false,train
e4bb11e1ad57b544f8984bb8cf6597b6ae3edf8d8d03c5cf102fdbb399f024f4,Benign,mipsel,mipsel:7412503984902103015,false,train
e52a0075bef2a4a4d33877120e9af54cd2887bc6dbe956167817ce292cfc0eea,Benign,mipsel,mipsel:2398731847204204814,false,train
e54cc77095ba4ca24d31b1feb9edb218fa7f6ea391c309ddec8917db0c442b6c,Benign,mipsel,mipsel:8120973038544069081,false,train
e54ceb5f63bb16e4a22ed681ac5106a4458db78d5ba3260c2da76aa013bc99b5,Benign,mipsel,mipsel:10313247288253082302,false,train
e55e0f0fed0a17863788e9ed464000bec4facd09dda5abb45e40f7ac943be590,Benign,mipsel,mipsel:12277298139260159169,false,train
e572c902df8c8a8c0179ec7bce481d65a1fee236e47685387017e4a824e7b326,Benign,mipsel,mipsel:11682098205306551578,false,train
e582d9610c5c23fbaabb9eac3c9cda393fbe00a52a5cb94c23dea1a99dc4acd0,Benign,mipsel,mipsel:17420494198673133890,false,train
e58f0c14110cb73d210064ee8cbaa101d71b3b8f6723f88280264dd06035cda1,Benign,mipsel,mipsel:9134403758184718491,false,train
e5bd217623ea80a4cc1b13a219d523495029eeebb7d279ac52dc72df26d6175a,Benign,mipsel,mipsel:15588779504635238551,false,train
e5f517823448fcde5bd13204052eb70a3e65abec86196a4bc10857d0857553d4,Benign,mipsel,mipsel:5025617347415378803,false,train
e615d69e0de06b71a77807875caefe72ce2777ae7f67acc01c0e910299dbd4f6,Benign,mipsel,mipsel:18343436374740418960,false,train
e6256fe66802ce063f23e3d6e283ef119599b290e212a3a7876fa218722887dd,Benign,mipsel,mipsel:11937512044133543511,false,train
e62afa0872d391e0ba2ea7a51a08773d1feec4e928a904c9311074229ea99aa5,Benign,mipsel,mipsel:13911436869361322402,false,train
e62dbf18faee3389ebb961e9c9605dadda958851f993fff8686a2845f7aad4b8,Benign,mipsel,mipsel:4023845553162241333,false,train
e64adb3c387efaba1339e3a7517d32c1368f96d5848021a6f5fd7463f4593809,Benign,mipsel,mipsel:2531049626891915450,false,train
e688da671a14693345e969b4b00316330fbd2798a9ab6487aab3b78528524e74,Benign,mipsel,mipsel:10640495291703910222,false,train
e69dbb813e9c4d429e8f851dabca0bc27126aa86d369da1d5d16205938d0f988,Benign,mipsel,mipsel:5723606973816288514,false,train
e6e48053db9a35ff2ec7b23cf4ce38a8f05a8f10f44c1eac62c32de17557afd9,Benign,mipsel,mipsel:3966965024216970102,false,train
e6e8f20f6bc2e226dc2ed732dc4f29fc2f65bd75a600ce4eb6335cf3af82b901,Benign,mipsel,mipsel:1687686582899804117,false,train
e6ea0f8f13279df9cb6b4b2116e08270a66de049f7e700b365db757d52873c48,Benign,mipsel,mipsel:13621470924721887361,false,train
e6fbc9d34cda201fb4051b921b45776b1e85aed62c1a922a3e04adc0a2698cdf,Benign,mipsel,mipsel:15174208032831109085,false,train
e73b6f27f603cbbf8ef87da9a63b35264b17baf66094a0e832f9f83493c38088,Benign,mipsel,mipsel:17921531037594193847,false,train
e74ad4be0c083c5581396d6f7434d9a5bf7434e993742fbf1998a375509abbbe,Benign,mipsel,mipsel:3566512548544683916,false,train
e76574af15d37c437c7dec0c602f2877fc482eb0bf147ffb455662bbdc248c5b,Benign,mipsel,mipsel:5409123389677976365,false,train
e7a8ab2c8cd6c953b3a6dc813f871559020dd3c83d77873a92beb2de47ceb48b,Benign,mipsel,mipsel:14042243495349552286,false,train
e7e161a07e207d60647810541f2d1b386e377c8169625c59aa5da5c08726a880,Benign,mipsel,mipsel:10006804677466741540,false,train
e7ef0926499f9b22b9153e3b53a58c3dd85342af9aea337e45bfba773fefe0c2,Benign,mipsel,mipsel:17772323894609404054,false,train
e8041ddf980c6d20cb51133bae39c8642fad23147bd688e044a1912b074709a2,Benign,mipsel,mipsel:7784516844842002922,false,train
e842cd5353db46f840991a74f20249056a85fdae3f79b240627ac5a8f4bdae66,Benign,mipsel,mipsel:12386737799378990465,false,train
e8644c885cf57e793ac6a7261d129922f7a752058960b043ddf58f16f7ccd6b3,Benign,mipsel,mipsel:652797406800921835,false,train
e88deac163f9da8cb4452fe1f5c8e1ad83fa1604aef7aad49bdd771b6433f7c4,Benign,mipsel,mipsel:15039621984139738916,false,train
e92a7d7e8515847998883b3df34c8b9647fa639e0333ced8f968743422cd71aa,Benign,mipsel,mipsel:8607530894887709049,false,train
e92f6d91e265f2b88aca35008de1183071236320f67b774fe8785ca778911053,Benign,mipsel,mipsel:8020799041370094562,false,train
e9378de9af355f5b1c3e5d6b5375c9e5c2e2d4b9eab6d065b0db00d84de4c3ee,Benign,mipsel,mipsel:6501692812485476733,false,train
e944a42aec2a1931734d7ecdae555458b870144c77cd96355623ceae6a219400,Benign,mipsel,mipsel:9375288067004494103,false,train
e989135d20c19802b90ed57bccbad03bce6099ae38017fc8345ddc72264c5733,Benign,mipsel,mipsel:10878288328057280473,false,train
e99c6dd0f668c40b24f50d7366cc59369231e08d9e19731dd3e52ffb8c211213,Benign,mipsel,mipsel:7326100327965993608,false,train
e9d19410494bfcfd1be05c2f4f6c8811207f77b6f8be8492eb9e7ff4124055ce,Benign,mipsel,mipsel:6275971822871277878,false,train
ea0893c617d506ca914ff333a606e6a1d8667962ae69b3c6635d53fbd15851a1,Benign,mipsel,mipsel:13110532711548410390,false,train
ea7bb0ec56ac70032ae5d15cb2972d1b15884002149d0a8ffc1ae9b4a02185c3,Benign,mipsel,mipsel:7460593051004642444,false,train
ea94dca78283a36e18eaea7c801ed9384e7933b05e1206d265df3bd122c41078,Benign,mipsel,mipsel:1711155913961204795,false,train
eb215fc659abd15072035bd48b7ad6eebc10072704a4a7f9c6f7aa3c5a86a103,Benign,mipsel,mipsel:5927252230105994978,false,train
eb29875a415f3687d838101b4263c5c01e34b3d0cd35b53692ae9854ac5d057d,Benign,mipsel,mipsel:9619863774214494624,false,train
eb6a9c75a54b56eef1c567ea1c7ec345aa3e1b061c67d496286961d198ad0ea9,Benign,mipsel,mipsel:15399413854989485548,false,train
eb6e4c1276eea2faf92146a87783a55298f3f908705d228547ff26bc941c6559,Benign,mipsel,mipsel:2452471505384640716,false,train
eb7686e02c813e8b48d91cd36ef110d41ebad17f02a6d8baaa06ca316f70ac50,Benign,mipsel,mipsel:13064659736797953019,false,train
eba57e58c637176933daa9cf09af438d27d63e689569d04596f9a3239c3e7954,Benign,mipsel,mipsel:14653901115377211561,false,train
ebb9f97f2a709dd8bbc52d0a7720a76d76722d5b3d5aecb834c7a385d2011d52,Benign,mipsel,mipsel:5889524925151924930,false,train
ebd29a80e87376d9bf1712a4f66eba685c85e77b677a22253d1a11686f8010ea,Benign,mipsel,mipsel:3387069004324474482,false,train
ebe548952322994418ce7e90be910873f20083ea23ea5654108e9f64ae6e880c,Benign,mipsel,mipsel:7514470609382111912,false,train
ec18e87f979390a769e22bed7ac200026ba080c6467f546b0538005661b91a36,Benign,mipsel,mipsel:1196269353180762114,false,train
ec5b35af677e08a694212c1d9e3f2399952f433e621114bbfdc66983e89b7221,Benign,mipsel,mipsel:6750549794401611514,false,train
ec5bca716ac73bdb4d85963c1fa634d416e2710b0113add7954c6b56a3fe74fa,Benign,mipsel,mipsel:10849079677057299729,false,train
ec7ed575add441dc407a25cf2d7373711bfb0125c0d8f92b65704795e5ac8cc4,Benign,mipsel,mipsel:7767098932179078427,false,train
ec9383b96ff36d9ddcd8c8caa09e85f8b4ad02f16f45cb03aa950d9933143108,Benign,mipsel,mipsel:16926574226623614165,false,train
ec9ec684e7b831c65f82e5576eb41744702eec7d68f65f16293d00afa98a517d,Benign,mipsel,mipsel:7881567574687865785,false,train
ecf2ceca82fd886a9e49ff6f4ce1ae86d9ffa0e9c341fc2edb34fdd21fa776a4,Benign,mipsel,mipsel:17334423923808308557,false,train
ed11c6d8455fd6bea26bc4ea741217018a61052ddbbe01ef3d1ef6431f3a1163,Benign,mipsel,mipsel:2013456832497647353,false,train
ee05ad65e64c3059d463bc965fd467e26c2ee1ad909c35a7e9a06bab744724a5,Benign,mipsel,mipsel:11631115576385412113,false,train
ee071481acecba668e44a18c54ee3871505c1ab9d3d4962589a2b3f105cbcde5,Benign,mipsel,mipsel:2500533217874757514,false,train
ee8d1a2732260d0e574eadc851fb0fc964f8b01426a07e4ceca8a0b1185e35e6,Benign,mipsel,mipsel:724461926461714248,false,train
ee9279ae23981feef5ee3e6153914280271e4d733ee645144aa38377e328a06a,Benign,mipsel,mipsel:18371277680174769998,false,train
eeac3bf63e64d0676365a37a6597022ad6b682a15b116b9916fad6618529084d,Benign,mipsel,mipsel:5930541653961976220,false,train
eeb46107f6c3f0ef83661b93639f03bed9561382e831e92d26795f2887ed8eb3,Benign,mipsel,mipsel:17590157176147482179,false,train
eeb61883298fe80ad0380963b56971185b7c143adac0d6b9c5e2a62308f3f8d3,Benign,mipsel,mipsel:2870029029155090753,false,train
eedbbabff4f27b4695385c0a9fd04cbbf881d2d916854a599d9085043cf73600,Benign,mipsel,mipsel:13035958299398397741,false,train
eef8d97bd7465c1af374a8345655d343a6f45197e6341d9f17fda2bc339ab52c,Benign,mipsel,mipsel:7439122987303625278,false,train
ef4226b9f87d85010e3bd858b19ce833523ea914ba4af36903de4898ba592ecc,Benign,mipsel,mipsel:5028015425194508814,false,train
ef4cebee406bbd62095ca85216b677244752fd2755a67b72c93bbebb28b36455,Benign,mipsel,mipsel:13794561536120862716,false,train
ef84c6866139d71b57a96e5275e47d11ac143e5b657c16f263a1d14de757964e,Benign,mipsel,mipsel:12271544923706999418,false,train
ef8ba8b55d3708697af732b9b63ae361b6ec2bf854e0290c5914efd355cfe943,Benign,mipsel,mipsel:10971201524231161633,false,train
ef9080d855ac736a4297413f83241fdd1c266558fc3976403693587d96083cab,Benign,mipsel,mipsel:12535862254900442910,false,train
ef986b5a3ac473254d4e5b9f5d10bcefd3b29493141493e91627db4f3f4f0631,Benign,mipsel,mipsel:2687048584014524363,false,train
efa4fc2332a2ebd3bf94683a117d146b7271ff646155e6fae83ddd0e39f020f7,Benign,mipsel,mipsel:10946670522523949416,false,train
efa72663c6b122f15b6e6506bb3219bbbd47f76cc188ab7f3927be5177f95947,Benign,mipsel,mipsel:18412635863000326397,false,train
efb64b13c20a002a4b6b987803ebcef34e91da5ba9c0896375adff4ad2f9d306,Benign,mipsel,mipsel:12953776273414812862,false,train
efefa678494bb788365b4fd1d52541a54ad51dab54be4a4d69d67cc44d2acd56,Benign,mipsel,mipsel:10260749777797523679,false,train
eff294aa50a19bcc336879b53bb4794cc5ac6a403323d52104b38dd8430b4967,Benign,mipsel,mipsel:2073334296581420132,false,train
effcee720b12e2eb6aefa5c09768c83db45a2cee883e34611f03bce8974f0450,Benign,mipsel,mipsel:587046354635680009,false,train
f066cefc7b0c4a5928c8760cefa30fcdc7eb99e02d1ed9f939bd00b227c32a91,Benign,mipsel,mipsel:13920222022237585719,false,train
f075a5c57a000b8b272e34b42fc64015a79a59681cae80b393696055de54fce1,Benign,mipsel,mipsel:8433841987805488254,false,train
f0792b0a893966b57176453203a9f7086835c9267001d20aee63fe821f83ae4a,Benign,mipsel,mipsel:10980647960764040008,false,train
f09fff0c9cfc785da60d4b7d22291e90d2aff39d04db9e8452836698e98c77bd,Benign,mipsel,mipsel:11666396269447677433,false,train
f0f65c41106d44101f312631219b324df55512262e0470eaf4c9cffa701ded7a,Benign,mipsel,mipsel:8747197832148645732,false,train
f11a74d18bb1ba273d91fa24a25d207c2a57cdc32a706be3852cdf99e8e0c7cd,Benign,mipsel,mipsel:4667887275516613820,false,train
f145c3244bb6ddf65d182a89762e8992372a8e0a4ad33a819223d95e58c5be5f,Benign,mipsel,mipsel:6969873297179664752,false,train
f14c1cd52c86355436d82d6e65d7b39b051e08b2df27df7832ab531ede1d5460,Benign,mipsel,mipsel:14501050902057819530,false,train
f15aac53b91c5cb8162d8c8ada322eb502c4fd95f3bd7d4cd1adc687176f0232,Benign,mipsel,mipsel:6796343229748219244,false,train
f161d1010c83d800891c3b878c6dfbd76497b263acbfe343c5fede0ac8e9af7e,Benign,mipsel,mipsel:5345052553093929848,false,train
f1650861e0f22a4b4790e17eef809233766f50ef60bcdbfda6700ea526f19416,Benign,mipsel,mipsel:3156472245110523583,false,train
f1a78372a3cd0fefef8234f5abd024ae8d4197b020766de5708c5f6fd68b5946,Benign,mipsel,mipsel:13080826740869404912,false,train
f227cf019054863a3cff0f2e35933963a789de6463aa7a5446059c70e4ce9d74,Benign,mipsel,mipsel:14818739058941842818,false,train
f2312299ff357c84c46c76ffe39e2aad9b6b86ef60c672c691da4333488308db,Benign,mipsel,mipsel:6321501500585341733,false,train
f275d59964a53da6bfc3c272cc312869879b20b84581736de66820431ff01742,Benign,mipsel,mipsel:12515600270508047125,false,train
f2be632c96889543b7033da62ff7c9fc024730ab79a128c64176c973ccfb5e4d,Benign,mipsel,mipsel:7002197031665883558,false,train
f2c73f68c4baaa630cfe7a77ba8161cf02905c07cbcdd1fdd057cb16586441c4,Benign,mipsel,mipsel:10394997254687660594,false,train
f2ea9024f8fe5a17aa7553f2557797672202d7db899545dbb7c6be4967feb0db,Benign,mipsel,mipsel:15694450986941499646,false,train
f2fb9852f98890598ed1495df6b62c1cdf0d314e02c4f18406c8eac82726bf82,Benign,mipsel,mipsel:9357535109113504574,false,train
f30776c49e4000819b13911187712193209a8a91c3cf0879815cc1ef61eaef59,Benign,mipsel,mipsel:15068850139067669786,false,train
f319cd363061c588498f2762e1f2569c8b4e10de31ae3fe422675512e86eb2aa,Benign,mipsel,mipsel:15956608504005687320,false,train
f32edec661067058bad701c77b694d22e5115ecaf9f01f4bdf6faa4f3d3bb4d1,Benign,mipsel,mipsel:9576148094188016296,false,train
f36593f56ba88f187c7650d297d4c7b8c6517bd1661101e6ca6cd2e666086e01,Benign,mipsel,mipsel:12803681561536271841,false,train
f38129736c83babe6388dff8f7774c84feddbff9f7705e4fc8ac7395a667cb00,Benign,mipsel,mipsel:14006865947413992469,false,train
f3d53951b724a4cea1c3dbe8a5e1d5bc41374fef9616e8ef039bb719b7e765e1,Benign,mipsel,mipsel:12388677925827340559,false,train
f441b956347c33f1d44f75c1d8dcd2c6881c8465d1e462385be1736f5d1bdadf,Benign,mipsel,mipsel:14801190341095779186,false,train
f44402c06bde7c69fdc687b7b94de6267dab03fbc4db2e545569379ccee5fba7,Benign,mipsel,mipsel:4264100794884193806,false,train
f4c0cc5bca1bc79d575d4b6ac3d8b8144f0686d56735200b87dba0949a88dd60,Benign,mipsel,mipsel:14451213166140382312,false,train
f4c328c853e26f9a4a6c77bbac0f7afe1e301aa3cbc7eb4978e2188e49c7d347,Benign,mipsel,mipsel:11945550648893814266,false,train
f4e20e124c153df714aedfee94be13203b115b49431135f97fa9d3b240b7eb16,Benign,mipsel,mipsel:16833211673498113710,false,train
f5861da0970d6d3c10c7698131a4ac49c0bb9f00fac12707e6ad686b04f30b77,Benign,mipsel,mipsel:9819408849271723304,false,train
f59ff714b76f1406b314a7e1ddf8beae6373b14caf7379a190b7dadc9dadf030,Benign,mipsel,mipsel:10504876799325971171,false,train
f5a30402200060c6f4afea3a2a0126803c10b336f81f13fc36109259267edd95,Benign,mipsel,mipsel:11557261968141469736,false,train
f5dcbe308169c2d7c3ecfe69eb3b2bfa603d8ec0f5264600761209aff2088b67,Benign,mipsel,mipsel:5131163815193141282,false,train
f60db96cee1fb10d9a71dcb50aa814baa5335de315216902791f4e7ee801f14b,Benign,mipsel,mipsel:15665227506259175356,false,train
f6126ed1fc08abe623741ce964aeb5d96a5943dfe50e910309bb0ce515265836,Benign,mipsel,mipsel:9676604607202063609,false,train
f614080cc83ba042518fa2b3c8ca204dfa75d8f1561b319de9a1a12e4cddd6f7,Benign,mipsel,mipsel:9115836285333408883,false,train
f635d7b010a66aa477ad5e119177e68b92f29652406b6bf9060dd4dd38e2e651,Benign,mipsel,mipsel:2495919994532939372,false,train
f63de2850f28d9b86680f8635f2c2fcc4877547e49f300f9825eaf446248424a,Benign,mipsel,mipsel:13223768990819298616,false,train
f6c8c220ab561a2f2c675ef616b499f133e7bb5b6b17381e1cfdcb9af1bea5b8,Benign,mipsel,mipsel:9076959386834366041,false,train
f6dbaf5defd5c9facc566cb40167e0cd9b5469dde9d91ea5dd513da03e4941d0,Benign,mipsel,mipsel:12365077106444582960,false,train
f6f97ed2a961ad850bf3b5a2e6ffa8c4e95653f26a02a421dd37ecb563b9a688,Benign,mipsel,mipsel:15422623229182327580,false,train
f76ceec6c2b7c8f727105b3e25eba4b1444f86dbac1ee0f7125746ddeb3baea6,Benign,mipsel,mipsel:2606083793797475922,false,train
f78e418d805eb8a30e8877cd80996f3bed0e120a522263930de515031e6a13c9,Benign,mipsel,mipsel:11799897188469228832,false,train
f7b12549c174b07d0fde77f93d5f10cfaa9b4e84a07e6109849307e251f7cbf2,Benign,mipsel,mipsel:5224373690835467567,false,train
f7b7ec2c06e29319ca5e63ed207bc57765ba3d67b02189cfe663c73da04900ba,Benign,mipsel,mipsel:10466518621492314648,false,train
f7c8186d994856fd4ebd30d6fd33bb67a913bbdedc7b31522505ecd264fc1de1,Benign,mipsel,mipsel:10924330101585998141,false,train
f7e1ef83c63c1eb29599082d65f0b635e7c8e7c1cb87cfad368b2d75f6a6bc31,Benign,mipsel,mipsel:758750691368750930,false,train
f809e27234b559ddf67a50cfc585632c3bb60b6fd9ddfd352dc9142a1795f3d9,Benign,mipsel,mipsel:4716456874828706182,false,train
f80a67808f66b1e3b25dfee1db4803365da3510c3bc865757f7cec61acde556e,Benign,mipsel,mipsel:2269775861864533783,false,train
f80b36d28692f8b4c9e0768071bbf260ff0763af600edd8f34fbc26807ce2bbb,Benign,mipsel,mipsel:4456300952615851625,false,train
f853c491fa0891c1c1d072ccf6aeb5e417d6da21ef2143a25ece501952144bdf,Benign,mipsel,mipsel:15285704647015264460,false,train
f8597da83ea30fff9ec2f145b145e296d5258cf5329f68fb972f815cb6f30434,Benign,mipsel,mipsel:10182421663075275593,false,train
f86291c90036e2b94b74ce17cc38952ba9e7cacddebf0e983ee728ea00742c7d,Benign,mipsel,mipsel:7614158816947250377,false,train
f86807df03de843f3f5b013f362949dd96a9403c42a893524dd8c21ed47e2683,Benign,mipsel,mipsel:7380116879420327172,false,train
f89ec8adce46beb55da2c536ad1a6d9c5dfc818bc8944fa151fb10e506ce6360,Benign,mipsel,mipsel:9360527336601273341,false,train
f8c7f0f495892f366ffa3480455ed45a7a01a20cef0b15bb22818bb46782d833,Benign,mipsel,mipsel:13457226391653469704,false,train
f8ea10371df6bc5fcc8d09340a71cb6d22a74265653ae1730e211b3fa6b4bb1b,Benign,mipsel,mipsel:3139559558311788682,false,train
f952229644d0c2d4ebadd5f8f1a502c633a5ea6f629948c4d161f0636255f2a6,Benign,mipsel,mipsel:2063164144097673402,false,train
f956004938d6243fb22803d0cc11c54d1c7351f28ace7c006ff135bf8fefe699,Benign,mipsel,mipsel:15403752502203249994,false,train
f972974653bc75a0a753c428c72c3fc1749f26914a6569bfdb3d95a381140130,Benign,mipsel,mipsel:16818011593331613603,false,train
f98a706ca8941a780f33296b27b81705ba766a2494d3f8017ac0f6c554598d1d,Benign,mipsel,mipsel:17590228383261279310,false,train
f99a4cd49f01377d87cb6d7dfc15868f6675b5263ca39ac9d01756d913e29291,Benign,mipsel,mipsel:7047091277421287135,false,train
f9af0ff0f9195364747808f849320e3aac6588ece200b07393f2b54faabe58c4,Benign,mipsel,mipsel:5290948380693489895,false,train
fa408da84f49031e5635762e2c31f644b28d176237646df1475035e3f169f86e,Benign,mipsel,mipsel:12410366759238037315,false,train
fa43b13a7d0e7f3a4ccf6270542449767ec86fa9f4e28171cbe900ed8561ac92,Benign,mipsel,mipsel:3066800594623682591,false,train
fa6cf757bb3c2e793a553679e59a07e920d27e576e1454724daff04f50e61581,Benign,mipsel,mipsel:3812033719457504015,false,train
fa79aa9d8dbe6943d5a9507113dd987a86a9a015ae5ddf5110d90f0b81e6bf38,Benign,mipsel,mipsel:16783664294860515543,false,train
fa7aa814310514ad78577c70b0ec3f4d6366ec50f9bd03834000b9ff28543cc5,Benign,mipsel,mipsel:8179157765261389315,false,train
fb1ec98b0fe4c9bcb3f180ab5a674d3638278099f70f68d171b926e1995b0e4b,Benign,mipsel,mipsel:15972160627935993685,false,train
fb4465aee30506966fdede5e319ef2847a89c3f117509cf441384cac6c733350,Benign,mipsel,mipsel:3420210679742165556,false,train
fb45f7b3d6ea6cd9a0ecfdd887c8bd04d79949135e042aadd109830706aac061,Benign,mipsel,mipsel:5152446614876709848,false,train
fb46ace669d2da5df4464abe43456488f7e9f6d1cddd7aa920dee41ba5cee2a1,Benign,mipsel,mipsel:13493158711466771524,false,train
fb6d114db13dc96c3a4ee8ac64c35cc6dbfb246986e1e9dfe1431b00daefde48,Benign,mipsel,mipsel:14990056427378375149,false,train
fb7a0b2b6a44cae6aa00ce67b606359c2a510cc1879f8b6144339b20fea55bdd,Benign,mipsel,mipsel:13930639707194872907,false,train
fb812c4e3ab5cccb077be8b1fffda0f8933d16edafce985e428b08f8ab9a3a38,Benign,mipsel,mipsel:10937130764531871346,false,train
fb9c871732abcd06fb4d43eceaa93180577edd6987db5db173753b28b38f8735,Benign,mipsel,mipsel:15734446121071274290,false,train
fbbb0b68e72e31fadd0e0bbe3e652dcb036570e56ab997c8a167b4405ec76f68,Benign,mipsel,mipsel:5138406989328292090,false,train
fbbea2381cc05e7169cf27d3275b411b49a463fd93434d7c32d2964a47000e4c,Benign,mipsel,mipsel:15762256831349958213,false,train
fbd911740a3e6092ee234923990dc9c64ed608f5d9eeffc1a1bb314f941c5ce1,Benign,mipsel,mipsel:16152926704589393716,false,train
fc31379e27724209736aa7b40406b18e4cd3b8ba66b1781613724a7a51c04d1e,Benign,mipsel,mipsel:7331231764609344373,false,train
fc42db47d41cf62ea243c096c240a1fc521116d9c576a5639b5126b5a0cff067,Benign,mipsel,mipsel:9107957363924792822,false,train
fc6d4952905487446779e3d8290cb2e3d57af5b75cc5a4895ea7732f3fa37584,Benign,mipsel,mipsel:11268465708809806981,false,train
fca926207afe54ce56ab46e7f2e10f9bd8b90e9b13a41a0ca7dce4a85636e2de,Benign,mipsel,mipsel:9494346329606455212,false,train
fcf450ff1475370a8fec5fb17b2d52ec3c53df4a27961c51dd2194dea132374e,Benign,mipsel,mipsel:8709549299241124512,false,train
fcf4be86b7b6619f4ba9098bc17b835aeb20793f66e27d78684fdab4123eac8e,Benign,mipsel,mipsel:17784023189015108115,false,train
fd2d18b6bc7a8453233525dfcb4f6684cb43683335e55b051c21c14c09495895,Benign,mipsel,mipsel:18269972765223500324,false,train
fd4d2a0e887db22baa16382fe57aea3cac8f1eec2aa21d74d02a60862528e602,Benign,mipsel,mipsel:73577197926815108,false,train
fd6364589fcb8ef1b0ed055d22663f188f4ae5f783800cef9257af2241b94441,Benign,mipsel,mipsel:7356951665124629383,false,train
fd63fcf4aba24282d8f7f2bafcbd86485f7ad3494bce87db3ccbf0176add4cc3,Benign,mipsel,mipsel:12349127401392746777,false,train
fd74c0acba3ec1d5db7c9b7aa0cf9e678a0f9024ff8a75b56010a4eb06625fc2,Benign,mipsel,mipsel:2001760892609003504,false,train
fd7dd988f7ad2e02cab010df904827964bc52655305f93c1d41a9f6a06d6a1e4,Benign,mipsel,mipsel:8151567248303741160,false,train
fdad27db8db798e90d62c3b53600ffc4d300b4f6f2b2d4e3429680a649685b52,Benign,mipsel,mipsel:12913812333133635936,false,train
fdaeea92ad89de3f92249e13f9ac3e5d48d581cdbd099f90474ab4cd17023fe1,Benign,mipsel,mipsel:9365105206824746976,false,train
fdcd99dde70c5220407cabcec4bb7922c36ea984532409b4887ff8b0011b5aa8,Benign,mipsel,mipsel:3406171989874688272,false,train
fdd28a9476aa0b5d65fa4f342cdccad43944bbce86b617bf5f9797d6ab5d896f,Benign,mipsel,mipsel:1686076219831515655,false,train
fe3de8f1c373f58615a0b11a5d0f7dbd6af846d7684e982abbd087ff32dfaf09,Benign,mipsel,mipsel:17821464508005661568,false,train
fe92ad6dc6ca7bf2c958656a9f2504bcb78cd19980d4df7096629969038d2fa6,Benign,mipsel,mipsel:7095571516652325979,false,train
fe9f6c501bbc151c3fd362e112547a52ed6fd6dc3e22c26f765a67d05a068160,Benign,mipsel,mipsel:7608067768974809397,false,train
feb09d1c077e5c882fe5b214af59fceee27534a6bd78b1a63429b07b9c98dfaa,Benign,mipsel,mipsel:16180650364108828760,false,train
fed4edecb4ab183dbdb1bb4b2dc0d1de3ad6a13ca553eb835bc6eaf038830e89,Benign,mipsel,mipsel:6914525075981199374,false,train
fedde3d5496f63f248bd9b0f3c42bdd495c489ee9a1a84f5b44a7b98d07b783b,Benign,mipsel,mipsel:715688554678123372,false,train
ff0021eb91144bd9fc5ce23a113e994a28f265398392cc0a21966a6eee320000,Benign,mipsel,mipsel:7339401209063413259,false,train
ff5dfa5e28327ffdcfb6aeb6ea1c2c4e773b41443389e22b6e613464ffda843d,Benign,mipsel,mipsel:4932830006905498624,false,train
ff5e49a8a72839474f06f196ca5d9a46bcf8c36a0029398acb989edd47718995,Benign,mipsel,mipsel:12461409089762395983,false,train
ff788a5652d029bfcc29f4094e6351855116ec5d969609eb194b1471ee667034,Benign,mipsel,mipsel:2819429216016871707,false,train
ffaf55daeee54ab58b223fb4f13ea51489de149b01649152ee5cfa1fdc1bbb72,Benign,mipsel,mipsel:1082770171106781913,false,train
ffc75a179fb95089740aab210f97d1af2fb82b52e0d418f0ba9b196542aae0e2,Benign,mipsel,mipsel:7204690101358534750,false,train
ffed326ccd4cbe81cbdaa00c99fd3ed46b9cfd3dc30c18ab57404ab06e330725,Benign,mipsel,mipsel:16283767573604864663,false,train
00e1f707fc150f238e25c63bb43f4b7d6dcf5d1d11494a8afe9a3ecb09aaadd8,Benign,mipsel,mipsel:1962976128425198737,false,val
02be09086b88905698c067d04f995a8fcd58091a214ec85ed62eef26dc1cd117,Benign,mipsel,mipsel:8818878927713457721,false,val
02c82405217fd047eee1955f191fbcb941487e0741be79624f6cdee25eb0fbca,Benign,mipsel,mipsel:15217458706600745989,false,val
03cce02e31cfe07455bf0ffc54a1622a3d43cbfc519df86d92f53581aabf476e,Benign,mipsel,mipsel:11829228939227664981,false,val
03fd0cf7e6e48ef8e46616abcb5074a06cd19b4d9c935f94d1d813f777cc907d,Benign,mipsel,mipsel:5404100282785265059,false,val
06a08afc93c2df77c09cb0eb66a40e8c1134ba573d4e40476df6d5479f7ac840,Benign,mipsel,mipsel:5046526651195610286,false,val
0731cc9c3c98bc15e7f44ccacb9227ef5b76ae6637d7843f3a5958dcfbcbdd4d,Benign,mipsel,mipsel:7484293779103865608,false,val
08e0442987b45dd4f40f512f024d186472ad18920d0912387dad671328342ec8,Benign,mipsel,mipsel:10676249387148120120,false,val
0b3d18044b39c84ec63286e212986291b48c7c0a989f48272081479aa3b970d6,Benign,mipsel,mipsel:4520014371972945743,false,val
0b831067360650646953f2fb2358c7be72ba27e4e4cba964e335ce67beed7bb8,Benign,mipsel,mipsel:9894136938793039061,false,val
0c5c19d1af3d89ab84ec00b30aee715702fc048f547a64941a8e2045c91a4031,Benign,mipsel,mipsel:5462907951914257949,false,val
0d26525c9cb68134f65a61515f3bae95bfe24f2b4fddbafb2ebf8034601887c3,Benign,mipsel,mipsel:9548878637432215697,false,val
0db1302bbd9cd52eb7ad949f15f925e391d8ccd8927a23aad1b92abb27353421,Benign,mipsel,mipsel:9958268336352096713,false,val
1460a2377f829ead19ba28b91b3e9390aff9316c56a749ee81eb6878b0ebd2c1,Benign,mipsel,mipsel:4407160823075898561,false,val
15c0cc60f46ffa02168d531f97de8bad5a595e51f97bdc8b227ea2cf70099cc2,Benign,mipsel,mipsel:886369130625794479,false,val
16c179e954eaa7991226320f9fb87f3223bcc906cef34a1c5549b59deb34b905,Benign,mipsel,mipsel:16320612431971387451,false,val
178cebe6764c767952f54074ccacd14ae9fc8d093ed3d3d45f2f9be38dc4f088,Benign,mipsel,mipsel:17612764976368340675,false,val
1a24a5d4f279788d2eda356bb763f33c97d6d8e3722f2b77b63cb24c46f88036,Benign,mipsel,mipsel:7773605577541970436,false,val
1a4d716baaefb823d0e79271f585237ad5685f1292047765c4235a5a6a5930ca,Benign,mipsel,mipsel:18284539536071237162,false,val
1a7ccb94400acf9f115d08daa4ad3b9ad2782ad383c290d22cab0a6e6e3ac47d,Benign,mipsel,mipsel:14767842997830783350,false,val
1abfe56ef7b6c1f773c9ef56a4ff19349a83e73b9e5cc82390e4516c4db995b8,Benign,mipsel,mipsel:769919716752569696,false,val
1b6da85e6e6b60ae33ee4148d9dc5bedc67ec1a0a24b7baa56ad79365a3967bb,Benign,mipsel,mipsel:18038163644350114451,false,val
1bf84957f1e4772a2774d0cd8750567df55da6acb7d8b19100147e2b5ade8fce,Benign,mipsel,mipsel:6255327244221173238,false,val
1c5ec559c9776e7786249775eaa437dc2271e0ddef72617988b11261b0a0d9ce,Benign,mipsel,mipsel:14341183256264573412,false,val
1d0fdd7f257f2866a740d5159bf0f8213349fe9eca923f8327eda17978b46244,Benign,mipsel,mipsel:10891525892966029709,false,val
1d1cf77f581a2ae4b3c70ffdcdde3fb76e238d2734baa14ddccd6dcf0db4cffd,Benign,mipsel,mipsel:8454608297603912836,false,val
20dacb875abaf71b627a44fca5b1c93bf8be294206ff25f7b6839ffa978c0b16,Benign,mipsel,mipsel:12878133678583371256,false,val
21a38a889911b2964dfe4e879b14dea56910137c15fb44190c3c2f5126d1e0cf,Benign,mipsel,mipsel:5951733871556808478,false,val
21af1b011d536535220e9872e419e2342fe84d225410b10ce026136b32212253,Benign,mipsel,mipsel:638039229647243890,false,val
21eb5f951925ed13378f05501cef4b766e147d525173149138eab963d605e9c2,Benign,mipsel,mipsel:14737886682498169011,false,val
224eeecb93ee19292e017ac9b34f7799d0e0128393bb066bf3e6dbcdc3de234c,Benign,mipsel,mipsel:7040547268190529713,false,val
265f31c465a73bd0c4ae0280bc71ed5d7d734404d950ba512d838675a6ca54d6,Benign,mipsel,mipsel:12715525592276384882,false,val
2698c8e333aec40dbe35ededdbd0d7836e38edea04d83a820453c30e795d7efd,Benign,mipsel,mipsel:5451446351565093952,false,val
2717cbc54812b4a47271070a81dc4beebeb9a6417f3fde84ca35488264191b35,Benign,mipsel,mipsel:6947754379270315192,false,val
272adbe5efe22bc856a8de91f8332ea48f500f1e1d591f8e2dcbd719467b9768,Benign,mipsel,mipsel:14787108378074867853,false,val
2949a6969776f844c7a17f319ba0ae8b4dc056e305eb2ce2de8687c25e926857,Benign,mipsel,mipsel:5009914006107318024,false,val
29ba04d00d451bd10fe862944eb4514ca6f607d97a1feedac1c3b1c19c163927,Benign,mipsel,mipsel:5069898118816877191,false,val
29ffd2275e04bf910e0b3fd454b190bd708661f87e2684d79353fa7322f651e2,Benign,mipsel,mipsel:3658946620770313500,false,val
2a07a83ab7308ab49d3f302093bc0ecf8560fdb802a5c382335d89ce576c817c,Benign,mipsel,mipsel:2692720354963633301,false,val
2a0e6bd946cf89b79e7013a2d3c8e0594e385eec0b48bfceb2fed3c9de879329,Benign,mipsel,mipsel:11864748505845134364,false,val
2b931dda906ebc5ab8b4e253cbc73b121ce14e311d420f0eb9919a4be5ac53ce,Benign,mipsel,mipsel:3351027804382444373,false,val
2c6fcdd231e07a66489a951f532363ea05d158bb9427ca4172ef7354bab73acc,Benign,mipsel,mipsel:14008413633352529142,false,val
2d94bb8b16b49a5c37d87830e31e5429580a35b6db330ca61247edd723ae13e9,Benign,mipsel,mipsel:18043151692715653160,false,val
2db618313d595cf6a9cd0e0ec92ffa3a6554626e6c3d7ae17d89ec2d459aaa97,Benign,mipsel,mipsel:13580242507044247168,false,val
2f624755803696c0438daccbcbf5682a8f2185e26a3ad6286faa8ee28a913d80,Benign,mipsel,mipsel:11437057611287803144,false,val
3014f067498971663be1d8f88ab237a682f222422ddc0ef71e276c3f24a17789,Benign,mipsel,mipsel:10968786140294892585,false,val
30876c95b77e54b3d742b1b526b79a1a31c0ce6220d32fbf5bffb5153246485d,Benign,mipsel,mipsel:4918269674333592833,false,val
320cbd7c47430ce2d2497a84b064ea08e1e63fe49451a6ae28a5fb5156fcc8ee,Benign,mipsel,mipsel:6763322474540691853,false,val
32462ecefa64c29a770863d4080c573fe89b13a681c3e50b131d3b4b93dffef6,Benign,mipsel,mipsel:16280709101695052417,false,val
3275b1dc84c9fc7e0e7f16cbff92300d7fc6cc89120c6342942975638dffe4a7,Benign,mipsel,mipsel:8598266122826160196,false,val
3408a9695cba0b9e667252893b8fd76712430a381e79ee2e512ac46056f2c866,Benign,mipsel,mipsel:4828055401459617784,false,val
34609070a3d687392df5bfdb3d00146ad18360298cbf4c8ca042a9d851d6bdc5,Benign,mipsel,mipsel:14893158999526225859,false,val
347222cea4062f1fe2f46e4cf953b95e99ef1d791d16a5a408914dfcc0745ee5,Benign,mipsel,mipsel:13044095739303052688,false,val
365cab08bb2f1649574aeea3f6c8cebdf9eddb41087c21939255fb32d2dfe36a,Benign,mipsel,mipsel:11459905255816470120,false,val
369afd80241473e50f7b92d03c181b5d0567d13f52a47ab64aa10da2a010ef11,Benign,mipsel,mipsel:1324934309009231255,false,val
3ceb6f387bb2e4292a547be1dd7f9a09a84739c8680ed7a6b384261373a38c84,Benign,mipsel,mipsel:6341599742015393331,false,val
41633c5469691e9d1c13cb865006ab3a912d9646b1e0a3f83ac2daec2e7ea2ba,Benign,mipsel,mipsel:11835759085043506541,false,val
4222b26eda1e78dc37689239e72f4628e0212998034d98fcaa39dfa06d59d5d1,Benign,mipsel,mipsel:15221709962944234887,false,val
43580894f2bf6e6a9ad586579983c9978abbbe921f035204edf52f2913da0d89,Benign,mipsel,mipsel:1308976056822139576,false,val
43d811285341824dda01b01a5fe22121e35d6575079f6c66bec2ddbf90dcc05d,Benign,mipsel,mipsel:13934872432571253945,false,val
44c195fb9bb3c5e66b37b01f472850768c2770bf69205d9c61f8f84e0b89bced,Benign,mipsel,mipsel:1211568371641246416,false,val
459f179315403b5a225cf49bfde0937d1dc556405365c2245e804aafce901d7f,Benign,mipsel,mipsel:2115205139662729167,false,val
45c29210d1fea542293c917e713681e42e410977acfcb5cdf53e429d04efb299,Benign,mipsel,mipsel:4134227951241013603,false,val
47e1dd708c4c3e73af8fb21fcc3b51e37838e025a06679e8da77a4900094cf89,Benign,mipsel,mipsel:16791679493543459109,false,val
489914005c63127180b62602802e66cb40c7259c7633faa2fa13a32f83a33c49,Benign,mipsel,mipsel:114282719806703608,false,val
49ab0402c9beac76301afaa0ebdea81420de822e7fe58a1488ea1a50f7a7e1bb,Benign,mipsel,mipsel:14211781893315118127,false,val
4a56a148ddc9e05ff935899a3d8ba500d771659fe2de7da3fe05e64a0df27251,Benign,mipsel,mipsel:11240226758933512485,false,val
4ae2d60b8a2420ae5d048d7557b1513128049bc4ac4a6e123f9bf1622df3ef4c,Benign,mipsel,mipsel:5257590720503320003,false,val
4cc6f21d25784f00bde6dad57c1e549d550afbac8b122c3d4ff8210e868fa586,Benign,mipsel,mipsel:6438625457924326144,false,val
4d57341a7cb7f145630cfce61f32de3a45b4a764c2f7152fef99c589a947c115,Benign,mipsel,mipsel:17371919709278179982,false,val
4da89b2fa3c2f19dadb48eba4d8712e0752c3dc7cff2789fe55fb0ca81b9781d,Benign,mipsel,mipsel:13358870703443924090,false,val
4e5158b5af759d283a23f755c51c8b5eda860cd9d234514ce7556b02a6af3b87,Benign,mipsel,mipsel:14426267778459264044,false,val
4f9d217b68688e269c3e4d9bc6a4a011d949a9b7da3e32b0e5d63d047b78bbd1,Benign,mipsel,mipsel:12015407560357095691,false,val
520867d569af8448da8a638d36f4270e9d525eb381aba6a50bca7a96cfcdaadc,Benign,mipsel,mipsel:3590183277463317610,false,val
54760245b5bf0d7e5fd52e3b8d05624a1c7a156a23d74ca369bc053d21b422db,Benign,mipsel,mipsel:6529921654641506190,false,val
5663c679357a8de91d9ef7ba6be2c10d112b4c39aefb665b3eeac871bf24d4a5,Benign,mipsel,mipsel:14721991751618121367,false,val
5752426c339b625b1f442791c638eb503260a5c088e96e39bb2b230795d4e4fe,Benign,mipsel,mipsel:9089243142873978647,false,val
57d4d27e397ac06937fbe97df56ed42dd8b93e079f7e256be8682fe0d532c433,Benign,mipsel,mipsel:13768525951342296880,false,val
59f2c8ba397432962c469821c7fb8a87c996e5d0b7c600ec0dc972adb018155f,Benign,mipsel,mipsel:8581902068645621857,false,val
5a6911116ab9dfbc62f40b4be39b70897b67f804448357f4b2150a12736ca4fa,Benign,mipsel,mipsel:10640284168184012021,false,val
5b06005eef08a349ed6ce45a9a092b358fd6127bea4e110c6ecaf89e02594813,Benign,mipsel,mipsel:9805171162381623768,false,val
5bb90cb61304bf7898da92daeb57199b038ef6072e26d83544e061fb8ed15d01,Benign,mipsel,mipsel:13288634123407253907,false,val
5fa7f46ff0b9f66a07c86e430dc1f1b2cebeedaaae0428363e3d09bd0a467f85,Benign,mipsel,mipsel:11202658545454236891,false,val
6094b323c11c158d832c1640d2712eec9bcae4943b40a01159167d89b0a91fd7,Benign,mipsel,mipsel:12445461123275235421,false,val
62e62ebbacebfc8b97e362a36b0e3c8ad3862b161bb3626aded53be2618111e1,Benign,mipsel,mipsel:15807314477305332220,false,val
643f1af708ae2d1c5530c82bbbe3ebd762e33eae65cc371de2a23b8931e09322,Benign,mipsel,mipsel:2199898022751199066,false,val
64a1319d132e0ad7a8ce966119d4c87a163c7c197ad23ac1282bffdbe99859cb,Benign,mipsel,mipsel:2929694579811643323,false,val
65bd0347c105fbf9fb490da7b6a34f5a2dd7184f70a1e1e1d0f9cb2d72880688,Benign,mipsel,mipsel:13130637942540224906,false,val
65d8595d2d8a1600681c556932e0fd88ca51c42fd7dc61d805fc45ab53f8a5a8,Benign,mipsel,mipsel:4125261783340911795,false,val
65eb58b45cbd12bd0b65d38e6e71b2f50561d7bb1fbbbb87f9f36afc1fe67b71,Benign,mipsel,mipsel:7868595055826014509,false,val
6678812ed65cfd623f15b2f0163bcb2c27795a20910bdb7ee47138dfb45c4b3c,Benign,mipsel,mipsel:3658932743097365410,false,val
67cb450cb404e9196f7ade344646e6da8269337394731a1b7e6f9b637114d14d,Benign,mipsel,mipsel:4242750331899372053,false,val
69350b55dc11a7edd015795840bfcbd0ed6385517e23a8dd324e0bab6d76ea74,Benign,mipsel,mipsel:493450020718572625,false,val
6a01cbc98ea760c88c629b865f89f0c22d1f7e7fd35a5c89986c3741a45bcf8f,Benign,mipsel,mipsel:9697565012402374226,false,val
6a27dba0114ead37c999356274ec92a1e9d9437c3bab31431324593bb6c36e4b,Benign,mipsel,mipsel:4611429127603301490,false,val
6f4a23bf6e1c6c02a2da05d67afd8ebf7bf297e76a64e50ec870e4cd169fe03e,Benign,mipsel,mipsel:17189360809869024853,false,val
71bb4df57df9e8693b505e32604798af371557a52e86fdb4efdd1d5225442e0c,Benign,mipsel,mipsel:7167509588637979151,false,val
71d2dd92711aea85953ffbbb2e2a00b752b0ccd71294222af066241dbe978fda,Benign,mipsel,mipsel:7954411512430662618,false,val
733836c87dc832d17682ba967c411c1ffd331830fbb5ea0fe0750c71ee1526c0,Benign,mipsel,mipsel:1635708599347421565,false,val
73a315d1b4a90bd5438d5cb8fc4a80dcd80b3b4679db821d9abf9c4ecd32fa83,Benign,mipsel,mipsel:1820176315718882475,false,val
73aec897e23d4f1115425cd9f9848885aa4d71882b8e8eded0b52aadff5c57ee,Benign,mipsel,mipsel:12362133333492692725,false,val
74a10675fcbe8607d74ea32da9bdad49a83dc6d4b49b746d0f0a8df0030d5710,Benign,mipsel,mipsel:4636275934429539158,false,val
7522532971aa2f746a24855ae40693dd9d1202f3878620a1af16551e35d4cb52,Benign,mipsel,mipsel:17448835178587950638,false,val
762fe0f6350025b825954b79f618924eda7ef77e3aacadeaae5d7a175be11173,Benign,mipsel,mipsel:8794740798539543684,false,val
770cb535b247f52be24afa22200b5747d26fa8506125094bac0668b40b41d201,Benign,mipsel,mipsel:12656094953969187756,false,val
79b5637de0d678b154c8c57c9add95974a1fc8954353cf7a566bb741547614ef,Benign,mipsel,mipsel:5806456375249936190,false,val
7a40f57a2e94cf011788f7dce7b62d785addf6c71a7a0d922976e9389ad87c96,Benign,mipsel,mipsel:18003952119445866513,false,val
7ab98ef53d78ac4c5e95608412359d6e4f6c48f4d7c2431b59c2872da0369d18,Benign,mipsel,mipsel:13081284072888527709,false,val
7de5f95bd40341f1cb594063daf67a4e86ac27b7f1116528a94c2db319222d6d,Benign,mipsel,mipsel:7816046831630813174,false,val
7e0968da2c6a2c15ddb022bf763af69f838f256c70c694d19bf64e33b6bc2799,Benign,mipsel,mipsel:4643858363127683973,false,val
7f66ca9c59f1d2ca4d30d3da6370dc270d69fb9ab2cc9ab4ef4b795727bf4ae4,Benign,mipsel,mipsel:11557226763880901769,false,val
80710f5abd095b0a3564fb031f5241d4fa3af5c250d93bd6ef541dcfa5dbcfb3,Benign,mipsel,mipsel:11745706512486854541,false,val
80a1898e37e4f699615cac84fd0d2bb4e967c358de9ae42ac19b917c70a671c2,Benign,mipsel,mipsel:5859320137690352159,false,val
8174cf967e01a28c6f515bc84e188f729133a00b76827c988219ee99a0a29588,Benign,mipsel,mipsel:12249533485188151675,false,val
81767d9088cd23e088c3cc16762c69f9f02a5676e004be6fb01f7fadb89dd17a,Benign,mipsel,mipsel:4667707245423892333,false,val
821fb580c73d92f4d1c97976b392502044ed739c03f83ba7d8000930218bf5cf,Benign,mipsel,mipsel:8849363353243054454,false,val
82bc45dcd538317112f2cc6f276a9ca353872769ebf113361de28b6fa5e81948,Benign,mipsel,mipsel:17486712919650638171,false,val
84247a641ce737ca3c21a5e9d45d5fee0650d5a928ee0bdb27a84de209f82bf9,Benign,mipsel,mipsel:15948394637241107458,false,val
862cbf8cdf333e64938d22ec29db6dc57b492d2ab2d7002f86d6b048400af0ac,Benign,mipsel,mipsel:17617712615795001306,false,val
869279999025079181df25205bc5db48c5a5c2897e66bedce8589b9e16296d99,Benign,mipsel,mipsel:5654033488238065907,false,val
86a2836308193d660243f0be9a20de4dac7743092971ec4b8716cb136435941f,Benign,mipsel,mipsel:5505055608293123855,false,val
86fe190c45fa67418e822bfae77c56cd853205d936c1129164545b23f275eaa7,Benign,mipsel,mipsel:1394930949358520121,false,val
8729f6b267a7d892130383db180f5784188895e3b06268406f70b95249aa4bcc,Benign,mipsel,mipsel:10545272771964234054,false,val
8aa33a58ff46f293004eb39961d7279410caa363085c7ed9254e99dda2994353,Benign,mipsel,mipsel:9836674370625275261,false,val
8b943b04e4affc50f6c3777a7382433260a0dcff024ad3300eaaa0cfbab57e15,Benign,mipsel,mipsel:4978031798933549002,false,val
8c1ecd8e77192c1feb6aa74bc091af5f3af4b99c035c83d70611cc9c068bd2f4,Benign,mipsel,mipsel:16671667424476123574,false,val
8d2b1a7100341f5c72213a96f7ac7b2825175fc2636204d6b710fac9fcd561fb,Benign,mipsel,mipsel:15783493681713302330,false,val
8e75ea1b7ca06d6682795e2c6a6b4c1cb120f840cda8d9a99031241b31107cc6,Benign,mipsel,mipsel:14022762030258353914,false,val
8e9409e083f2dbcceb38ab8bc62233335003131f48d032bfb3e0fb52210a01ea,Benign,mipsel,mipsel:13459167407829460756,false,val
908d9aecef7fa636e7f03cdeb8e2909ff4ae1187d5b46fba8bf84f3721cdae4e,Benign,mipsel,mipsel:13985952202006061743,false,val
90d051894767b0f86586beedb91e67f4c6ecbb5b970f2ed33f46dfde28f065f3,Benign,mipsel,mipsel:18092176485716229586,false,val
93c99d849bdf53b147775e649f91d6c3784be39d14bb9aebfaddbc8ebcfbf6f3,Benign,mipsel,mipsel:16221032070384149747,false,val
950bd0fd3f055727992a6fb5b12363a27d54c7c027af23256966fbb26c91feee,Benign,mipsel,mipsel:12851642356860471320,false,val
96e1d60ef2bb2b91a2fc2d6f3c9cec3d782987b791c8ebafecfd99af7ac3cb07,Benign,mipsel,mipsel:15410728034590245847,false,val
979dfd746a03db7e62e51b5ee57bc0b928954ac8278725851da3628e725e19ba,Benign,mipsel,mipsel:4347788437062066712,false,val
9855e3ed3dfae652b5cac3c0965835d0449c818b87f426031ed409b0a2242cac,Benign,mipsel,mipsel:1211484495830985645,false,val
98856388137b41841144112b9fdc80b7aa0c66a190fb9b2656a7dab3ed0339f6,Benign,mipsel,mipsel:3353341218726170759,false,val
98cdf80c90f1dbff11ee4871e73283701bd77b5af3aaf290de00138cd70a41b9,Benign,mipsel,mipsel:4471383256473271044,false,val
9a7dff6d91c31a1c06f6885b342bca8afe2c4588a30c16bd43a3bb066a182024,Benign,mipsel,mipsel:806465806753857203,false,val
9ab548249a243fa96d5f0f0fae73a6d387caed5305823b04faacb1bf3f27bccf,Benign,mipsel,mipsel:14481892760339490883,false,val
9afa733b2cd9592812c6781806cb7fd0f4b768908f6c73ec22ae1f476c2a9e8f,Benign,mipsel,mipsel:1861117095348102703,false,val
9b43174b350acddf124a55cb5ef63d32270abb43cc4be53b8cfc109c97658025,Benign,mipsel,mipsel:16223337962074044126,false,val
9ba46d2202b1e6e7d5cad6dd016d550fcc1cd9f9e89a82dacea1bd6995488200,Benign,mipsel,mipsel:13581550769154246852,false,val
9e23464fb3baa26f62ed57a5ff3c4cad559966a06f0595997e33df17470e0aec,Benign,mipsel,mipsel:6002753212149014870,false,val
9f5e53f1e96954d4c524b2c8ca8482411bca8ba48fac1d89718a1d0554d07bbf,Benign,mipsel,mipsel:3934335256789335418,false,val
a26bb2e1198117d1410d3b9d3d55f2cff7647fc57118e5ddb95b71e88197f88e,Benign,mipsel,mipsel:12743340580320169614,false,val
a320dfa0d8eb0716951023d79425805a5943178fc03302f31ea4f266fba18735,Benign,mipsel,mipsel:10778256877967445383,false,val
a4d82db3617889c64a25eb352bf331f7725fd3586335d42b946119b9296fb55d,Benign,mipsel,mipsel:11883753649845400010,false,val
a508b1a3c82d25c1b792abb729968d1cb554a25fae45496253322fb9e77247f6,Benign,mipsel,mipsel:4783931068591977392,false,val
a5a8e4266900686183fa43afe494864811fa1dd2c10d32f05a81ada3a9d58292,Benign,mipsel,mipsel:17418319103814177421,false,val
a5b7927ef2dcbdfb7ae24e4307bdce88e9670b46f4d6e4decffd1bdc53d109aa,Benign,mipsel,mipsel:6462178567492921844,false,val
a6416cb5d8e8c61014fadf8e86253bcc0c06d948cc7450382cddf4e444378d1b,Benign,mipsel,mipsel:834811339586573531,false,val
a66b3667e8787292ff00916a5b537ba7fdbf21d0cddc63292f54d45caa8f9134,Benign,mipsel,mipsel:696149282589618306,false,val
a87d5ba6a95ebc5969bc27196ba259740fa185b76cabc489935ab3033027fe8f,Benign,mipsel,mipsel:17620368956959355022,false,val
a89e418cf28d9bd92b98bf6acc76e1015256206ff3ca0fa151253f4b535164d4,Benign,mipsel,mipsel:8193883143685828946,false,val
a98b1658eb120e6315fc865241bb60df19ded407b556618cae48ebf593703a5a,Benign,mipsel,mipsel:15032175043404475303,false,val
aa86878e95aebf202f90744e12cf6e831b2e9afa3cfc8cae2b5fab6fd427fd6e,Benign,mipsel,mipsel:9027699195062176711,false,val
acca3c1e1abd72efb017f91ea1965afeea7c2a2dce14380550a11b0c83c85647,Benign,mipsel,mipsel:16189218440468288493,false,val
ad98d46a28a6e09fb9d28e45b657467bb1879ece5f813dd413650c7617ce3e96,Benign,mipsel,mipsel:8828939864599931063,false,val
b1eb9604601567d8c07a333c98fe56a59ef28a853f311c53764836206932d43c,Benign,mipsel,mipsel:18122318682056368027,false,val
b268b7021bbecc804f02bf8c5fba2b8b119400d59a3fa63954ecf7314cae4e70,Benign,mipsel,mipsel:17203289226380836527,false,val
b2c2fe29e6323350852034370580e112262dda8a9f5f64333e1ca048f7f74bd1,Benign,mipsel,mipsel:12347322538558374454,false,val
b39bf03b5cc6029e1c1e88589d7c9636d3f9d77b360640a0b48e08b5b6881546,Benign,mipsel,mipsel:12628017673913309478,false,val
b692650e38700a6e11e443eca4e9a2af4a7919d7e7c7daa7a4c227dfe32880a5,Benign,mipsel,mipsel:1606615902871827127,false,val
b6c5c095071e85f28c68d8907001c7ca84b5b2c6b0700e733348b5c5bf6b3978,Benign,mipsel,mipsel:3062920223641770906,false,val
b6dd012ee20b65a1fe5499d7df8868eec1af89f530d39ce6a2ec6e6c2723fb39,Benign,mipsel,mipsel:4971126571464345342,false,val
b750952802e59ab14145810e1a86aea8978d974191335fc8e971b936488ea46a,Benign,mipsel,mipsel:2545000474008438495,false,val
b7b7cbaf6c7a139640fb2313a4fce8b707afe184643f0dd951c8b5698c1af3d2,Benign,mipsel,mipsel:6975317997745863395,false,val
b96553869801827e589ddf35e2eb17bc30054900d9412042779e3d272362677b,Benign,mipsel,mipsel:346758069998401648,false,val
ba0e88bbabce0a6455b43d4f059b7119b923c1bb575ec3733815146495b0290f,Benign,mipsel,mipsel:15823083094304563700,false,val
bbf4ab512d48c48adf58c2db136b56e343d8e44a22cb371203887ca6881026dc,Benign,mipsel,mipsel:10846939707527509983,false,val
be1f31cd336ab559c20bbf27dcfb986aed5b27dba80ea46767ba5699b30dba26,Benign,mipsel,mipsel:3542950729546173799,false,val
be24801ec8cf584a685dbfe63d880652319e3491620e9d3ed86e89de253f5351,Benign,mipsel,mipsel:14145926123528652427,false,val
bef3469bf823fa15f0bf0f523aa5d7e4187d891875c08530411860e11e630d9f,Benign,mipsel,mipsel:10554519442013194897,false,val
bf1b206cad0277ebd711782caf75b178ec0e30c7cd4b4710105ddd07b786d655,Benign,mipsel,mipsel:16691476375245773954,false,val
bf7e2fcc97d55388b400613fb6838d51fb68207428adb7ed52601ade324460f5,Benign,mipsel,mipsel:9914750282865861700,false,val
c08d7a9a230d7f2613153811dca80e606c5127ff6df727b340b3da9e970a986e,Benign,mipsel,mipsel:6835360082297036563,false,val
c0aabfcf17e09f1a0a54fda2652f980993a42cd28d772ffad9c5e876b1fc49bb,Benign,mipsel,mipsel:11596535710729918364,false,val
c12f115e4b99266844645199cad8364c07d286e540b197123687ee9e10f7143c,Benign,mipsel,mipsel:18312309187146644450,false,val
c176e2875c971b9298134f957df5d08cde325b6d35dbd90cd544e2704237c7fe,Benign,mipsel,mipsel:12045656409227068679,false,val
c5404783ccddf62e50d03a36150b326950be2256a0305f1face6a465d2570224,Benign,mipsel,mipsel:790243897583705121,false,val
c7f2a7583627045c03a178350003182b64411b296399de4fe68322b9f0908356,Benign,mipsel,mipsel:12902555060475056632,false,val
c81f09a297159f0a6925d4f1cfdc1dda3b180a11c8db5222092a76e1441ee47f,Benign,mipsel,mipsel:8688493177914106968,false,val
c82c928bf89da3a1b2af7fd5c2e2ee7720ea0c9c9480bad39b036cb58251d3ac,Benign,mipsel,mipsel:14483296857995524175,false,val
c8e0438137e128239abdc6f334ec930ca381a4f44c29e7c2438ff79d130f48f4,Benign,mipsel,mipsel:13848452975999201945,false,val
ca65becce0858bab481d081416ea6527164f6a313cba113839309a682a0f1687,Benign,mipsel,mipsel:17848340913991365587,false,val
ca7288aee9ceff3cb74bd30b1197147360921cdd4e58fe56204370f77b2fcf71,Benign,mipsel,mipsel:311928285241956750,false,val
cb1fadf245d2fbb760a5e8ef97101bc0a53c80e9c24f5125de7c2a3e2ef97ff0,Benign,mipsel,mipsel:2459918114360851216,false,val
cc417ec02f193a76ae0bed94ca357a4217f923f78e632aff8f07ae9bc7846d32,Benign,mipsel,mipsel:8728483201038146548,false,val
cca889e231ed2c77a988b64b0bfd450f1140f50793cbdf0ed5e9a64fac5e3c90,Benign,mipsel,mipsel:16153287211723565802,false,val
ccd0bfb82f5b37a8a3464aa66d4b79c99721894a6785e7a163c8d6fecc0ab838,Benign,mipsel,mipsel:526025064514015344,false,val
cea1db481cace88f0c0fa9bd43294f3961015d87a867582c7611b59b3b6b3c98,Benign,mipsel,mipsel:17217531550644953051,false,val
cf6b11cd27b60cc4d03bbd246da889037656bef26f0d599302118dcb57d0e590,Benign,mipsel,mipsel:14704839869351005823,false,val
d02d2e438fdc42d683e3c405357433b6a3636a53d9c79cb4bfa420b89a0ec29c,Benign,mipsel,mipsel:17859806447163238679,false,val
d0401f5b0e24f5a2472034bd525667d7f37118922bcfb460128f989609597c4f,Benign,mipsel,mipsel:7793219321943356285,false,val
d0453c7da7d416984d0e3881bb61fc8dbde916dc9a538241cf557a486b4d8e84,Benign,mipsel,mipsel:17170103444303323594,false,val
d0a264b7492a169c8a385dc05aa5a4f0f94e655fd861083233d053855b1c2a73,Benign,mipsel,mipsel:916144083105659465,false,val
d1c5a45ac4d238d4952b4e25cff3ca44df299f44cab5a22dc3e17f3513075b22,Benign,mipsel,mipsel:8040194155389293962,false,val
d3dfbc8d1d806c1b8ccbbcff60e0a883a94c8c82f029c1702d8c2fb90a95166a,Benign,mipsel,mipsel:2929737570203095186,false,val
d4a8bf5d642c81660cf6dab06b9fdd90f4f36095376c91c06a2b930b9ca6052c,Benign,mipsel,mipsel:2205071544956560753,false,val
d5d72741cf4d9407d8bba74f1476593d384aa2c0b3c7e93cf9e659de0b8eb006,Benign,mipsel,mipsel:10856428966243057671,false,val
d76b434071d3448a48c979ae729db51cf50775ed664583e2b7aea443c142c8a3,Benign,mipsel,mipsel:13304470461181786423,false,val
d797b44a03ab1b8cf17b3061296438c6a89c967f16d09fc9e56e1be40c651892,Benign,mipsel,mipsel:10180225390718368064,false,val
d8b66c0fbe00a8c7093bb5b32fa6bc0d6aec2f39fd44210297c488d1d547eda9,Benign,mipsel,mipsel:4090943463474741322,false,val
d956209cbd501e57d8be80eea1ac91a303665abb7620b000269dba4f21abbfb9,Benign,mipsel,mipsel:8013971743471245833,false,val
d95918911a896095345dbffa2eec93e492b8f0b77117371258b687c16bf93b64,Benign,mipsel,mipsel:11380278326028116261,false,val
dadabc704ef384a21c99ae33578f503517238eebfc5f74e65bc836642d9edb9f,Benign,mipsel,mipsel:5475950733843830143,false,val
daf38a7f5ad52bd977bc9ef5fb7fa9e2c391257cd0aa1d67b916738235d0895a,Benign,mipsel,mipsel:10855981242061222290,false,val
db4598596aef8b98e9dc145624c30669e0e5b2a4b76716c529f29bc63ee75769,Benign,mipsel,mipsel:5455740855923530192,false,val
dc8726476e3fd8f564b412ac07c21addfdc9c15b93d8aa78408e4f088879d1d8,Benign,mipsel,mipsel:3061033754722914241,false,val
dd1ae0e7d5cc55bb72daa9930d1e85356943a28c40aa4bbd3d0449861cdf90cd,Benign,mipsel,mipsel:15621759458581440650,false,val
dd6f8322b0d22ecdd562a5dfab1d2a410d6f8d2406b724242ed817398b2b2099,Benign,mipsel,mipsel:6494271104040300531,false,val
de72d32a5e3944a077b174e1fd33ae4a3a649eb439fa49e45e9cf769c86f2550,Benign,mipsel,mipsel:23047923419385534,false,val
de8a3f326ee6f4a71d202c633d70696f2255d8b22799846b111177f4e99f0d44,Benign,mipsel,mipsel:3226643217199101573,false,val
df1dbf1d055cd03a2a6949d3d299018acad02330f43e91bd37b7cb2900f71998,Benign,mipsel,mipsel:15887075894269814209,false,val
df4cbea49df35ba7966ed52e337f32254ef9165fde824b0ccacb7bdfbd55b56a,Benign,mipsel,mipsel:16851854493090799335,false,val
dfc123457b794e847e139756f5fb40e08a0e915fa699bef3bbf8f6fb9a7317f4,Benign,mipsel,mipsel:15864605133187262423,false,val
dfd91d7630b194f973b25a2273c0cfad3ecb54196c7eaa5c49054f9235e956e6,Benign,mipsel,mipsel:3423243406567775399,false,val
e0479244f4dfc7a89d3984ea608fb1b90f8702cda394e98de8bddd5ce5080c9c,Benign,mipsel,mipsel:16362884920869212460,false,val
e37e13e29c782a07480786308e76043bcba7f4363e143a4b695bf72443222677,Benign,mipsel,mipsel:8578324497925171311,false,val
e4fda461ce1451f028ebe543ceeba4d5a4702849724f3200c89ee5a94b7edde0,Benign,mipsel,mipsel:5910045063255091416,false,val
e53a14c340c6a8c0da5898e2254f3bf50f5af70d0ec4c54db5445e058dff2af5,Benign,mipsel,mipsel:2436012782772256617,false,val
e595c277339c346d75d632fa0d3e2f45bc59e1dc1ded8b28e4a22691d68d9a07,Benign,mipsel,mipsel:1361741636189526346,false,val
e6e4d7fe147adb447f42e8b811c70bfa57ccfa63c1cf54575fa8f74389bc9ec9,Benign,mipsel,mipsel:16589021679211864910,false,val
e6ebeccccbf8f960aebfc97b323f2bef2e1d19f7f04289661b8015d8e41d2f56,Benign,mipsel,mipsel:9597654505798923133,false,val
e74a3d5ff626595b1104340f4e706e823d9a032a07f2957a3278b4cd18eedf8d,Benign,mipsel,mipsel:13469533685876534246,false,val
e79330b0a0a14a996ae7b208a55b1e7b3692752cc4b68fcb236c5f6435e690cd,Benign,mipsel,mipsel:3821156490692467458,false,val
e926a4c9ea5ddff7fdbe51211d8ec3c84e202ad9cde747341f866bd0afa6c570,Benign,mipsel,mipsel:18200702466681910150,false,val
e978f7e801f23725d190d333c23a9e54554f7cc313ad31a3e1ab19262701deff,Benign,mipsel,mipsel:13920838264772017795,false,val
ea0aa17558e4c5c3d90621fc503598a3338aab8ca39385ea0bc0e19f8f37da67,Benign,mipsel,mipsel:5434769531877906207,false,val
ea12a08c7660ba9448af12714e0514037aad44f9bcb2585e762bb9a1b292a620,Benign,mipsel,mipsel:9682124063699329646,false,val
ec78d36abe7d47a0bf16db5752488bbcaadb327f45eeeef68bf04030bd092bc6,Benign,mipsel,mipsel:17375476292159548679,false,val
edf7b05b11e5df1651a51d1f9aeb9646c91e7fd32c434683ad4cf3970bb749d8,Benign,mipsel,mipsel:15370882219237214847,false,val
ee2154830af2891e180887f23e280c3f3b86bcedc88d79218845921388086c3b,Benign,mipsel,mipsel:1444056014751824750,false,val
ef141a19d818afaea412d301094bbf9a96f8feda2b871858f94fba29476bbc0a,Benign,mipsel,mipsel:6781134022921214921,false,val
ef1848c33cfe9dc0a9a29a2fb9ab00c2582df70311b9067b25167f51f59d5a8f,Benign,mipsel,mipsel:5653883033912841920,false,val
f20aeb99fdebefeeb719320a1875127b70343271346cf6b8953983584229a71a,Benign,mipsel,mipsel:13487564809281420469,false,val
f223e510a401495e1768141550e0adcbac26c6410bd0f387c0ea5def36ff36f1,Benign,mipsel,mipsel:14128991390200640486,false,val
f3010c753bb6f9bd705d2e3368503911013227e8cb1385ad930aea20968bdf84,Benign,mipsel,mipsel:11750548818129109340,false,val
f48084a4f5a2afc60f92b9f074d817756cba97efebc45911e4fc427423a27ca8,Benign,mipsel,mipsel:6672566559891239010,false,val
f481ec67820cad7d12fdd7c600c6320da630645a42c70de91f4ca7c849ba98fe,Benign,mipsel,mipsel:8570525800532953343,false,val
f48720da0026521f96f69e398679f7a22669e65035c9e3b42d9469261e163084,Benign,mipsel,mipsel:11315941992121357882,false,val
f5f86eeddd903f215bb7436eecca7a37a5f4e73dbc9be05136222afc54ee23a9,Benign,mipsel,mipsel:9474647305282830250,false,val
f63e2ea85dd1e9087f7a8701af2755e1c2c01257f969dfc9631ba11d27799e8e,Benign,mipsel,mipsel:6548338186222816096,false,val
f72718343bc70a9c7d432fac0508414b00f4ee9dcc3425488cf5918b000f824a,Benign,mipsel,mipsel:9295704953983173824,false,val
fbcff1aa052d0c6daeb0a6460a514ffeae8fad1bc7c57e0ec224695dba66190f,Benign,mipsel,mipsel:755308178891926246,false,val
fc8b427c421a5d82751f8bf049959433e409fc2158c301fec78d4184a82d42de,Benign,mipsel,mipsel:6383598058889435503,false,val
fcdaa504c9ad50a62f9dec38e59663492975aaeb26e8ae5f18a1adb9302e20ee,Benign,mipsel,mipsel:8067887791942070148,false,val
fd60929b06c79f22cf05044078aa758eb99879a65d70c408dc4814a3386ca33a,Benign,mipsel,mipsel:1948259208088287092,false,val
fecfc87e12f3e4371bb402a6dd5960382b5f38efee3396f32c92af168b734a32,Benign,mipsel,mipsel:5176229526212978059,false,val
3bbb5d4912b4a7d6611d8435672b448dea73a935ed8a40216796f7570ee1a892,DarkNexus,mipsel,mipsel:619280003914328079,false,test
673f0384ee81d4d3b663a047be43ae435789c2cfdaa1d173a31b2b718fde8bb4,DarkNexus,mipsel,mipsel:8692077351241867161,false,test
6c251591fb3214a74a8a920c428b0b3d7fc0aa43fa69ed225df23503ca5d774c,DarkNexus,mipsel,mipsel:17492950538495091150,false,test
6d8a04e276bf7fb13d05957a87feabbe59a1d73e71984783f86f360065e0e0cd,DarkNexus,mipsel,mipsel:4866763923659443280,false,test
a180623d7b7ea43f2e802b5aa84e76800d39cd1d0b98e9def6df602b97685652,DarkNexus,mipsel,mipsel:14946125165338938996,false,test
e3f9be1da022503f7d1fc7d57e3d076633b96375b703e03d3c20a83acfff1aa3,DarkNexus,mipsel,mipsel:3591685420887847933,false,test
ead25bfabc0e53f1e0ab8a9e0f2b8a081bb6c2a82ba56f298bdecd7ee3337cbf,DarkNexus,mipsel,mipsel:8758159467341589167,false,test
fa112c068c32a5371c76bdc5e53d24d00b2075c67cf16191624464d9e0c71db7,DarkNexus,mipsel,mipsel:17608443484290715094,false,test
0fc7b4f4e7468b5e47113640e4b45d7eaa8f6e8fe2083bac4316d3a3feed927a,DarkNexus,mipsel,mipsel:17825156062834757455,false,train
15b68002be679eabbbb79a92ffed875d65336beb8eb066e819977cc4019d9e6b,DarkNexus,mipsel,mipsel:13380597388538380971,false,train
2c791630ca03145134d5af3ec799c70389a892f2881ff0fe44b1dda07c97fb34,DarkNexus,mipsel,mipsel:4648110569072514378,false,train
3747fba78912e05b113b36d6e7e60af297a087911c5dae8d768ed8e100b12a06,DarkNexus,mipsel,mipsel:4648110569072514378,false,train
38dbecadfebf0c069e886039112118a0c74cdde45a50fc477495817b42ee2ac0,DarkNexus,mipsel,mipsel:17625658524267975704,false,train
3a000642ab438974b3de686b00427fa8f72d6d3c8ba00d032a16ff26b7206c14,DarkNexus,mipsel,mipsel:10057466374494386286,false,train
3a577ef9e3fba9aa18f28cdec8835266f622c650030ae2ccbd42e83e812cdd94,DarkNexus,mipsel,mipsel:17625658524267975704,false,train
3b876de513367c62f4bd7e8fd6df59f2d5cebdf45dbebc3e67d32feebedab952,DarkNexus,mipsel,mipsel:2120410159053055894,false,train
3f173294a218ba9307527d7e5b70da6e9ca8866124196b5779415018ee876935,DarkNexus,mipsel,mipsel:11670818708524798461,false,train
4394d7ad046585b88c9393e36559f1ba37c00260e6a1935110281852bb581c0f,DarkNexus,mipsel,mipsel:4648110569072514378,false,train
4c2a4afdfac479927f2cdab7b6ab57e219eabdb1f7920f1b37fdecec3d655e61,DarkNexus,mipsel,mipsel:7321690563960298792,false,train
5af1ae492043b24a897ee8cccb6c92c6b2af31e33c33c5722e9cb49a630d3c39,DarkNexus,mipsel,mipsel:2055773393249798226,false,train
5bd77271ff4461ad1f90b967d2723ff9a2931bd1c74f81b26cbc5bbc604c6092,DarkNexus,mipsel,mipsel:6073036974260073724,false,train
618d14c35bb19af85c898799038b8f3613af21fe38c4ee8abcb5b963788eed01,DarkNexus,mipsel,mipsel:4648110569072514378,false,train
69b9f558d14dcb6b98569d9df1e2e47f20812e56cd4f5600cebbf301b77f3e1c,DarkNexus,mipsel,mipsel:1314749159715002923,false,train
7beea4f7d2be3fe6eb7a457a1bc5cbfaec264659d61f4312d0a7a6a775e3bdaf,DarkNexus,mipsel,mipsel:17625658524267975704,false,train
8655e31b935f2100b47a54fb2a90ed499043d5b0f57fd18e0dcfb71bd51cd471,DarkNexus,mipsel,mipsel:11411597454334081347,false,train
8c4e641819157e94a093d2c2703ca2571e9837e699682f3aabe68c643c49ea2a,DarkNexus,mipsel,mipsel:17625658524267975704,false,train
99c14bd1f1be5ae99818679c70bb2d6c80543aa5d0fe3af4087a4cdfbb449fc3,DarkNexus,mipsel,mipsel:1098088980443295456,false,train
a155b29430d46a078fdf9bd5b110d2f7c6cc7ddf35342be2d4ce7dac78b20085,DarkNexus,mipsel,mipsel:3066716570115083196,false,train
aff552e8b2532643dd84caa52e48f22a0836256bb00cb5303f076e25b522b57a,DarkNexus,mipsel,mipsel:17625658524267975704,false,train
b2f83381db00951c05fa58264d81f3c9bb3af5f0d8cb25bf4932ced021a9308f,DarkNexus,mipsel,mipsel:4648110569072514378,false,train
b525aadaf2d635ad6855dab7931d6d658e8266a570c81aa0d684a0c35573ec46,DarkNexus,mipsel,mipsel:4648110569072514378,false,train
ce35b7a804f8c182d888368dc10a19eb9a45593194dfcc5f2d24602f19e98930,DarkNexus,mipsel,mipsel:3595762890028771274,false,train
d0c3e40c8bc1b80a5cc5ab8c6cc21dd2890ce0660398b33f9afb7833a4c0cda4,DarkNexus,mipsel,mipsel:4648110569072514378,false,train
fab829484c7418a3f68c81acd625ac2e2da86679145dc29ac19cf72182183c26,DarkNexus,mipsel,mipsel:3152663666265445261,false,train
fd17d1720b160346b7c501479bf769e5a6d23590c6ef486ddcf215bfcd246fcb,DarkNexus,mipsel,mipsel:4648110569072514378,false,train
fdd4f7845831ab84a1cba119b4b862d8ae8cd350a7d68318c80eff3996c5eb06,DarkNexus,mipsel,mipsel:7039018971966223921,false,train
08cf8ed9365f113ffcce7e16b8c309a35916c0bd1fbdc88baf253b0fdb9ba7c8,DarkNexus,mipsel,mipsel:1797883944047076067,false,val
165c39875daf44b61dfeacc3b7d02b5c0b17b786931c007fcd866f2f6f19e5de,DarkNexus,mipsel,mipsel:382057413290582861,false,val
a5038ad0375983148d15f44fdd11cabff4e189cb3b38250d75a866620f5484a3,DarkNexus,mipsel,mipsel:1797883944047076067,false,val
e907338d028a5cd68c4d3e89c837b2404f9dd15889b235a824692ae595ea92af,DarkNexus,mipsel,mipsel:1797883944047076067,false,val
45c07da18a299436213125e0d35411e15a57fcfdd0cbed4fa35910d0de317628,Gafgyt,mipsel,mipsel:18111951124602411833,false,test
51c13dfa1363ebe1a760e7117d00df16cc0c08d0feff26c2d81a33ab72bb108a,Gafgyt,mipsel,mipsel:15536764153159442213,false,test
8769385b54d954c9c06d9845c8cfab892c0a9fdfc7b028447fda7463ed639dd9,Gafgyt,mipsel,mipsel:3968836207474998922,false,test
95f6f444c0fa4ee989d084a76b9442130afd78a7f9f61f9dd390935dfcbca700,Gafgyt,mipsel,mipsel:13204522142027191082,false,test
b0438285fc3e09bdc0c499737c261379e8a81d19df67dc73866a46902f5e291c,Gafgyt,mipsel,mipsel:10466309752579595726,false,test
147b79f7b1412f2af6d7d425f58a3cf8e567e3d85afb030e55b19a8c6e57793c,Gafgyt,mipsel,mipsel:13482836850203123008,false,train
1e216a79907f927f3097a41fdd79639598fb24ddc148f68e498c84db26fc4efe,Gafgyt,mipsel,mipsel:16070942811240980890,false,train
3f8b5659270634b5241e31ae2db90dd996c72b24e22ca7c63372aa4a278d123d,Gafgyt,mipsel,mipsel:6379958935299884197,false,train
456f05db6783f9f5b24b9f427fda49441affe500bc2befb11ecb0e2c13b94009,Gafgyt,mipsel,mipsel:12540690898159230797,false,train
491dac3670dd1fb7051eb89241af6559dd3d4bed13430260aa89e7fcd179d534,Gafgyt,mipsel,mipsel:3112025557332199464,false,train
4b9e9590eb9eb2bb7acecd6e515b76dd768349dee4df5051509fbcc47e434374,Gafgyt,mipsel,mipsel:8257116226822464004,false,train
5a9ad34949911a8ecbef850985c8d9633139dc7d5cbc737fc6534a9c25343036,Gafgyt,mipsel,mipsel:13900704001028106923,false,train
76812758b62b657d9f3582e1149e2f6f10d02cc3dd34116bc27e27150ecc6283,Gafgyt,mipsel,mipsel:17285091691601508783,false,train
794c6807eb4790456113390f3b5003632067bc19ea970d73085215657df25527,Gafgyt,mipsel,mipsel:18081165640315970791,false,train
9c91526e9c7f3c35a765233b3fa3af35583f0b91e705b03e2e2943b480d04db2,Gafgyt,mipsel,mipsel:9317892996389446114,false,train
b207bda148e9e74a51c1243b5182af14a1c4211bf9fa07b0f719b04c853f2906,Gafgyt,mipsel,mipsel:6570987685474849985,false,train
be02c6d880d21bb06448a7f121a4c47cd2d5a097635ea7022c0f4350ca907918,Gafgyt,mipsel,mipsel:18308131394300937835,false,train
c58bd75a43b1bd95172c492091db684b8cabdf71ccd7716dff7eda6338f27ef5,Gafgyt,mipsel,mipsel:17543977472306304093,false,train
ec7c2cc97e771efce353be0181547e069ffdb430a9d060e3958dd7de909c2cac,Gafgyt,mipsel,mipsel:10602995123886061142,false,train
fead04ef0750a8a879b806b8fa7fe6f8c8a5929e21fda51fa9a8840a8c2546d5,Gafgyt,mipsel,mipsel:16282246601962632327,false,train
7c62402ea193ceb2dde4d3f7f2216d9e5049ec73c5d3f0d3b4364ca9caf7dbdb,Gafgyt,mipsel,mipsel:17351733531047309310,false,val
89d528d1c8685349fd918fc25cf93ae7d63f5c17b6430f01a2201e96cdaad338,Gafgyt,mipsel,mipsel:6044503570520675080,false,val
f3329784657a1eb0ad784b54450b5df4e15c69895eb11e8e062011f2dd628c35,Gafgyt,mipsel,mipsel:16587494750402856674,false,val
c388d7f850699117ffa0b4581cb682ff9237d9592380cec825f019058513da62,Generic,mipsel,mipsel:6113774081376530102,false,test
122841473919b34f889e477c590b9a1b9306fc0a2f6e8a7cbf09dc02e8a81adc,Generic,mipsel,mipsel:5485450442422496898,false,train
d6ed99b2887277a8232d3898f6d52dc9aa592210c8d6724a86434a254ffec674,Generic,mipsel,mipsel:5215782964675392411,false,train
f6d74aab9afb2c5e3b50536402a1473180f87eacf391a55b93e61f16cb66a756,Generic,mipsel,mipsel:10155745384992995331,false,val
00ab75d0851289d986a21c08b85fb4688b636044a59fb87050da299cf9539f3f,Mirai,mipsel,mipsel:14308866886036071645,true,inert
01b8771c40ba97f08c33d5313d5fb1e6db3b0a7c331bc27039e79ccd44e2b843,Mirai,mipsel,mipsel:16718846434976437914,true,inert
0337545d056938d625e402471a3e5b6f027ba40470915fe3eb4e26965caf39aa,Mirai,mipsel,mipsel:16718846434976437914,true,inert
0360ea5321f6bc9aacaa426dff60ec66c891921c08bd7c3325ef54068f1fa3dc,Mirai,mipsel,mipsel:14308866886036071645,true,inert
09df6a4fa082419bc36f992f93b46e9f4b025711148b75db0e33d7537989f2ca,Mirai,mipsel,mipsel:14194513605206682618,true,inert
0dd79ba22ae3c9f0692702f08005903dff909cea955b014405c47585c4986d94,Mirai,mipsel,mipsel:14308866886036071645,true,inert
0dea135cd26b33a452915be85a9e304f48365b6d3a5dffea2b0304bd59bd0068,Mirai,mipsel,mipsel:16718846434976437914,true,inert
0f5acfab7b0e78b7a13e66c0f8d5ae5d54ada0ff480e551e9f74410a053288c6,Mirai,mipsel,mipsel:14194513605206682618,true,inert
0fe2d15afd1c88188b357908f1f7e5407f16029a24615dbf6bbd384874f090c1,Mirai,mipsel,mipsel:5643128942483457848,true,inert
1192e5895e88762901befe7167d04d6d5fb0fc3fd0e68809f29778d91aec2d2a,Mirai,mipsel,mipsel:10291782137592312604,true,inert
17a5c18a8ba4f8b0fc90ffa5ba0d1b6f1c296e875c4207ac4f3837581b3717cd,Mirai,mipsel,mipsel:16718846434976437914,true,inert
18f90c489a82fcdc5e851cca9415259ceba86240394091384b7c418544ad9bbe,Mirai,mipsel,mipsel:12832135147220531639,true,inert
19c88ecda20dfdf401d0ba7270ab2ec9d9c916bb7a2f01eef8b65bb1a7a231ab,Mirai,mipsel,mipsel:14194513605206682618,true,inert
207ced180836310cc776b7fcf0bb3ec3ff3b8407b69b663de0786d0e0441411e,Mirai,mipsel,mipsel:3367183448041119906,true,inert
25be88a1a45799e76192d3b1852ea935678357d2947def2d16a7cefc1abeeb92,Mirai,mipsel,mipsel:14194513605206682618,true,inert
25e7071010e3c2bb26de44c1df267b7c9e250a4b4656d70e17c769f243e66a19,Mirai,mipsel,mipsel:17455691475121364524,true,inert
29f191df9f60019cd9d768c71f5a3da0fa668d0ff1eeb84adfc7fe1f1954af53,Mirai,mipsel,mipsel:14194513605206682618,true,inert
2b5dd8d37218edeb6ab96a01c90849a3ae60ac4157b95dd7b83a7fcb3e2c5ac2,Mirai,mipsel,mipsel:14194513605206682618,true,inert
308c60ab7d24fb93e238ce7e6a33940c6fe2a88c9ebbdacdcc849c1b65882787,Mirai,mipsel,mipsel:12832135147220531639,true,inert
32c14565e8d56f11599b14ab8a5ee4ad06d80cde8369e36e846063054fc5c7d5,Mirai,mipsel,mipsel:16718846434976437914,true,inert
32c3637b40e857d8da94ce19126a5ec7986d33f3bfb9f8c4c9ef1471c90711fc,Mirai,mipsel,mipsel:16718846434976437914,true,inert
34c55856a2d05eae5498954f3db03bafc29d188df35a1ddebe152b0bfe109ac2,Mirai,mipsel,mipsel:16718846434976437914,true,inert
3500094f5479bd71b8ac748d39dc872baa36334d410f9c14ff332dc92d27e427,Mirai,mipsel,mipsel:12832135147220531639,true,inert
37bf7c03048231e42e4d66ee69c25e0f9697eff46ba1b92a4015bb95d207283f,Mirai,mipsel,mipsel:14194513605206682618,true,inert
386ff146ceb63520466a6275cc890194e4c515d79983ad095582426aeaefa4c1,Mirai,mipsel,mipsel:12832135147220531639,true,inert
3b9959b67d5d77d02a521f14515ba89beb6c232ab85f075f6f476b725c0c4414,Mirai,mipsel,mipsel:14194513605206682618,true,inert
3fad4a84b9ff86d63d2f29973df036fb2af0ef6569da3dfde84d654a96382e4f,Mirai,mipsel,mipsel:12832135147220531639,true,inert
422e580e7c20ddc794aa9edb356ee29d7ae24b270d9b4e351e4fd20f6925742c,Mirai,mipsel,mipsel:14194513605206682618,true,inert
4493adddd1799482448ee95e5295f7cefcb1cab02d7d7fee8bd189923bce8892,Mirai,mipsel,mipsel:3367183448041119906,true,inert
4536d5b00edd59f75a335fd5140faec416130bf5e576db0e7626882acae82c95,Mirai,mipsel,mipsel:12832135147220531639,true,inert
455c2ec99cf5142ac78f7960f77c101183fb4b182de49df856780ba61e6b3391,Mirai,mipsel,mipsel:16718846434976437914,true,inert
47a0d4bc4d62a73181de28ffef1aee984185f658ad6a84090b49143ecc6383c2,Mirai,mipsel,mipsel:12832135147220531639,true,inert
4ad9ce68bf2bc398e7a0d3c0d6e88723fd80f72312aca4d620512a27cf4ccfd4,Mirai,mipsel,mipsel:14194513605206682618,true,inert
4ede22d1d07bb445bab720f33b8fb73113db6ba9a81519c8b637aee25ed50598,Mirai,mipsel,mipsel:5643128942483457848,true,inert
56e3bcc977858626e77b38908f5c9f694a155a0157db2463fbf7091d9d2d5eee,Mirai,mipsel,mipsel:14194513605206682618,true,inert
582b4b8cb3ddffdd96ed8a60a779f9eeee45dc07751b83f1502ebd339b8d9feb,Mirai,mipsel,mipsel:16718846434976437914,true,inert
5a8f0b214309e35d72286d0550bb14d96b834b2987700d42c9ff65aba42f14aa,Mirai,mipsel,mipsel:3367183448041119906,true,inert
5b219a280c25ec1b4af4ca1b7a8e5d472dfaf8dd0bc93f33ef80a995a1ba98fd,Mirai,mipsel,mipsel:12832135147220531639,true,inert
5bc126a2098d551e0a02527acb6a9f0e2f193dc11e194f1c90c7747629ce5b0f,Mirai,mipsel,mipsel:14194513605206682618,true,inert
6358ecc91a76bbc1336ad1a335732df88efeefa3525cbf823f8f591fbd452578,Mirai,mipsel,mipsel:14194513605206682618,true,inert
64a01f6d376c9db146aab14ab7e38a8c214898ec6c24cb549341f8b70928054a,Mirai,mipsel,mipsel:14194513605206682618,true,inert
64d0fadacf4ccc0968dfe979f7d60df70a34a52af4c665b295f8faf9ff798d53,Mirai,mipsel,mipsel:14194513605206682618,true,inert
64d8ebe3e921435a54779796631bfce3d42bcdecaad091f38d28aed4e2454f86,Mirai,mipsel,mipsel:14194513605206682618,true,inert
65c0bcfb3e5f7187aae5b49465bd852b42ba13e0ef9fd696c19785b227e26ab9,Mirai,mipsel,mipsel:5643128942483457848,true,inert
660fbda4bb0bb6cb56f839800d5bbe2c12ea0da09437b94ff2de5a5a33528c71,Mirai,mipsel,mipsel:14308866886036071645,true,inert
662653238987f713aec3e048d82c6f99f55a1c165a7b9c4ec223e319d417e6bc,Mirai,mipsel,mipsel:16718846434976437914,true,inert
6a82cf6aef4e79b6dddb2723ec5865f48c134d63528d9bb0808fa166b71eb1de,Mirai,mipsel,mipsel:9137279560183896396,true,inert
6c8263f87876b8eb782f0038b318d0c12c7867df20459d146475c9e5b0e59ce4,Mirai,mipsel,mipsel:4930515463425783017,true,inert
7021e8d5c00f09e153a0258e13ab754ae0fd49fe92994e9972732b459a7cc78b,Mirai,mipsel,mipsel:16718846434976437914,true,inert
70f9e9a3fbc2bb0e22de5bd3db3f16b0ce9569dca0229edbe81957a124483d80,Mirai,mipsel,mipsel:12832135147220531639,true,inert
7b9f717e4c9700af000d4dfc15aeae4dcfd7e4a4a3d5144ffc8feb00fcbbf709,Mirai,mipsel,mipsel:5643128942483457848,true,inert
7da7e366077212ebe435336598451430ae63aa67bb98b2b4303954245085f106,Mirai,mipsel,mipsel:8796226401091966496,true,inert
7f418cb0bc42c8661ea116e27c00f5b0ceb1512d6542aa287d9835b68ff37482,Mirai,mipsel,mipsel:14194513605206682618,true,inert
8073a5b714e1c3d8bedd746a95b2eebf13127e35a9e1404fa740d478e6390510,Mirai,mipsel,mipsel:14194513605206682618,true,inert
82615bf7474aea609c6ac5f95a2a5dc1daaf2949d900bb1c0b9c651636c3eede,Mirai,mipsel,mipsel:14194513605206682618,true,inert
8966765237d74eee9f5ad12ee645f77e244cd7fc2958cc224601185a286af957,Mirai,mipsel,mipsel:12832135147220531639,true,inert
8c6f24f7a2e4d87162579c79210ffdac1fb6cb875c1d654e277e49aeaa562d69,Mirai,mipsel,mipsel:14308866886036071645,true,inert
8cbd2c93e3cdfa4c7237bec8630e5d71dd42a0b2ada2a3a4776f5f8eaa35ffe0,Mirai,mipsel,mipsel:16718846434976437914,true,inert
901385750fe76b26e8bef3e17164714e9c9532095bfc90dc7d6cdb1d35236283,Mirai,mipsel,mipsel:14194513605206682618,true,inert
93a43bac7c6b42321b53a360711a7e0e5d95270080de91b0a33fd1eec6e6bcd3,Mirai,mipsel,mipsel:16475101487484068688,true,inert
9463f66e999c1cc8cd9fb15a1f83ea02a917daa44576157f105f6fdc05c1f760,Mirai,mipsel,mipsel:14194513605206682618,true,inert
965ab5528a892365011e123627ea86ca832fef026fafd0fe021adfd63f70710d,Mirai,mipsel,mipsel:16718846434976437914,true,inert
9a492fbba53fd853480b8fd3bade8f3e6b38bbdf4b07e491b98097c575e3c718,Mirai,mipsel,mipsel:14194513605206682618,true,inert
9ac38567715679ab042b83e145dcc300601f5fb3a41373eb90176f04a44cf94a,Mirai,mipsel,mipsel:12832135147220531639,true,inert
9bdf5101c3475f416744ed0b88b12b04d863f793954b83fe925bac4d77ed1787,Mirai,mipsel,mipsel:14194513605206682618,true,inert
9c0f659910e83ebd26b564ea09178173b8d6473d7b5073f1e4dc50d4e00d0049,Mirai,mipsel,mipsel:14194513605206682618,true,inert
9e9a6e15eb25cc74c18d6c848de9190f676d98b6a14f1d656507e9cbda093928,Mirai,mipsel,mipsel:14194513605206682618,true,inert
9ef6f8b6b8b6ba570b59ce4eedf307f9a70d1c6cd34697a855d39bb3aca76435,Mirai,mipsel,mipsel:8538800158110423317,true,inert
a67e9c4a3a585f1bc9cf3e350fa650f45477e19e462abcfcae0464a22d4a8619,Mirai,mipsel,mipsel:12832135147220531639,true,inert
a765242cc162ca0e99c82fae512dcd3493a6e7c322459c7bb80b49ec9ba7e8a5,Mirai,mipsel,mipsel:3367183448041119906,true,inert
a940067cf2f8667fb7ee277a3a80387e4d64c25574058b902880c23d8aa9d845,Mirai,mipsel,mipsel:14194513605206682618,true,inert
ae59155b84c68374317e60b5ecaac4e69f288f9d6c875424ac8c854d32d152f2,Mirai,mipsel,mipsel:16718846434976437914,true,inert
af632eea9d843cccc5be8a36056c61eadcc1035a8ce688ebd945a6f48a1e9db6,Mirai,mipsel,mipsel:14194513605206682618,true,inert
b3281bcbb0b71cba0267b881b49e58caf7f52c56a1fd6cc00a51b1e611850724,Mirai,mipsel,mipsel:14194513605206682618,true,inert
b4aab8de0c0009474e85988cd0626e174716d62dd65717124413bf6dd951ba8f,Mirai,mipsel,mipsel:12832135147220531639,true,inert
bb30a46b6d41cc206edf72228fbceec95467caa02f25ca494ff62a458b45c07c,Mirai,mipsel,mipsel:14194513605206682618,true,inert
bf705161873a63dec4809d9c1977bc10c870e2e4ec36fe1219709ff4d6946c8c,Mirai,mipsel,mipsel:14194513605206682618,true,inert
c036dc01a07ec75aed63c91e0675d9d46d286d176f3906c14bf5a0a64fb6e29b,Mirai,mipsel,mipsel:14194513605206682618,true,inert
c1efbbbd8c9f695d0d74ebc2e72c17e5b340e6ba30f2a55bcae7d2ab8bea7746,Mirai,mipsel,mipsel:14194513605206682618,true,inert
c69393a086e7ad4adc18601832937d168ae5301e5bcfa46c30fe0be1fc621db7,Mirai,mipsel,mipsel:14194513605206682618,true,inert
c6b233cfcacb13fc5cd13138c916282e81024b95e77c603c8d4b8d3c3803a684,Mirai,mipsel,mipsel:16718846434976437914,true,inert
cddb8b1baa680fd1cf2c9b6d1d4bb5ccebd49c2269e46929d627984577c0cc0a,Mirai,mipsel,mipsel:16718846434976437914,true,inert
cec0a1fc3bb0ed2df01c169d21c360f96d22ebb88a453df52a59d2f55c24fcda,Mirai,mipsel,mipsel:14194513605206682618,true,inert
d3830af5577d5373f01a4debd3685a604ce78263b4617bcf4e9659cc1f5d7d10,Mirai,mipsel,mipsel:16718846434976437914,true,inert
d71f6d4a1d4c4443af3cb0d971c1f85cfddf3b52754557840006e583d73cf5d2,Mirai,mipsel,mipsel:14194513605206682618,true,inert
dbff8add95cc424fb0a185945437b2d2c659da8b86f8146dd2c96eb878e38fcc,Mirai,mipsel,mipsel:14194513605206682618,true,inert
dc6c65caf86a182b9c9246a82fc37a3798e8ac528c8da259ea48e6c14a53e97f,Mirai,mipsel,mipsel:14194513605206682618,true,inert
e0da569a04c0bc22dbac38def84af05d33966b6508e08bc4d3593dcf96756c65,Mirai,mipsel,mipsel:14194513605206682618,true,inert
e20268a95cf21455776bd5889cb70af4b3fb8642f57598715199f7e2a14650e1,Mirai,mipsel,mipsel:16718846434976437914,true,inert
e317d691062a333011280f796270a5a074d04be75183cd2be7436f66ae112937,Mirai,mipsel,mipsel:14194513605206682618,true,inert
ec5a55b267dff65e35eaf6763174a81a77c5f17500e69494e90a90b8bdfa7a61,Mirai,mipsel,mipsel:7416696788241279154,true,inert
f2c1b6982a724b7a94591431ca1d47f683354b82b7b969365047e52cab948143,Mirai,mipsel,mipsel:17455691475121364524,true,inert
f5451b44ab3c6abcece67dff077520dcb97528ed2a983f91b0c1d5c45753327c,Mirai,mipsel,mipsel:14194513605206682618,true,inert
f687a0c3bc88444738bb44e3c4f6d493d1c66b031347901164923494b144cdd0,Mirai,mipsel,mipsel:12832135147220531639,true,inert
f984775e59742cf0f1c2ad509db3e642f17e165b2dd9590426ab3335343869b2,Mirai,mipsel,mipsel:14194513605206682618,true,inert
fa793b6cce408c37f33d1a3d6fcadbe62dc2431627f1b8b1a472fe5d0a4392b1,Mirai,mipsel,mipsel:3475479951325673779,true,inert
00814f251c64b20b73534113969d9b1451337c281c91af39349fe1e011a3441f,Mirai,mipsel,mipsel:17652021087633170426,false,test
018b547f5039a82dc94ad79c04a5bb9135402ff983286ab16a8a7c7f5734cf53,Mirai,mipsel,mipsel:11823869177454194533,false,test
042560df4a7fc7da5a3578b4791d92a75c554e376e15689a5ac8a2137f7e7c47,Mirai,mipsel,mipsel:16425110410714601766,false,test
0466258752f41e5c9e4fe45f30ba53f1d65acef730ad50317db998baa9e9e856,Mirai,mipsel,mipsel:4332131884116061265,false,test
076931ac662d5be6d4f0c54167dbc30b30a6a7311112ebaf5460c16faf05ea14,Mirai,mipsel,mipsel:17287534611135253952,false,test
09628144bdd69300ff00706e4830c51c5808920b6e910b9a6b4ce550e9d797b4,Mirai,mipsel,mipsel:6881378380259608177,false,test
09c26e47be624ba3dd560ef35ef7dfade4ee5840937c11d73d64e5913fa8d3b5,Mirai,mipsel,mipsel:8251058274623965146,false,test
0a74a24a893a1cdaa5db9d248e8d608afb8318e58d41169059c699cf92165eaa,Mirai,mipsel,mipsel:14976000790588659224,false,test
0a80ec7b899eacadd555094bb26aa02b15f6dafacf83ab557d3c143d4fbf7cda,Mirai,mipsel,mipsel:6412743947001615180,false,test
0aab5d4d0bdc79034935ddb9721199947b479bcc298acd1fad87df428fde1e05,Mirai,mipsel,mipsel:3366539535275172232,false,test
0acfe988c77ae27f0008db1c5a949ccf63bbb34927cbe16926068cafb1a46293,Mirai,mipsel,mipsel:14082102202129896366,false,test
0c18639225cee7dc8dd195546077a18187157df88bfb710201a8719df0939561,Mirai,mipsel,mipsel:6217608989926304841,false,test
0ce96825b0f60f81cc8737a41370a9d6a1ed340b8d1c63b178bb0529064e1bf7,Mirai,mipsel,mipsel:9621166442801903929,false,test
0d2e46d571a702a749b026ab6081e52473f3ea83692c9533a4375785ebae85c0,Mirai,mipsel,mipsel:4386696979811879079,false,test
0dd738a5e42c9d15ed475dce02bd2a1b336bfd50aefd955072b7a5c829aa67a1,Mirai,mipsel,mipsel:400018263563459823,false,test
0e1e7b58ecef63b9255f0bb629069a7286957e6657bfd42af5167c4513e9755a,Mirai,mipsel,mipsel:16317680081015628742,false,test
0f47d45b6871c5b3c2aaff8a065a2b5a138601d33bd3aec8d48c08032170ac88,Mirai,mipsel,mipsel:16975642753328301233,false,test
0fe0ddc1b983a337aca23119656d2486ad100ff0bc923cfe4148dc4f4005c30f,Mirai,mipsel,mipsel:11976228497138997642,false,test
0fed91695b484863006bbe6ac67f199c01be05165fd462233c6950fc1d265e22,Mirai,mipsel,mipsel:13453151643737821529,false,test
10bbf5c0d9b40a05e503e3b5cdc8bf3d4618bae2f0c9f837604c6db02607b7c7,Mirai,mipsel,mipsel:5697678801160788859,false,test
129a421574b6bcce579130612c673d52c4a70bdda169939d4c72d6ee7b45ae23,Mirai,mipsel,mipsel:9060824116768460877,false,test
136e9f67cd2d7d6c4dbfe2cfbc7be9ff2f614fd22a373414f5d036faeb32b709,Mirai,mipsel,mipsel:18324618467118281846,false,test
1390eb8f748e27062554446aa02bd32d87d911ed0b5e46f0829aa85a9b3a43db,Mirai,mipsel,mipsel:16335051080343651243,false,test
13b11f952fe3ecd04b3176de9a4931f05980f627425e2dc6855abcb43e2607dc,Mirai,mipsel,mipsel:1944227863475028492,false,test
14adaed5848ce64bf0af5626c2b5ad1431dca3815eff344b94b002dfa68b48ea,Mirai,mipsel,mipsel:1698305555058047834,false,test
14f3eebf327eaf4995ce016c6321b4d1d61143b6233157b29b76e5c8ea18a859,Mirai,mipsel,mipsel:3887715183171780410,false,test
156542004ace3de9fe6efb0ba9c54d3d399204a0700b0422744c80662e655c2b,Mirai,mipsel,mipsel:18301533490579042013,false,test
1733ba225158a36ebe9c96b46aa552bcfa56785ecfa9d5bc662e67477f4b30c9,Mirai,mipsel,mipsel:17800611774781442138,false,test
178e507767de665f49cbc04fe63c1920a8e452587f641fe96ebd27d6980eb4a4,Mirai,mipsel,mipsel:2985366501653615303,false,test
186d2303d51a4f88383c120941137be922083b7bcc7b3c3cf4079bee597b0475,Mirai,mipsel,mipsel:9895642495981245944,false,test
18d523969aa069a9f6f85bad2951e5373730687cd5a9b4ca06b36dd9924a71cf,Mirai,mipsel,mipsel:14233509396177692096,false,test
19c7b05ca8a4826b114e46d3663b3da0aa745f0c5c948786633797217b1cf276,Mirai,mipsel,mipsel:15509533607894633263,false,test
1cd9e1cb9051717f3d18e2ee8fc1496da4196935388432159ba9287ac6fba092,Mirai,mipsel,mipsel:16105342055078294105,false,test
1dfb916777446edef83ebaf93c1177402890f644b28acc9ef63fc791bb66978b,Mirai,mipsel,mipsel:11971216156058629214,false,test
2096bd6a3e54b41f1f9c13b185242a4b74783bc1c976b77703aa6eca28d82978,Mirai,mipsel,mipsel:8820414283315755065,false,test
20cb352f6d3a9391ecc29c3ce312f71d80eee67c86a5d982919556fdd930fb27,Mirai,mipsel,mipsel:13902723729703081759,false,test
21f8d50e47d27c26a35bae3d08d17f62f9a2ca3829c84415e5dc2572d074f6a7,Mirai,mipsel,mipsel:2140207966715724027,false,test
22eabb6b943d4aa78e3237ca362989a4097c7a7b3c7267110ff29e9cae666497,Mirai,mipsel,mipsel:15585548245094019978,false,test
233ae5fed913ebcca44201da0ab98e50b00c75fbfa0385436187a84331091f04,Mirai,mipsel,mipsel:4942564100664923614,false,test
2368043132dfb3b563a7b81d278cab473c8a9a2316685b28f57069548260a72c,Mirai,mipsel,mipsel:3948526384563963979,false,test
248d23c4bccb6fc2dd6e72d06ef956495c33bdb5c65f831156f19e33adaa5339,Mirai,mipsel,mipsel:2110993410799325969,false,test
24d6984863455b50e77e68e319e1f7e7db3c5a40c375bedcb64cac38bc1a02db,Mirai,mipsel,mipsel:11333681254747387716,false,test
2655b6754f76e27ae226eb300fbf062489d9926f1b397e47d2dc2e02541a1f42,Mirai,mipsel,mipsel:11553874052037752119,false,test
2667daac9048845047ee7cd4400350a1e568f680c580285abd6a3f1dcdb27ddb,Mirai,mipsel,mipsel:8326762092731396893,false,test
2890c0f325df79f28cc73489b7030d7a42991a14bb7ceea8a4bd99f6103da2ea,Mirai,mipsel,mipsel:5225905579766541142,false,test
28a83f5fc9dd043feb43c3cd64d6e35079e20dd5bb0afc666b5f000777e0d46f,Mirai,mipsel,mipsel:4373944399965260608,false,test
296edd088ced5c1a42eaaff3f020df1a2df859616649768d856ed36e72fecf41,Mirai,mipsel,mipsel:3210203757779339318,false,test
2b75136fe814d6d832066ac893989e383f9d607e8f2f6f9e3abfc6c7ee41a595,Mirai,mipsel,mipsel:4483660591846089778,false,test
2bdb7c5d16e6cd7bfa68249a27761938c7bef848a6e722e5f16937cd6966aa14,Mirai,mipsel,mipsel:1445205119629882271,false,test
2c1a5f8a6dca11f82cbcb29e6c70ea8333d0a84564522764adcf8ae177859c55,Mirai,mipsel,mipsel:5503163880271001347,false,test
2ccc39586ba3b34d9c6ccd6c9ed7b2fa9b28f999d9a103d936769185c4aa5e0e,Mirai,mipsel,mipsel:18308453349081075418,false,test
2f2d96d4bde57a8fb27b8855f3cfc215e46094fcee1ac06a0bd7a02408919ad7,Mirai,mipsel,mipsel:16553189353799429430,false,test
301e2e8c346101ebde041426b67766e265017129d20811efab8531aad278f309,Mirai,mipsel,mipsel:6518446284778620897,false,test
308c02126cd2f87998ef455e33b1e4ee16be1ae503da8edc90eafad9165e45a7,Mirai,mipsel,mipsel:16407959228846172363,false,test
30f3608191068571394989bb0573a00e5bc4f634b642cef67c3c7ab308b5411b,Mirai,mipsel,mipsel:5963700738146790976,false,test
31182c08fc43fef390aabcbacfe6c8db2df58a69cc44dab076fc9744597a542e,Mirai,mipsel,mipsel:849705227838511909,false,test
31ee0473798b122bf87fe0d1e82ab4b49569a7b9c47817693335df4a0a4c9fbb,Mirai,mipsel,mipsel:3561424260994138154,false,test
322347a3c7046b44fe89ebcc9cf4499b9d85eaf493a69a0843cb59e546bba3e6,Mirai,mipsel,mipsel:5314534156477847131,false,test
3289dfbc71fe562f66020c90b4735877e05c8ebce4239a1d4527d5e0718f3de3,Mirai,mipsel,mipsel:5370342616883887669,false,test
34da09505b01dd280bf55033ec49a5fceee72963d720f4ff12074a60f8c81c34,Mirai,mipsel,mipsel:314570096644500953,false,test
34e6a8b2fc5d518a8c09bd9165434f2fc08184da7339727a428468a4bd981258,Mirai,mipsel,mipsel:13562596795934330200,false,test
373f8ebd643b673ec7ad65f51b6caf4f26a16ad2474f36d1584df6e167e51300,Mirai,mipsel,mipsel:17652021087633170426,false,test
37d5fccc34274cb91e5caa5fc37edcd863b94bc457cb48374cc3dce9e0089979,Mirai,mipsel,mipsel:14062696866381968265,false,test
38e67faf1a6e57c1e94ae99e223ac32c53f3efb183a87ba061870d13e50859b8,Mirai,mipsel,mipsel:4304619692056442834,false,test
3985d31ab7c9f48f46587323bd7f6aa2bca8ad7701ec126a968b2b687c0eb60d,Mirai,mipsel,mipsel:2645300903761560586,false,test
3ac1b6a4aac075cc5aeb6befd227574a7b0ee83e6546ffbea39591152c31f578,Mirai,mipsel,mipsel:8764865093856113583,false,test
3b431b383ea1ccf50131519dd5c8aeaa13e61f4987b9166c610731ae1fab05f4,Mirai,mipsel,mipsel:10378962225206545655,false,test
3b5fb1717e12a833f3a96b816267c2e5fe8cefe48dc0e917db2677139a8a2781,Mirai,mipsel,mipsel:6999622927795929882,false,test
3c5a2d16302e60be4ee8b9de9e1b81240cd0d96bcb8e906ec9cc4a5bf37e4b90,Mirai,mipsel,mipsel:17725328215895701301,false,test
3cca851285b598b7cbcbf349e2833457e6b715e66a70291084efc0a96a004046,Mirai,mipsel,mipsel:7148210582528665043,false,test
3ea2c170835aacc9a24889bf15a116637e32270962f6c10d188a51f52421b19a,Mirai,mipsel,mipsel:17652021087633170426,false,test
3ee2ae487a3b6484e8d436016317a46d8f3639c7319dda068433c4a9ade0f4a3,Mirai,mipsel,mipsel:7976249866061493284,false,test
3fcb0a75c344530657f8492d2a23f22ec4383b0ca72c7076000e4220ffeeaf48,Mirai,mipsel,mipsel:1951770847844660664,false,test
401804c5c694d0bb0c7d2b2b9f8d278daa614251bc88ac6e174e2f63433816c5,Mirai,mipsel,mipsel:11074273635284841163,false,test
40bc615fdcd158db2b1061f8814bcc6f31bb47b726afe646162415cb66f39bee,Mirai,mipsel,mipsel:14338816454528185876,false,test
418a3a1c66303c4591f8bc8d354b251677bcbaf77a4858ef61a9d6d48391410a,Mirai,mipsel,mipsel:8726465123100701528,false,test
42d2f45e0a86c370a8cab16eee0ab0bd83930a21b565216919593ec1c6a7f011,Mirai,mipsel,mipsel:12819666145290155973,false,test
42dc58a39322b2405e26932c67c84e967b38365a65bdc11579cd571bbaac35ff,Mirai,mipsel,mipsel:14750158738850722249,false,test
4307fa2f4bf28c3748334c89b3bddb2e13ee428fa07468af565e22c1068e977e,Mirai,mipsel,mipsel:17652021087633170426,false,test
444dcdff6579c633697d450a5bd450b1ccec1ad0134812fcfb0e34a26ab6eee4,Mirai,mipsel,mipsel:11544917267564795143,false,test
46d01280a04fc0bd2bf5300ed1645be5380d4b6a95e11a274bf731f3a6c7f40e,Mirai,mipsel,mipsel:700515191509375166,false,test
46f4738aa8813310898daae458cce813a6995f4caf8c980e19e1a28f1c23ccf7,Mirai,mipsel,mipsel:6497111894031417122,false,test
470d7120c806d9155c6b93bf1046f65a21d93ad6fa098717a2f6fe4d860e076f,Mirai,mipsel,mipsel:2501160466800913124,false,test
471e90d3486004621f91dcb7032a031728dee213c400605f9f4ed37e6ca42a57,Mirai,mipsel,mipsel:4849187132272140114,false,test
4820aac6987cd20fe9b257a9082f314e8c3d488b0b50802e38cb3d6c034ef2e6,Mirai,mipsel,mipsel:6497111894031417122,false,test
48c5a577407d418df49cb60d1588745cec400647a7c6b028e3945aa5e4bcd095,Mirai,mipsel,mipsel:11550017613709860045,false,test
4944d90d4f0dd5b98b4d7a4dba659bf6655db8e5f4819c5a1a5bcc4f2c12d3df,Mirai,mipsel,mipsel:1848027648321681073,false,test
4cea74013febc14ba16ceb5100ee6b35140f2599154ae90af2f03bf69f7b3dc1,Mirai,mipsel,mipsel:5270915354556996076,false,test
4da930c1251f815746c061204379b12fa6468bb1dd6011e57ebef4730360163e,Mirai,mipsel,mipsel:7641476476855616998,false,test
4db019ae3bace9e95eceb1ba0f984a1c84107936c8870b9cd796e4fc6db96958,Mirai,mipsel,mipsel:7757387956396193319,false,test
4df9859e9c37579e55c97ae0423cca3ff7aeb79a29af569bfe81cb0b238605c8,Mirai,mipsel,mipsel:14363729954833852318,false,test
4e52f80d469022a1b5efe87a8f4b61cb0881a16279827cbab7645ec3c00add55,Mirai,mipsel,mipsel:6497111894031417122,false,test
501fba9213e87184d74b538e4cc7df5acd563eefdd7b9c86bb54e19624bbe93a,Mirai,mipsel,mipsel:4428709528274690681,false,test
50e8a3ccd3961e9dc381973da714b8a54fe779c7ec85270df73e382ade4f0bd8,Mirai,mipsel,mipsel:16432124543386581742,false,test
5229ee734fe672f526290952d09f3ebefde654af69928e35b8f4af92cee7d011,Mirai,mipsel,mipsel:772204425306618783,false,test
534865faf1b61c3e898618b597cd8cee9e4ed08325f25a9d69d0006f50cfc88c,Mirai,mipsel,mipsel:3082382620483401923,false,test
53a5178b5530e3f62ca501000bfdb6f6131f3e73e6c14c962c696b5c0183ff58,Mirai,mipsel,mipsel:11661379522343858589,false,test
53dbdd81fd2a399a9d89a4aa567c7fb04060971bfd5fb4e19b50b80f3feee5da,Mirai,mipsel,mipsel:6882642941552629469,false,test
544e65b11184b3e44bde855bf64c07cf95414ecd370970731cf7f917d5904159,Mirai,mipsel,mipsel:5525806243247679167,false,test
5684188454088120ca2721189cc594a9500260d24dbee9995555320704448184,Mirai,mipsel,mipsel:12049124841299084964,false,test
56d9d290896c6f122e814a58b54ed021d8d11a27c4867fdaea16a18cfd5a2480,Mirai,mipsel,mipsel:17072052044835836528,false,test
57653b47a324aa646efb4e78703e9e9b6c77c038af4fd3fc91bfef9fdec25a58,Mirai,mipsel,mipsel:2468147445177482231,false,test
5824d2ee749ccb4438502a0faa223be79c9c5e23cd93f0a58f7efea88dbf3bc1,Mirai,mipsel,mipsel:10633672110583797118,false,test
59165a17931481d05d0f3536b272ceb2294e8c7b6168236b700b6a60d7f27798,Mirai,mipsel,mipsel:8246068977534299368,false,test
5985fab80bca2e282f76c0fdc52bbb256399a9975d93be196b3361b46a007079,Mirai,mipsel,mipsel:6080923134251294058,false,test
59a394957ea20ea21412dea492a7bfdf6278b7f7683c51215da9f09d110aa7e6,Mirai,mipsel,mipsel:16347474630573142607,false,test
5aae7e1c9c71f43af7db5d868e77848e2fb320530950b1ea5673372f4b0d0a9c,Mirai,mipsel,mipsel:4522148387079102190,false,test
5b542e36628639ba0f048174136b0e415c4bbda139f6749cd72bf11d921069cd,Mirai,mipsel,mipsel:15055105333254704202,false,test
5bebb0e466e2be2e21c09a87a6ea45004679fae93da5ec6fb1f1a4b4857f2283,Mirai,mipsel,mipsel:14960842867004874445,false,test
5cba4eff33fd4822429d538449e4c1373ea2b2b2b278095ca1667a6748c048b0,Mirai,mipsel,mipsel:2680976439025676923,false,test
5d1f3e5317ffa4282815c8d6ae934da16aa56c75a832a59b955f6a8f0eaa55dc,Mirai,mipsel,mipsel:14704672880638359542,false,test
614d16f401a049fd0256b04e26756502313c4e557276a8fc43703ac7ed184d0c,Mirai,mipsel,mipsel:2423690781686508677,false,test
632f138e38e43e6704578e9ea2c5d6e49775038061d15559c4a1148139105b10,Mirai,mipsel,mipsel:17000804112347272676,false,test
63929b761ff64168ae88aa580e911b0dd598f67e9c3a28f591564d3888b3e0ab,Mirai,mipsel,mipsel:8163374183210632106,false,test
64723ddc5ba8a8296e0b4e34115ad4d2880589de858140682483895ac1f6ad76,Mirai,mipsel,mipsel:14490296879933685746,false,test
6596b72ba9448bb140dd4e3c4f406d1db0fc085823cea4f1d405789bc24f131f,Mirai,mipsel,mipsel:6925377832282801359,false,test
6646b8f84ed25a0a44f7eaa236d0a1721d2a88de0b5a7b5021eec288ed356ba3,Mirai,mipsel,mipsel:17908645179572431870,false,test
6691b4125c2d2c88869b53fec38ab5d0fbaaa4bda0e66583b2850513560bef4a,Mirai,mipsel,mipsel:12870536575553305678,false,test
6773097fce3dce8ab55eaa760b658fc045ba9c08eb880f6635902aded36e14ed,Mirai,mipsel,mipsel:15072547089442801389,false,test
68c83756e0269cec4c3fd79c50faa5efd10712c74b288d16c4a72126097b2649,Mirai,mipsel,mipsel:3904513956888747208,false,test
690b06ea0637f5e866d69a0c701ecd1c41257a7328ab5c9d9a9d2523cf50353d,Mirai,mipsel,mipsel:12552565344710090758,false,test
6a6d38f51306aac92c74ea718b9cc10999135272080f9a23aec89227a64c96f7,Mirai,mipsel,mipsel:12444919978511088040,false,test
6b242afb9488d80b26e762fafc1b2bcc1f75a0d0453f54527d6c76a26148b4c7,Mirai,mipsel,mipsel:6140333531068938570,false,test
6b62ec31a191f8dd25d9d641f5700d0b45f3ceec0fa82aac8f23f4cd2ed1f4e5,Mirai,mipsel,mipsel:13561371023663127326,false,test
6e4409a4515773f75a178211d546ed0ed800df4b4c00d8b3568fc94909253109,Mirai,mipsel,mipsel:14234241807054776143,false,test
6f50832f17abdedb8e17f3c400663f00321338d612c8c0a213ff827faa6dda21,Mirai,mipsel,mipsel:497547354440382682,false,test
6f837201fafad47aabee59ff43afdb47f247ac6e7abe75cdb205c3435b867098,Mirai,mipsel,mipsel:11161600471756891350,false,test
70536ab55c343c97e43aac9fc24c07ca04f937e5b35504637a4e6e0a68e05a97,Mirai,mipsel,mipsel:5176753196083285259,false,test
71c383bbf388bff6f2b6826e2f8b21c2067fbf4997d4ef5410613e0e37ce9909,Mirai,mipsel,mipsel:16508278075481477276,false,test
725f3ea24b340466b32bdcb80de439208c4f758e82339d851e15c986ea71f861,Mirai,mipsel,mipsel:17652021087633170426,false,test
72cd8820182d6079f6441a031429364bc94bb08ce1411bb5fa6a45f8ddba9f20,Mirai,mipsel,mipsel:15726370088528885991,false,test
74da21e11d08aff7a214a62c985a423cfe510a4d9fe4db0269f057e251af98f3,Mirai,mipsel,mipsel:3692483723749526934,false,test
755031e8c1e3ca26bcb254309c81d2a7bb5316444930c7100578c11953fe9844,Mirai,mipsel,mipsel:3910296437365244185,false,test
7578406434b1087216de3c9e22aee0b18a12e04168c6977d884406cb59020aad,Mirai,mipsel,mipsel:2870549821214369320,false,test
75987a38f90adfd571f8867ab6cd61814722f521d8d53649b0a3a97c33bf094c,Mirai,mipsel,mipsel:18241396721549012010,false,test
764961a63b9fc121712be1f69bd54788e605790f98394840183c3659b2d998ce,Mirai,mipsel,mipsel:7346377993937741481,false,test
778ab718bb2cc2f3ec3c3a4e7ea4ad4c2875ece28bf1e6957834dd762c2bbc9e,Mirai,mipsel,mipsel:12603841538251045907,false,test
77a3a5bf0a0f2a2b0b6857fc4cc32ee9bbc7f24f5a6761f02fbdce52a8be4666,Mirai,mipsel,mipsel:4899866666443069558,false,test
784a84d153a35df6ec568be635981e130c67cdfd56c570c4b7665da40e6a22d7,Mirai,mipsel,mipsel:16883693173551100778,false,test
798d9393eeb4f85ab23e758622fa09aa924b9784212d943dc9357448abf69244,Mirai,mipsel,mipsel:13212297253309858070,false,test
7b17fdc41db5fa8d47996a89ea6a4e01e8f13d7ae51ea01d7548b2e0258db028,Mirai,mipsel,mipsel:7998176799300000656,false,test
7b9f7ffd4090ca9707c709afc5d9e969a1df7663751e3dfd52d641aa8dd2fb8d,Mirai,mipsel,mipsel:10639612993099412966,false,test
7c0e5f35d13ac82cf6622f6f50d81a3a7be9600fe2d69441fcb1fda5f295ef8a,Mirai,mipsel,mipsel:10218131164910318591,false,test
7d523b1998dd5ed9132803af4aec4c4b9e905d7e44a07b66cde00e06704a7f8a,Mirai,mipsel,mipsel:9176979670552251988,false,test
7ec3b1fdd152a306b735e75aaffee8a8133c1dea19f58f3a9f785748742ceffd,Mirai,mipsel,mipsel:4102514148678517573,false,test
8002efafd03a8989a8cd5a658dff37dae5747e48522694dc457ae7972dca65ad,Mirai,mipsel,mipsel:11185056752807005519,false,test
8090dacd733cf3773022b92dc480f32b4c8351937857650016441267a4ad30f9,Mirai,mipsel,mipsel:17577136316007955061,false,test
80919935b0eb7c978b4f47eec43d9705533548196f6a908d82e78410078c27c2,Mirai,mipsel,mipsel:15477674721715194494,false,test
80fa892214e40a7a46072bf63b47b0d1f6b3e383d349ca886f2bd4e110fa3cc8,Mirai,mipsel,mipsel:381590847949867075,false,test
81027667108b04ecedc24dbaad5a67b1c1801c01300d8df19d2305d4e8c037b1,Mirai,mipsel,mipsel:4902071352058356688,false,test
8125c674350c3d8f7569373f4cd22d49bff5022560d6eb23f608c4a72146076f,Mirai,mipsel,mipsel:16695593021632320193,false,test
82f7dcab7e7c94b0e42ca72a6f8f6949e1f8cfe3b19936af9670eae05e01442c,Mirai,mipsel,mipsel:13466920535209788781,false,test
84a3c4d5e0c19491dcb0d41d7db2a6ef0e3d9e28aa2f1382f60633d26732d2d5,Mirai,mipsel,mipsel:3690432977162732243,false,test
84eac75862ebe904d3f9d8e9fb7fddb1a9e6ef1c47cf07a6db3c0f4072b76737,Mirai,mipsel,mipsel:2959588144276056865,false,test
8518a3dbcfbf626c5cfa8db87023470a9c632a4a9f1126ab07d7edc6f5487e0a,Mirai,mipsel,mipsel:13622073373767540032,false,test
871c66e960a4390f6033d6fdd19b108cc5ed15c0e5274794a0f3711777280db4,Mirai,mipsel,mipsel:11064286475925950045,false,test
89d507669da2cce51ad372ab6183fa9a25da69915108b6480f90b9100c0c551b,Mirai,mipsel,mipsel:3112798863419415643,false,test
8a116b76d06fc5328baa3a2811ff61cfcc5f06a3fb0b654b27a2c104df42fb97,Mirai,mipsel,mipsel:14263329226658691655,false,test
8a4a86931d736518458451cd0df8d2f2a6e71471d1a9854b36f3eaa369ca0536,Mirai,mipsel,mipsel:7921396995705246322,false,test
8ae480824ed84930d40cd511feed76490ee89dc9eb8ecb21b18bf6d77098ba4e,Mirai,mipsel,mipsel:14413170041735127306,false,test
8b0799560ad46a6ff3c95f88f312134e9d59f4315ff9d2d3e4ad477978547a8a,Mirai,mipsel,mipsel:7354323412048583521,false,test
8c0b6727743b1a686477960501f601cb9dd9e46b6a02afc92770222cdd543586,Mirai,mipsel,mipsel:7817649380976853364,false,test
8c0f72ad6ce45751a844bec256b5fe9ef7d10dbfaaa3fef946740580fd4064ac,Mirai,mipsel,mipsel:13967666364261680476,false,test
8c7eabb94f92ca3d608bf8bf8b982529f966e767e33f93acb24b62781f6e9768,Mirai,mipsel,mipsel:1127355682406691934,false,test
8db93c637258c0af607890a2cef973e7f82a0a8d280d3e7db1ed4a73a4dd7690,Mirai,mipsel,mipsel:13307025500042803831,false,test
8f2e45debfebb2cddb94fa042d983c45f17f50b7aee9e0a47948274b65e08841,Mirai,mipsel,mipsel:16327392837280709609,false,test
90ad975de41eb17ae47ffde5f8e584a463a2522f339e4e375b44dec6eb1b794d,Mirai,mipsel,mipsel:13386596187529527957,false,test
91d087c68215f7a8afc81b0b4dc16aff7fc229fca7ce7b53b49da22c2bbe36d1,Mirai,mipsel,mipsel:13064509795792928772,false,test
92d6013e46bf065f961456e101bdd56e9b4c50848a37ffbd3fb525964827e386,Mirai,mipsel,mipsel:17788265074417581080,false,test
93871efc7d12609f132b7deae40963ccbc1018870d92ff4d956e4abf92b0c1d8,Mirai,mipsel,mipsel:10737835475127323656,false,test
93f911cbe73b95e6cf8e2a02eb0411d10af86e5ba16eeba6dcba6c36d793197d,Mirai,mipsel,mipsel:14082207278709801028,false,test
944088dbe62ef613975ff7d196abb98c7aae8b8dd2059d107128076f15c663a6,Mirai,mipsel,mipsel:5349074123227576114,false,test
945612973ffeca6827f120671e4a70767be00f3c1d17957db519467f145533ba,Mirai,mipsel,mipsel:9895642495981245944,false,test
947942c02c091df3a8613e4943302fda445ce472d57499522a24f43ff7e98190,Mirai,mipsel,mipsel:16675520002403093019,false,test
95ba4b33c62cd88b56c8b4e4a062d374a2609456a9a2d3b621ab1d5febb98578,Mirai,mipsel,mipsel:17453614071127532494,false,test
95f3face19038e02fc8d5be8b2cfece75b1e4a5407afa866217855b6ec54c7a4,Mirai,mipsel,mipsel:10645507663183620509,false,test
96406dc5b5f100f2a8846fe98d7df281ce33a58efb9be8221342c5587f64dda8,Mirai,mipsel,mipsel:14896044049464728782,false,test
964ab0ca31c6c1ecf8118b77ee3b129d97ee28d9a619640150541839df290827,Mirai,mipsel,mipsel:17067962287303692436,false,test
97e1a87c1f5c169c6b9c795de6006526b4d1c7e76ca55223d8614fbc36068cae,Mirai,mipsel,mipsel:12443810511923230311,false,test
98926363d00b2b855775ade73a93359134fc1393fb5cd7ce140aaa93b8ccfb06,Mirai,mipsel,mipsel:16445671074524740869,false,test
997e473d055b152428a91e3529b41d044f0c31c7e246d36a7a3f1be1d36adde1,Mirai,mipsel,mipsel:1079040372358043833,false,test
9a118f6f0ff49ac21b4f9d291e212736804fca0574f358d486618f2fbf3d2af4,Mirai,mipsel,mipsel:18159763344354395446,false,test
9c0b9d616998de57787ae025e453faab4f9a819ee88a40d87bb748ba5c2d1789,Mirai,mipsel,mipsel:9972519421356460704,false,test
9ccbf2987eab8a9f6a21769e9ca374dcbee75f72961fa8c31e30a677a9e87e69,Mirai,mipsel,mipsel:7852350291289244690,false,test
9d40b06802e01a39874eaf90324ad515ae0d6233c4b52a26ef8fe530297cc373,Mirai,mipsel,mipsel:10241905192874967283,false,test
9dda3bac146e5e89ff99906ae63054e992672069d09ee1ec2e0dabb32e31bf77,Mirai,mipsel,mipsel:12891722860286827150,false,test
9e0a15a4318e3e788bad61398b8a40d4916d63ab27b47f3bdbe329c462193600,Mirai,mipsel,mipsel:5087057850875451091,false,test
a07df9c8927c12489b2941bdc92c6935f430bbad519d1f4e84bf04d2e93c777d,Mirai,mipsel,mipsel:9395324092121374385,false,test
a1ff854659682f0451e6fa826d709ea1b5cf24c8464655c548c44f07e177bb5d,Mirai,mipsel,mipsel:8904995191003447379,false,test
a28b2a998ace663e3475ce1b8a82435731ede6e5f2e8d623184513c40b36f402,Mirai,mipsel,mipsel:10210848339535393457,false,test
a3cccd7594369c2e99a6a8870a8be1a1ceb2a18ae0eb99f6b05f05684e89967e,Mirai,mipsel,mipsel:17193059384650300637,false,test
a4a98d2aaf3af956a2a8e75219237acfbe9fed75a1c6d0d28929930f7eb42565,Mirai,mipsel,mipsel:7964887962122541948,false,test
a4d3c5ddf39d29f98db81963e6332711f29e5a2a170d02f9c8218a4cd439fb0f,Mirai,mipsel,mipsel:9148005435974016653,false,test
a52c4f0353d6b284cc297246dc0ce48c6fad4e20adbddadcab5320362659ad08,Mirai,mipsel,mipsel:6497111894031417122,false,test
a66cecfe3bd5d45d8f34ded9e5473788e4ae9fb832a7f2a17c0fb03750c51e58,Mirai,mipsel,mipsel:16246916223066492029,false,test
a6aa53f8818aeca7d44bbcae23834ac83f440b5ad25e1cfc052273ecedfd5372,Mirai,mipsel,mipsel:5220622021053335222,false,test
a70b5df9145e205ff0c3e7d3a64764d27adcef053a146dc676fe3ffe1bcc293f,Mirai,mipsel,mipsel:15728564027927506916,false,test
a7cd68ae7414e4a678c066887bb0cf9b1222ba77aa258f19d833086d07a469db,Mirai,mipsel,mipsel:1206913532060310542,false,test
a8a00a59863c4b358481caa7e33b2705ab841b0e7db5a02b90aec460e61c425c,Mirai,mipsel,mipsel:14879337374943226380,false,test
a965c24f7c0f2a1a1d20087c0915b0c7105e67183108b50bb1073f9bfbda0e72,Mirai,mipsel,mipsel:8095559311940924709,false,test
aa52f78cc6afd70a54d4d3b5a0e1168f7e6f6ccbdc993c7a7bf5706aa0b4ba23,Mirai,mipsel,mipsel:4931969393203372147,false,test
aaa5b81eb9836a5d8204e1a4d7b91e9681d3fa8cbcb0f5eb51fdfe1ecfc1217d,Mirai,mipsel,mipsel:3202047511933244631,false,test
ac1ff68345ae5ee6f21a198beea19d11c179fbb9a3d1e3d52f8e62134e9d26d6,Mirai,mipsel,mipsel:4876259152619805312,false,test
ac6463f33d201ae463f30ee98fc9839a47d31ab0cb53de9ee1c411bf920ee9b7,Mirai,mipsel,mipsel:4849162416089784112,false,test
acafe728bbc8213e06bf4ab2590ca838b8ae99d6b3a49d793c598bc727c0cee5,Mirai,mipsel,mipsel:5659931371360966546,false,test
ada1a667d43794cfa7d30cbb9b56133c3524ce900df0bca739362cb468d72f6d,Mirai,mipsel,mipsel:15437923784113622494,false,test
adee341f83639df8dcfa18510e03ff3f09cf8f7506cb6311f03a98fab2e1974c,Mirai,mipsel,mipsel:8246068977534299368,false,test
ae89ff67d6f0c8af9d1aba5f7aec9b7497e50ecb10e8a9c6534dfee074d9509a,Mirai,mipsel,mipsel:5706488162052196340,false,test
ae9f1559814f1354aa5b797454b825df5bd6056f983a3c2f0ac1a71b5eecf335,Mirai,mipsel,mipsel:5301054088603604657,false,test
aefdf7c1b39beccceaeac24070081319d1aa0f711e15036214269fa819974115,Mirai,mipsel,mipsel:3117622298903550783,false,test
af60b55f80ab0d339fc894c2c0e2637d28a56fe88f21ca4f90408bee6d13e8c2,Mirai,mipsel,mipsel:3017624619221758773,false,test
af96c806f257e9753e05c4aff025dbe4a2e0a73d21386f33785cf97bc79fbb62,Mirai,mipsel,mipsel:2805954014615867016,false,test
b0642609dcb09ea7939c39c10fa1348f25b4a2f819ada46d35f27fd1928b13fd,Mirai,mipsel,mipsel:11567508174268173687,false,test
b1c26b67b083445a7f6585e672dfb9018f66cbbcaaddc0763c94bf135740adaf,Mirai,mipsel,mipsel:8645500942419606889,false,test
b215087b368b569ea0bbe1dcb01b60a398b8982180e0e9214e81eec6421e7291,Mirai,mipsel,mipsel:5163695925800360632,false,test
b398b1c35818e88c2c4ea51702f2fdcd46a98395ef30d7b861ebcb1890aa9cab,Mirai,mipsel,mipsel:11610466769329173512,false,test
b44f6c190afd1278f9136e573f3db07438c096ff6b4fba06c21c0fac45f9b6a7,Mirai,mipsel,mipsel:3370223907406006938,false,test
b4bb04ac5cbcf0a5eef3fa529356b909325a2f1655c4d5bc4882329b2c9a1c26,Mirai,mipsel,mipsel:17844810517764888904,false,test
b5436af9784e60ed197fc9bdf7f42f04e4f7ae646fba6bc3a940270e30434ec3,Mirai,mipsel,mipsel:11747070463887323826,false,test
b5d6b5130f1d5752d89482b3c381051ba76c57c04953eb2344dfc2487577f767,Mirai,mipsel,mipsel:9644201040289545176,false,test
b5faaaabd66fc467537cd7580e7a1ac5f4b690bfa21e36fc66bacc18b4deecc7,Mirai,mipsel,mipsel:2906549816643302145,false,test
b6a879397aa425c324b8bd4c73d1803513ed38dd6d3a97e1f672b29ea6165ef7,Mirai,mipsel,mipsel:17081124082089816936,false,test
b6c6d7d1baf0250b252324c88663390d4372e3b74d1e229e3c3974a415b24a2e,Mirai,mipsel,mipsel:13770209228378342021,false,test
b7826327e1af4b7ddad3ba8227f48946fb2c736f2a519ff9c951f8c2f4b4062d,Mirai,mipsel,mipsel:6187681034308237583,false,test
b8294955f748f52d758276a43af57b181ea449645b2bef0b58d4cda6d2ccbfbb,Mirai,mipsel,mipsel:6188506280485378956,false,test
b82ec0a5829768e857d9e71b316d6f94c2f3365ce5756628ddb4f5cf87537b83,Mirai,mipsel,mipsel:8108565028793100722,false,test
b8f47cd2f7be540e368d361c8ff09aa3c24552346d443e6621108cdf2e9e0286,Mirai,mipsel,mipsel:9890270528741002962,false,test
b9151735039606db5e3b4b21a6889de777fce5e2e5f8378ceeb773655ab7cb2e,Mirai,mipsel,mipsel:9205290532861012673,false,test
b9456d9f4783c53d6127bbfc66dbe11efc63f6041f1286906b62a7c23dcb2527,Mirai,mipsel,mipsel:3566362967424905403,false,test
be750a9fa61542478d8388537801562e0fffac1aa9bdd4f731ce354c050700ba,Mirai,mipsel,mipsel:15647321310634283873,false,test
be8e1ed916a8f37df4dfe70fb70ba56c7c5eeb265cec743b88827db5905fdac3,Mirai,mipsel,mipsel:15851759629174026287,false,test
bfdb2b93ee586b0b1b1b298b35778e39ddb82b8937bdcd3c01c8f105abdd94c6,Mirai,mipsel,mipsel:14280428599028113827,false,test
bff4cdc2b0dcb89f688db500a4b26660894c903100845c878b2b6b952c718ba5,Mirai,mipsel,mipsel:1315220554006646455,false,test
c00ade98646c77ec034f89cb60d7f3015ffe2def9e250e473f4f4eb237d50ceb,Mirai,mipsel,mipsel:9624629940102653653,false,test
c2767cc0c37f271af4edd954766ecd60ad1da1c833cf20d7b60fc4426650b099,Mirai,mipsel,mipsel:1673207039589443027,false,test
c292f029905fca34bf41cbb62d856e27301263648c598b365b523d5687c082b9,Mirai,mipsel,mipsel:8567750705064258861,false,test
c2cafb735385af7f9b2f53a5aa3ef6123f407d1dad36adddc1ccdd23277fdabf,Mirai,mipsel,mipsel:1731006487199423368,false,test
c3e15edb8bd36796b45e2c34a19720d36301a84bd0e1cc70d97a0c150e916525,Mirai,mipsel,mipsel:5460360603931783112,false,test
c433cbb0b8efa59e752aaf8fd47a77446a4a6a878cbdb35d256eefce9a54789b,Mirai,mipsel,mipsel:4754842868522491581,false,test
c640b3367a1f1c3c0d454dd5c7ff44f8f1c841652866f88e197ade5a53a96304,Mirai,mipsel,mipsel:6265416889565676321,false,test
c661f53efba4603682d60d097abae5130224ce8ae7fb63dd772d19c2cec5fe8f,Mirai,mipsel,mipsel:17895447435927608787,false,test
c877d7444357592e7dabfdf431bec3e628035773ad55b5c8c4e25c76dc283772,Mirai,mipsel,mipsel:17652021087633170426,false,test
c8ebc56218d792ec911aa0037e6ebac36a5d8a6fe162f1b198b3cff2a1b3e061,Mirai,mipsel,mipsel:13181613037407982499,false,test
c9967ba4b99ada71873c4c3be3c7f76abadc8573cc8ba24ea6fe2d1f79a5abf3,Mirai,mipsel,mipsel:1132951901800653849,false,test
ca167b9d084b615dbb36c81a80baadac0c7c1e75962f01b4809294877ac8af89,Mirai,mipsel,mipsel:15710632561789715034,false,test
cce624f05980bc8d3f6922aee61cec2b3cf3a01a604871ccc1b7b3be7f2cc6d6,Mirai,mipsel,mipsel:8765283668315686321,false,test
cd47764d16b7bab3a0c9c7f17761ec8092a6005642a01663a8daccd1551e5f91,Mirai,mipsel,mipsel:6052575192942776555,false,test
cf3a2b21a528e3f7f11c83a014ba99f00b8f7c4ebb96f403d16832716a62ea5b,Mirai,mipsel,mipsel:3354314507310397343,false,test
cf619b3dd49f6280456095a3481f5368a0a4771172c2370e2f6093013187d748,Mirai,mipsel,mipsel:13328116660361066153,false,test
d05701471aa2a90e65a0775886fba78774fd4d76f3b4d3a6ca784bfb27999910,Mirai,mipsel,mipsel:14313277844202266746,false,test
d090ccecae3f6741b722a27f4b991a1fd8d92886583b977cc007e0db83b08168,Mirai,mipsel,mipsel:13867392699029649538,false,test
d0f199c925890d1b8e23c01f9742746d5410fa4cc4c194a5f59b7ac6f940b7d5,Mirai,mipsel,mipsel:17508185581676745046,false,test
d3afea27fabb3bf645822ef57d7603318a603c6ff09a3e8153143edcad051988,Mirai,mipsel,mipsel:7999140877855907578,false,test
d4da20d315736db545114c1323bef972b46cc8e1f98aca455e3c5f64ee7f71bc,Mirai,mipsel,mipsel:10417312863936460011,false,test
d64699c52b68b79dfe4ea81b2c684ec43fefc9886aca58887e405cab4b125cf3,Mirai,mipsel,mipsel:918137977137799979,false,test
d8d62fdc2004f0247e98bfbbd5e55ced908014643a0d05ad2f902bc3c5b747ca,Mirai,mipsel,mipsel:11662538761365392384,false,test
dbdb8989e6dc1a2f7e6eb962c4b93f58caed6772ee0d3ff5feef096845ed7753,Mirai,mipsel,mipsel:14757584954389964716,false,test
dbfb83f54b6ca88198bed77f4c636c4b0ba69b67c78873892118a68e7d576ced,Mirai,mipsel,mipsel:17643974502623850251,false,test
df20614f6dc30c5d67250788a9f6a2cbe94d98051eda4f36593c059b002efb4a,Mirai,mipsel,mipsel:978076182803541805,false,test
e163feb5ab64f9442731cee789eadf26b27fe22ff4f4692579449c81ca075a5a,Mirai,mipsel,mipsel:6427580091048615238,false,test
e16584774638c230ee54f829105a01eee783f8d544dffc68791bae456c3bc377,Mirai,mipsel,mipsel:8627026824955930432,false,test
e1a8f5e25ee7af1827c3eba85b674bcc574ea4057e50b7cef60136b952f35744,Mirai,mipsel,mipsel:11130033818094605451,false,test
e27d336da69482270d10eb1ac2df206df6a1d58b5cc4b0148c17ddcde226903a,Mirai,mipsel,mipsel:4967355293668517529,false,test
e652dc3da5a4f36cb2ae90b948392a369581f82012f4e111c4ca4dd84c3b6dff,Mirai,mipsel,mipsel:8246068977534299368,false,test
e66a4d09f101e1c3fabdd8da07792bae71c144822bb282f6e77b89f2e56ab902,Mirai,mipsel,mipsel:6733653755170609231,false,test
e6753174ae75de4823d3ce2546b3a78ef5b21db56e3c1396b9431874af73a60d,Mirai,mipsel,mipsel:5908742742952800189,false,test
e681042dfa268cadbf63d16b5b470d9eabe6275e0ca45ba23c57229ec455180a,Mirai,mipsel,mipsel:17689305817959346039,false,test
e880b325ff533e533b59622a638eede0c469e1e6b537f61f40a9d79b727a652e,Mirai,mipsel,mipsel:3790476438766978197,false,test
e8ae50bfa04991abfafe2d62ac9b5524c23f5c6af1ca1f37e1f84f3a2d9a7d86,Mirai,mipsel,mipsel:1508108773685685967,false,test
ea4d52d454b73cbbf28eea44e46d5ecf90cbc763d409e31afd2d9a7a46c6fdb7,Mirai,mipsel,mipsel:11683329144518411126,false,test
eb4716df8bf2bbe1362011d3b5ba715777d10b42b1bc480fa75b2cf74f8c63ad,Mirai,mipsel,mipsel:16444005177526867294,false,test
ec558f095502e00b97955586c3b14dc506b5e674ad93d6bc758d2aa618ae0a12,Mirai,mipsel,mipsel:1018012507939473510,false,test
ed9caecafc35606f3254908e25f26c79f5f7b5f33a3cd10198180c4c61ed62e6,Mirai,mipsel,mipsel:18066012828467036009,false,test
edea957acfdfc21435e6ed5bc535d231cc50fe24c51e3ba25ace942fff7eb36c,Mirai,mipsel,mipsel:14670130978155082697,false,test
f0cddffbcdc0c351ad0828176964fcfcc07601a6042b7f5a5163be604ac9ab47,Mirai,mipsel,mipsel:2852810495835332934,false,test
f22d80e8d8327da63b7567c5bea610a24485e7d1aac24653205aa34247f7014e,Mirai,mipsel,mipsel:4425809417826322222,false,test
f245a64de31ef3421e59d1135a77d9779dadd5fa48c9b7e73782b7a3cb6c8580,Mirai,mipsel,mipsel:7707735071486837193,false,test
f24d32ac3182d6d71722b844228544903e9d5d12c3c89ff59a21599e8fd14d30,Mirai,mipsel,mipsel:14266936636511226070,false,test
f2b92b993ac53426fd8a932c151d7070c15f900e679d050b045acf866de2c41c,Mirai,mipsel,mipsel:622951090980955069,false,test
f73527ceda64649f8418ad553d88a2e6d05f164ff1974dce1bf2cc6d7c7d6b73,Mirai,mipsel,mipsel:4780438405910574521,false,test
f8bfa65e164db70172ae54e40ce290f9294309221ebb08f5f41dc9a52b857993,Mirai,mipsel,mipsel:8106733883130528119,false,test
f904a39e6badbf584276e1526a49ae6f52d1cc24da4bb44e26d9878decf6ff8b,Mirai,mipsel,mipsel:5750730208774385040,false,test
f98c40b0dc682317364b2172460e90cef054ade952a7fc7909e161a1f2fce338,Mirai,mipsel,mipsel:4907438900987379295,false,test
f9dc00599f64074d6b3d0b22fb55e675fb48759ebebee9afd1db6a91b03333b5,Mirai,mipsel,mipsel:3327761284859782725,false,test
fd07960c3d4f76de9ebbb0bab733a93b23f8b8dc69c7281f880dc1575ad986cc,Mirai,mipsel,mipsel:2322311672516265085,false,test
fe18e424ae2e2c3fe704a2faeaf75f2e5654af1b678b2a99c3bba1355e573cec,Mirai,mipsel,mipsel:17129000809361885120,false,test
fe440adb88ff4e99e36e7966e9c9534c47e4f670b71483a64658ad97f79cd5fb,Mirai,mipsel,mipsel:8973048605769579765,false,test
fe484b14adbfd5b14b437ea55194db2e77731a076e513e6a8e781e3dfb5a9640,Mirai,mipsel,mipsel:9081248578792737397,false,test
001b26c16bdc642bd958d1de96908370246462c6f0334258f69dad14c531b945,Mirai,mipsel,mipsel:13558546593855652224,false,train
004e1515bfe0ac81d286b3172dec9e2159e13613fdcecb34f01aa0c40d7cf823,Mirai,mipsel,mipsel:3393553396547557244,false,train
007f4b84d778a89f41d9a7beb02880095656e44a386c7698e8b1ce447891da4a,Mirai,mipsel,mipsel:3521528959585168810,false,train
00b1d9995d0a2fd38ec0db9d73b382bb312553f259c2635d311042b284930ed6,Mirai,mipsel,mipsel:11021402733452676425,false,train
01012a5bd53e6e165c3707d4a5417ba531eee5148d65bea9ee382a3658d4da55,Mirai,mipsel,mipsel:17647711507319788341,false,train
010b2fc8e3bb28126e26ae3950b229e4efdaa3911cf2da0df8cca1a2503cacf7,Mirai,mipsel,mipsel:6741426803886454302,false,train
01477b6a8f74b321c7b3191ab81e0d1560db1c6dcf4f6a80eeacde1817cc7683,Mirai,mipsel,mipsel:6808666491151765606,false,train
0195a0cd2541b9c3e5b6045d43498699f01b65283c1f297870530b824b5516c8,Mirai,mipsel,mipsel:2887467509132350486,false,train
0199a9ee0110d1a9a9b831a041474878b94dc52138d23aa3a0f09f88efe3fcfe,Mirai,mipsel,mipsel:18274546102416110909,false,train
01b46f5899ada2ac99f0e93f2401eea5988fd3fa2caad31b2fa56124a33ab8eb,Mirai,mipsel,mipsel:11987642406340464815,false,train
024c9413ec3626e4f1804bdd883206c3c820b45c0eee37755a8c7eb8c65d437d,Mirai,mipsel,mipsel:3046163161876933199,false,train
03208ce87861c6e9144a88d2fd3e6f11df593dedc21554cce5aae7cc594757e6,Mirai,mipsel,mipsel:17026003428350933649,false,train
03539397b8bf554ea1dbb3bf5a7a0ebb073d6d4feb6849189810bf14360e148d,Mirai,mipsel,mipsel:10395257611150592954,false,train
03860d7b3594de9c22fc5156e288434f09f56ed9557640561d83b8f3b2daed95,Mirai,mipsel,mipsel:10317579971588972841,false,train
03ae3352960b0430bca535c1cf9a403cfdc8fa6f4221e60cdb56f6376efaa874,Mirai,mipsel,mipsel:2742069980378099450,false,train
03ddd93d4d8f6d6a7f4c6326f46e7b09e1070c9f1b2a0f74eb1ccae09983118b,Mirai,mipsel,mipsel:6546098832177143458,false,train
03fe67d7f0cd715b4584a567ca7da6c0e5130136cb9ad6f69866dbe90e2c773a,Mirai,mipsel,mipsel:3086982174763563914,false,train
0409ddacbf63c6a46f67939410f6ec9d73e1492b4bf590ec8472844bb9e0279b,Mirai,mipsel,mipsel:5165883131242402624,false,train
0479defa0bdc864b2a6b89abb76a1e333be15d302f4ea44611c3888385c499eb,Mirai,mipsel,mipsel:254603079307823122,false,train
047a8a4f283bd7f47c85f1863bac3e965d0987df90fa4fea237a90d17063f955,Mirai,mipsel,mipsel:11906667922284552865,false,train
0495664d8ce420a5778138aaf4e5299bbee9f18e35a5d2aaee4b868644f30169,Mirai,mipsel,mipsel:7591784719745403943,false,train
04c4bbe700c3e3ee6dddbf056873e4f21b95768bd1dc1ddf9e7cdc2b0c5e22ab,Mirai,mipsel,mipsel:8507053641626806472,false,train
04dfdeb29bb8a40fe8d0158f0eda7d9e1d8e4f7e9268471f87481886a7772256,Mirai,mipsel,mipsel:5830477542571526442,false,train
04e1aa4fcf035b0e4a1bd60d4955453cf91809ef29378139f49d2e9cd45ddd5a,Mirai,mipsel,mipsel:3300038804903971126,false,train
05d0b615d82948f7f482648c040ff9c2c24d0198fe2d4e119c0c4867a2035730,Mirai,mipsel,mipsel:14195474675998931734,false,train
05de7909676ec7a5544658d19877a8af41534c47010f2b842d5f92f5036883f3,Mirai,mipsel,mipsel:9798610533236256509,false,train
05fe1fea27a12cd56bde2e16ea013796c4344b795e8e868329c591daf50b7068,Mirai,mipsel,mipsel:6123626589833241191,false,train
06041ac2e6d8856d0eefb4a339bfee22a5a83ac5b6a5cf1b46d4966335476b15,Mirai,mipsel,mipsel:17137098550377925396,false,train
06e68f6431d0870db8ff2ad9924ba3224bf0b2f223119f374c1eeb9af08d7040,Mirai,mipsel,mipsel:15124494465968131990,false,train
06f486705a763cb7bb829c9cc100c8fbe53f13d47f187d5308d74c39dcd17db8,Mirai,mipsel,mipsel:10742321749669197243,false,train
0762e779655fc96669905b3ed02595e07ace387ba834716673d9e90ce09cf9db,Mirai,mipsel,mipsel:14507132982554124398,false,train
076612cbc6feee6b2e83376ab6a8e5f8d50c65ef718ca64c6ce6abe1373f46e3,Mirai,mipsel,mipsel:17262664115472561274,false,train
07dcb5eb90f0d52a52154b496ef7a778532c7e535117be2a1af14f23ad7f5c33,Mirai,mipsel,mipsel:9769966306750346754,false,train
0841858c3ffb29bbfe9b0a32dd156ff891993c50b26003c0d6b5f2ad295ea4e4,Mirai,mipsel,mipsel:10818239951820460008,false,train
08438da7e8de3b4b2022ae24c1528622e599d79d2405d6bd77138b5b19f470dd,Mirai,mipsel,mipsel:4637276143035909638,false,train
08dee5f8b8c3451086a664c69f804d8848ce561e0ee4b76732cc2c2952f5d2ab,Mirai,mipsel,mipsel:3233002992547769773,false,train
08fcf8594c5f4e075c4b456e991c70030cce7ff3043d03d5cbd1bde13efb6a1e,Mirai,mipsel,mipsel:5947828737354723722,false,train
093a40dd79752643cae4b8029e6460f6b63ff47aa1b8d931ffeb146f374ebc7a,Mirai,mipsel,mipsel:18389383307967359822,false,train
09406e17f227920b83a8e819d48c50f95aa107b35a27635a58bd069c7e4ffce2,Mirai,mipsel,mipsel:968100120967995151,false,train
09f39512dcf3fc9c00737ae6587d9495237301902fd2a2fa5d8086810346f933,Mirai,mipsel,mipsel:13996351277224513979,false,train
0a25ce0d3c23568048e19066bc6e1524de65d9569bde7d9677cf25fe36a53512,Mirai,mipsel,mipsel:965631775453768419,false,train
0a4e0552b6254351f9336f2a6fde2c06e81924b93243a5ff574957d03e5610cc,Mirai,mipsel,mipsel:7233290035988077871,false,train
0ab527637e9a2027820a971b4637223606a8aa40fbce2a6f98d3dff8a0c97530,Mirai,mipsel,mipsel:4887325921642440686,false,train
0ad9ce91dc0f0fd18f6e2dffcd60b9100c2a60ec9b8ce9a1ec8f230d573fd2fd,Mirai,mipsel,mipsel:6564632307332233798,false,train
0ae02abae61d2426b2ac77b40d4bcfbfc1957029cc1717285dd7970f806d6de3,Mirai,mipsel,mipsel:12787208634041510877,false,train
0ae04a36cd9cd7dc36765bb8dcff3c0b5eb2fbe29d2a5feecf2ee0247de07b8b,Mirai,mipsel,mipsel:18241125875557710826,false,train
0af84361aa28f563ce4d056664c78b80f87df0f44f18be18e0d319bce36aa980,Mirai,mipsel,mipsel:10060274228359401199,false,train
0b542c69e6024ed9060be0e2fb33aa3f4a500d72ac6c1367c48ec15ed8144b49,Mirai,mipsel,mipsel:11666967418842205513,false,train
0b720ade3218148b579a05260ed6a05dbfd168ea843af72e97b0b073309bddd9,Mirai,mipsel,mipsel:8070064078570642276,false,train
0b997d2b87d415ad647193104572b4cd84d10eb944a54f45edcffc222425df09,Mirai,mipsel,mipsel:17016802093488979668,false,train
0c18c16413165ac83d55c3936d2babab62637396a792377c6646619dab5c5cbb,Mirai,mipsel,mipsel:5789533227833488528,false,train
0cb991326edc7db46c2da6e945cd980872b17b0a9e940a230ce33980757f665c,Mirai,mipsel,mipsel:118895110778856154,false,train
0d35db1f1ff02809f1bcc9f0b090522ce1763704ea004a972ff6ca904a1bf75a,Mirai,mipsel,mipsel:11384372479231604479,false,train
0d40b8c5ddb446ea1e57552c6bd94c9508637037dd375ffa102f7be7ee89c333,Mirai,mipsel,mipsel:7447414186448522711,false,train
0d634e2a7b1625b51309849408f879017965e27c177a55579aae561eec33249e,Mirai,mipsel,mipsel:17016696630619535743,false,train
0da3c1742d2f8d7ea42b749c813963803061cfee454ea8bdd41ac172287aa3c1,Mirai,mipsel,mipsel:2571307380023744061,false,train
0dc2279fd6ec698a7830252f300d86725f5d24427d5d4914683d406a3297246f,Mirai,mipsel,mipsel:16978011063089903206,false,train
0de99e1bf6e1344e7cff217c4be5da55827ec37080e8b748a8e1e7ff9ea9b8fa,Mirai,mipsel,mipsel:14994563705583420641,false,train
0edf760ee87562a4dec6b316a8b469b60663816cb7fc555e7dd309519d6767f9,Mirai,mipsel,mipsel:2203370436768802915,false,train
0ef7fc31fdcbb53593babd18f332cb697197ef0f183512ae5afb2333d608cce6,Mirai,mipsel,mipsel:1200232699025772046,false,train
0f0ef5c9b60e262709667db46b95389def4344f559d60dcfa0467a2d4039e2d4,Mirai,mipsel,mipsel:15641808919500564279,false,train
0f3ba622d3da6ea97b05c28765b9dfb0d0e41782b3204530d3354e9c239338fe,Mirai,mipsel,mipsel:14300826455107644474,false,train
0f4edd62033941f81fff2c5a15588fbc20bac92eb0ad591898725bd11718b498,Mirai,mipsel,mipsel:228382681369479310,false,train
0f53d93aafcc516ed7152a1c568a53b126657f9f1b6176eb702b2348eef543de,Mirai,mipsel,mipsel:16375639682099161937,false,train
0f7caab6d99274201f6f69b7952dce751d39fb6b6bb60ff3e8c16d5918ed7cd5,Mirai,mipsel,mipsel:14097687011656986190,false,train
0f953a3f4e905a7390ec8ce83f6f6beedbcd7cefd2912a5237d7580d53504ce9,Mirai,mipsel,mipsel:16420397190526773541,false,train
0fff57db9a7345ab8d70342ed12f98051c6532fd1051d0abc5a8aeb4537dbd40,Mirai,mipsel,mipsel:5551238849435355282,false,train
10082d0872e7307e02dc3416eb14acf7bebb868ee0f16b4ed1e34133ea2512e2,Mirai,mipsel,mipsel:944674960984970614,false,train
1068c0205fb666da4253155f2c7bfdc72f2dd1c616d81c87f0d9ca293f3fe510,Mirai,mipsel,mipsel:16303590714573005998,false,train
108a6b1818592207f450bc293f3dc14566dc84afd7fed80853ef3b0339e51d7c,Mirai,mipsel,mipsel:10509397277161968269,false,train
110f1c61fea05eef20b3ce2b2f1b34d2f12c32dd7a0c5118c4c9dd293eddbaff,Mirai,mipsel,mipsel:4462292000649720683,false,train
114976b1fa463839ec5208abc3f986c3b0b0c60a1c39d65351b58d757db2ae65,Mirai,mipsel,mipsel:12139541284302116887,false,train
120dfe0aa42a7adc8f6d90581f71eb0285112a27e5b8b9d0e722e7a57bcbf807,Mirai,mipsel,mipsel:4941942028108275036,false,train
129372e2e1aa39a22137eac85df5f8c06882eb5593c190142a895d9d833899a8,Mirai,mipsel,mipsel:14596070731430056584,false,train
12b1c368ae6f6641cf365fa59de4fdeaf169d98fcb260af85f7abd8d96125ce9,Mirai,mipsel,mipsel:7468301036300850414,false,train
12e026cd71507dc179c4e212ca812059136ef34ee57ddaf63ddaa9e5b3858a86,Mirai,mipsel,mipsel:9306449819511741545,false,train
12e798d35919ad8a70bbfb48015a4cab66fd76bdc06a044cd6761bbbdade110d,Mirai,mipsel,mipsel:11124311102231582849,false,train
136e5b269342b2d129eb6e8d3b71404ec4f355b645f8a13a7dc8f4f19389ed56,Mirai,mipsel,mipsel:5381557020169449957,false,train
13db87b7a411f901d505b25fd9192bdb8b8c8b2d72eb9845c44762e22b9bd70b,Mirai,mipsel,mipsel:6046253543953946503,false,train
14830333bd0c35e7f65a9186c7bd00af493da60704a5a8b84776a17425694600,Mirai,mipsel,mipsel:2285221163830600072,false,train
14b8a60dcd935c0664842ade6cb68510cd2dc0694e78978a573073ed25136bb2,Mirai,mipsel,mipsel:16265313521200731960,false,train
14f3abe576c6adc9f67664a414b432e1eb5e08e3cbc52e1623e42d4a84987a3c,Mirai,mipsel,mipsel:16658628854735236547,false,train
154ef383c16545e9bbd58c2549a15cdbacd1ff6417709ebf1d210c70549750b9,Mirai,mipsel,mipsel:3932161137461530649,false,train
158e185381258b08aa438f640c223071d5bea01aca9dbb66343c7c3d8b08b68d,Mirai,mipsel,mipsel:9409636752545469092,false,train
158f26472d9c9dcad81af2ac24796a92ed28c4d1645355a5354f4b047397357d,Mirai,mipsel,mipsel:2732375148755935510,false,train
1596b0ca428d66299c19b28b0fc7710b631cb020f108d875291b659dd9116901,Mirai,mipsel,mipsel:16961063692001833536,false,train
159e01b1baf374dc2179e8163d7e2a13eea8dda5ea3b60fdf89217fb3ff3414e,Mirai,mipsel,mipsel:2444108024637099680,false,train
15c8c5ea63e21a92fddc4e9dc7399bcf6540dbc4edff8068fbf965f1b242101b,Mirai,mipsel,mipsel:6431848776342938286,false,train
15f469b822e41d6304355ac8503b57cdeca20154f3c97767e956e7e10e662dda,Mirai,mipsel,mipsel:7493197161587581114,false,train
16595ed8bff22977d58d3112be059021424b858c03526fb7a4a09644d0a330ba,Mirai,mipsel,mipsel:15584552399906900455,false,train
178a17c306390153bb9d369da9bbae1b7867dfd63d768f62a0fa0d85e2f57cff,Mirai,mipsel,mipsel:14510373811958899200,false,train
17976ef0f8dcd7ea7ad6a769c93025d6833a97f2892da65ae40089f45cd4f8ec,Mirai,mipsel,mipsel:11479021261984292784,false,train
17a074856f522748f50910c627161a62cba7cb204b1e417d733f8f26d1254442,Mirai,mipsel,mipsel:15654541636298231873,false,train
17b76d9f32f0746c3488fde36b6413cbeae26f2288b2ed73cb3d7527b8e21e40,Mirai,mipsel,mipsel:14549670092090788057,false,train
1815039924ddda87c7d4bdb7f0c9b71424a8672444e98741898e536f794296d8,Mirai,mipsel,mipsel:5760501472424677012,false,train
182a3cd5a3062f4dd09db88f3ee013ffdc300384f924f34eb0b08992ff4eff0f,Mirai,mipsel,mipsel:12355735902348366441,false,train
18949bf8fffb0f918de1ea3e50d272a8074296e6acedd95f8784c9dee4a2e616,Mirai,mipsel,mipsel:6846222870541505275,false,train
18e35855f42151db0be700f50699eb610855ac4b8d0e7bf01ded6eb74b4b5829,Mirai,mipsel,mipsel:13984096684580211103,false,train
18ffe934ce186752bddb4bb8af977ee789bb563a5714d52aa2b3d2ae78aaa0c5,Mirai,mipsel,mipsel:16845237099453193925,false,train
194ff127e5aaf08421cf20143bcbe0c8cbfec7d72adaac01a5deaa257915aa0a,Mirai,mipsel,mipsel:13035026235654230098,false,train
1975a2636f9362869bda17ac15d9715d4f3237f91fb83b71a979d1084372c72d,Mirai,mipsel,mipsel:68711669532582093,false,train
19b51b63d9e252f502f8ebdfa7c7be41201c0d602c4b3145b12284e91413530b,Mirai,mipsel,mipsel:4563725901881254435,false,train
1a095f56f938f8ce2e933b7f23d8709f04df4eb1af73e38c228c017eb480b060,Mirai,mipsel,mipsel:14368018183190549186,false,train
1a222b949f9ba2c30aa219cc2b02a7ee281ffe3a60486e0ee6023036ee63ee95,Mirai,mipsel,mipsel:7206628972249813337,false,train
1a281ed89e50b061b68a26d779d7e130b9897ad7fedc7601a5a5990f6e7ff850,Mirai,mipsel,mipsel:2007989004164378217,false,train
1a40a2392236a1b3a7b3e747bae8f906d75634e9c5487c5c3b8e7fd72c131396,Mirai,mipsel,mipsel:11910616369833761306,false,train
1ae27e4502961cc66a2f07952c42e94e31d9de765a0bba5b206e7978ae28b4b0,Mirai,mipsel,mipsel:8714921240327287267,false,train
1b97ec0eb3349e076921c061f11c11ecd4d0f4597920ec9678d2e5a9630e7e95,Mirai,mipsel,mipsel:1764864911310263443,false,train
1bc22b2c258a0b22d95e59df5de518f68ae36db9f6503e1afad1170ddf40f337,Mirai,mipsel,mipsel:9731288741037711491,false,train
1bd0d8abae2f03f0c4cb8f7365a6fe121e73810c63cb8f91e8073abbb2c3198c,Mirai,mipsel,mipsel:2797198756773051213,false,train
1bfaa3f7324909218223b5d96038f32475aa7f171b157c50049bf7b42fff1a1b,Mirai,mipsel,mipsel:15746571209102245935,false,train
1c1b79e853a880149ead7da0a1e440b8f1c8ad37e33341b866f206e222f12510,Mirai,mipsel,mipsel:17651378530245063337,false,train
1c629630c5fca7551096908557235eb1d8540c3faa5ca1467ead6adcdbab2b39,Mirai,mipsel,mipsel:3357213314044636118,false,train
1d0344cc332b9d143021e28c8d5af4a78032bbd4b157442ecef1ec506026af1a,Mirai,mipsel,mipsel:718299117572074785,false,train
1debdc0f49c29baa08f87aff4fee4709aa6f235616dc2d8f0ac13501d929fdb9,Mirai,mipsel,mipsel:11328465358582297319,false,train
1dfb1fcbbbee8f433b79f9f3c695d37387c1bc48d109347113f2c2af9d05898a,Mirai,mipsel,mipsel:4592102171190822174,false,train
1e59a6fab1af1a8701d918a2a1d93d8cff5865a3c1af5e50d9e0ce7ac65b2a5c,Mirai,mipsel,mipsel:16393389482638376224,false,train
1ea38341e5d806195eab93a1b6d43b152f7e52fa73183013fce34ce06309b297,Mirai,mipsel,mipsel:17705941796415057381,false,train
1eb6f9a1410cec52dba0603d8d8f579decd87b1c34f2bb0465569093e079e0f6,Mirai,mipsel,mipsel:6121602109548875012,false,train
1ef843145ab345057d22a1f2de088aa5b5725239598aa28d20dab1f6ab5997bb,Mirai,mipsel,mipsel:11568088784932259436,false,train
1efdcdf7c57ac48da2ab8aff706b0ee2d07c62bce8219892a14c073ef0802d4b,Mirai,mipsel,mipsel:1129448809795923730,false,train
1f29a09b05b8056da71bec7639298e363908c8892bd3f7a0341c6aa5d0976a18,Mirai,mipsel,mipsel:4655483438229812601,false,train
1fe8f150d63b9a9416bd480573e276bf98431579e32f2afe90a7a25af0beeb4c,Mirai,mipsel,mipsel:7001494470229156539,false,train
1fffa774cdddda58a106c0955771f04f253cf14f0a91fae7a74ff41236495b14,Mirai,mipsel,mipsel:5911884955162532517,false,train
20492104f970d8175f559da2041ec7bcd9fb4c5cf31d05d6d9761431a9bc4adf,Mirai,mipsel,mipsel:14755962197691877933,false,train
211c8b4f136a49c3a2752e9e5947d53fe52749b1633fbb0a7e9bd72598f0f5f9,Mirai,mipsel,mipsel:11908308843876936202,false,train
214d0cd30a56696e43b581827da14d64299c166096c58c7cc748d504d089834c,Mirai,mipsel,mipsel:5720592820601270211,false,train
217f99ce73c66b933a4a2509185279eb7e848ea4a857d8fca261311cecfb4555,Mirai,mipsel,mipsel:3481051616388388188,false,train
22326f15a0b074c7baac351ee479c8d38ea49ccbd4a2257972232380d0c6e8e5,Mirai,mipsel,mipsel:1987120747557877507,false,train
226986c87e66fae2d1e38fb366840e87a119ee0b800dc42848776cee11378f3f,Mirai,mipsel,mipsel:8002144382015851696,false,train
228fc89a0c20dc618b94c9a9d37fd1057cb718ebab83d64a1046c0deb3aa8033,Mirai,mipsel,mipsel:4181480499121930995,false,train
229bc611717da633ad8efa0435c7a90f60894b9a1549f750b7a90dbbe65cac88,Mirai,mipsel,mipsel:17107503077758004710,false,train
22c18142e8d866c8ae40b4780c3d6f3ad6be861a7df5201741c9a44d8daa0e1d,Mirai,mipsel,mipsel:16048461201161794147,false,train
22cf586617a2a2c7b5dcbf1adaf34785a688a55be9fea5a7e7916bb9e345879e,Mirai,mipsel,mipsel:155446849034704090,false,train
2306c7132bf712303712425e461ff30838f13fc47dce75e966c129fac5f10334,Mirai,mipsel,mipsel:15177500307876750403,false,train
2357bb3a5f077286626ac8ed1288224054392148a766f819684183ecebea447f,Mirai,mipsel,mipsel:2876331470501299088,false,train
2364c00dfe9ae4be521ecf9a9aaf543d2c308c5cf931a69cdb2d34122fb04800,Mirai,mipsel,mipsel:13396105932565660377,false,train
23d7374f3c1d33f6d17311a75dbe8f9a5c472cef0a20da2861423ccc0a4bc7dd,Mirai,mipsel,mipsel:15182907179545324240,false,train
23efae4feb10d560f45b56d9486077c6487ac60100003c970152a2828f73915b,Mirai,mipsel,mipsel:17251501820009111230,false,train
24959543cec60ee7ac3b5366687a6e901a274ed9fb20bd7edbe5b93491647114,Mirai,mipsel,mipsel:5965707370710104107,false,train
249c9080ba393b12be34d9baad3c87a9dcb75e6cd88290612aa8889e87f4a201,Mirai,mipsel,mipsel:1814869138461371195,false,train
249decc6833cdceb6de900de7ad7a18a3db155b5e03cc3dc690de3e6a6c28262,Mirai,mipsel,mipsel:7583537041778117492,false,train
250dc3a293e59e3b7948c48ff7b4a43229595fe50542eef572c2db59a3a71740,Mirai,mipsel,mipsel:6095244318438101516,false,train
2515b08680e0a5785251fe679cf93e6761bf89d93fa68351ebadf70c39a1b6fb,Mirai,mipsel,mipsel:1780143969116990661,false,train
25e2d57e8b7af23c4cd81d11151114d6dcf8137edea14ab738116669e628a377,Mirai,mipsel,mipsel:10106270857730655237,false,train
25f37e4f04a54e5750a9a578cfb1d9ce148500dedefc36d151c6c58c3959c671,Mirai,mipsel,mipsel:16274438804714618257,false,train
25f565ade2b1966a80444d1e84fc769a97e2e1be4405a9620790e160ebf06da0,Mirai,mipsel,mipsel:16877158940453410556,false,train
2642784ad623b688d31071fdf35c00cd154ec8886b2ffeea5ba6c49b8227a96e,Mirai,mipsel,mipsel:7979829375252034861,false,train
26b5ed2eee4143ba3533b97d7925511d6a98d5bd81598abb0d1e02d02330a98c,Mirai,mipsel,mipsel:10024528268132163429,false,train
275863314d48828d924a4eb15ff7054b2f3833441260aa5abe64d6c3741ae5af,Mirai,mipsel,mipsel:17683289298422261641,false,train
275990150281b21f9fae2ed86619943e6b13076cd76dbeccccc255828e5f29ee,Mirai,mipsel,mipsel:3028246043172639416,false,train
2762bb90126e2540dd3bf73d594f2189a29f3d4c4902a714fafb3ff0e73983c9,Mirai,mipsel,mipsel:3586608215118853931,false,train
2789ef6cb0954607596dc3a87239984ee4f41e308462ecef9e4a36f35e0f0b36,Mirai,mipsel,mipsel:7674902705056856001,false,train
279899b2d279bbc008d64cffa01d8c449f1d06696f84bea2f111ead49b0e66f0,Mirai,mipsel,mipsel:7128539543610802922,false,train
280b2a9fb208f9a16e136e165c9068c3a60c7bbac7775d01a96c8156b9f89bc4,Mirai,mipsel,mipsel:639118638595722374,false,train
280bf8ae1063082e43b03f5edf555d5a83ecfafe535cf31c6f20ad4dbe167a22,Mirai,mipsel,mipsel:4107061494827085664,false,train
282c6c5be4bbddfb0198c425ece9f644ccdd13a94c6bedf795563352b7772be2,Mirai,mipsel,mipsel:13951467617579527595,false,train
2845ec76cc7fe276b9950a28cf696e184e190229e7b911368d51cdba64995c2f,Mirai,mipsel,mipsel:13098229897266489695,false,train
2862094904d03d5b722348fe51cabab3567625b2f2f627bb1e056f1c27dbaed3,Mirai,mipsel,mipsel:2543546653838186614,false,train
28a4c78616d52987e0c4bed98fc2ddf54f90c2ff11167e80425c397918ea302a,Mirai,mipsel,mipsel:3152980578512290511,false,train
28d8a907054cecbea7a42f4f2a1010bb0c84085578db0a335bfd1e977d0129ad,Mirai,mipsel,mipsel:17334582055776002183,false,train
292478e379b98b32a849f33349105d138e459dce8c0c0a952f7219a282b13b92,Mirai,mipsel,mipsel:5286671652946486186,false,train
2939c0891406af33117af17144a7e02aa21a76bada33dfcf2c588fbb60fe5285,Mirai,mipsel,mipsel:15018101559548111816,false,train
29652fd96daf88e1ecef95d1575b6d0e404a1cfc93485d97cdc3817beff73747,Mirai,mipsel,mipsel:2544793689297326612,false,train
29aba62352bc31770a3812f2ac9e6b5dbbc16fde6727589b691d1cd96a7b88b9,Mirai,mipsel,mipsel:15574846613232586534,false,train
29cb8ddb89e4285ca7a396fa1002f69f41e20ba03ec17d21e10caa8bca7d0963,Mirai,mipsel,mipsel:14948097455331164744,false,train
29eef1be591562e5cc74b200e9cbf3469465bce8163708baffc4ecebf36e90d0,Mirai,mipsel,mipsel:6413915599125040943,false,train
2a3fa244abb33e4ba7259dbecccf33252a4758c8ec68a07a3eb237f44c048588,Mirai,mipsel,mipsel:1850349106949620008,false,train
2a63500b4f9909879e2a50dfa0ff424ecefa66a241beeb0b8a0116b8528c7f60,Mirai,mipsel,mipsel:7195499672566773594,false,train
2aa2ff6157469612ed1912ce637efcc61c912ed5614ea42cdb498b91bc997fc0,Mirai,mipsel,mipsel:16624243932889083936,false,train
2aeca7650ab57dae1bc4a39acb7109792039de3c34ff9bb5e07f074e24187df9,Mirai,mipsel,mipsel:11687831447960097795,false,train
2affeddb4b528c7421d65a682429842d20372ea2628f478018f8a1fa1cc884e5,Mirai,mipsel,mipsel:15245803221251014260,false,train
2b4226186702a29afcf133374d99694c08e4a820d0b5b825288e35fd60706a33,Mirai,mipsel,mipsel:512256540452165552,false,train
2b583f8cf4d1d84b29afa9cc0a003eb931ab1d938c381f17b0f08aeca1ec6bf7,Mirai,mipsel,mipsel:7333748596371981576,false,train
2b88949f4a7200b79117d3ef3abc888a79ecc67713e92498533d984948efed23,Mirai,mipsel,mipsel:14837802567337343386,false,train
2bab26a033f311e0c9a6ed5132873d69cbb93c64dc6a48cbbb1592397ed1c9cf,Mirai,mipsel,mipsel:5530027577441352762,false,train
2bae70879e00dee13166326f3414b628d600fd5ef8cc57a066f21ec16937fff9,Mirai,mipsel,mipsel:12327006509717704954,false,train
2bb3cb87f31d6948ea11c526861322f82e9b85ef0721d23382a581dabed5b8f1,Mirai,mipsel,mipsel:13153153705911924619,false,train
2bf81afa97013b27ad2fe41876f0172d5d6afc7159ec3a2537d2055eb586d782,Mirai,mipsel,mipsel:7375940413654424256,false,train
2c63bbfb9aade2b384cc9611bae009fbb3f85ee1978c88ea3c500dff811b751f,Mirai,mipsel,mipsel:6631666226934954766,false,train
2d4fe4452de5db034050654af9727e6841912fdb9fd70c8e8a7ec967067c37bf,Mirai,mipsel,mipsel:14751733027931133466,false,train
2db98b63182b96cb87906c3092934ab38f354180bf279cde9b88c86dd1268ac3,Mirai,mipsel,mipsel:3758476571196407634,false,train
2dd9499d3a62d00f35621bcf9d80c7e96e1e3e28ac758c8a7aef258d3de145e5,Mirai,mipsel,mipsel:6432208717301889264,false,train
2dfb5c059772583f78eddcc93d56ba44f978184a240073f863678f18dc705bdc,Mirai,mipsel,mipsel:11745944621818678139,false,train
2e2d88642184f388c30b3b93b9ce3951eeb6079c7da0b388e59abc18399ff6e3,Mirai,mipsel,mipsel:8176633607054245973,false,train
2e449e1c12374f2de79914212d08cb347fb308c0b176e545b0f0dca3e30c40bc,Mirai,mipsel,mipsel:7413000025972247110,false,train
2e8e2eeb2373b208235dacec2549a016dcb9d2c5589082aa716d1a654f2be73d,Mirai,mipsel,mipsel:14448356788430671500,false,train
2eac39bddef01b9f59202f841c885401cc812511485d66629d2639f9f45b2367,Mirai,mipsel,mipsel:2574921240361639469,false,train
2ec53c177beebf380c31259b05c6f8976fc1599254ecc107d325cc298a3b0b16,Mirai,mipsel,mipsel:7283411430468839105,false,train
2f4a2551a4c71b3d60f4779471998c4a03f1d9988b0b2b1904aa0a8a939c3434,Mirai,mipsel,mipsel:7481453425421680208,false,train
2f6452527eb6976d35f8c48f8d7ebffb33ec8fb05189181b6613d31ca4cb1712,Mirai,mipsel,mipsel:325182774454864460,false,train
2f6d12ba8587f6383b736e3c4082eceaf96b3d481b5aacd82e0ec027bb737ba0,Mirai,mipsel,mipsel:8475949169779694125,false,train
2fcc91960ecddd70e57f392fde3fb4c5d12befa0dc18e68cdf2fb37a06d28464,Mirai,mipsel,mipsel:612196482763941769,false,train
2fe02919dec9dd51c12eeb71c67b1a9d03977d289cda0fe8f03230833b5422bc,Mirai,mipsel,mipsel:16160422056402209942,false,train
2ffe0e433f9f94f6bd8b2ababd3c53f0b9c03586095882223512fd4feda4e2b8,Mirai,mipsel,mipsel:1125262410561429708,false,train
301a29130314e32d811c60e0f659fedbc5ecaec0f2f023d0a83451a1b3c698bb,Mirai,mipsel,mipsel:8856407212602967385,false,train
30427e25613ae8f5da32f9bf97eaf18fbfef44e33a1049aa3318650d12b01231,Mirai,mipsel,mipsel:5453487078900656950,false,train
3042800a99c1b936110d6810c4b466ac2d1495b11cccb5980f4ca4c32d843c97,Mirai,mipsel,mipsel:16855400314193944390,false,train
30531d84989cc690110f14f274e829c30d252ccd9d2097ca456fd0da88836b13,Mirai,mipsel,mipsel:5370746905751363880,false,train
309fe6b01e182b13485420048d2f9c18ecd4315c3dc40bfe397cf49074a7d90b,Mirai,mipsel,mipsel:6239133864143906904,false,train
30c3988988e37e450a53455121ae11853456dd548d661e5d5c5b91938e5619de,Mirai,mipsel,mipsel:13670378739295957903,false,train
3111c2feac27140c428af181cd7ddb53a50298b8a0e1da4b3dcc4b3098623fac,Mirai,mipsel,mipsel:9340150367671649518,false,train
31247e4ce52fd603ce5d3b5595aadd8ffe2caac890777d6ae40569bbc4324653,Mirai,mipsel,mipsel:17957420911136927742,false,train
313c1dced6cf85150511de6a7f69121d8c6200dfcdd301c20b69aa3115d2a016,Mirai,mipsel,mipsel:16453291701105777429,false,train
3169881eda6a392c70665fc53d33a048a0153d4489ef429ae5c29e6d5de47b54,Mirai,mipsel,mipsel:5601856726171907512,false,train
31998fec3d530d8f68915ff59d789c7c3c146923f91df8983121eca165801f1e,Mirai,mipsel,mipsel:12744899995081836527,false,train
322134c72bbd25b1481b09a36fe93b94d8c500485dc921f06304ea86f90f1d51,Mirai,mipsel,mipsel:7908417496709507288,false,train
325ffac5db02e37e8f8c10fba95ca02d98bad2d337468d7a7b95f5a05be913d9,Mirai,mipsel,mipsel:8501035699202302851,false,train
32ccefd8812516ef1f0fbd7f0da4a558272b537f2c1e26fbb53230135532e620,Mirai,mipsel,mipsel:8815891290002535085,false,train
330cf97320cba6dcae9811a354468e6a6024b0dacb424168fcfca250fe1c098e,Mirai,mipsel,mipsel:4992990511632252338,false,train
33810d7ab9be97d041b9343cd3414f13e925260f53c9f0940ef47e14a0e57624,Mirai,mipsel,mipsel:7587420786448857679,false,train
339d39bf3f83ad2b261be1d68544460cdb3399425ed28860586a48e5a2530d37,Mirai,mipsel,mipsel:7056411250251161156,false,train
33aa42346c8f170efdd646bf2b343762886739635b06031ba426a25f64aae74b,Mirai,mipsel,mipsel:11702106491983961928,false,train
33aead2443dd759aee3d157b92d00fb41ee9fd7f04ce9bb279bbcb4e7ad3831c,Mirai,mipsel,mipsel:3439627044602049296,false,train
343a5ec58c34b256ff00c390bbd07842101decca89403f946302bab5244bb5e0,Mirai,mipsel,mipsel:808925016459212745,false,train
34aeb1b20033e0f05ba1c3010eb804350fdf805de22d48dbe35d11253bb249dd,Mirai,mipsel,mipsel:1988877976617255288,false,train
34d946a69413cc402589f2fa66e70c10317f53ec3d52663c72d87838349c3cb7,Mirai,mipsel,mipsel:10846466027250953302,false,train
351ccc65ffa0567959a1b649b3b38bceddb413da3425a1e967033e8d2d70aed2,Mirai,mipsel,mipsel:18395797549696467017,false,train
35431df177295706ae9a8c6e4b90f9ef2596e5382e14081d5693f971b1062df6,Mirai,mipsel,mipsel:3579639368439474547,false,train
35b83d8629c819368faa3006859c19b64b0205e68e0c141aaef4c50a1314676e,Mirai,mipsel,mipsel:106403093225669047,false,train
35baea4e3811ab2dd458f348b336d77938969c4ac059cd097517640e1384953c,Mirai,mipsel,mipsel:17791746214107683514,false,train
35cb0026186698e0e962b22d466a2dcb7526ca3c7dacfd51c1c0ac86f6d23402,Mirai,mipsel,mipsel:1814869138461371195,false,train
35e53378f24064128c41c1c5afdc1ba8d1decd9d7f99bf6f9e40266301a2af77,Mirai,mipsel,mipsel:9598974045044806946,false,train
36075df1971e4d87893da9f1e5ad9ff18871aa41ae9a7bdf97ea809d4215d6fd,Mirai,mipsel,mipsel:14928645738291248532,false,train
3681a3c9ceede17e6817756f0cd368c105b12b5a71a631eef4d10adbceb9f335,Mirai,mipsel,mipsel:6736438089011573721,false,train
369bd8a869fe559b0f15dd3970d69120eede30c885f8df16aeae39a18949abe7,Mirai,mipsel,mipsel:11348712449276986145,false,train
36c2b94f2b738a7fec4f654daab08af78f16bf4c354e02f93e6d117796dc5bc2,Mirai,mipsel,mipsel:3011777996232591366,false,train
36d1e8349f8845037ade0f1f5a7c05a3933e2986598202c885f16863955721f5,Mirai,mipsel,mipsel:3628529268481136366,false,train
3707c8ad9e8dcf0eea3015603b69e50f15a6ea6b6db236231fe442f0440ad5d9,Mirai,mipsel,mipsel:1549164685153657119,false,train
3789cc2ed410b3c30fa7e6e107c96c09048735e496e170cfa3a6b1719cde624a,Mirai,mipsel,mipsel:14158616027658263832,false,train
37f00dd41c895192dd8d167e0bc6b47756fdc15c4ac1ff7d4897924d4dcb9736,Mirai,mipsel,mipsel:4132767809523050806,false,train
3886065e2cf39a5c8ae9f57fee1aa8ea8312ed4a0e8e3c00b751641d9b65212c,Mirai,mipsel,mipsel:1672051492899508854,false,train
388fb1537d336f645cbe254d044967081f7b6b843f642e3c9da6d820f85fd3e6,Mirai,mipsel,mipsel:16218906972770992785,false,train
38b5be2bceae19f35731cbd36c18ad8f2b1403c9ac2b08376503bf9e1b81ab64,Mirai,mipsel,mipsel:13968242710724897321,false,train
3906239804d6b382a996324c088c6accd6044922a126f72d6775125015cc6c15,Mirai,mipsel,mipsel:5739443993094791052,false,train
39362314e6f049fe1d5f75d7d32fadb4f68c1d3c23623f85b32736a41e3f8ace,Mirai,mipsel,mipsel:2774310237280765260,false,train
394815456f708065d504a2375ac2972467b449cfcf0bec9be7dcca8ff020f81b,Mirai,mipsel,mipsel:6021855134642738845,false,train
39d895a3a2e6cb53dc760efa6c6bb5b99549f288c957d1a4980086937d369668,Mirai,mipsel,mipsel:17647251916471440967,false,train
39fb3be5bbf3b0e639128f5e91e5df46d70d6f81274f0f017542921d3ce1a137,Mirai,mipsel,mipsel:14307797987178337270,false,train
3a470e53dace7e880934ae2d090d8585e7e189e1ceea7500d88989ac72ed7a68,Mirai,mipsel,mipsel:3831202939690158601,false,train
3a5462df0f75eedd67d2c53589bee02d277b8a3df2e5a576dacab6b83c599bc0,Mirai,mipsel,mipsel:1256942366462737545,false,train
3aa27c869326cdcf5c7d8305972a0fffa5beefff7573ac9bdc6b25951f84a5f1,Mirai,mipsel,mipsel:5556177742800446803,false,train
3b03df42b609e58d1f598933621c0328ff26ba2bbe6aedf21a33525aaa08a5c2,Mirai,mipsel,mipsel:17047076534029324085,false,train
3b0b74f3e472bad67bfeb49c9ec56ed663157f3805d607621292e257e6896826,Mirai,mipsel,mipsel:13348567049831996856,false,train
3b18afd02d40e97ff3ecd09406fc99dd97d42c4a8ead328ea69395e858088700,Mirai,mipsel,mipsel:2297551093213375498,false,train
3b5f90773f519799ef4baa9c23f80437f3893be4731bc9d31dbae50d5b5cd856,Mirai,mipsel,mipsel:8085597443894914904,false,train
3b9441a68c9e5f6204c44aa8a7e972524eb87a3d1ee28107e4a4ca391402834c,Mirai,mipsel,mipsel:14875944860303886094,false,train
3ba7e7e42aba236bce6f3ca7aa78af64d9d30375c322207f80e16ecd764144c3,Mirai,mipsel,mipsel:9025635004468190677,false,train
3bc10f21b1a2dff527a98e9f1bae2b44ee42ecfc412c2a68802e63224295d065,Mirai,mipsel,mipsel:8078289955570235767,false,train
3c1c2650f55e114d73de8a84c7500df0b8ed26f2bbbab9fb8b785675592e75e1,Mirai,mipsel,mipsel:9389735712878969699,false,train
3c2b1dac0efc8404b8b2f927c47c9d432548740ca394c080fa90136f680412e8,Mirai,mipsel,mipsel:2228211191380099256,false,train
3c8b4c6cf548fc0ca3561a69e550c38c8f93294688d6e19e3635e34d27cce297,Mirai,mipsel,mipsel:17494849929903479490,false,train
3ca44628891844df2c2c2179cb9d0d9e670e9636bc68fc540791ae334d2466d5,Mirai,mipsel,mipsel:6967974221021997441,false,train
3ce7142b679907bdf09b351d605b2ba477714c773f155c24ac933f3a7d92f633,Mirai,mipsel,mipsel:13822449229799155005,false,train
3d019ecf59796f24e6ecbd94171d34c830ae47e9ca3b69c98d2d6c695a680882,Mirai,mipsel,mipsel:13327958848788172366,false,train
3d156cd1faf03072e3179a61423823364e0bc8847081985b77a2ca998dbe3abf,Mirai,mipsel,mipsel:10494107530403515599,false,train
3d963eb4faedf866907d3ac0b4cf405ec989bf054cb3575fa69331a8582d769e,Mirai,mipsel,mipsel:2488217741914819239,false,train
3e497d407a8354f1661e2f8078f40eb58bb4370d60c5feac735ceb6f32548952,Mirai,mipsel,mipsel:1774702206469280539,false,train
3f1d769df5fca68227f775696a752e6f75678f465cc5e5ba77f3bac4e0e83f54,Mirai,mipsel,mipsel:5760927270005769986,false,train
3f5228d8c4786c259d38116a25c52e378c93cefda67b78da8ee4c3ba1a4534ee,Mirai,mipsel,mipsel:5470222987883992619,false,train
3fa5cc635241775e83e9f4eeff09cf65a9be3ba3327e45243973a893e203568f,Mirai,mipsel,mipsel:11662805562821081280,false,train
4050262d875ad2c4bb181f1fbf6d5d2c2b151563ef30ab487eb9aa4d6de3a27c,Mirai,mipsel,mipsel:11560804190239467620,false,train
4057ff722a9ac8fb989af780c11f6c4450db019c85da2ea929a6ba97cc4c11dd,Mirai,mipsel,mipsel:8923648094119530316,false,train
40ac46ebb0788f2e2323157d5e539ba66be982776e73f261cd013acf482ae9c0,Mirai,mipsel,mipsel:16902670032358702693,false,train
40b1ed2ec07832e77b9716ae2e6a4678788f25e19d3aee364d07200ce73ef7a9,Mirai,mipsel,mipsel:18442483269691411236,false,train
40ffe04cd078ab49cb63f857b008e7ef2face1a32ee949dd28c5b0835e3c7a8c,Mirai,mipsel,mipsel:5693352669929616999,false,train
412c3bbc69094117feb3e60351b19e75960fec48c81437291f2a3ac3296f210d,Mirai,mipsel,mipsel:794173603038142160,false,train
4168ffce09e16db3b8d8006db44572fffa45ae44ac768f4a0486104d7dcc3358,Mirai,mipsel,mipsel:587657966476790636,false,train
417a4e46b0119e78440d17dd224934d5a84fc1ae3f3f182073f9b10b8a494c0b,Mirai,mipsel,mipsel:11945224955367477821,false,train
4256075a07931072f924ae57f4b16c47259bdff435c27dba8522720259cc6847,Mirai,mipsel,mipsel:3033754059732417101,false,train
428ae8a9e5ceb2fa04f893e1d425ec14d0cb3bba44d4b4d201555110dce619af,Mirai,mipsel,mipsel:15270494781266537406,false,train
4296feae44e8927b87689a2b3f692eaf427d9fa8bcf4e678d0349155e42d640e,Mirai,mipsel,mipsel:690583445245046070,false,train
42c441b64ec77ccd8f69ca2737f22e81ba7c13d3faf18b391721d4f7a5fe453d,Mirai,mipsel,mipsel:3851507801046428566,false,train
43778622ee61bb02aed02c337be07aad1a63628241c4a5685a34d377384116ea,Mirai,mipsel,mipsel:12734586616650923492,false,train
438fbcfa9983275e8aaaa61c76fdb13f4ff4d76b1c69c113f6ecfc95761b0b26,Mirai,mipsel,mipsel:13134825030547878054,false,train
43aa904c9b63590c3aed6700fad391972af3b798c3d237ebd79dfec392111ef1,Mirai,mipsel,mipsel:9703543150397783535,false,train
43b677401184225d57b25afd95e623c25c713f161ae09368828e357469ef72dd,Mirai,mipsel,mipsel:17685454042398411448,false,train
43f89ad0373af856c7238ceb9bfa109034da804846cdba064a766eee72e7b6c6,Mirai,mipsel,mipsel:16725393208071936131,false,train
447093c21d331ba2c4e5af0c86db4ca2dee2eaa96cd36b1f80bf858ece2649bb,Mirai,mipsel,mipsel:6720300118643946804,false,train
44e6149cc8675e7cbd8baa7c752123fb831bb3b5f2bdca346e49e090aaf2d357,Mirai,mipsel,mipsel:16706844239411177272,false,train
450a132e8091f5fc8c040b8822398ec398b110e63512c9f0988b6114b2d65914,Mirai,mipsel,mipsel:13944858771873176682,false,train
4513de093aa79387baf66089561ea94600db8e871593d531a136f17f234d3117,Mirai,mipsel,mipsel:10915645067843856889,false,train
4514d73c6b721a8263662088b94e3a921017e7978fcd4a949850865fc9f7ae0e,Mirai,mipsel,mipsel:4390502488285616017,false,train
455eca320f359da621eaad863d2bc07d50b3caf338ed8c5a3f5c50b1eb4bfa30,Mirai,mipsel,mipsel:3327301160678117198,false,train
45a1b1e85584468610c0bcc815921425da9e9f330c0b7e8c28d7235046a99d66,Mirai,mipsel,mipsel:6106591016706756775,false,train
45f6eeec406cf08897da3f558648c32cd5c4aa15620f64cb521956131c254134,Mirai,mipsel,mipsel:13524470933264454620,false,train
466709a5fb43fb4f147dfde7f2774562f770eec0de7d14b38e8d35dc5f9bae43,Mirai,mipsel,mipsel:14531770969783129470,false,train
473fc2847f80172c53c05006d1ac5d5bf8546df53a0fb797922e713aa7ee5507,Mirai,mipsel,mipsel:5564162109126937183,false,train
47480eeb97c76eb081dd8747b37f536a545e073a138ba09eb5c67f1abbf1788b,Mirai,mipsel,mipsel:11739453128968913901,false,train
475f994eb4cc81320aeb076d8eb6f19b082455870a25816c106faa7a6557f80c,Mirai,mipsel,mipsel:13471326993980864633,false,train
4770ecfacb3a5e97708ef66f67950436435901b1ef9e7f2567bacb53267e6ef0,Mirai,mipsel,mipsel:7621564420758382326,false,train
4781f7e74cbf069638d4786f6e7d211663dc38ac3e1ea38767288e6f5ba4b203,Mirai,mipsel,mipsel:2335464020563479547,false,train
47b9658cdb568ecce6c45131a109bbd87c8e6a524046a12e6fea1a9e4cd83e00,Mirai,mipsel,mipsel:7256135718158365990,false,train
47eb1c1c0ff2a496ba0207c22d47fe7baf1d3598f6f48d943e2c9739b40a0e61,Mirai,mipsel,mipsel:4862475801508631814,false,train
480008986f0237b1905c742447a693fc66039fbf33b9ca948d0340f1a59e545a,Mirai,mipsel,mipsel:16714751052857055025,false,train
481582729aff7a014028616adea1bffc496e52f2c559d2047c68b9691d32eb39,Mirai,mipsel,mipsel:11108008416193215669,false,train
4853d6607ed897af1cb588d39cb5e94aeb850d071bf6646f1ee7dae327f35904,Mirai,mipsel,mipsel:16578894742853921381,false,train
48a644e922cdef834fdb44d5ca8daa96b86d0133e75560d9f6fb1998bfd56040,Mirai,mipsel,mipsel:1378708901602806348,false,train
48c5510d4380ad4b3ff2b85fbb14f3822915d0fe3fe93f5bd29821cbcc3855ba,Mirai,mipsel,mipsel:13404839956024107064,false,train
48d8df672cf1e2a0d265c666123004361f95521b8e4d5d1fc65d00e82cda527f,Mirai,mipsel,mipsel:6429906981970346668,false,train
48e12256e7bc6165ab270cefd3f8c509d2eb9cc18cb19b6fbf20f498d15140c9,Mirai,mipsel,mipsel:16232546398521122911,false,train
49208d6282c40834f8868fea861a5a29a1094a3287aa3ded3d74f61dc6d26086,Mirai,mipsel,mipsel:90487624105936706,false,train
495dd438ff6e55b2781ef0dfd511f76fa571012fc39a633151b51635407122e7,Mirai,mipsel,mipsel:13314216782307407960,false,train
4a4898d8fcfeb9caafece6a64c49667c1639659dd9651ddb8d6c90c57f3faf0f,Mirai,mipsel,mipsel:13514148759426479366,false,train
4ac673ffc6d4f5b14908f69d72e594d214c39a3e7f94bc8d0644b64f1b9d3e4d,Mirai,mipsel,mipsel:781151840757896550,false,train
4aed5762a88170985cb05c1064ceb639d481ae7138f63ab8435446c748daa0a4,Mirai,mipsel,mipsel:2790498366413796063,false,train
4b1ac6231898c03484d62dd50ba7bd2b5127117e54e16dcf4420e0c086f59e08,Mirai,mipsel,mipsel:5137448355494464093,false,train
4b6520e5e4ddc53768ede531c12c2a2e49135d857e2fb09cbd13ef4d4d124412,Mirai,mipsel,mipsel:7814480278968403230,false,train
4b6ad057bd141dd035824c98e07a3b25c40b499e22b3fbaa2a90e3bb2a94c598,Mirai,mipsel,mipsel:9877879766814107963,false,train
4b77f6089ba84f17fd6985798bd90084d8353610705f1b2f8d67c3a8a20b1a8d,Mirai,mipsel,mipsel:5047830725424233213,false,train
4c64ab1e3add42043a8a632803921bd13a38d8b12737da757c8645b7d4ed6303,Mirai,mipsel,mipsel:9611396069588238730,false,train
4c90dfe68c0888402bcdc776abec07b268cbfa8a963f74d181b2ab7d727db111,Mirai,mipsel,mipsel:9435614739377872541,false,train
4ca3f25d2820798aba9d7d7c19aec54277c5a61bca3fc0c348939ec7ffb6e86d,Mirai,mipsel,mipsel:16762210502347905345,false,train
4cfaf1bebb13d331fffd5057a31493360c225452fb730bfd78d67ad4510f0931,Mirai,mipsel,mipsel:9368488777994349048,false,train
4d2fc7afbe44b3039de98d445c2fd69c34b48c2a664ac1ee618ce53902478746,Mirai,mipsel,mipsel:5586973461628738717,false,train
4d91a24091facf05e7bea8d8e68ef86d42b0b55777d447323c41e048d523519c,Mirai,mipsel,mipsel:16317512503773075022,false,train
4db9a83f2bef34100329f327eb640b2dd3e2d882f38428aa781f8e57ba4dc2a1,Mirai,mipsel,mipsel:6702889211336875591,false,train
4dd1284b711fa288d36dfc0d5d9b7e2e06a326ebd6d9a4324d9b63e581130ab4,Mirai,mipsel,mipsel:16971619313666760650,false,train
4e2507ac487f8ba6f0b5685d7360a88618705f3262d6c767fc89b5eb964abe06,Mirai,mipsel,mipsel:8903925308826571558,false,train
4e75871eabab69a50de065570a31c4ee4690a42c27b2cb990c7374bd784b603f,Mirai,mipsel,mipsel:12435102521373793790,false,train
4e946846be409422aded9d4be5a4aa1082d7aa81c3551c2ca43869364f6a1261,Mirai,mipsel,mipsel:14717813897066966473,false,train
4ea5a978c752e56f83c4b7931b5d511fb640c86d1ecbaae61592fcb7d2166827,Mirai,mipsel,mipsel:2216567843460610087,false,train
4eceffc3c7adc3bdecdbfa9cfe8b33dde4648bf4bdec3c4e8e4feab7b19b2f74,Mirai,mipsel,mipsel:11484497900954280737,false,train
4f6743c7b83f42d460e017fcf8cdba43898660961efa95eeb4aef4ba97c33aa3,Mirai,mipsel,mipsel:14370147577310827651,false,train
4f945adb79f0186a1fdb88fa28ae23e8738821c0f5b4e39952fd831a5e1d69bc,Mirai,mipsel,mipsel:7587932416014805721,false,train
4faf4c6dbd84b4f85b044c21bc8cd6b82ac022a9ba1ec308ddefd936ab418091,Mirai,mipsel,mipsel:3186735569087904350,false,train
4fe230506111abc9abd51cd23aeb07841183cbfbd8a9bd5f728fbe3cdf7f170f,Mirai,mipsel,mipsel:13106531725388238129,false,train
4fef385874d92fb1b367af16bd552e6a24cbb9d0c9f795abfedc566581967edd,Mirai,mipsel,mipsel:4862922633712318547,false,train
50c3d40bba36a63fccdb354006deda4997e9d4673a8ab2bd4bfcbf8ed129309b,Mirai,mipsel,mipsel:1719899703148694797,false,train
50e9ad464ebb67c0e620dd475bdebef16cc6d735764a43c2eeb2e35c0aaadec3,Mirai,mipsel,mipsel:7133023875035434872,false,train
5103e8b0b93dc7539560b25d26dd597b4d9bf338c655ca1834607cb78c4fa2e1,Mirai,mipsel,mipsel:9640966754782874353,false,train
513b02ec43c3e1c2a4432493408215a1d3cb0bc01bcae218a343044cb9a9ab02,Mirai,mipsel,mipsel:12391369939080144592,false,train
5157b5346c6688a2211d3dc27b0c21fabea619b650a447e49ee2ad6538b352e5,Mirai,mipsel,mipsel:4112768354753675562,false,train
516cb0878c239a22964a0ff8b62ccfa41402ab7f6ac0d0c7ffc93852723d76ff,Mirai,mipsel,mipsel:3594104418028252099,false,train
51f36c3d3f0dbb5c95b8306b8c51a8b499fd1e2a5203511c0e4f12feb587e41a,Mirai,mipsel,mipsel:10801882215130979186,false,train
521dfa9754f5d2575352ff5a5b60597a505ca0d2172058fa897fd529490715b2,Mirai,mipsel,mipsel:4349213801124250152,false,train
5246b8c9a3002c8981ba190481e4daf4b12ad07bbe2b8288801b38fb308bb485,Mirai,mipsel,mipsel:15927957785331215887,false,train
524feab52c31270adbd3b9dcedae7e1fb3fdc54a0de59822f3ede8e49add6c26,Mirai,mipsel,mipsel:15660354667841919244,false,train
5252b711ed7974cc3eb0c5cbcf937dc254bf7d27bb8d86e3bb9e0c4303f2a009,Mirai,mipsel,mipsel:3114109173672356839,false,train
52f46e3b34aede1311bb96714cf9a3a1724ab27fe54b3d10626eef0839b04f9f,Mirai,mipsel,mipsel:2045634490129060622,false,train
535e2e000c7b27d0dd6c20be3081feb018fc961a75b9bb53dedd883557eceb83,Mirai,mipsel,mipsel:18059579282123756302,false,train
539bc28fca8663cd41d57f60aac4724ee1155543b3395239d74ba55fc62599f7,Mirai,mipsel,mipsel:8052800478239235944,false,train
53c09e6afc53520c3e6364a315e53e0200d11659e0776ac5365374342d3302e4,Mirai,mipsel,mipsel:13309374699727566899,false,train
541194257a48bb4769e26f909a6d6f9322bf1b70dfa5a9fc4a7e441e06683369,Mirai,mipsel,mipsel:275994176614417179,false,train
54330e69d2aa4de8873c010aef3e6b081489e5573f7a8dfbaa102da10f7a8c52,Mirai,mipsel,mipsel:13278846455395792598,false,train
545beacc0701fe53d38f61eab0788a63dea696999a554becf5a0210d754bf3c6,Mirai,mipsel,mipsel:9855626332625906178,false,train
5470594e2dc7825f7941f8d263399b3848ea8b00f2689d444e41d67e8886597f,Mirai,mipsel,mipsel:11725186353302250904,false,train
54df0530acf8452ba95fc6b44d6096edf8e80b7a253ba44b06f34aaa3b927177,Mirai,mipsel,mipsel:4467784923143373099,false,train
54f23bea4629fb06a5e2068d5f5b66137e3aea5ee18a626acd016830196cdf96,Mirai,mipsel,mipsel:16129281329343310451,false,train
54fc29d1c67977d08e9067dd5824fef462fce23f9ff02ee1bd399a6a84d0f5b6,Mirai,mipsel,mipsel:4697756774746111049,false,train
55165d091650f7a38b3c7344324654fea63d5ab1648aba1e626311538f4826a5,Mirai,mipsel,mipsel:6602666565478913181,false,train
5540174bad22bcd225c913b555bfad10bbb22120d7a631d701e741f70ecfc954,Mirai,mipsel,mipsel:12922109174692848096,false,train
557d1a5713151ce98dcf1340aa20d385efe12b9ab9d485d5145b1681d71b8681,Mirai,mipsel,mipsel:733388187429523358,false,train
55ca8e80a694e4010ffaffc491bdb932d2a3c0fb4ac36a2b3597912b4312c7b4,Mirai,mipsel,mipsel:13127822007735394604,false,train
56168aafba59226e8d6aa5336c56de7e5a13155b94fed2486ed58f8b7436802e,Mirai,mipsel,mipsel:18013187459792046993,false,train
5697dc24397efe93ddb2dedf265a2e6266f903a5df55b244ed387e0bf13e9e99,Mirai,mipsel,mipsel:9352616178439694805,false,train
56bd918d577600399d2a9cbe9d0b5ad31e182c5f7c2b6970e0559ee7ebc62489,Mirai,mipsel,mipsel:6852974477685078504,false,train
570f6b1755006c68529a0ebda9a97144bc33de03e76afef8ece090189e4b80d5,Mirai,mipsel,mipsel:3770550659682343159,false,train
572bc28afbcee588d7fa234df4a6e866b8a8374a62fa767fe9edec7489b280da,Mirai,mipsel,mipsel:12990604759614528709,false,train
5732a1ca40824f0a91f36c9ebcfd1bb3312ae9fa15c54bb3e10d69b2ef3af7e2,Mirai,mipsel,mipsel:10469958358788916611,false,train
573766000713d568dc848605dec127b99ee71a18b45eee304f94e62f4523b7e7,Mirai,mipsel,mipsel:18191032825357815653,false,train
588d6e3cf118f146920184e852a8fb75dbfddbe48b6e9ec94b77dfe15296d6d8,Mirai,mipsel,mipsel:17934239381168641408,false,train
58b5d2cb1b6e5026c5c44f10a9156fa899d6d88ea1fc029bca7d225db2dddaca,Mirai,mipsel,mipsel:1035463267713327399,false,train
58c76388f5b1e9e1fd0594c4538f12b291deb097792ea9e19e394ecd279e3333,Mirai,mipsel,mipsel:13014828661738273916,false,train
58e3d1c1e9578b633f678e9bf0b586dcb5d08670c1761717a2a6745dbc4745b6,Mirai,mipsel,mipsel:14321384239290866539,false,train
59041edfbe1403177cb87123de13225c85482704fd3c8889879e9bd19303e407,Mirai,mipsel,mipsel:743153527794551286,false,train
594bd4d951c8ad96351bb303883865426be6fe9b287cea6509cf306e0049d7a4,Mirai,mipsel,mipsel:4997710877366448631,false,train
59d7b996b6780a6434233f67832590f9ab1397fd65b1ada36572aceb5533606c,Mirai,mipsel,mipsel:14914170394731893864,false,train
59fa9a0988426599e0b492182562d02f929be3d0c4ea1118b678d216c0ed235a,Mirai,mipsel,mipsel:11759809224425241276,false,train
5a02063f28003cf601971475456260f6ed19f266e08a5ab085ac453883e0c3db,Mirai,mipsel,mipsel:15639574033343728761,false,train
5a0330d88bb4844950bae558a5be3f0e912e0efd13ed53e0a3141b141260b44b,Mirai,mipsel,mipsel:7187184767544822402,false,train
5a7b021ae02a8a6575faeeb8110d3380e371fede7901cefc80e3281e2d71860c,Mirai,mipsel,mipsel:5565578600763560136,false,train
5a80a43c7836d61b6694caeaadbd866493ebb403248582e8aa066601c139cb4a,Mirai,mipsel,mipsel:116365688491585109,false,train
5b2596b94f8475582ace1fcc719f15ab68428a4687e442e65885089f7c24d5d3,Mirai,mipsel,mipsel:12635980053938000957,false,train
5b8f3179a87cb30d448c734046d7d7fe7600588876b7811fd6731daa88879739,Mirai,mipsel,mipsel:4247594322038755809,false,train
5bc869bd8c2d3b19f829b12d711de08731ed3e04d611b15d5c1843216eefb663,Mirai,mipsel,mipsel:16279327411803261243,false,train
5c2b894375a1aaf77c5e6bb53e8579e999564b4f47b016e1c9a1232d59094f4d,Mirai,mipsel,mipsel:11835529838044245854,false,train
5c5265934c7202934b07586da85518920bf506ce85c422d11404ac18aebdb365,Mirai,mipsel,mipsel:9783628238062893495,false,train
5c54699e91e0be489cff4b3b0cdd1cc5dce443d973e772341ffa6181fe1c478f,Mirai,mipsel,mipsel:15879308469711024401,false,train
5c610841fe389da4940cc0780d420138a5321f399abc02825dd9f8a916b87024,Mirai,mipsel,mipsel:7564520627007430657,false,train
5c767af1c69c9788d691d361d98fcc611b59d5eb566657faf7c9b1c5c1a90eea,Mirai,mipsel,mipsel:14769746848921571380,false,train
5c76919f7d480afb0684fc3b8d5738c85b0923e5f41baf16b5d33e3411809103,Mirai,mipsel,mipsel:4130631573920737986,false,train
5ca0156359df640741181a316dc1416187210d355964aa38b633d56eaf7ba695,Mirai,mipsel,mipsel:12234694907652085351,false,train
5d4e565bb7e2c860ba5c9ff5f37657d23b34ac5ad2499f3f412eb6a6f4dc9073,Mirai,mipsel,mipsel:15549146674674884733,false,train
5dd84ee7acafdc8ed22853d930db996f1163e7f8ce303b58313d11845b1b0a83,Mirai,mipsel,mipsel:3237869759730352822,false,train
5ddafad95b44acafaf6181ab158981a044957832c68943819bced7c9e88161ae,Mirai,mipsel,mipsel:6186254438151050401,false,train
5dedcd4a4f618233ab0e26e0ba51f59b55056bc165a2a3499ae0e61c0f161cbe,Mirai,mipsel,mipsel:1460139074600220339,false,train
5e8d7feb4dd3c04d9b08e9deced1a80750ceead1772e31f15328f26e124f7c07,Mirai,mipsel,mipsel:10225841679785265765,false,train
5e9dce88e666554dfef4d7db3f29174dfd6c11256eaea02f57dd054206390d38,Mirai,mipsel,mipsel:18325310079973080681,false,train
5ebd0f42e63fd7eb7f9f4ca16f7b5612922e8c5798050ae22c5ec5ea61a63531,Mirai,mipsel,mipsel:6626846847526758342,false,train
5ef464b9373ae5e873e99bea2c2eb7cb024dad5f78265cda61abb12f6884b2bf,Mirai,mipsel,mipsel:2781662062331121550,false,train
5f4b8e936c9c17a36ad83b30b8757aecae72ecfce004ce053681c95ca0db3c0d,Mirai,mipsel,mipsel:12863283405152898675,false,train
5f5686a7fbc7ae5b2a8e2bc831e9d8e4f32290b39a4a307be34a933de97fe459,Mirai,mipsel,mipsel:15174241750225926644,false,train
5f7309ac91d1c5ecd5e47271d7646dd1f7606d580a9705e0ddae78c9e848a60b,Mirai,mipsel,mipsel:332370413804711486,false,train
5ff4d5f925a6e826081fd6c05aac923db0ea4a762c5e1b568a9fb2d5e4321adc,Mirai,mipsel,mipsel:12178323803158260932,false,train
6002401ba77a76062265279482cae4ff065427c976b7e155f3fd5898d50d0dd9,Mirai,mipsel,mipsel:8792204569669409034,false,train
60121410733c793e266d5cbb5b159ba9a7c63d6fe98605f88dcc15d5c92c4577,Mirai,mipsel,mipsel:9544775868118627009,false,train
60b3abbfb524d47b1075d14ef40491be75c2d89ebb47e812805a1bffc7c5dd68,Mirai,mipsel,mipsel:3277086292177013790,false,train
60dc8f3da2f485550e4c095840de7fdd80acf32119afc0e1b8b83341ec02c381,Mirai,mipsel,mipsel:9824953311193534914,false,train
614242f1a978a3938d06327589fe532cf4b26e7c0c4d7ec7373a8291c8e50dd3,Mirai,mipsel,mipsel:9595053097321425074,false,train
615ee61f0cf67769ef317301d878fa69e7fbcca5979f85ada1266d7b8654cd35,Mirai,mipsel,mipsel:14336385327992706835,false,train
61819b360d8cfb0ac215041f97f7ff64d97e68781f3934cdddc838012e9ebfa1,Mirai,mipsel,mipsel:12922109174692848096,false,train
619fa5e68672e69061f303f06231c9a8a7b1de4c80c319521adc6f25cb259da7,Mirai,mipsel,mipsel:3649771985451041362,false,train
61c95a742302bc90b2d4a490000df1f7eef739e552ca06d7dc240b4315b97c90,Mirai,mipsel,mipsel:4034314411278666891,false,train
61d2da4c0a04eca6f3cd077cefe68fc647403c1fcb46d2cf139322fb25b5904e,Mirai,mipsel,mipsel:9984115698509710565,false,train
621ee159a6425a3d69f7cd2a307d963575ed54a5a492f5732006288dd5f3130b,Mirai,mipsel,mipsel:3605061945822944960,false,train
6359ab99ca308e069b45e71578cebfde7de4d345846891f467fb45ef2e375404,Mirai,mipsel,mipsel:16512155624570122743,false,train
63860aaecfa1632b2bcb7dfea4bebf4f8de2872f2d02424415fc467eb0118538,Mirai,mipsel,mipsel:17349041025751626943,false,train
6487d4f5caed99262c123c516879869723965d902241fcd002984d7befbe85d2,Mirai,mipsel,mipsel:7859478777549234508,false,train
64c1a798c4c3164d174515c6532cb17c0150d2dc0e25fddf83d6880c2fc3cb58,Mirai,mipsel,mipsel:9805353682670793504,false,train
64dd76bda1e05a64c7bcc4a40550d5364372510d53dba8a9a1f8cc640b06020b,Mirai,mipsel,mipsel:8646383632289301447,false,train
64e354e6b812acfe6a0326e5d55bd54c8c2c22420c3930f4e030ffe6fbd2029d,Mirai,mipsel,mipsel:17459359894255225855,false,train
652d86bec526e9babd3660d220ef5f5d553f58ef737cc33661a30601a22ee222,Mirai,mipsel,mipsel:4488919489636019582,false,train
6599341c1790ca4438fa08248f32d444ef3a7d858b9789581f01bec93eef21a5,Mirai,mipsel,mipsel:2610240738004473376,false,train
65c4d6ef431e086bd4995554108cb95892e690ae20aed816662636659ea447bc,Mirai,mipsel,mipsel:12275064902049103555,false,train
65eb21b81172c02c2e727136ec3bb8f71574eb2616f47feebb6d307ec930b4bf,Mirai,mipsel,mipsel:14778194806550538589,false,train
65f0dd822209b232766a7f359d8c6e7ddc8d7c65f8278ea96382d9ef492b9fc2,Mirai,mipsel,mipsel:18141495303736560142,false,train
6619ccc9e53f0933921368ddb15dc03f409f417bd1f994c2748b55e1928fbee3,Mirai,mipsel,mipsel:18126993778404392797,false,train
663a5c4d4c2dad03132ec4e61d74b303a57686251567ca23caaf09c5a85294b8,Mirai,mipsel,mipsel:7703982832582625370,false,train
6645a8d61b4fda57677d3dc40dbab6adb949fa19871842cf9838a8d86151f325,Mirai,mipsel,mipsel:4354061845051774208,false,train
664743224bb77018a662134e0906bb938ae431fa0213935b2062fad76ddaa192,Mirai,mipsel,mipsel:2521681739556331541,false,train
669fadcc6a35b43066b80a6f339cf72b3eccf4517c776f56cb9903595398670e,Mirai,mipsel,mipsel:10465317593220315989,false,train
66e1122d7dfaa3c356caee6d632cb707404f5f3fb0270cc34d54ed4756073bf3,Mirai,mipsel,mipsel:3164812707559060872,false,train
671cf73003f593978f5f7ee2ff8b0e30cb649b6761630235241662bec6892132,Mirai,mipsel,mipsel:15603849365509391733,false,train
672dc199cf4e8c52c80bfadb098aa6963ca4654f83806f16e3d3fc0f34d2c2e9,Mirai,mipsel,mipsel:16916620380743136774,false,train
674d677977aee197346266ccef996413546eb696bda7c2c8499a00fbeb63a8f7,Mirai,mipsel,mipsel:16078870444624710534,false,train
678bffbd946ed4a4b22ee0e1207c0d23a731887c68a112da70cf49c8d1714748,Mirai,mipsel,mipsel:3257594176501551138,false,train
67a727079ea5df8fd2087cc0be0d83610ac02ff2aa863f072d4aa2b7054fc22b,Mirai,mipsel,mipsel:6234756662916767684,false,train
67e44de7c6e5b264a3fe9e82344b1988df82bc413fefeaa45625b15503763677,Mirai,mipsel,mipsel:1607777464829943678,false,train
67e895a290c86f1b3dde5486c9236eda73d35f69c86340d7d8790d62f1b48038,Mirai,mipsel,mipsel:15633617779961749327,false,train
681eb96f8f849b0ba98428970bdb86b71ed4d04f23b4947ba09cef4b90d67b21,Mirai,mipsel,mipsel:4703583376321777250,false,train
6841301ec84d6190f4c5c2dc1564853b29a66f60286156a798cc621a2ddc0c1b,Mirai,mipsel,mipsel:9199342729116664827,false,train
6843b9dd4cf3d312aa99d2b11f972bfd42b6352abf99d2fe2f80682008fd20dd,Mirai,mipsel,mipsel:10399583760409961297,false,train
68694ef3d745cddbff605945211c12cc21b65862a1ae24596fb606d501995b62,Mirai,mipsel,mipsel:17606227201741209081,false,train
68a3f2af7cc8febf36cd35ed9db0c43021387d570bc16ac549f8df6a3336a956,Mirai,mipsel,mipsel:2416233236150359202,false,train
69248ba9b5e64f57c53fb309624923822197c8ffa14a40df19d54f95fb7f92d5,Mirai,mipsel,mipsel:4986742380849299318,false,train
6a24acb40762a1f3c637ffd6b1dbe4e735a4043a3755e2c71be9bdb964ed79ed,Mirai,mipsel,mipsel:3078737239989540132,false,train
6adce0aa33a83f18cb2b9d5a79d074832e6e54917841d164108d46c332f767c5,Mirai,mipsel,mipsel:9184391052631087840,false,train
6af738e508fd2f158ae6651f778fb856d6c9df6941f06a70626bcffcffa9f762,Mirai,mipsel,mipsel:4324155484025495169,false,train
6c47987c4471cad0d51b7daef76cb40767e5986330fc419a48041be3f4e807c5,Mirai,mipsel,mipsel:15143967730509725819,false,train
6c4cc74954ed4612d7984b79eb2f9ebfeafc2cd8605677b1cb28115e8e5faca3,Mirai,mipsel,mipsel:14368147330027244942,false,train
6d04e160966a8aed33f1e0a196efd98325ad03f996c014b59a3f64430c7effc8,Mirai,mipsel,mipsel:18228250506789925300,false,train
6d3f483175584c369df0f10bca4335656961000097619c313a26de66802156d2,Mirai,mipsel,mipsel:86798689292104792,false,train
6d4daf1d2fcc843e86a18be3d7c390962e41c64456ccb722a31cda3210901ebc,Mirai,mipsel,mipsel:4119099428129054747,false,train
6df63fc60a7b66cde48f36d7498d59b2898ff1866297b4f6d4d1794d0b4a247a,Mirai,mipsel,mipsel:6536935803714300592,false,train
6e067d8c45da477868930707c1210708b096fa65e1b1575916c2c9453a8861f8,Mirai,mipsel,mipsel:16259802164662304236,false,train
6e08505b6ca4651a948d9feae45a51ecd6849696de618a5e7d5847630b3cbe05,Mirai,mipsel,mipsel:13791168637097576271,false,train
6e1cc7fdad0773457c1c920458101a48d780401e0899be79ac91994fbc204f56,Mirai,mipsel,mipsel:11959575577605795948,false,train
6e526df3a7597ac3ad6736eb22a54a46da70366fe0c0610f8c1d3b9f51d925a3,Mirai,mipsel,mipsel:10768782845504707792,false,train
6e5fc672804055c90def8eec8ffefb990c3ac1ebcad108412fc100db5bf523bb,Mirai,mipsel,mipsel:16316895163445097253,false,train
6e681b583e485f34f6144c67a64c5ee886793e24579c62d90f5605c3961e1532,Mirai,mipsel,mipsel:7385963895392062436,false,train
6e991b41076471fb44c6bf16cc053d717d1d368eff81faf957556f5d124a5d76,Mirai,mipsel,mipsel:8445743157037078755,false,train
6f0890612129b041a0c0158971f32b51c8fbeecb7d77c71c3f954b427d9fbcd8,Mirai,mipsel,mipsel:4180779561247792766,false,train
6f83655ae3f60e74a6a2263a2647824d04b61d640d615608980e3f49b59757a7,Mirai,mipsel,mipsel:13899219656392062604,false,train
6fc023843b741f42faa2408838665444851a93ae41815ed32dabad2fba7150ba,Mirai,mipsel,mipsel:15494604901348312849,false,train
6fde585ab1b1a50dae649014e1e5066aa1d833525e37473715a7e2f814c9e0df,Mirai,mipsel,mipsel:15097832320154552216,false,train
7060fd48f09d4b9fa8ceb8e5557d0ab82f5a9a3388b130bee0be559ec42e8b1c,Mirai,mipsel,mipsel:6485441167994011717,false,train
70f52ea6132abe87f98477395e12eeb0b96194b53719b1a204c388c439fdc752,Mirai,mipsel,mipsel:64863126844667317,false,train
715a60543635e009617a6fe32367e7834f11c219be1f5360be35b09778a03dd4,Mirai,mipsel,mipsel:2217219480431081788,false,train
7177f501950613227b0b47cd167b33f6d0db5065e29e80f0f6338e4eb0af0537,Mirai,mipsel,mipsel:8985760247807478896,false,train
718f88f0d5fd972ae6843261e84dae01a4c7824ee2d138f677549ce563c0331d,Mirai,mipsel,mipsel:14014161690325644762,false,train
71f298d9c247c687790bcb7414abef1213f98109ac6f0ff9e822058a0700363a,Mirai,mipsel,mipsel:5000802386893486452,false,train
725789bc6e1bda7a6d9cce8464a994fd55dd4539aaef0a7b7cae173d743b1c72,Mirai,mipsel,mipsel:12186221446438649098,false,train
728089f7b561738b61287baa6ae4a1059916014793458cfa2c206eaa07d51efb,Mirai,mipsel,mipsel:8241680212403456414,false,train
72aea5da0cd29bac23d593254bd68998dfeb6979c552fdc913a66feb26c00889,Mirai,mipsel,mipsel:16821536176315132684,false,train
72bfc95560f42bf43c4573d5e89a08899144eb17415f57613ad40dbb509a2f3d,Mirai,mipsel,mipsel:14459061014145223275,false,train
72d087b8d5bfa7242e1dd5cf5ee0904b3bfa85f151fa5b2482f1b9092f786f86,Mirai,mipsel,mipsel:6413915599125040943,false,train
7314d594e5144d441451d985deb07c02d6db28793993bd744bdaef14a7d76184,Mirai,mipsel,mipsel:4707192475036121854,false,train
732c633092517824fa9a09ce7b70cf9e149dba006014826a216c6bd51ac4a8ea,Mirai,mipsel,mipsel:414247444540048632,false,train
7336e56bb174b353b12be79e279cbc2af444a83612dd6c501d8e4742cbabb6c8,Mirai,mipsel,mipsel:12852241875264481430,false,train
736fc47c108ba12e46d77dd7a8bd24f7d16b51dffd2c1130008e0afec6c86764,Mirai,mipsel,mipsel:12191326242855656658,false,train
739ac58fcb6deb521018561262a6b8f31274142d3beb2705923e300f73473886,Mirai,mipsel,mipsel:6756228237931829515,false,train
73ec8669c47abd618e280311c9df62c3bbdfeb450e7ee9ea3e92560f821615af,Mirai,mipsel,mipsel:2900599848028781337,false,train
7404c538b2055e1af4aa570317453ba0e5fc546645bfc05c1ef4f48f6dc57e63,Mirai,mipsel,mipsel:3817284934346493944,false,train
740e8452c5acee12128f5877ae0887c398a0c48bd9eb2cf22be5e2a1bc9f5c29,Mirai,mipsel,mipsel:5823478523264999366,false,train
7430a52bafb60fc9dc271189dce74807fcefc4a453a9d99028fbb93475acd5ee,Mirai,mipsel,mipsel:5732359936550059679,false,train
74979f14f22486c4e5bc447ef6659711ec7e048ac24fad7337b7f4c7ed5da922,Mirai,mipsel,mipsel:10374022359108384962,false,train
7536c6ff52202b18e4be32ad69abcec6ac6328dcaabd3e7470f37f584362a50d,Mirai,mipsel,mipsel:18042057101368045810,false,train
755e4c75d091d4771794193e88655e9f633d798d3dfd9f6775820bd705ab7815,Mirai,mipsel,mipsel:12288503437566696034,false,train
75d026f18ddc400a75de2361a760cb29154b622c44dfb40d6273da235b590aab,Mirai,mipsel,mipsel:15168581948076827184,false,train
760c037586b0d0f4abd4b9b5119709f111a2e08c66b1251896b597dc6819d76b,Mirai,mipsel,mipsel:15112507874124193150,false,train
7700c5ea4939b3c2ff932e4e520e92eb9c9409b564bd7e559b611727a2a0e348,Mirai,mipsel,mipsel:13029277263054684882,false,train
771833b164c427157f4fbee6ab65241167a48e34135f1b16711e12d3799f4964,Mirai,mipsel,mipsel:974719689332983222,false,train
776a1bafd5f789ccf0ff91a9943deb0515203ef7301d64f4c070b1b2dbccb099,Mirai,mipsel,mipsel:12522015648311133162,false,train
77a65ac6c8f8d96d33cbbf2ca40a62581d88cb90d5714a281a661f232f788235,Mirai,mipsel,mipsel:7042593673993402738,false,train
78084408b66d71fe17acf26e007b14c681ca60a735d012f99401c79692a6dced,Mirai,mipsel,mipsel:12327603105027781608,false,train
785dda71208ed43b21c354429b6764a5bb2f1e391aff808eadea7e093132e1a5,Mirai,mipsel,mipsel:7893595721952398250,false,train
787f65e7f038880e06a55f9e7046adc3b8d7531d014ca19b25e4118eb0e3ed67,Mirai,mipsel,mipsel:3630720542611935883,false,train
78d0c2500daef0540c969e39ed2ed162149f6da5bcc037dd631468776ed9cfe4,Mirai,mipsel,mipsel:1817724392251538600,false,train
7919f8211f65cf9481ae32ed2374cd7b061a19dc6852e8049e0d57a6a1241346,Mirai,mipsel,mipsel:2272143766353882027,false,train
7925eb4e7b5f569686e428b1d95da224f356e7cc0729f50b7b5506ec5a95dc7b,Mirai,mipsel,mipsel:1777087936129067537,false,train
79780819c9b23390b1f6e5bb9af53bc6b469487a40cbc68626a04e311338b8e0,Mirai,mipsel,mipsel:15401250922731412033,false,train
79cb0737e547471cbce9d77a53bfeaddbc1868b56d766d9365340a54329a18e2,Mirai,mipsel,mipsel:1817962252401675598,false,train
79e28be1abd93d0e4520139cde7e4597647cbcd87cf08fbee3101f058d38c50d,Mirai,mipsel,mipsel:14516606236764743404,false,train
7a52e4701422a7f40b3021490e44a0073b46d946a77a10e0d5c13a3817bf2f13,Mirai,mipsel,mipsel:16105564490535480846,false,train
7a5c7f2079e81affead310d526d585d0944b2e08fe29ea5981e11e9000be56c6,Mirai,mipsel,mipsel:29162196762439755,false,train
7acdb71f4832cc365dc27dc879b6e3bd70e08f0129e5be76fc228196792b7155,Mirai,mipsel,mipsel:11848136461005162712,false,train
7ad964ab1ba4bfe985e75d998553acef9d9f1b3d0ee20354fcd3b6feebe927b6,Mirai,mipsel,mipsel:16396526025579220739,false,train
7b2b0e507ab614f2980de2d5d2e450700c1a635da31478172e77c6dd93156b1c,Mirai,mipsel,mipsel:9871894351950275497,false,train
7b49cc61161039e3bb831a4a92dd28f0b95d9eec885916ca99f657967ca22d17,Mirai,mipsel,mipsel:9243849099388846976,false,train
7b5ff78f601cce72d34d6ae061e0f5be086a69742dde90089f8f207e54687059,Mirai,mipsel,mipsel:3966920160796729082,false,train
7b97e5c8f2eca9a196640fc7671fa45bfd780eb978ee2a2addb4a30fad297f0e,Mirai,mipsel,mipsel:2229664669807978280,false,train
7bdb88232ca082a68e5509c3f62cf8070cb191a619e318f0b5d78255edd2a9aa,Mirai,mipsel,mipsel:8602859790082004199,false,train
7bf068446f30946206093466402bfa97e5983393da407aeef428e60fa4a74860,Mirai,mipsel,mipsel:2530589949616514005,false,train
7c6b0e80b6cfea0c2a5676136400527ebf91775492917478078d502db5f17a7c,Mirai,mipsel,mipsel:17121172689904635921,false,train
7c6cbac1616d46af639e6dbf478fe8d7d0d5150f9a5d067728e5b6b8668cff91,Mirai,mipsel,mipsel:2244944966494996195,false,train
7cd8138f5988119ab8030cbb97aed236db603e674624873b2f6cf1e8a7eb6775,Mirai,mipsel,mipsel:10982808097620999250,false,train
7d039ab0e5b71f18648f7e4af532e252b895ee2ed7ee35e33c685c298823d12e,Mirai,mipsel,mipsel:14298187949710996277,false,train
7d584c03e4ed45a3d346881fba86d778dc7c71761a3d06c96f6bb2228de48513,Mirai,mipsel,mipsel:12023193656775239102,false,train
7d706e08d9b7c04454aed8bae6809c25151a972370a30b5ae7a1218a5b5d83cb,Mirai,mipsel,mipsel:1453552842307887996,false,train
7d7a8e9264ee9e06df7e3b0caac146eb3de9a3651c55638f5e04a91edb228cbc,Mirai,mipsel,mipsel:3574180763542088955,false,train
7e186b9cf672626fb8b90308e0ae552fa1b9de41f595fbe23b45bef5a53bc699,Mirai,mipsel,mipsel:12922109174692848096,false,train
7e901f77ce613aa87fd227add544fe26105e90483805a99710bd51e88c01250f,Mirai,mipsel,mipsel:1543058648891200093,false,train
7eb2026e6594db54db17b5e4b5d1028ef7b70e533a8deb1f9a9fb5d488a1be92,Mirai,mipsel,mipsel:16581229140018723814,false,train
7eb789697b9e8bb29a3f5d551c43294d98bb94e3d0785f6b4796f9919d50aa92,Mirai,mipsel,mipsel:9778071933621439728,false,train
7f62b7be813519530dc33868179777c92039440186e2cbe9a1844f79e98a00ce,Mirai,mipsel,mipsel:143132824667927463,false,train
7f9fae206dd36f727d022964a31669a0da5dfd71daa0c1feedf10c7c59bddd91,Mirai,mipsel,mipsel:11802343934723774132,false,train
7fea5fc9115a3991649527decf4b9b25a69ba3101bb28bfb126c6a77f01b311d,Mirai,mipsel,mipsel:13187069166995426346,false,train
8037336402defce88dbe31642c804b6a8fba0daa55f7e75ade87e6adbc180abe,Mirai,mipsel,mipsel:3994401681003026579,false,train
80727e222c59bcd89c00509429d698401f92779c1bb5fa81972da71d7574683b,Mirai,mipsel,mipsel:869520827366369489,false,train
80bd89ed23758fcbdd0013126b8018cc64f189317ca82f8fabd8824dc07bec01,Mirai,mipsel,mipsel:10191936691026284168,false,train
8164632278e7bbdf983c17d3d59d70ec41ecd796dd3fc6b16e4fc0b7b909572d,Mirai,mipsel,mipsel:6512936234069152163,false,train
81c7ea9f664f9f6c09abcc057afb73dec6d4f5edcb27255a66c13a8484ded86e,Mirai,mipsel,mipsel:17918389815558178809,false,train
81cec258f586a2bbbb703a5d70a6961b7bc918cc66afcc88a4469413ce15394e,Mirai,mipsel,mipsel:8069579727288838006,false,train
81cfe7a1f1fad6c3270fafc807485ff4b01d00ac85407c565b1e23abd68a409f,Mirai,mipsel,mipsel:1937164172439059782,false,train
825e14973a7bed5dd7a1677ff23d07ded866e9b517fe32a4482456a24cf47afd,Mirai,mipsel,mipsel:14683420650219680683,false,train
8281f82dfd5cb5bb9af7bba6f1e4c1709a6dfa64a1ba04cbdb765b7592b62717,Mirai,mipsel,mipsel:17042801558478274660,false,train
8308f3e40b2f4d6119a1f766812db93e2ef180dd7ba357c4bc25d3fd9c19179c,Mirai,mipsel,mipsel:11626302879177459396,false,train
8396eb5e2c9bf53332919cd4b5c682288f9205663086486e3d47f4ca3e0582b5,Mirai,mipsel,mipsel:6369560008524064515,false,train
8403a5ceab402ed2a82f18fe50f4087583d6543d5560f5d059b3a1f903046840,Mirai,mipsel,mipsel:18115713179414942543,false,train
8409acd2d640eb9bc18b9d5b6dacb1baf3bb55c0a90a1500ffc7d5047f18ad2c,Mirai,mipsel,mipsel:13310521685529693786,false,train
8476bfcfff81115bb6b18f76a24737bb07238ac39750fef6ac092268fcfe1a13,Mirai,mipsel,mipsel:18437666877240905099,false,train
853defbed31e465382ac3ccf1c234e77258f2a54b73b926c345badc5d8215afd,Mirai,mipsel,mipsel:4671197804048826610,false,train
85bc637fb1ac8a81c545eabeccc8ed9b8a90e9e49cb22b1ad0f4a79d26bca575,Mirai,mipsel,mipsel:6383733583943900821,false,train
865b267ab1a07b6c93546c2ab17431e1d05f3e6e7497e47f33981aafa9b0d30b,Mirai,mipsel,mipsel:14864577586659039446,false,train
866e4f924b188305bf394e81430d3f94d3678888389121039fc6ec3198b76014,Mirai,mipsel,mipsel:16378289180764923775,false,train
869920c678a8aafce731aa3ea8de177447168517f8d94306eb0748d2056b228c,Mirai,mipsel,mipsel:16880937251186795479,false,train
86aab7753dd89db99ec2b9eba112a666633b08b1a2c5a5cae88a814d7a307feb,Mirai,mipsel,mipsel:8199196755035030219,false,train
86e2268be1cc6ab2ae0f443554061c2d955f068bfc36e37f0fec63fa6047c023,Mirai,mipsel,mipsel:16528431413366006059,false,train
871c0a75aed4458ae62f6f127bea814356f3b43945cc44bd64f02b360488a1a3,Mirai,mipsel,mipsel:5059232227197667429,false,train
87d43e516a67bd1a356171aeb9d2170b440dec53e92404fdaf5c9891e298b85f,Mirai,mipsel,mipsel:7492430706236361114,false,train
87ee2863e6ebb87930cec2dab46f39f8868cc7f9f1ada41d752cae559e5ab8dc,Mirai,mipsel,mipsel:13548329743519801312,false,train
880dda91953fd24743222a54d530314233c23c63bc48a3650035e5b2360e0c42,Mirai,mipsel,mipsel:5449080093381703146,false,train
8810d930d7e685862630c392d543fc5adcceeeae431a63432df179f6994f6f8d,Mirai,mipsel,mipsel:10110231251542748481,false,train
883018d822c8cb6df0e4d108166a3cef5bd543a590d0f75dec97099ccb2578d9,Mirai,mipsel,mipsel:3317967845925633329,false,train
88e49457a83c8326e785c47c9e719965133cb1f69e9ae7585ab9383786587959,Mirai,mipsel,mipsel:17018219254542851977,false,train
895b60412525d06c503e11ff0e7e86955fd829f00daf3c01026be4e0aa00e29b,Mirai,mipsel,mipsel:9616939910251757654,false,train
89e0b986d7581a40eb158f5ada6e7e817c4e7ded7be949dd714e087170613c93,Mirai,mipsel,mipsel:441198420388143528,false,train
8a422c0ca00370690a52e2ce81ac10a407780676ef728310e864d3694edd98e1,Mirai,mipsel,mipsel:12400519542825166146,false,train
8aa0ce4bc2a3616996b8ce48fd3f2175749173cb29b555a493c9963e27d55482,Mirai,mipsel,mipsel:1286216626598194485,false,train
8aee73f4a8cc97a60ef742cf17a449fdc2e4cf81701df3776ae82a7c36511fa2,Mirai,mipsel,mipsel:145450532833902718,false,train
8b48f0cc9b16b42dbcc66ed8098c0b4d900e8a20eb35f477236a9c6300f13cbe,Mirai,mipsel,mipsel:10822327628823482869,false,train
8b4c273bc199be1402baa14b7564a0c1e821f5eb355b2ecd0387894fa0bc11b0,Mirai,mipsel,mipsel:12698239911255570518,false,train
8b806824ba4a853a958669eb3a269c426b6b451ec0f71beb830f48a99b33e566,Mirai,mipsel,mipsel:7312975482545868776,false,train
8bd4f499cb286c0b73317ebbd108ac47129366dd3bdf81c6cd4893e0b96e90f2,Mirai,mipsel,mipsel:5692689753680215105,false,train
8c160a4a1ebe8d2c427e732b078c9d95f7ca12086e8cbf2ed16150734aac2200,Mirai,mipsel,mipsel:4587909051352599017,false,train
8c20b32608dc7e2b8208d3991041cfb0f7e9059f3a0002bea7964c5654d83989,Mirai,mipsel,mipsel:11594790703949486522,false,train
8c60eda398786cc82867100749c9ca3fe1bcc1c4563317533194f48c5515b077,Mirai,mipsel,mipsel:16756641778530593709,false,train
8c91eab57177c4fa5bfc4db888286973cb5419c566c616badd9f11c375ab8389,Mirai,mipsel,mipsel:10034061769938058260,false,train
8c9efd944d9d76902437497ab0bdca4799e3015a8a0c0a67953536c5e2457370,Mirai,mipsel,mipsel:6126460793339208143,false,train
8cac2a8e1784ef277728aaa3e0036314a346c8a7ac1f06120f6684bc2605d86d,Mirai,mipsel,mipsel:1417389807573715423,false,train
8ce22781e88639d40d8b65d79fc0672778d0c03ff613aa0767251b5f8921f20e,Mirai,mipsel,mipsel:3620933463962685642,false,train
8dcf5e470a3fa35c7450ccb4d8087dcd3d7887b0699a0e1dfb5f2704870dfc67,Mirai,mipsel,mipsel:10858121836690290856,false,train
8df114b74195ca9be481aaa64279d1b55add69fb0e7ad031c0ae2e5ee9901ee6,Mirai,mipsel,mipsel:13782718757324806971,false,train
8e1a414f4fe5508ae69c537f2f33e6e79039c391719b02d7a90815dba5de459b,Mirai,mipsel,mipsel:13604427975823395848,false,train
8e2fed31e872a51b845cc59e5df8dc3174e9c8ba1c1c67b9f2be678d5ee52564,Mirai,mipsel,mipsel:15618798326623481532,false,train
8f34b3f5f9394236165cf96e07c24661faa295a89d9606ec1b366169741607d3,Mirai,mipsel,mipsel:5300011424233431945,false,train
8fab4e36384047e857ff89416e1ee30fe4389cedb2ea820764a004baed41d951,Mirai,mipsel,mipsel:8923719063480820689,false,train
8fe9615eaa21d0b8b67c47e663404a4b2a6903c004d2ab035cf3c9f23bfa6912,Mirai,mipsel,mipsel:14550450567777837149,false,train
9020a1b29ee622f53b3048d1bc4737f8def3b4d32a76ed52b2418540fcc793c4,Mirai,mipsel,mipsel:14116417200317122503,false,train
9032c884fbd35e80559e50d7e613f61394da5192be00fd6764a556fa47137e74,Mirai,mipsel,mipsel:8813882967547880850,false,train
903fbdf49ab1af370b1cc844184603e87ae8648adec6435d712d0aa39b81db95,Mirai,mipsel,mipsel:1111766390136681834,false,train
90cb0ba0df4ae39e04467077616baa9a8816e533b0623e972dda7a8dc315aca2,Mirai,mipsel,mipsel:9029946436301119193,false,train
90e7d06f328d78b04408db5ea723647f3b47e5be8a3fe751bf330eccc888c752,Mirai,mipsel,mipsel:3438761846035910375,false,train
9118971ab61c80fe6f56758c7b1fa6b9b8b0ca60d246c606398ff464dcdcfc73,Mirai,mipsel,mipsel:11024639984619513690,false,train
912992e89412cf6a88636998168ee906b78613395d963068edc246eb1602c191,Mirai,mipsel,mipsel:7852063116805528851,false,train
9150ffc3d152fcfeffdc7c71b666df621ffb93f770d31e05e25f19c9f6052401,Mirai,mipsel,mipsel:11488519722995710145,false,train
9161e72891304679f7470dac57151fee52f53e5fd959d7bdbe30de2aafb59fb6,Mirai,mipsel,mipsel:11842308756772370651,false,train
9171683898dd002c62f1c584b2279b6f3dc640013717fd3afc1029ff1a7336f5,Mirai,mipsel,mipsel:14428510066002417802,false,train
91f460f6c57830c19a359debdddcddf66b6a50def9404d67acc894f726f79bd2,Mirai,mipsel,mipsel:3952219299632944439,false,train
923c5e016ab42f57b8ffa77ae75c6408b124be6d61b46c942cfafa0d3eea23b8,Mirai,mipsel,mipsel:8011230293819370946,false,train
93e59498b93c73f989cbb4f7a8c7d6d6603059d521f60307be6b8463298d0d60,Mirai,mipsel,mipsel:11441733519494044588,false,train
9449f905f07ad98aa870699779829104e0d29d01a616792c77f48d3aa41c7300,Mirai,mipsel,mipsel:17617982282523642756,false,train
945b3150e47566236fb4f65834b21b26108a2489596e8e9f8aa1e902e958c02f,Mirai,mipsel,mipsel:11873893683022736515,false,train
94a14b378e5c803074bf4750549ed408d25ad1142609093e5b851fb1a0807b04,Mirai,mipsel,mipsel:12404132125778736063,false,train
94d7d234eac0e8edd0802dceb989e9e108eddc537d9d4292300e7e06097d1e3a,Mirai,mipsel,mipsel:17425865988212390335,false,train
959c6843103fcc56ca73127969540c217fbd28b58d0ea14cd103bf4965ffa458,Mirai,mipsel,mipsel:2490078823633889823,false,train
95e0aae9eec6a10a157328462a4ee8e32fe46e7f7f326966787c356f24a7b002,Mirai,mipsel,mipsel:4938749071221571716,false,train
95e1aa10609e84c1e7a86e21ec713e13a697a185df6469f96af5143beee90daa,Mirai,mipsel,mipsel:16551095118228705665,false,train
96403069f3b764be809e2c3ef4d33ec74a7f8ee1f92b7d9a6211d35c396ea974,Mirai,mipsel,mipsel:13100532463297731443,false,train
96576df2641cad9662abd636a1a2d99675afefb1455de80923ec187e00cf6c0f,Mirai,mipsel,mipsel:15418425174450914903,false,train
96918a6c27affe931afcc080d1bd57af80d2093cb4f2feea2539b769f16aa1d1,Mirai,mipsel,mipsel:10565430136306135963,false,train
96fe95194d2cbd525be944a376eee62b91a1a6b08ebf46da7522402eb4bc87f6,Mirai,mipsel,mipsel:15044552236642891727,false,train
9724bc05d6c44cfaf971028d515b4c41d3a194e37d5df33a8e56ac179d8a2411,Mirai,mipsel,mipsel:17130747956733377718,false,train
97316a41a44f416d341e1c27919d6f20e291083dfb7bdd42d169be5e8f8f95f9,Mirai,mipsel,mipsel:15141084511976139556,false,train
97cd864d61596bc2f05af60b9e7b634fc8e1ce94941192966cfc88d6312cb6b1,Mirai,mipsel,mipsel:15750069896619840141,false,train
97d05d3e00a641925733507dea773522a782c35a3aa15413e9af9340986a4b4d,Mirai,mipsel,mipsel:7839640237786294851,false,train
98aae3e647b75aede8e9433fca33b078c9d1f27852955839b2bc6461640b2535,Mirai,mipsel,mipsel:4066609863205996958,false,train
98d426ea6c047c94080bbd60b16c2988e14e8b5034daecbd447a97655d32ca6b,Mirai,mipsel,mipsel:1675609468704086889,false,train
98e8789849e96d84fa49200f9e9bad6592e668b36e35adb7a3be63d12bb99c67,Mirai,mipsel,mipsel:8074830776148947600,false,train
993bd4dbccfd23c3f063c8d5d0a865664171d31d0bc69f6b03319486210435b8,Mirai,mipsel,mipsel:17669557515149422802,false,train
997ecdf0ff92ccad3d7072faf4f39d59e39f7cc954e194b54a662802809e0610,Mirai,mipsel,mipsel:3948439530931707728,false,train
99845091a6bb2b2f2300e824a40623f8a9ea00e7f5d432b2794a5b3a0f6db858,Mirai,mipsel,mipsel:5866386740100640910,false,train
999745cdc2398165bf98ebb1b37bfcabd6d37021e537d3d8ec4f0abdd4f3a67c,Mirai,mipsel,mipsel:13359415224954168654,false,train
99b4f9fa6e0f33f2f82645a5d0735e2450ba5bdc31bc6991af9a590075f7a6b9,Mirai,mipsel,mipsel:6480794268135555216,false,train
99ecac809e9b4468967cebe44d8c4ce38a5666a2bf2ca690e8594de3cc270ec1,Mirai,mipsel,mipsel:14510610284165665441,false,train
9a124df4f94248aa668959a6562e935b80515e5dbf4b891a99c1f0c768c65f60,Mirai,mipsel,mipsel:15166426987669898768,false,train
9a96d38f51721a08362c82805e1eaa2ec50965b1350816077c91dc38e376579c,Mirai,mipsel,mipsel:461649171221701067,false,train
9a999fbd2ecf3d0a4ebb32eb05ef2ff25602f305e13982e17fc081e15dddefc3,Mirai,mipsel,mipsel:11445675024675099182,false,train
9ab5b6850af316e12a68b916b1b320d753049625e24f908117add85dca49f008,Mirai,mipsel,mipsel:17113389758325915740,false,train
9ae34599366b9ab0feaf6808513c01e4c14ded515d02044648efc931809960b0,Mirai,mipsel,mipsel:8383508730977872864,false,train
9ae6c29902a4b4d92141cafbe04d402b06a12791ccfedc5f04945ba8457433cf,Mirai,mipsel,mipsel:4324061628487282128,false,train
9af55f582d0ae713a7173383d8a546aea7ec821ac865d4e47b5ce616df1aadd7,Mirai,mipsel,mipsel:9960217714907985156,false,train
9b4898be41a7e5e239b09670797780a65848dc1f865cfcd811c5029149c6a5ed,Mirai,mipsel,mipsel:1323416822671260019,false,train
9b520d16f6ca6ef234eab75ec31e9ff8ac8892001941c0cffbb7f18ae4f7eeb3,Mirai,mipsel,mipsel:11331609289769884032,false,train
9c02fb63084e9590af20cd4fc4235f44737047075ddb8424f2299d8fef0499eb,Mirai,mipsel,mipsel:10061160307633678243,false,train
9c669df749677ff1ca2e128347a81ee6513beb864312ea13a914488370f0f073,Mirai,mipsel,mipsel:5408530222919977568,false,train
9cacb01dddb80815b299929a9288ae6f8a8c3bb6c44401e72dee5ba5b881f8e3,Mirai,mipsel,mipsel:3457247702911473932,false,train
9d33b1ebfdfa929d5ae2076404db801cc6e60f14df4dafb4f0e0c4b65ad89c59,Mirai,mipsel,mipsel:7201612693535367735,false,train
9d6f09664b5409b32ea078def5d9fdfa2bbf7feafffa06a629a28b6278f33aeb,Mirai,mipsel,mipsel:3050225197301827730,false,train
9db3a31665fc95f506da16a50aa3ea56150f4fcf57da8289d8e9e4ac3a41045d,Mirai,mipsel,mipsel:3366316853351065011,false,train
9f2fc51bdbf19c7b75149afb5bbbf1c093da9f56bd751225ba4a95a17bb0beaa,Mirai,mipsel,mipsel:3074034331820497551,false,train
9f35fd2bf0ec581d0e8a8572fd7a6b2e76ac791170d05d494a4fcba39415b456,Mirai,mipsel,mipsel:47502283924833671,false,train
9f6fd423d5a981254cd742fc6c85aeaf7f5d1ea98b081c967b248f1046984e2b,Mirai,mipsel,mipsel:18227987567753108044,false,train
9f95daae1baa26dada0935a951f8d942977c55f37ae4e3f6ff1df15026f89755,Mirai,mipsel,mipsel:6248634699491132683,false,train
9f9ea99d6c643d6d6a7ca63e907663f778df10bd846011a1a9ea2d830f3d0ee8,Mirai,mipsel,mipsel:14300826455107644474,false,train
9fb96f80e4306a192d1a652b82e2fdc37978813c22c239241e5a99eecb1fa228,Mirai,mipsel,mipsel:14501253984696018471,false,train
a053f7416156396ff3b4f71ca1bcd973cf0069d1eecc7a20ad9616e3ee1f1d12,Mirai,mipsel,mipsel:3237895219182942122,false,train
a13ecad71243cef1fa7fc6d5c96cffb234e94c4187233b356fbe9f60872e3bf3,Mirai,mipsel,mipsel:14359761943617935728,false,train
a22985ae07127696e946c4aebeadcad0ef3ed92a90fe341f2ea2f8f6442fbea9,Mirai,mipsel,mipsel:3083638096331452196,false,train
a283f4c7238722e43f1ee80b113f3730e3b3e57a623c9d0b817f2fcd8618c74d,Mirai,mipsel,mipsel:14481475715941859946,false,train
a29aa9d86e3130f7483be9675a85e5cd9193401eeaa3dc30796cb6b030501063,Mirai,mipsel,mipsel:10946638186625157484,false,train
a2b1c5c921771396bec67fa1eaa3b7539ed7c6c2276317d9d87629e1ab61cac5,Mirai,mipsel,mipsel:15258725223346349362,false,train
a36302b9f91fb34972bb4f53e92ba3272e073bb566cee5097dc1ac89ce7e98e6,Mirai,mipsel,mipsel:7617084746137467611,false,train
a45a9ff84803add93d6cb96bebd4f0e6de8f8667a6b07dfa7c92516048c2ee69,Mirai,mipsel,mipsel:14915593844581605869,false,train
a48fccc88ece213628a05f7a1b208883a4078f0e7cc7e21a1c3b3d03891010e0,Mirai,mipsel,mipsel:3281012900613425068,false,train
a4e5876024995d3afcd4328c69be2cf77d26995caa1ea152d1e366720abe9631,Mirai,mipsel,mipsel:5836914608518690144,false,train
a56e04338bab8e5e33f5c20a92b8d51fedfb0bd729c3e8b75a97fdef39b8c8a1,Mirai,mipsel,mipsel:3184337225553719550,false,train
a5d351ea00edeeec0e3fc3783475ae71604f1b566ee75e661b73d946345564e6,Mirai,mipsel,mipsel:17202219936581037266,false,train
a5ed9a7cc07e80f8f6a137d499af902d9857911253473e6e48a7fc1508703a87,Mirai,mipsel,mipsel:3465593215741653096,false,train
a5f4e8fe4b578c5910f6f92d2f99fbb04991be12c1190e82d62931042e083b15,Mirai,mipsel,mipsel:17257529682322735269,false,train
a625b6e52478ee4ec91d32591e0a09ac55a567fe0f49ff7f8e4e426bb2ee2f0f,Mirai,mipsel,mipsel:17060096815401620377,false,train
a66187d7ea91ec73d6f3d8009aa12d6c59c49fe119740cdf7febcc39ddf13c63,Mirai,mipsel,mipsel:12835050172180516820,false,train
a6940e5fff61cbb683349d11ced829176178e82d94a6e2e1d6fa8167cb15d5d2,Mirai,mipsel,mipsel:11406806751300070957,false,train
a6ae39518e6d3e59656de81f9f4a354d3fa8ab06e79b2e3e0e3f9943c16a79d5,Mirai,mipsel,mipsel:3475839110183033454,false,train
a79d563bb71ab7f37601e65b76504b9f4b23bc80f852761bd3fc121c90909c9b,Mirai,mipsel,mipsel:16777904545981637676,false,train
a87acb0b406bad5e367cc2a74ea52c40a252be2f678a8a8547da1dfbca102aa7,Mirai,mipsel,mipsel:7481392308724125888,false,train
a8c43fb10f59954ca7f40cc84b393cec5a92f4081b76dfbe2a41fb87c54eefc6,Mirai,mipsel,mipsel:12941520234918356576,false,train
a9a7c00fb422beeff8f0cc3a120589e7bdb6f5d4a3c3de4400a3c6b57710b5ad,Mirai,mipsel,mipsel:857189400380559087,false,train
aa005a11018b68439ab443af700c1cad78ef6f1568eeec9b166973ac3edd53d7,Mirai,mipsel,mipsel:4053221112610975472,false,train
aae48a09c214ba572d3f43fabaca301c65396e86703c290e96576fdfc5316369,Mirai,mipsel,mipsel:4542954859907600732,false,train
ab8c5f1fea03355553ee776c7d692fe6daef4275bfc71c1b8f5126e43217714f,Mirai,mipsel,mipsel:11906148646174002403,false,train
ab948428e62a2ab5243e8504fee4323626cd8d65049108f198b4c90b6f89a187,Mirai,mipsel,mipsel:6142803662581741862,false,train
abeb0ab665b7da2a24c79fbc94db7df6a957f79f89dc1f4f21ce168ce1b8c02c,Mirai,mipsel,mipsel:11685898820501421789,false,train
ac08fe9d7b46199705d2ea51ffe6129e6e4737c52414a3f3645fb12e20f6fea7,Mirai,mipsel,mipsel:8723304606083658132,false,train
acdad6cfff322a710108ca4ff8a8e10ff0ac6aed00dcb6c8b0adcf095d70b18d,Mirai,mipsel,mipsel:14971101642972956186,false,train
acdfc93b0fee68ec9955fd9c9a72c4223bfda001264695a00ab5c5986fa42d54,Mirai,mipsel,mipsel:7872265955001116113,false,train
ad90b734d672195b860644f7858b114e16b203d834c75f9bb54768209c33ca6f,Mirai,mipsel,mipsel:16213676378004829652,false,train
ad93c21cc834059243d87fd98eb417cf6e7954821fa08b4350e13c0f092740b1,Mirai,mipsel,mipsel:17090714259811636831,false,train
ade18a09a90d1bffedaaa5eb2700d39c81d0e5582df46c3cc9664a7600f6b635,Mirai,mipsel,mipsel:12087970697789752509,false,train
ae0f1568da394de294e846770c44162443de316cdc95c63f964dbf082c030775,Mirai,mipsel,mipsel:15834590688363420189,false,train
ae58ead9f5ba83fe74a46f7a0afde26e02d11d3fcb18f4662b1a704200ff3903,Mirai,mipsel,mipsel:17056559913407507203,false,train
aee1d4aeb4c4e429f8c301aea8e2310e12ae4bac46d89dafc36e64562cd96a78,Mirai,mipsel,mipsel:17879092170612548471,false,train
af34be0a64da8a65a17cf8610cc8cfc1fba21bb8fe9f83c042bf7a66ad6f6796,Mirai,mipsel,mipsel:13053207457786690072,false,train
af59b76645676e78dc5a447fba0b3dd1df799eb30d0ee5e6f1301d138b09b912,Mirai,mipsel,mipsel:3016591830108547240,false,train
af7865e0e5897ca02180d75b86e1d3e0e51d8cc53440cd498560ab167d923853,Mirai,mipsel,mipsel:9950264199851997587,false,train
af81fd74414f48d8500c99d43a7803f5bfca18fda18ddcafaed645829fa47e38,Mirai,mipsel,mipsel:9039031551562951232,false,train
af89478b7cb86315ec5d8334cf0bb4f2f9f0f941b8ff399629bc71d135cfda0f,Mirai,mipsel,mipsel:10232893314595470257,false,train
af8cd7625a3273cc37e3c128c6c4ae36890cf28905a3ac34b9449b1703dbe3ec,Mirai,mipsel,mipsel:8148341938968985066,false,train
afd2a7cafac399a43b202588f912b1b139302cdf4ee6df73afbce91edbd4c6da,Mirai,mipsel,mipsel:16074321218331568556,false,train
afe905a548d68dcdd7f316bccf1a9302e0ef01bd9dbe7d6ee7d3acb720d94613,Mirai,mipsel,mipsel:4692956206771881637,false,train
b01bfa0913a023717ce3553b7bec7b679443d6fb15f42b6a53024cbbbb6ac517,Mirai,mipsel,mipsel:6363903622665584113,false,train
b03b2cf16de6a911a04170b858d3c681f5a59e0e72718a80eb537dff2b4da4b9,Mirai,mipsel,mipsel:12666393607295034418,false,train
b0c7e762e997e2654390a1fc315fdab5005788d5fc02432376dce0dd16cf1662,Mirai,mipsel,mipsel:6248634699491132683,false,train
b0d54c61a1723b51bfb44bdf50120992f61dd9b811d04b1629c2224bb6e1ec2a,Mirai,mipsel,mipsel:6778143357473879084,false,train
b0ec17d5d02ee76994793d599f94e7e10027ac8ec7ec2845638de31916a1d62c,Mirai,mipsel,mipsel:9794232544606393684,false,train
b0fda729fb39de11bfb10c352cebb3932f7dee898c0354e78be8504d0e86efe5,Mirai,mipsel,mipsel:10206984444554225089,false,train
b1093623340139586a755f8fda24a418d6c06eb58c6194474a557f1825417cf3,Mirai,mipsel,mipsel:17263337448166372028,false,train
b17d31f5fdcd95d96bc92c271cd2fbc6877d68662692cd38ad429808db96884e,Mirai,mipsel,mipsel:1999747992537504574,false,train
b1ad8e90cfc1b9d601bda44d7a8747be31fe7dd91c2fcdddf2758c8c9930f86c,Mirai,mipsel,mipsel:2497472507243388401,false,train
b20d11e4fdad4ad812694c50dd09da5e5b0b1ad17acea8fd3a58ebfa1021f400,Mirai,mipsel,mipsel:14321926784744910042,false,train
b21d168b51a7075143ed79713a261e57f11d915bd54fe09a0fc01c12a20430f1,Mirai,mipsel,mipsel:14435887496660126484,false,train
b23e6a58c39cd11d713b1217d60824186c1d83ef731dd2b92895937ebf0e5eed,Mirai,mipsel,mipsel:13514148759426479366,false,train
b27583bb867edf379425c3f1b5106b61a61afaa06890887d8014f15dfc63c73b,Mirai,mipsel,mipsel:11220469134238747036,false,train
b2895657d5c6c947ef9e3f10a650178a0c96f75e3024c297c9bb0b7db35b6838,Mirai,mipsel,mipsel:14702067829921094346,false,train
b29c1bf823ec287f69e7e4c8ca2bea0e75ddb0f96d2af42b0fc40ad4f68f1188,Mirai,mipsel,mipsel:1311111911179333166,false,train
b2e6e0df0198901639fe8604a7e4d3648fbfb65b0882355b76ab89ead9f22df6,Mirai,mipsel,mipsel:8620400459848137122,false,train
b309f15fb956ea8d583912e129e290da057eb4447a958fc5d21a48f5a7d462dc,Mirai,mipsel,mipsel:10988963161819178949,false,train
b3233d3569dd4bc90991090b1247bf28792ba66f55e3e7555e22858cd0a646b6,Mirai,mipsel,mipsel:16421412904860477616,false,train
b35e2a76b8d619bb058908afda8a9f8b184c085ddba80f7bf1ce6434ffe0a668,Mirai,mipsel,mipsel:1027780789795912990,false,train
b37a541a314dad11256bf887537f1b83b9369e6fcb153719559a1bfd73a285c2,Mirai,mipsel,mipsel:17418000531171538767,false,train
b3b79fbef522804a126a4a22c4e668f7cbf31301e623828097f58b2aab53e257,Mirai,mipsel,mipsel:7181259908385931015,false,train
b3d4ee59d9b6fa5f5022f59fdd1bc50bab48db730778eef9cf6adbc3abb771ce,Mirai,mipsel,mipsel:15717179493494288243,false,train
b4540c5a69794f2ead053010c179849cf6f184bcf871e0633302792b3938482a,Mirai,mipsel,mipsel:12490071147251744489,false,train
b57c53bffc1462f96be35ec14dd6e15de660b24f58a3e2ae6270b3a4627952a7,Mirai,mipsel,mipsel:17003288677524286074,false,train
b59c54096d06229ff91fbc0fa8916b93457ba1eccdbd791cf8993ea53d8f7f17,Mirai,mipsel,mipsel:15023769345641349409,false,train
b5f8d3e75a35288e6d786d49e02d619525d85e6f2cf9b029d23719d72892b097,Mirai,mipsel,mipsel:562391065856047738,false,train
b645c858e05c220faa808ad501c56799b50065651e2be998a820467f76840ae1,Mirai,mipsel,mipsel:13234093318253645593,false,train
b664da7685301399b4295e8078198efb0b38f55438c96b8c28b11359d6de42a9,Mirai,mipsel,mipsel:18431166532410735327,false,train
b68e10828e47288966f31242af8184f5a6d72587d7697c717ca4ca13dab70fbc,Mirai,mipsel,mipsel:18171753241190772128,false,train
b6bf1cd3ae664a25178b5446391f4da6e9090250a3503f87dbd0a8aea1089dd0,Mirai,mipsel,mipsel:14927500160678692369,false,train
b6c4411e55a31cb37246c8ac2e95121d089d2dbeb998f97690e18e551199d343,Mirai,mipsel,mipsel:2266149139044511189,false,train
b6dc90c5ec40a1c98233c195f2808a0f47983d00cf547133453532ecce5161fe,Mirai,mipsel,mipsel:5845988931525436737,false,train
b7690627bb275fb435dd95a0bfd64f91fb6d778339edde1b482f2b9de4c53b89,Mirai,mipsel,mipsel:5864392109470640814,false,train
b7ea279752dd33d7747cba246c9d72b569f01ee5752dfd57cb7a0d73bb95e4b9,Mirai,mipsel,mipsel:11667965960755553210,false,train
b7f03ece01177c234c26c4071d7ed332d350433b1a9e40fea0b1de70162fd427,Mirai,mipsel,mipsel:4925501526393335294,false,train
b84b31a96da424ee5e7fb8c2b2e327110c15d7fda3560f41df184e0fcfc0c36a,Mirai,mipsel,mipsel:5745990609727753003,false,train
b87715673180008aee8fe495e091726b019d2ddb4f884e7c2d4d6c5fe2d45521,Mirai,mipsel,mipsel:5480223714566491959,false,train
b87cd3af1971e7c9f927c490d15cade405bd1e151baa7c96b83e442d3f2040db,Mirai,mipsel,mipsel:2708502211521885145,false,train
b8973b5401986e24da7e6982d0cc3fb52ba1b1a83e1b4f7459b782f8aa0aeadd,Mirai,mipsel,mipsel:11183610754843710522,false,train
b8b680e29be3c05ac4f725c67b6c766dc0567ab99e52b31d47ba147c5b5bf792,Mirai,mipsel,mipsel:16813434065490733136,false,train
b92bddc9ce0376cddd2aae295a8b5b4ed5eccaf2977a1a649b0385c955d33f33,Mirai,mipsel,mipsel:10806873997915883969,false,train
b93e22bd32abfd53fbc0104aceb6062fd2f8c4d29c1ed5061783aa4e4d1f2fd4,Mirai,mipsel,mipsel:1215124243078894124,false,train
b946ebf6d322f7764b33ea98bb0c5a7bc4e1a1d426f53e4d82009a236da4cdd9,Mirai,mipsel,mipsel:16315634470154617666,false,train
b979e202e10bad48732f33b40db4ac0ff398cc08a82aba731d9c014bc4999a38,Mirai,mipsel,mipsel:1424913049722380575,false,train
b98020d8d3c321cb852921dfa14147d94dfc83061e07429ca69b91183d08d094,Mirai,mipsel,mipsel:3970925963855384818,false,train
b9a839cb55ae03ec4f7f246b1c00aa651abd8a89c66483aaaff3fe197efcca10,Mirai,mipsel,mipsel:9962830359892066307,false,train
b9fffc2783a223df0c05e9a60ce05f2c0b5a15b9d43ab4fc79361d5089b90e35,Mirai,mipsel,mipsel:9641844939807845359,false,train
ba4a89f22276bbb4d01b09187d020ea5b3b099f0f3fd64a486e376bedba66548,Mirai,mipsel,mipsel:12394685306933845872,false,train
ba925568c3641843d658c59f172cbbd40d560c92d9271fac5beda7dc574700ae,Mirai,mipsel,mipsel:6508834682283507006,false,train
bafbd8ab1cc9e3eb5c02c969cf92af5de9438d0b14210818a7c42508edb9090d,Mirai,mipsel,mipsel:7971418000376463503,false,train
bb6b46a7b31b3c34dbfa245c507ab987176e0cea431b967b73987290186d8b44,Mirai,mipsel,mipsel:8107356798286979677,false,train
bb7ba0a7d8745bd017ae50f72e742ac93942552d65ffc7d73b9b1ec40f802c05,Mirai,mipsel,mipsel:171344902092692431,false,train
bb830dcb7b7647b0e1d00e7f47e6fd8b8b0e63870aa481197ec065931a096722,Mirai,mipsel,mipsel:17861873835918660341,false,train
bbbcd9502dfc589086d19828774e70328e31f567b9f4611c9a01943b48abf8b2,Mirai,mipsel,mipsel:4903732724631484781,false,train
bc01cc7cba65e813da2776cb026ad7543a30589f30ee6d609ce114e850d5d0e6,Mirai,mipsel,mipsel:11574147212969913085,false,train
bc0eba98f30bfd8b2142514d0fb2cdf7286b9241c2a785c60b1347c0d14d4efb,Mirai,mipsel,mipsel:12829698094841077505,false,train
bc3824d8ff7c64ce451d25fd7fbd82894d32e4774a6eb9bdabd98f3c11aa90ac,Mirai,mipsel,mipsel:17948700076985696964,false,train
bccbdda8e3d0e7876751b549aaefdafce40db752db366ec6d8188086be9fb7a0,Mirai,mipsel,mipsel:14058142314865917423,false,train
bce585ec562a14c7f28bad729e88095d775cde02ce92af36946d8445e75298f5,Mirai,mipsel,mipsel:9236316103167410069,false,train
bceebc305935b3e1a67673df2ddf6f2bb03cc713a8bcd5f47d69b22522a456c1,Mirai,mipsel,mipsel:3024839183640941631,false,train
bd0649c907e07d97b20b24d5cf63f63dd67534327e14b5d99972dce091506526,Mirai,mipsel,mipsel:7787815366910212344,false,train
bd7536d9113618b2ec714480e88d872cd0f37298e3a90d220f537e700f8b1e54,Mirai,mipsel,mipsel:11065910202935192747,false,train
bd7bfb87a5e92309aa06f7369ad810e8fdce3936c6bc2ba866ce07bd8652026c,Mirai,mipsel,mipsel:16673412070422169864,false,train
bd90ab689c7cc0eb688111bce4d2866815e675c8aa273a0e6c7bca918995b3c0,Mirai,mipsel,mipsel:3381518992913274154,false,train
bde5150ceb56299cb87752285ed3ca492ce63b5bbc0a05e514abf7bcd26f3c24,Mirai,mipsel,mipsel:7130520450713181676,false,train
be5f4ba5529e025bf26d4fea18141a9a564091c3316247745cfaae8076356c92,Mirai,mipsel,mipsel:16756200721023421019,false,train
bebd6f6aa11be9abb8fd381f975247313be138b3fc3ceb241826ab5602a68a7f,Mirai,mipsel,mipsel:15040162697761886468,false,train
bef9ed1210dab11d282a45300c1c54e4108ac742761fd1424ccbc6c145da9b05,Mirai,mipsel,mipsel:12885221678220980364,false,train
bf4d65718edd3a233d55bb7b4ef385f41b3647bee5d97968dc1541e0dd8eee3e,Mirai,mipsel,mipsel:2294292209870239372,false,train
bf840be5e67d02af223cb74324d7ebce5dcbbb353293b0e650a497b184fe0e08,Mirai,mipsel,mipsel:10459984741784263658,false,train
bf87b5cda6b06f8c8211c2815b452e950b0456aa63b2a3e2a85550743dba9ffd,Mirai,mipsel,mipsel:4024956965420530678,false,train
bf90ea372f5e0a8e365177fae29ddfbf8bdef3c62cc3a3dd906f083cb9dc9f75,Mirai,mipsel,mipsel:6173705498263682014,false,train
bfa8300db7feb7dc3e9cebeebb16c3d9b4d8f72c60f2c4a448a0c272539df434,Mirai,mipsel,mipsel:6560333881192724153,false,train
c0b1db1c8bd1b35ebdebea7e0bb6a76e0c21eabb82894ab3b9a5d58661cddedb,Mirai,mipsel,mipsel:2214565907845477693,false,train
c0df046cf033f15bddfc4cd4763b03d88e5a6dba5595ba56989aa771adf16053,Mirai,mipsel,mipsel:13264876172161876573,false,train
c1345ea3c04638dcd13abe68e6903dc8634094a33a3116c78214a556d5b14cfe,Mirai,mipsel,mipsel:13344570741716706420,false,train
c142917d55978ab22ab6e949b709b09be4e36059ed0456c1a537b2d5259b1946,Mirai,mipsel,mipsel:4934585922424877968,false,train
c190f4061cf0bd9654eb3a4f793247146416c5c4b8c2b6c7fcee7555269bc65d,Mirai,mipsel,mipsel:6333967081333854140,false,train
c2128db38dbf6c33d49446c8eca2dff308aa00e46ab7aa7c745a98175bda87c7,Mirai,mipsel,mipsel:16409668245694960807,false,train
c2854bf2276cabfca87e3606f342f356a01ff5af99d7521de9c3585eaf31fcd0,Mirai,mipsel,mipsel:7005002308529435100,false,train
c305bbc11cdeb66a0ba66930cf8c6d0516dba213c708dd5b3d9d745ec4ae045c,Mirai,mipsel,mipsel:4603987167205217472,false,train
c36f13c7746fad54448f35fbe2f8bdaeba34af7b29f1d0f406edf2cbc3bbf21d,Mirai,mipsel,mipsel:16559923340001575753,false,train
c37a7e323bf3613a3ae1c5e0ba694eaa0c21660ade32443b04aa9f3b70efd053,Mirai,mipsel,mipsel:5562879746883448333,false,train
c49c93ab2d51dc003fb6c85d64433bdd5e02c013a2edb3ebf767fd8e3cf4571a,Mirai,mipsel,mipsel:2610240738004473376,false,train
c4e377c13fc1cb9e1f25d1dd4c93e218c0e27c3ecd09e65f48bb3144a52d8ad3,Mirai,mipsel,mipsel:134652994246243047,false,train
c51f9edd752c5bde3a3154c061787b114554ecb264fe2a42d00a4e03751f2fe8,Mirai,mipsel,mipsel:15503448045571982736,false,train
c529aa961b697d36d5b802933cf66a65fc497db24c2c5077cd8ac676d9574a62,Mirai,mipsel,mipsel:17632277655458897535,false,train
c55b2b785def6d9c0776490344a225e94c5c5c020f9d6b11cb963b7510377593,Mirai,mipsel,mipsel:6628591658479573866,false,train
c57f88a3807d7784f911c835a8b1607074b706c58c34b05e38ec55d35c7e3a4c,Mirai,mipsel,mipsel:10604418962187917931,false,train
c6068d830a15a3411db0b74997b246cac1f8835b809966bdeea5de20d1b99b55,Mirai,mipsel,mipsel:14175965539491204668,false,train
c61034f62ac85e13cc318dd5bd3bf4579968b322792d58b25b6f97bfc466d870,Mirai,mipsel,mipsel:6784517615491913032,false,train
c640bb4a9f3296aaa783f2970bbfa37ca7bdda1fdb90b1ffdebf7e3cd7c9b66a,Mirai,mipsel,mipsel:11353891243859367088,false,train
c640f403dccbea1f2e6558dc6a6fa7c498627fd9788378fffb8000bb49f2b1b5,Mirai,mipsel,mipsel:3298358965439880723,false,train
c66c708f202d4a5c260a93f32d07b7315a22fdd67640e172a233a214080d02f8,Mirai,mipsel,mipsel:15800155941178476550,false,train
c6741993f5289171c1962a2f6380db643ad6491e41afc5df0c2a32be1d245934,Mirai,mipsel,mipsel:488209341444759324,false,train
c6946213c5ce40ede7527151645fa954f33fa6b1412a3b925ed60616cb3d618f,Mirai,mipsel,mipsel:13519805238028287898,false,train
c6b766f6b7b7811a83f79db625ff45b2c0941d5752c74ee18f021ed13ee88d12,Mirai,mipsel,mipsel:9169603191362278621,false,train
c6e16be12cee485ccc833d341d50525c973da66f5ed5395ba482e5323505f94e,Mirai,mipsel,mipsel:15407417024406104691,false,train
c74b9f52be6cc2ffa279c0955e54adaed9091d3226f0632872e56b86245c7ed6,Mirai,mipsel,mipsel:7665369873772330442,false,train
c7c532e4b0ad133a958b858786a3df028b804add9f9e77b6a003b914c220755e,Mirai,mipsel,mipsel:3755278663859487779,false,train
c7f79cde7243f2e38b3f7b835f1283cc0ee1ab4a7199a27db0770af1bf76c27f,Mirai,mipsel,mipsel:2290532000180311058,false,train
c81809286a5b0e066be10fd30700e87ba0b47b800d0baa43b6f4731b3cfc272e,Mirai,mipsel,mipsel:684617350538765355,false,train
c82422778c62af7ca59a5b5085e58ea21da428c56046c05c7ea17445b0d5731a,Mirai,mipsel,mipsel:14199294417786183828,false,train
c82975b4ef6491deb10ef9d1288dc558729feb8f78258ad140df2db52e9ea4b4,Mirai,mipsel,mipsel:18165878076953389698,false,train
c829b351c5d725609c1ca9882f6a8a79871b304b267a8b8cb11bb2aab97c3f91,Mirai,mipsel,mipsel:9171229315058320657,false,train
c8524b7464e8b1c122c39e4d691758207bb06d00c42e77f7828d0779d378b0da,Mirai,mipsel,mipsel:4988890337517811309,false,train
c857592a397b27b38c3d124bcd38aea24e97c9dbdfd66b8368ae75e4d93a357b,Mirai,mipsel,mipsel:18201529835894045830,false,train
c882c7227a9c3380d4caffbe39ccfc024833146a87b194f8b2d2926a4708b03e,Mirai,mipsel,mipsel:9206112595386317628,false,train
c8a5f39f386e21f1b9edac76d4891645a8b882793dc6edce47cb184f0db2773a,Mirai,mipsel,mipsel:6737326855797008018,false,train
c8cc04b8acd1284f92258d02af03ce9ca1bd58bed814d8b3b023b5da7da52863,Mirai,mipsel,mipsel:5673247511527480179,false,train
c90e2b54921ab6553e2567c34b4f7b1ced31c18b0b826bc0e8971f6cda3af898,Mirai,mipsel,mipsel:14741132979716049325,false,train
c92167a67152bfed32b0a576dce1e510d83f24a114652e30c3b8327ac85e5c32,Mirai,mipsel,mipsel:13962334488100764318,false,train
c927bf3507e4fd42f67e5134ef64892d12bea184fabfa49c2324659b1db3888f,Mirai,mipsel,mipsel:7265997904708470099,false,train
c93b7932ac00dd24c77dc077bfda98dc3a231826c94ba67f07d846b8a5b8edd9,Mirai,mipsel,mipsel:192126151088972398,false,train
c9a85978b19da7bd2415a454a331872f1d4a0d9713fc6b5c163e414372e0d8a0,Mirai,mipsel,mipsel:5982199348441157109,false,train
c9b2680e7f4d7e1aa403a030617718a2812b7f6252e7dc0dc5838db54651b6ce,Mirai,mipsel,mipsel:15409987724245377111,false,train
c9b6476590d86e024a8561c14b2f6e93123e93cda7968882a3231c0a8a852f79,Mirai,mipsel,mipsel:9399132330792733593,false,train
c9f1fd977a077c0b78fc0887b2283ea3e1bba8d9d305993fcad51e9781d6ae4e,Mirai,mipsel,mipsel:16368296492169830250,false,train
ca1af61fd2c6ecd3827b63604900beaaf6382c8bf6ef6b7a6e469e250f9b2e7f,Mirai,mipsel,mipsel:10135501549337067829,false,train
ca2929c606f6e56fb198d6136628ff5dcb8d8742b0cecd60ffd86145bf7af721,Mirai,mipsel,mipsel:10603549665188994648,false,train
cabf65381a2c8f0160df79982827b4513009e6963e72b206e4ceb7ad1f50279f,Mirai,mipsel,mipsel:16778014138857091562,false,train
cb08ef8ed136d967cc9fc05e2fcb9aea20b66a2320c1a84f60d712b882a21201,Mirai,mipsel,mipsel:15998949910005865451,false,train
cb4fa3e9e67188e4fa312aa28d1d99dbf9fc8c6872f3823b42233281b8a39e38,Mirai,mipsel,mipsel:9818974461147906347,false,train
cb7f47d5ee1880276f93086d19920a52d098315b329399da11fe9a5a240824c8,Mirai,mipsel,mipsel:10872433303708959820,false,train
cb902e7fab20369f9c8bfe3e87fee68aa446fe993f09fbea93040a388e4a3e91,Mirai,mipsel,mipsel:13760984643177253599,false,train
cb96fb666bdbd1297537a899431c8ef1ae8bcab2fade6b24d03a21e2b94eb27d,Mirai,mipsel,mipsel:945232430133556286,false,train
cbd370cb9e25e642720af73c49a63da7f0516493927117e2cae50693be62512a,Mirai,mipsel,mipsel:924834182421798961,false,train
cbe4b3b06e19f96d4cc5c38edcedd33ed2968b88081081a6d49daab7de0d4243,Mirai,mipsel,mipsel:17817768051454593579,false,train
cca171755fcf12d602b784e0bf2467db46b72e3127d1ad089d3d775d6e681ac0,Mirai,mipsel,mipsel:17641963445652452833,false,train
cd124316ae7485f8b35381aac7b94b28822d20301facb429acec51a5337d9247,Mirai,mipsel,mipsel:4511731634991949272,false,train
cd1f4f91a01a1801d5714bff6f49f58c07f9c3978084b73ffe58a325bb603382,Mirai,mipsel,mipsel:6859128304678405901,false,train
cd3140647039581846f12ea5dc87c7ba7f00f8ee33565315d10dc3c926f1dc95,Mirai,mipsel,mipsel:13406776537709125693,false,train
cd4c97b9f98707badb4975839d281071fed2200b27bfcd8ae53d19437e09b5d9,Mirai,mipsel,mipsel:1667965434585474283,false,train
cd963e96d74f5d5d70f6d21463297d889585d6f2d9743a3fa405c0957fec7f36,Mirai,mipsel,mipsel:6610657957277457986,false,train
ce09a23d926223282f50a008e5c6306c63c4d6e7acad793972fdc09bbc6cf6e7,Mirai,mipsel,mipsel:1866137268034944284,false,train
ce30b477ab2cf63c0e6e8d6dad72eb0e760ce99d2e0eec196297811fdfc61eda,Mirai,mipsel,mipsel:14493485433325943956,false,train
ce53ab7020f3f47008414e188d16eae2e8285a18f1bfe0ae8085764628d59827,Mirai,mipsel,mipsel:11204492662535792962,false,train
ce6d2b09fcd2d9d4ae2e0b111710c613851aced0e93db03cd263253980d300ee,Mirai,mipsel,mipsel:267236398847535321,false,train
ceea0c4aa5147c0874d8981e669b0eda9154062e0e99848a041f65f028ecdb60,Mirai,mipsel,mipsel:6489761372930405510,false,train
d0617fb03b5ed6f611894d42afe8396b8a1cefc2a7bd02c4dc32061e628acff3,Mirai,mipsel,mipsel:15346288724514122058,false,train
d0949925e84bc74a8c4fe6f2d1619660d46a07724e50720b2a81086ef60c8c68,Mirai,mipsel,mipsel:5499334708067892290,false,train
d0d93348c950f149467b2bb412fb8b56bf048dcbb0988824799e2e6fef63442f,Mirai,mipsel,mipsel:6396993987290923343,false,train
d0f223cc758a3935e4b36c46c90b5bc8eb0d817d6751648a833921800c07ee07,Mirai,mipsel,mipsel:6346580019452411745,false,train
d12ccbe3d7fc0df39d0a5d39440d6271bd470f50d0362a2d7b03f6f9deb4c597,Mirai,mipsel,mipsel:7557809288644221920,false,train
d177d58b703a7d54584516944a1312e8c577ca8886b589c5037eac24b3eb4726,Mirai,mipsel,mipsel:13193197461714411396,false,train
d18199de9918229519b09b07a87ec56cbdafff2cd54107d772fdba6b680be14f,Mirai,mipsel,mipsel:10773012116885386496,false,train
d1d112deafe4b7d5a66ee8dc20f3f13e3a439b4fa3f2cd4da777790dfc9693bc,Mirai,mipsel,mipsel:661547938847471014,false,train
d1e061f3386d50f3adc525534d29dd051ea6526ad5eacfc95e58ab0006b26768,Mirai,mipsel,mipsel:16901327912656494515,false,train
d1ecc7854234b3680c85a18358912115c1707f3b907d617995f5aa99a1a7fa70,Mirai,mipsel,mipsel:12987148986331412398,false,train
d1ef91d1789e2d6bb321af5447977779c072d7f4a18c7eed14ebf6dc1c6fc8b1,Mirai,mipsel,mipsel:13871684937150073388,false,train
d2159f5fdf0b9a2449d3d2d77c877fd371c397c2901528169c4065245b32e3d5,Mirai,mipsel,mipsel:1910100141796687843,false,train
d299fbfbc6c45ce4c464a8f281ffac3083d76afcadf798f6c5cdfccbf2db6f31,Mirai,mipsel,mipsel:4034001083926508920,false,train
d2fac8b371600e2da1d7a33973bc4e981ca42dd713536805a7f642702906f9a7,Mirai,mipsel,mipsel:7559802384688084164,false,train
d306cffeeb73e234ac1359cec4730e4b67d5744fc8ab426fe5fd66f854b33ba3,Mirai,mipsel,mipsel:7110366039357134788,false,train
d327522b3267063652aea2b66864e5ae5eeaacb0a8267e698c07908c186b5d4e,Mirai,mipsel,mipsel:14595161457341143786,false,train
d342561d38c059839463e660e1e8fa325c75bad919e875a6e0d8cc05f753b5ca,Mirai,mipsel,mipsel:441252363819174769,false,train
d427cd5ac2c772a3c95a1615737508252dec671df6bcf526ab206b9770aa5a60,Mirai,mipsel,mipsel:8609188426371314325,false,train
d44bd0687efedb6b350b67365399510c7c9335f4f734bcfc689274ead5eb22b6,Mirai,mipsel,mipsel:11749449289713031109,false,train
d45fed755530da24d63557dc78306121499a85f48276383fe1c50c023d18e676,Mirai,mipsel,mipsel:4229426347084865077,false,train
d47e7714cb1f5215cd0c7352285de1b30c5511f8ff9597e822314ca2cd07ab7b,Mirai,mipsel,mipsel:7778851188706606910,false,train
d4822be8c14631ba28fa09bfa448092ac7d363e6926b845cef5b6d3313b5a4e1,Mirai,mipsel,mipsel:6855336944482920823,false,train
d48accfbccb79ca71f842b0b4c88b9ad6ce20d23d558383e996f25e5be3d8db5,Mirai,mipsel,mipsel:652351907059050561,false,train
d527cdba95825dcdf176cd5f0ea42004a22666f5e1b27799f12aee7fb1692c72,Mirai,mipsel,mipsel:13531738813971819764,false,train
d567c140e1c9ec5e2a865d3addf66bc01635d511da247af47074ef321884823c,Mirai,mipsel,mipsel:7681962517879983516,false,train
d5840c34a2dcf73f0161ff6280001cd654958ee9e9f48e346b177c81171cc02a,Mirai,mipsel,mipsel:14948874940224997668,false,train
d59cd85459b4d3584989c03708280d6f1d4106e6eeb22f882d167908cb170fc5,Mirai,mipsel,mipsel:16180665029126240387,false,train
d5d9b54da943569560695c4b2b4b5c5d1ecd6a9811a5968b4903658dae439709,Mirai,mipsel,mipsel:13052809220178086825,false,train
d5ecdbab3b5c21583ea130d3bd143261dceaa296facdc303f17a094a49d4dd86,Mirai,mipsel,mipsel:3911778427102458639,false,train
d6172a784f4ba7c87c4fd375a1d5f44018ab2af087d28093f0a6cb45a8011c83,Mirai,mipsel,mipsel:10302350068678975046,false,train
d65ce957869110db483ce187eca6c3006ff994c0e24b5b74054a179728c8a660,Mirai,mipsel,mipsel:15536970180555212559,false,train
d6642341fbd42a2f19bca214c43d4801f013a458963e3025870200554d1dd50e,Mirai,mipsel,mipsel:6752800199572984642,false,train
d6681af1ce73f97a63208c382a3fdfc2afa69262e9f1a2b7b4ca1460f0229958,Mirai,mipsel,mipsel:18078589438178647418,false,train
d6b54eaaddd9911707de005828f06e092b0cef873dec4918ea978a0b025464a2,Mirai,mipsel,mipsel:8653056142144395901,false,train
d6beee68710611e2c862e6997bd4ce2ce74a99a8edaf57784bb4b25c09685130,Mirai,mipsel,mipsel:5533705541975391957,false,train
d6e480bcc32357339cbc18e0d64e8c33ffe5f246e26d1989967e09706ed5d9c3,Mirai,mipsel,mipsel:17701017151835270228,false,train
d726fb836e986eb423af1b800b81d38c33dc3f8a779eabea644a75c6fe5efd71,Mirai,mipsel,mipsel:7408698588571530751,false,train
d72eae6d7f6bbe07540e1c02a7d25147f43bf10b450679ac146f70168b8031ab,Mirai,mipsel,mipsel:14698540440695094518,false,train
d74334c4116d2608b105734c4cf891401c8fe2043a364d0329c19492b138747d,Mirai,mipsel,mipsel:9056808900668515126,false,train
d7627a14bf4d565d787f52f7f0fc807f8e0c2d17c41cd1b173f28f082cb108f9,Mirai,mipsel,mipsel:1333621353160588402,false,train
d764100273759f280487f5fa705bbd72d916032f3a9f99240bed70dc39874fce,Mirai,mipsel,mipsel:16409140818556860107,false,train
d78aceab3e3168b31d2a8482e783707038918b942385a1cddbbc5af9fcc52057,Mirai,mipsel,mipsel:10667694517180947565,false,train
d812db54b92351a9eb74ec12fe121f7eb6b0994760590f00dfc345e81c966e87,Mirai,mipsel,mipsel:2423991306435240024,false,train
d88d495886f9ce77d738be30d5f4aa983f38450c8ee014070b7f61fc3ea37f4b,Mirai,mipsel,mipsel:10415340854832410150,false,train
d8ea3e3f2dbdfd65810e92baabd416bebfd877f2b85b3bacbb1f801c14c6f474,Mirai,mipsel,mipsel:16973870451084581571,false,train
d8f559a0b1a8064ee393b12239b7a087cf282f4822697cdd89677ae7b553322f,Mirai,mipsel,mipsel:12009285729881086928,false,train
d91115ea41afbaface3913598b29f45b30c43f9ed86d16f8d4eff87830670523,Mirai,mipsel,mipsel:5410559670208926764,false,train
d9511c0a315e5538d6c9cc4007117d77b4319c41aa50a89a73084acb0e4d8f31,Mirai,mipsel,mipsel:17564917425878318766,false,train
d9746fd95fd889383579e4fe6155120e29861c155c10885a03fc4abcd28fa6ae,Mirai,mipsel,mipsel:9878493181123258105,false,train
d990b621eaaceb94f8dd3a2434ad2a211863c1e93aeaec55570363cb65ffd4f6,Mirai,mipsel,mipsel:10329273356989582945,false,train
d99ca8712b5962fe245b8e8ff46053e68f517ff09bc10c7696b132f485a76bc0,Mirai,mipsel,mipsel:11088655275539304569,false,train
da3ff3e6b38765913d7c6967863a87e3126db6b541eeaa67b4436e8f610aee30,Mirai,mipsel,mipsel:11401390507805487819,false,train
da411cbb6c3411e38cb9fb199d7b53cacb3831b5522f59593106abfbe5bcb515,Mirai,mipsel,mipsel:4811748746007748442,false,train
da6355eeca295b79c7b5a08bcc66cad66bafbea41e32cac828d35a6ebbda8be6,Mirai,mipsel,mipsel:408769092463147564,false,train
da77cfe6f5f1010a32328ab2c4bafa8115bdf1f9f9cb03e9417c0fd8a2716a9f,Mirai,mipsel,mipsel:7832223355841387716,false,train
da78010f402fdee0f3fa8a979cfa21b9d3b5afdc5114cbc4bf8e9f5268a29080,Mirai,mipsel,mipsel:13301854852993921211,false,train
dabcbe2be5b9cc8f14932f0c89f8fcab90d3d9384431c9f504b0d0fdfcc62815,Mirai,mipsel,mipsel:6791483159297715712,false,train
db29552b2afdf337f59c328c0753bddc6d86a8c15e7061a53c5a56aca53a70c9,Mirai,mipsel,mipsel:14300826455107644474,false,train
db4bef60f6dbe15be5b4bb690525be56403f3d86108c6205b09adf3522b6bdd8,Mirai,mipsel,mipsel:6544146968751755163,false,train
db585ee110c865b541bf00d6e1325400aaea9324f8b69eaac38527515c872bc4,Mirai,mipsel,mipsel:9407128877581142833,false,train
dbe5c411b5989b039c9c352516975d70dfce4676d2102199308d62540e7fd549,Mirai,mipsel,mipsel:675060109398066210,false,train
dcdb2d16e522ece99b2bc6b56aa8089dfb5c2751ba7932ff98f5e635a61e5ba4,Mirai,mipsel,mipsel:8362139041862785893,false,train
dd16322517a1b74fdf03742e710b421a8e83bd8d8114095c6423b0bdd2af9946,Mirai,mipsel,mipsel:8565571218422643513,false,train
dd2f74566682d5eb39892807c0b34cdcaae57013b547c630d311c74a4515ddc2,Mirai,mipsel,mipsel:9508161320364965861,false,train
de3ed45d8319bd2a9bc76d8cce3c64e104402d6b20c6372ccdd344b53ba9b5b6,Mirai,mipsel,mipsel:5746149446063765867,false,train
de7247df0669a5c7f4e9cb9eb3205894f4b485046100d311c248dd008114df09,Mirai,mipsel,mipsel:16855400314193944390,false,train
de81475c5229f9991cd46d1576dca87b0fadec12dcfc29a9cdd60986f430408d,Mirai,mipsel,mipsel:10060384522022207583,false,train
deb1ae3735e3578e9e97ab0ebc30f0094611ed131260049a491f42e1e7fbe311,Mirai,mipsel,mipsel:2847807939287045512,false,train
deb2ea2a8e35cdbf364551a128c983ecef8736b370ff205741330c4fa18f92f5,Mirai,mipsel,mipsel:14090713849865558541,false,train
df8e9b26323c40e5f974fb53d461f5ce305e00769e81316f670a5e3546cd03c3,Mirai,mipsel,mipsel:465399615535662287,false,train
dfd03c3cee583fe61468ddd080795e3a83afc1dfe9269e41980d32166ed3d432,Mirai,mipsel,mipsel:11354453042104542626,false,train
e03b272b1acedcd8e67977aafc8067397840c6c5c27cd1d4b30b18b86cc19277,Mirai,mipsel,mipsel:7979829375252034861,false,train
e05c39601c7800cdaad8500a4456cf7b54e9a5c86328d94707e6d76313431868,Mirai,mipsel,mipsel:11131370416125396317,false,train
e06785560cf9334946ea690db83ec957c8e1c4ad0ff9f6d4b9142788b36c2e65,Mirai,mipsel,mipsel:18102986031676120906,false,train
e06c8ee7ad4d8eb1f39e0ff7e7eeeb4e5e41841d6d16b3515d3e63210c944315,Mirai,mipsel,mipsel:8192899546008013146,false,train
e0d6d6c6e14540a8e43b3a68992bac1d8b56d207b29d77d9f81b03a453e2ec4e,Mirai,mipsel,mipsel:10010040543599493445,false,train
e1ff39aa8dd6613630f64d16e5422dfa22d7d3fca0691ba114ffd609235e3281,Mirai,mipsel,mipsel:11820860156757729864,false,train
e232332e4e67635046f5ae22f84252bd383fa09a47829ff4aa93076f0084aa34,Mirai,mipsel,mipsel:14325732258440140255,false,train
e338d96f2664cfa24019899b16fc6b437eca22b73aca9d32c72c90a098eaac90,Mirai,mipsel,mipsel:12968588918789767656,false,train
e388ed917e84e5e704f48b02f7d847b8367461d06ba044ef5eb2e5dd3bb262ab,Mirai,mipsel,mipsel:12876119179184837247,false,train
e38aec423f6f56c9a298bc8c1be306b5667ec81b673a418b0462b1190f689ee7,Mirai,mipsel,mipsel:6349693845194703286,false,train
e3ab28f33e9cd617103af5d246f14b2f00661be98c0f4a61207fc498a5ea83eb,Mirai,mipsel,mipsel:1011461370525556346,false,train
e3b52fb25072ddf33636e60513b6d0cd6b09bdfa9918943dc7b9c6c78b42925c,Mirai,mipsel,mipsel:13578046730644504226,false,train
e3bdb9aecc7dff6616827b8cb09251d50d7932f48380601cf84bc2b38a2a8ffc,Mirai,mipsel,mipsel:14964278267758082573,false,train
e403cd1ff9b3ad79ecac9d221b7b81c8f6125111908e703ca761fab967ccf09a,Mirai,mipsel,mipsel:11946527888165358089,false,train
e4442c813b4077e365a53b9b5d5ea9e1b40dfd1cd645ddaa346342c5e23cfbf2,Mirai,mipsel,mipsel:17196573177365863251,false,train
e461c4fbb2c46f2f9fd199264137a2945383d72cd1732ac47edad651e96b2fbd,Mirai,mipsel,mipsel:8485740601710413438,false,train
e4f85a4ea86de6cf2ddf1edbf185fb23c6fadf16b9c3ea12c48917ba6428b36f,Mirai,mipsel,mipsel:17132054177022341623,false,train
e5872b942197de98578071c64a0174aa1d96d8440658087fe449842d8d018612,Mirai,mipsel,mipsel:12775572971726621791,false,train
e65e29dd41ea87321f97f8a634b242379055a24326d903e4257af66bb17c7e67,Mirai,mipsel,mipsel:8334836121318057018,false,train
e6968b6ab7ec82a948f64fb135e4c51ed8ba9c01f0bb18be2935bd6df477f364,Mirai,mipsel,mipsel:11623144829790372847,false,train
e6a0ee59ee87cb3793007c6c7a08b0230948858ee378bea29e52a1ded96a2dd5,Mirai,mipsel,mipsel:9007312557394853059,false,train
e7303a0cb353213ec818c164dd87f7717a3f3402f99b3f0c36f315c412713068,Mirai,mipsel,mipsel:4105582415453640357,false,train
e774feab7584c8297e0eb55f5c77b734fd7c2f1843931c6207100ef9201ed603,Mirai,mipsel,mipsel:11697859456857688495,false,train
e783bf445e7363d4a166d3520482c693de1f79bc8eef54e05fe15fa323209089,Mirai,mipsel,mipsel:6884492400568449219,false,train
e783e610ae18260ce0b7d883a24ba9999b2827d7928977d3e26ae0c1244096cb,Mirai,mipsel,mipsel:6218594584554015118,false,train
e7a4e00f19c5e6d4845e7aaae2baf674afc73af33742c0835735efb5fe8b7f64,Mirai,mipsel,mipsel:10112746973616700326,false,train
e7e277ce4239a206040fd7f3af15d377cf37aff28fed56430a53cb70d4362c37,Mirai,mipsel,mipsel:7774251155379563906,false,train
e864ecde002afc9de567a7db4bae2523bbe82a4d892b14a8c898c5506ca5915b,Mirai,mipsel,mipsel:7119122336763547580,false,train
e87896f71d78558fb34900bed1ed0d5f2745de6cc026f83de7b965a3fa1987fa,Mirai,mipsel,mipsel:16301746901621416070,false,train
e8a0f69e4999eb33b389286a0dc11a65b61982f38d5498b26335f0c8aa1662f3,Mirai,mipsel,mipsel:16636130289465497343,false,train
e8bd87f86866258088a1ea65aa873cf80d0aa7d75cbdf53202cb2ce4bce11621,Mirai,mipsel,mipsel:6035787782952221085,false,train
e8d1ee461ecaa2074b8e8e5708b8b4ab22e60481879a96fe2fc62ba034ce2bd6,Mirai,mipsel,mipsel:8386254927723984569,false,train
e976357924c99c3e2812765474bad41160e51e88a4cd321e9300671191a32f62,Mirai,mipsel,mipsel:2583850210608477873,false,train
e97aa4c83922c03716e7cec7583b011f02e5375a03e406eeabdf13a99f345c94,Mirai,mipsel,mipsel:11179376102623252339,false,train
e97f0ee7ae56912a4de0dd10e99c3ecff88c654ee2f0b7b598d009af1b0a8b68,Mirai,mipsel,mipsel:17026272835820852072,false,train
e980d10e40c6b17204f3dc33dddca1ef0ba95652f108c38907f272976ddb6526,Mirai,mipsel,mipsel:15471313949457323446,false,train
e9a2b2d0d354829a4981221e71ff2b3931b1dc73074616d450944619502c824e,Mirai,mipsel,mipsel:1235906444859431853,false,train
e9dbed5afbafdefb3648a7512e6ad450741adf10013b1fc5165da101dae23152,Mirai,mipsel,mipsel:15328366425705464398,false,train
ea018bda0853c821eb55ecbe75ee0c02c2e81287edcc5bfbb69f9c4bdd057b16,Mirai,mipsel,mipsel:13449295529283779165,false,train
ea5f9a5a2103ab80fb98e6c4d5cd0efde38453162c5ef420cd429db8c9192914,Mirai,mipsel,mipsel:14663886620687928585,false,train
eacba81975a38ab6c10d5df9cf664d448d14aa6e683e8af7ef9beadd154928b3,Mirai,mipsel,mipsel:3417045313643317221,false,train
eae9658730950b7bbb19d9b3b5fea1b1cb1babb71979340061b373fd26e0bc69,Mirai,mipsel,mipsel:4982667905259208850,false,train
eb05ae9efd75af5b9c0f17338434a232c73ef039ee8181082fa8b77c8d619355,Mirai,mipsel,mipsel:2114736999455258856,false,train
ebb95964fdb3b705afedd6b4cea2d087a06402be7d13f062fd60238c3eb7ff92,Mirai,mipsel,mipsel:18080010300456050874,false,train
ec145cb06f265495c6547d524920410fd8604337f9b9c6fb03d16db131f2b7b8,Mirai,mipsel,mipsel:12505149138394984369,false,train
ec5b45f3170104bc0288c405233e84bbaf99153e6aedfaf742a98c5a9a10b744,Mirai,mipsel,mipsel:5737323089556699341,false,train
ec60dc94f0d8930e294719714beebd6a3e85665cc9cfd87d869d0224cc02ce10,Mirai,mipsel,mipsel:13672846733421683079,false,train
ecb9d89f9429f60cad65c3c5259ce1be3f2a654153247adef0e2e2d9fbaee8d9,Mirai,mipsel,mipsel:12405159515223522820,false,train
ed3ec43c2eecf6dada06ed3312782861a2c6175a144cd41ebf35f21fdabc01c9,Mirai,mipsel,mipsel:14677822874047159947,false,train
ed5a985c70c7f7a4ca84faf2d96035cb30bbe4908a28c61e89b8f8ac3fc91b4e,Mirai,mipsel,mipsel:12342562131799198586,false,train
ed6a7601d183dde3dc01fba72407a31b3fe2fba89a08c807ed60ad23e8b69d76,Mirai,mipsel,mipsel:14001388874643826959,false,train
edf0d658f4a47f15023739f700c9eb115a3b6c0fd3028fbc410766e372e73656,Mirai,mipsel,mipsel:7485075093473712478,false,train
ee2a19969e01a460d47c4a6deae6a50078c72eb3ae362627bd69ecbe003d8dca,Mirai,mipsel,mipsel:3499865958407457758,false,train
eece9ffd27aa96d336dde95f80eb8d3f52cb0d061b6a28bf3537e1a60e9e1d6f,Mirai,mipsel,mipsel:15235945471181620462,false,train
ef82cc6a6b1672785d78ad8101a2a2582df084816a06ad826446fde0aecd365b,Mirai,mipsel,mipsel:4323537772845000207,false,train
efa071d3c53a041cf9444e2b8dbdea8eb0bb2f2318ba8bc73790d9aeebd562fe,Mirai,mipsel,mipsel:9174659505246456409,false,train
efd022332efdf9d1a636f88ab038745012fe232662db7bc803fad560677efadf,Mirai,mipsel,mipsel:4502972682107046681,false,train
efde0a9eec6cef05e7a1582b785995160f6379f3d9a9605afa89ab588de22bcb,Mirai,mipsel,mipsel:11460965854791996612,false,train
efe2823c26c7bf7529a1e94a46525c0f1652c6479e822029d1507414c8f33aae,Mirai,mipsel,mipsel:12980306180075336778,false,train
eff8d1f75f6f6fab53e2bdc4e2f0ef977c368770a9e402e2136a4251dce35903,Mirai,mipsel,mipsel:5517178701291755482,false,train
f06a4fd5d6d92dc6b1e7073b8365068da2833785c87e697391fae842f3835271,Mirai,mipsel,mipsel:3272934754009906536,false,train
f0b1c819636c0049746f9361e74ce077919bd7a5430402debaa9a3f336b9d780,Mirai,mipsel,mipsel:3637098451764059883,false,train
f14c391aab5f27f48c38542dcb89ac7d171eaab225a8e10f49216b77f8c823a7,Mirai,mipsel,mipsel:4974692293832731280,false,train
f1556acdbb7cbf5ddfb610ed4d0e85fd945eb6ebd5e3a264c81b42c95ef4318b,Mirai,mipsel,mipsel:335572312189813012,false,train
f19368a5c382aa520058736ee0f57d44e26aa496321b61e67a7246f2e384f49b,Mirai,mipsel,mipsel:7438635636679784455,false,train
f1d5734483515122623a8b221a19111900da09bc320b014f73e25363b5f520f1,Mirai,mipsel,mipsel:1683828250552318232,false,train
f28bcd53477698571bf3f1ae5ec5b1cd8a858376920acf999fd83c0a9ddc000a,Mirai,mipsel,mipsel:2901071651543565032,false,train
f2ca91370f578d8d67e2145fbaa1b78180baef033d03f6dd3a34e9a10e91c1e1,Mirai,mipsel,mipsel:8940563118080567037,false,train
f2e836ff17addd1bca4dc409cdb365628d7c4da1f77a1d11393429a9d57bc74a,Mirai,mipsel,mipsel:12464240845179604951,false,train
f32dbdf93ec3e8fd3a5648e41fa725949af21e8a59bc5cf0b3f448916c60c969,Mirai,mipsel,mipsel:16156025051020234768,false,train
f33f5091acf0acb45cc9dffc2d43455f032984d8c1fa67a1f56f57098c42b5cd,Mirai,mipsel,mipsel:5342617175298448908,false,train
f3f8ba87fd978a9f74f3ddbc8c86fd466a8e5f7b87c573ea190eeeb4b2aa9fa1,Mirai,mipsel,mipsel:9160454096567967528,false,train
f3fc5e87f85d27dab0e06a668089c370ff8650af031135111efc03a20fcae0ae,Mirai,mipsel,mipsel:9697342347014060205,false,train
f40672e62e25afb3dad9efd35d61af28a591d5a099495cd1ff9017dfa799ce64,Mirai,mipsel,mipsel:6249736719844359026,false,train
f41dab0214d4fff7952e4043eed5c9e9e8dfa148977c4deca0b0b9608775629a,Mirai,mipsel,mipsel:13712343499821971376,false,train
f425368dc4424f3c65ff8b3575ccd0ca807b7ffcfbf5b9521e8580d139f15473,Mirai,mipsel,mipsel:7558316828906088327,false,train
f42760bf289d535d52659b3c3a1d6c6fb509075ab2860150720e888f2683bd95,Mirai,mipsel,mipsel:12815071129978253697,false,train
f4bd6968f9422eea727b31357b6328c371549d0daae30771f40c427f349134a9,Mirai,mipsel,mipsel:6647855782853499489,false,train
f539ccfb8cc5f6f36c24e64a9d6fea2bc68ca225278a86a6f33b528484fdb426,Mirai,mipsel,mipsel:17087829391925726231,false,train
f5ab478348d8e15e4af24ef4e8f4304cb0f5124c0e4e1599df49e57977e34cbc,Mirai,mipsel,mipsel:6057288318178236491,false,train
f5f6d9e6fca23fb4d4c4ece2064777d9ccba663a70ad41d108092cf58404a2d5,Mirai,mipsel,mipsel:12607489414636037606,false,train
f60bd06a1f110909c865e43aeadb7bfcd7d94bba8dfb1b0417dc72ae3687cb70,Mirai,mipsel,mipsel:149962739478315365,false,train
f612bf39274dfd9e4c21fdce84881c795b518c70aaaa147481d131e708cfc498,Mirai,mipsel,mipsel:17493537912428754718,false,train
f63ee295910d7b0a2288656d32ffaae9117ab7bf9d54e48ea595143f7456a443,Mirai,mipsel,mipsel:2598959178862120006,false,train
f64a67a13d07930930590c4adf62935c88ffaa48bfaa81ff58aec4be313fdb08,Mirai,mipsel,mipsel:6220195705609513290,false,train
f67a30cb849f54c1c6ae5873c18c1d700a435dcd83e34fa2c3448ead976002e1,Mirai,mipsel,mipsel:1814869138461371195,false,train
f698f1c3d8969dc59ce549ac735e7ceecfad4d5d957905b30366c6aa98ad8bcb,Mirai,mipsel,mipsel:10444913119223081528,false,train
f6a2227219d1d3710015144a9e082610f9cdfb95eb7903980dfc76436d97495e,Mirai,mipsel,mipsel:13667470863641019227,false,train
f6ab6201a1ca66cef685cd28345a0f304da348f5c63acb98f917dd3db7f27edb,Mirai,mipsel,mipsel:1726160446687692680,false,train
f6b47254b8aec4f7af1ed56b0d42f4139791773b045bc0edb8224608e17085fb,Mirai,mipsel,mipsel:4522819798860866588,false,train
f6c132114c496d7b9c62dad9229f850b7908eb8904630d264f26923e8adefe37,Mirai,mipsel,mipsel:1070763329497162710,false,train
f6c97b1e2ed02578ca1066c8235ba4f991e645f89012406c639dbccc6582eec8,Mirai,mipsel,mipsel:2641023007668227953,false,train
f6fa8bba7bb4355d340a2f8338db638377489cbb0c81dded50f40cf9a14f2198,Mirai,mipsel,mipsel:15541912479195943123,false,train
f709caedcb869289a3422b3d091f0c5adea9ec83945f505065a95b6fd8d4b028,Mirai,mipsel,mipsel:9182273059842530326,false,train
f77adb22f8e642f089107b854e54f8ea62a0a5d95349a79c1839b2b6f97aecb5,Mirai,mipsel,mipsel:14375550251603663580,false,train
f7fd4a7ad8e8d9ffa6023cbe778a398e3cb6b88f2ec1465960d1cbeebe537d99,Mirai,mipsel,mipsel:15594261262589708446,false,train
f82c202ae3ee309dc332b1115773a329443c524fb3ffbbc9054ae6291703a787,Mirai,mipsel,mipsel:16547664828924026155,false,train
f84693cba7e7185567ac5e0bcad8019a788d2ba8b8ff5be2cf1cdb66b78bc6d6,Mirai,mipsel,mipsel:12922109174692848096,false,train
f895ed699644182c5522df5e0a0dbbb7b5d34ece2ecccae0f41ce2f6d9672a68,Mirai,mipsel,mipsel:9705700140549647046,false,train
f8e7f584594ff2f5e23cfc00360dadcbb995ef4766c97e433ea5def841d95c57,Mirai,mipsel,mipsel:18253510711384335938,false,train
f91f8ea4f31f76aad841ea60fd51a2aad61c63560bb6f6fd8f679c6b22525550,Mirai,mipsel,mipsel:9427748040955218586,false,train
f998cc2d787fb23a43e881f17a3891972d18eb1be2d3fa2f1d620749844d1446,Mirai,mipsel,mipsel:4487173344235750226,false,train
f9a7b18506372ad1b0bbfd227abc3218d2d8864e227bd3b9a43958bf7281af8d,Mirai,mipsel,mipsel:6451246721471279789,false,train
f9f8bcda66f3159f20786677719e9f20bfefa3d09cf13f709a7130e610ac76ca,Mirai,mipsel,mipsel:1581281877218687081,false,train
fa230ed245c2a6522dddaec1a109e1a6e6fc9520d020a7db55575c02d0bceb7b,Mirai,mipsel,mipsel:4624393360233507373,false,train
fad0c36864468f51aea71d78b9b91ee9c28960ff719e05c924f65ad35747f80d,Mirai,mipsel,mipsel:10207427441538403804,false,train
fba175f1b458bcc87dd21a0ff23027a40c29676b87e37e0a5c87c03000103d59,Mirai,mipsel,mipsel:16187955239509288078,false,train
fc358cf622111029cf4f4a11df72602cc16b5c74163ffb22d03dc3ee904f6741,Mirai,mipsel,mipsel:16021025490776774677,false,train
fc595984527f400a1c8a5b3593c4314c559e13fdc708c0fa3eba62b2bf1e8c9b,Mirai,mipsel,mipsel:1102016059788173046,false,train
fcc1e03a81dc267dc159cfe32b80156b6fd4921b79f279e05834a7f6e87b1e9d,Mirai,mipsel,mipsel:10228975476221241537,false,train
fcd702e8e4ff4bbdaa8793f0aa4bca3a6dacf7447a0c75040b369e78a9d49427,Mirai,mipsel,mipsel:14024344480914547297,false,train
fd279047ed8b7a680ed32b0a79c692c105b65f85f05ae78d5d528bac2c12b1b1,Mirai,mipsel,mipsel:4085165908124894676,false,train
fd2b6f256c2c6401911a21087034b5792a204587368cfb56beaeda901342b5d2,Mirai,mipsel,mipsel:294752822683394706,false,train
fd81c4c8d0e13a5064c4c6429e2b084fd762295cd880d35fc61f95aea55a2d99,Mirai,mipsel,mipsel:16988218898424012393,false,train
fde0ce020cdf3facc1bedfb2b4ab8aaa4e5aa851a1edd93b1adcefd543f46866,Mirai,mipsel,mipsel:15406244504360407741,false,train
fe375e954a5c066f88aa0348f88dc17b3094eb676e7c1b9503fc46dc16e094bb,Mirai,mipsel,mipsel:9518115758531821975,false,train
fe996ad346265e6bb9d89a23f0d35457278194e0ed862ed857d75c18416d5aee,Mirai,mipsel,mipsel:9140116614757349348,false,train
fe9dc023e44a2e033b5974feb5a8636385ba3b13f73bda485b6ccad793777b24,Mirai,mipsel,mipsel:11998977081005047128,false,train
fead7dd10d303ad088d0b5782694cc65854b9695faf7ef294d6c5b07aa7a9790,Mirai,mipsel,mipsel:4968865042162299453,false,train
feb66fd5d5b16ed716eb5de8f7fcf87eea2b19969d61f67206f81a3e09eb19ee,Mirai,mipsel,mipsel:13341309146490820114,false,train
fef957163483494125d16f4c6f54eb64bbda4abbc587f94ff77d8c4ef015cc98,Mirai,mipsel,mipsel:14236431495385982598,false,train
ff16004525526b94e8c17327729af4057a6905f8d5587c440f6c2196d82a62b6,Mirai,mipsel,mipsel:5953032677929823131,false,train
ff4687ca904a4423bfc7bfb74dd7b226b3deacbc9be86867866b40559e2e6011,Mirai,mipsel,mipsel:8129226298939316118,false,train
ff6114a2c4e1e6d068f8388738dcf857a578b43d7fc0bbcb15906c185d80abb2,Mirai,mipsel,mipsel:12078732902895903503,false,train
ff9eb54d12438fb4c4841ac2cf53ba82a4389b69c527b5b0a1b52effd4e4c96a,Mirai,mipsel,mipsel:16403868527642428051,false,train
0246c0f209ee68935e62b082c6b73872209eda7d3486b6992688c4b1942f0ef4,Mirai,mipsel,mipsel:12353770480244097786,false,val
02a929e41ba9bb4f241ca5b3a379a4e0576a0986ef99b340da01467b516add08,Mirai,mipsel,mipsel:2981380820299296447,false,val
0369fcc2e6e6eaeff0327278a497a401e3cfc156720f637db77e241e05a8a954,Mirai,mipsel,mipsel:6445228997299976790,false,val
055040fa44f8168dbc6d5319529f885e6cfd58611d8015d7410b59218eb618ee,Mirai,mipsel,mipsel:6270477081369216727,false,val
0622aec1763e721a32e4e4dafd011408b3c3ee7082054387d8e4a167b185d966,Mirai,mipsel,mipsel:13524522852038700467,false,val
0912a20da701b27df525865cb4359e615a9d176a354adf97be937f17a4433c2e,Mirai,mipsel,mipsel:9981644881799250065,false,val
10315761fd5f5686acdefcdb5f71f11cd6e29f5898971c30b9c8024bd48472d5,Mirai,mipsel,mipsel:8040219625247464679,false,val
1278ed6c731555a1cf0d1c81410f4bcd0165074a1733696be89a612a81108c35,Mirai,mipsel,mipsel:6767820686176360241,false,val
141fd20b4231e4763d374cc24e5ace757817aeee345b1197c97414a8ab91453c,Mirai,mipsel,mipsel:2980208343626186721,false,val
1488bf590167599d9e099e67263d3a881df7b33a142ecb65f71f99db827bc776,Mirai,mipsel,mipsel:14695736903819395954,false,val
156e95aa1afd59b65389f7d0ff6f0a0a72a5fe934c204ecbbab7364bb608462f,Mirai,mipsel,mipsel:3958797674422669301,false,val
18c9ec3f745b366028b41bbb0b3a642a92a9af511074195f006e0e3d5c82663c,Mirai,mipsel,mipsel:7188242357848572612,false,val
19868ad16deff15e98c762f931cf6a5309205adab552cc99cf496e3e273ac692,Mirai,mipsel,mipsel:14599439607739363584,false,val
1a1708418794e9fbc561f61016a569905e8ee8d58611de77df44a1f5b4607811,Mirai,mipsel,mipsel:7822577628538505830,false,val
1a5e8bbd2899e8993754f28b3682310a2f1bb0835aab516498065a0a7adef964,Mirai,mipsel,mipsel:2284978278094338599,false,val
1abeda63eca30f256a4f5dbb6e2498af58ea924b337f1df6eac09b0b41a8df7a,Mirai,mipsel,mipsel:6762411667549728955,false,val
1c12a0db4115d1c89819ba019977b6c7d30256f375b1144ff8bcc2155822a83c,Mirai,mipsel,mipsel:15451023680837414387,false,val
1c421b77a51b9d94134f52a4b0f3fc3aa792873a1ba1ce77d04fa94b75024303,Mirai,mipsel,mipsel:18427531079990508641,false,val
1d28827dc5e209daf5d65500673bb1a68d13f14cef9782894b27a1dba03ba88e,Mirai,mipsel,mipsel:5866807960347028170,false,val
1dd1e4496f2df1276d3ce09176203f45333c6ac16388600e7a21c04fb585448a,Mirai,mipsel,mipsel:6774354602057217779,false,val
1ed2c20feb27cfde962519ba20c6f5013a87833d9108036b2f190364a7003a78,Mirai,mipsel,mipsel:12043750932729087893,false,val
238e731e5842d2d74d3baa5280c760bd56818a727417d73edf15e6bb0049ea3a,Mirai,mipsel,mipsel:2972882520974803432,false,val
26c19c8d5d876676d8a97759cc247a31739df44a75c2fdaae79594b841860145,Mirai,mipsel,mipsel:792272100510577348,false,val
2917a30b0d8a906b7f9d5718ab27122008b39d3d3fbf08ef109ba249d23b68e1,Mirai,mipsel,mipsel:11596024741156360645,false,val
2afbfa6d9bd91f937ed18596e7586ece743e80496f475a5bdf16dba5e67e7599,Mirai,mipsel,mipsel:8184895094111153783,false,val
2b037f91e0195c96f5c7185c7d4382f951283c700ca2a75490839aadfba9198a,Mirai,mipsel,mipsel:15297417738053763871,false,val
2d1c667e1695afdf43c0c6c86615c256f2f39fee9254e08e88bfa629874c564b,Mirai,mipsel,mipsel:16586418565062526565,false,val
2f61e5a4a9938766e5c058437f1b94daea27e23e4a0ac359f84aae0cd9cdb1d6,Mirai,mipsel,mipsel:12079927545135868947,false,val
312f25d60b0b4a3fe005294afc23d28b4f19682f81495908ba1af62acb0b73f7,Mirai,mipsel,mipsel:36089196087181051,false,val
318f666206e501696a0a056f1e308fbec8bed622fb4d7f3afb74a65f253de347,Mirai,mipsel,mipsel:17128361150242770931,false,val
330617b8244c545cca03e13b350275bf5c85540df7a88a4f4b932dbaadb16b3e,Mirai,mipsel,mipsel:3557802778558863217,false,val
342cd957246bf3f46514a2916b18a451087942c101bd8cc68f6cfb213e4d7ffc,Mirai,mipsel,mipsel:1610637598327224807,false,val
35f565dacc587741516e9b70577d7d9b8fa111efd5093277a6a5ca5107ee353e,Mirai,mipsel,mipsel:3485729743890268901,false,val
3894a416efeb03d7816e4ea208702dc266bc41111f067ab3e099157c59385ef0,Mirai,mipsel,mipsel:13990475925516803755,false,val
3e05575d2346f2135317b09004434ae8b6216a71b0d3fe7170e84942fd98fdde,Mirai,mipsel,mipsel:5455867548779982785,false,val
3e436ec03ae500510b0b490e91de3bdc6464c64e566b70a0d42cd8f8307c8972,Mirai,mipsel,mipsel:1608213119728119501,false,val
415dea52145e049b74bec55eac44518f1f250b920b90f3ba1b2cdc86e98745ce,Mirai,mipsel,mipsel:16749141547287244813,false,val
424654d18f0e07f933152867ad2b9837fa622c5e9916ac7923e9d46e5bcfcc98,Mirai,mipsel,mipsel:3116463256182957606,false,val
43c19ddc46cfc72472524f763a6f97e6a8485c659839f9bd361bb4a16fc331a3,Mirai,mipsel,mipsel:9567303946263131967,false,val
463373c09788eed8ea34671e247dffdb86bfb037f91186277873b12f22916427,Mirai,mipsel,mipsel:4896180717944197661,false,val
4743ccccd9e371e4c0b5324bb360d5e31291d8ab815a7ce69a1a2536746c20a0,Mirai,mipsel,mipsel:6096415143219978075,false,val
49ab57d563180bdbc49808211dab87bc5383a1d824db52465262a8637fda4227,Mirai,mipsel,mipsel:4650844264136579993,false,val
49c2ddd2f65f1f92779dda95500defef34f2f8a6f4854f7e80a6b6dcb655edd0,Mirai,mipsel,mipsel:8959029685000611322,false,val
4a902bea6508766c8959d04343dde1bf9fd634b5aec5e97c7fa7031b3c537e09,Mirai,mipsel,mipsel:14651061718060505982,false,val
4ba24e540a0bb5190ca3904eb1f56f1c38db1ce94c765f7a7f448cec6e585dbb,Mirai,mipsel,mipsel:14677045629004271009,false,val
4c95add6f9bb0e2a230d1fe7546cfecfb9915e4455cc9391899a5332a19c72a2,Mirai,mipsel,mipsel:10115655188236717152,false,val
4e9e6242633e4185705ff9a35ead90849aad167cfb32664d3f69c3998c9aac83,Mirai,mipsel,mipsel:10409289885530588418,false,val
4f2f10117b50365f019ac0a19f8c8c0607334a90616311f99cd14f3890cee867,Mirai,mipsel,mipsel:12795006843797166346,false,val
56a57246e5d49d9be112c29793c5072514952d046ab67608c2139e37d8cb983a,Mirai,mipsel,mipsel:16712151200290278905,false,val
57373ae6fb79814a5111bfa08cd068a9504a45d2adc9b39d1c84323011482d10,Mirai,mipsel,mipsel:12069933763867940004,false,val
5a3b5859ecfd2ada1ddedcd8d75ea9ac1c47c3614c1f114e625d4cc22a3961c1,Mirai,mipsel,mipsel:7356975865370081942,false,val
5b24b2fbe53bb18462fb0a4131d496a69f4b599d4fc70c5fb714348701e945c7,Mirai,mipsel,mipsel:17726702539815696363,false,val
5f1f0d89d9070ed858a2fff1f9701103a7a8f6cf1692bf1c1a8c2eeaef7d9c54,Mirai,mipsel,mipsel:15099423946680327956,false,val
5f717aa4ab3e3447daf628f173fbdf7a275c6cc61ba757f71f53ff6b0b0a1c78,Mirai,mipsel,mipsel:10990473458070580456,false,val
615671858c33edf024cf28f54615a246d0506d02444cc7881f231817f2d983e7,Mirai,mipsel,mipsel:16018600571227755527,false,val
6830e88bf107130603c4eceed1796b50aeef975459694ab00310035acc01c1d0,Mirai,mipsel,mipsel:2519860967500951560,false,val
685bd39f0f463d1c91713086409fe65fd0c3090b091910ec6adfcce2952df9a1,Mirai,mipsel,mipsel:11838505763171030053,false,val
69646f3bea3bd32080381b0455fea998a01d85deee1f4b313081a59aac637eeb,Mirai,mipsel,mipsel:7093071990304421078,false,val
6a302c6d804f6de4b7752f2c044b997a29d092bf93829031b0d7b8a4ce8aeaf9,Mirai,mipsel,mipsel:14497057860471671966,false,val
6d324fd190e83f1ad254bfcbb0159564a7565806a7398ac13c13c5fcff4d92c4,Mirai,mipsel,mipsel:16969770664545937098,false,val
6dabfe91f319707386e387e097e619c868ad44159105e957963cba067c1d285f,Mirai,mipsel,mipsel:8394826813259978358,false,val
705ff68999595984c81e5f3bf59649b5d6d5c57b2bd11431c7613e1ec3d09214,Mirai,mipsel,mipsel:4410238636457910366,false,val
72a8d239a44790220e1f4d41e0db07632efaa2b3c40d810c8bed9e6a0e64835e,Mirai,mipsel,mipsel:7201496798687704058,false,val
72bfbc9bc2f1b86118c49716e0b676174919fc6c3b4680691d4fb1117e06c934,Mirai,mipsel,mipsel:792362667770486212,false,val
783edea8384640b56120ae711fa4364433d72035cce81a1afce084dcba59ff2c,Mirai,mipsel,mipsel:17682239074229896156,false,val
7aadb905eec5eac880744d75fefcc02a74b9ea93f939f3574ceccff3b59176c1,Mirai,mipsel,mipsel:2654384592111859591,false,val
7c8c85fe15a0363b5bee15fbb238b3f30f9966f4e9ba37b7d6eab7a0ea90d46f,Mirai,mipsel,mipsel:9314835095525551066,false,val
7fd11490227deadec1535640b9ffb1afe7c6ea85c69957dbcef438a4ffde6e0a,Mirai,mipsel,mipsel:13881994155428995065,false,val
800d07e186c448bc290369c98bdccb170bfb0e2225f65f55c4737a2da3a202f5,Mirai,mipsel,mipsel:12084174214488079884,false,val
80b3a375972d9fa44428a8e5e3e060c052e5151f883b07517bd5f237cd219929,Mirai,mipsel,mipsel:2680038333721844676,false,val
81730ed91665d48dd02d91facbb1fe68f2a6ad19e34c87cf41df5d0104c91da8,Mirai,mipsel,mipsel:9782861331389619476,false,val
821fcb3a92bd6878cd93db183ec157db08e9ae22be8a97b245cfa5d4b33574ad,Mirai,mipsel,mipsel:3936036589994336463,false,val
8538a8a65e0e0f7925bab9983aab29045ee6e4f9dfb361bf7a53c5f95e949295,Mirai,mipsel,mipsel:3179297851135968338,false,val
8752865da8381f49f0a510d1784b278daf1f5a14088fe0f606787541a29a1a73,Mirai,mipsel,mipsel:5352134114553327485,false,val
8b20d41469417f93cbcd102f3bd46964d6f8f97aa30fffa59686cc33da2b403e,Mirai,mipsel,mipsel:9159127640106596658,false,val
8dd0b15192c469bbc0541d3dd09268decacfc1fb93afb5a3ce9d124d887a8e10,Mirai,mipsel,mipsel:10724400864330479538,false,val
8f503b74885948e78e7567dd045a5557fee7716a03a1b5b576b5ba815e0d64a0,Mirai,mipsel,mipsel:14614486643406468463,false,val
8f98efc7211f7aa5ec16dfbbab7455d92c651a0a5776a8ab6be8f149e953aa22,Mirai,mipsel,mipsel:14425599244001515756,false,val
92dff59db93f14ad4bd1d46b8ca9983f2bed0e35b6cb6b516e1ad9312ce9f388,Mirai,mipsel,mipsel:10027375507384908309,false,val
93453ac33cc47bbaaf37797cb2e95bc62d7951d62108218b05d824f476e76fd6,Mirai,mipsel,mipsel:10086770927515692,false,val
94a01a30af390acbc73c9cbf5dd81a2a9bd831288fc8b2aeb68b4b74d93042a2,Mirai,mipsel,mipsel:12557401700446949342,false,val
9574cd105c1c09f36679589f2b9e86438519c7c08a8e48ef9e1d30c1182a04f8,Mirai,mipsel,mipsel:10584442728201383137,false,val
95e94aee248a0ea2715cc4abca6afb6b2f93806d8da14d9630c18635f9836c40,Mirai,mipsel,mipsel:9402996192274853728,false,val
97b0927c6569504755a32bad3f28da7ccc9e8ca36bfdd58a40e3ad3a0abbf304,Mirai,mipsel,mipsel:12554307347181003995,false,val
9a236147584785dbc9190bf515626591d03ac59f03012aa9371ff33a9cbb01ad,Mirai,mipsel,mipsel:15848251425400165252,false,val
9bad462731274ade569fd7b0914048534fb4363c0ecfaedba7d739086d5c0dd8,Mirai,mipsel,mipsel:14407885981683741520,false,val
9cb5fbf7eea2ca9efaceda500dcf4f0a20812ea7cb168868e2e837aa8edfd454,Mirai,mipsel,mipsel:2980208343626186721,false,val
9e22414bb4e0ec919c5f250e8081d8131b98e89c5555d1f38d7dcbbd5f913260,Mirai,mipsel,mipsel:2427652583251052569,false,val
a0a9cba77501fd725258d379d7394bfb8d50cb8cddd47c19a50ad92c1b078531,Mirai,mipsel,mipsel:116476978941743036,false,val
a11ca8cae997f53d843cf707ca7b1a9d28ce5a1b5be7060a2bf9a185802cc38b,Mirai,mipsel,mipsel:16666535622602187015,false,val
a16e8ea0a7118c94178b6825410a7fb7070778973677b5293b4e03fb756a5adc,Mirai,mipsel,mipsel:1737150606724129304,false,val
a18b3d35d41900a62d5e1ad59143c728faf3673bc4a2b5e304e6abd1617170fa,Mirai,mipsel,mipsel:1778424845701587015,false,val
a27fba9829f0acc1d2439e584fda803b52ce5d0917835348ffb0d9206585f310,Mirai,mipsel,mipsel:12374940774077198642,false,val
a2af3ecc7e151134c35994284c7dac989dc4a70304a4d59795a38454c3ddeb1c,Mirai,mipsel,mipsel:7413313585159038524,false,val
a3b9486f1c92ebe669ca995461ab63fba1326f626bfc01624a598e7106159765,Mirai,mipsel,mipsel:4097300288592099946,false,val
a5d397b5f350483a5311871537b41f199038b9079fee1cffc97b07b050df1175,Mirai,mipsel,mipsel:4181433663309002973,false,val
a7f6065c825692a1cf6badc2ca4bde0d6c57c9e1ad80f591be09ffcbda723b7e,Mirai,mipsel,mipsel:1942641077785186607,false,val
a8885f8b27639c6336b16ae59db27478fd22357f4d39f9646070327570a9c811,Mirai,mipsel,mipsel:1129382761298247468,false,val
a8914bc63acd7950bc7bf33c8000e66837153bd641f8b9835bf097246340f561,Mirai,mipsel,mipsel:16159200902041655727,false,val
aafafce796e0c559177ecf10d828251de15e915cd52887ee4ebfc87b2c61ba14,Mirai,mipsel,mipsel:16577731130628266652,false,val
ab4d03dad71512cf388fc8ec1e9fefa0e5ed821320e4983a3c5862acaf836eaf,Mirai,mipsel,mipsel:9242563505610466252,false,val
ab5459f1c66aecd4bf08dee0393c35143bf422d1059fd96e5cbcb2096c1dadd2,Mirai,mipsel,mipsel:4540945403935671676,false,val
acb06101cfe0ebfe8ce17f7e2142739cd4fb24e80a86239e8bb6f0350748b2c1,Mirai,mipsel,mipsel:2089355197725898730,false,val
aeba04b1780c29093508c47715d268b3ffde660343894ead12cd8c722c5ca2eb,Mirai,mipsel,mipsel:14751699695602883023,false,val
b01db949ef356d51a4e388ad016c1e3d65159412617f29a829e15cc0eecc9034,Mirai,mipsel,mipsel:16185923124387236415,false,val
b2a43ad52230569a636c9c5ea7d3997c0848cac8b4feb1a4a8505f5f8cc65a4e,Mirai,mipsel,mipsel:4719766620501811459,false,val
b2caa304651ec94f877242342d41601451b839d1f49d2b35c9c1823085c2a6d1,Mirai,mipsel,mipsel:4637576569807642007,false,val
b2d1be62fb6fcbb3660d2304251660346e6c2a43dab41aa7a770caf4f7ef1f82,Mirai,mipsel,mipsel:18061550219969542861,false,val
b4aa6becba3ec462e123985dcfa19a4d8905c7ea6129159a18f0b7da6e22b7d8,Mirai,mipsel,mipsel:375599190504746170,false,val
b5c754588752a57b03f1c4667d85b1dc135601f69de7d5b238945d5a65a81a2e,Mirai,mipsel,mipsel:3352579904347936802,false,val
b6f40ee485193ae7cebb77d3782affcdbf0af35246bdde30df50ac6b885513a0,Mirai,mipsel,mipsel:16653424494338636335,false,val
be82f7911f75febd40f20a54886802cb5953e0b5258393c4410bf75c61ae8972,Mirai,mipsel,mipsel:649663675151437340,false,val
bfa7293f29dcd5a256cb3fcaa5d3e8654752d7c8bd4da0d1c27f7c7190030549,Mirai,mipsel,mipsel:365778594676434818,false,val
c12a5c07f7f9513f6f2dec1c02d8f97de02a7c8e4d68fbaad3056bf71d2aec31,Mirai,mipsel,mipsel:14461086672991914765,false,val
c271ef4f44c7c58c5c1c71c9162a26efd15054b2602ef1964ce16d98103e4439,Mirai,mipsel,mipsel:3693583145240408221,false,val
c42bc8ee6c9e2cc1656ca42231862af60c3d6cb8ba71fdf86f6ee490e82aff36,Mirai,mipsel,mipsel:13610946613782959608,false,val
ca6c6bfe9b6d061bf4ffcab8d9a4053680135658ed4b7f808da1a2f2fd47774c,Mirai,mipsel,mipsel:5434659081520887189,false,val
cc0255150d2b03f1dcb008eb7e580b7085518978cbd367ed619df447794f52a6,Mirai,mipsel,mipsel:15739591428490972567,false,val
cda23527348758966795b54e67784dd814e0f0450384926f0fe12602bc793294,Mirai,mipsel,mipsel:5300372566930142242,false,val
ceec2da5967cf72f53e2fe7882ae6f3e2e6b54de8ed4f1d6e93d61e8468e0639,Mirai,mipsel,mipsel:6660094313004186334,false,val
d3f6135cb76926e2032f54ef151cda2d7b8e22353c55b3011dc2fdd3bc83dd8a,Mirai,mipsel,mipsel:1838401032134404342,false,val
d575351bd3eef705ba5aafeb3dd23dccd935d537565107c5e1e621f285ef9d06,Mirai,mipsel,mipsel:9941673060034668046,false,val
d63361c91edd42d13296d53d788e4f7a67e9d6239bc132bf965c882e2b8e8886,Mirai,mipsel,mipsel:13657969846229888239,false,val
d652a8becd62134ddd2d9131c1a9718cac4e044f7fa3bf716d062300e119c929,Mirai,mipsel,mipsel:417264511687917136,false,val
d672e3719bff7a2042e03c1552735b0c6f29c8ed2094fdf05788a47714e23d82,Mirai,mipsel,mipsel:4669461817009055795,false,val
dce10812e96eebc5e0841aafde88425b754cb245e76271eadfa21cd525a64df0,Mirai,mipsel,mipsel:16842111637957898186,false,val
de2b63176b2b5734f5205c321c6186a821f7758aa28a6e9924a2eb3f05d83453,Mirai,mipsel,mipsel:17403549411715385307,false,val
e23e9fa1e7b7e53ff4b9789e1938fb3a976a64cfd5dc6de1143e3b2ba80039f9,Mirai,mipsel,mipsel:6831993720626936813,false,val
e3795d993c8c261a0f8953d45bed0993a345874915ece10dd9f1e1d68d2a4cff,Mirai,mipsel,mipsel:10529638859963587031,false,val
e45e5ab1c267c1aa55c8d03e6aeda26d8fef9576631c38f1b02580fdbaed1374,Mirai,mipsel,mipsel:6479582411674446819,false,val
e4e93d74a96e997bf9692bcb40466eef43d7bbffffc4af105676e1fec57781e7,Mirai,mipsel,mipsel:17992323138870432893,false,val
e5765d6996cf3ccb45cd73c2ab75bfc076cffd8e7028cf7966a201e89b60b774,Mirai,mipsel,mipsel:18191152189373054023,false,val
e59c0c523a4cfbf11fd413dd922846276918a6ae2ef756b6007f4bd638b3fc66,Mirai,mipsel,mipsel:3904157051516215186,false,val
e62ae9c90ac8184a25d81add4b87936dc3d8f0dad5af178f21848debdb207aa2,Mirai,mipsel,mipsel:15862498915789261037,false,val
e6820cbcddfe3312a62e431c79fc0e7f056775e3bfc02102ad9fa4ecf33a5193,Mirai,mipsel,mipsel:12669935638136194443,false,val
e74b58e4bc6ae78191e125d4a6e3b3e1ea7ca1a99f328164078f20efd023661e,Mirai,mipsel,mipsel:1707384885206649222,false,val
e93e1576f67a509a2d47a539278784e5f57d285b03658f8cc8dbeabac2f5b3f3,Mirai,mipsel,mipsel:12314946639024121842,false,val
ea813714f2bfe5aec970b34fe2964337661f3c8f2401221278ecd02b57a680eb,Mirai,mipsel,mipsel:1018619014104592672,false,val
ebe93dadf72ce3be2a699ceb68b651df03ea1eea7b2243bb791b4eafe626eb42,Mirai,mipsel,mipsel:7188242357848572612,false,val
f262a9965106f1890817d9557206657a556c9ed2889b42347ef4d475c115f9d5,Mirai,mipsel,mipsel:18314211263928336644,false,val
f47c9ca4dcb2d87c32de7f81bc03795c9575be94eda055a1cc38874a8ea8e7b6,Mirai,mipsel,mipsel:16023681288180819249,false,val
f54c25053180fc70e5c899ab528067c240b1bd4b853d88f37d1613f8c9d62830,Mirai,mipsel,mipsel:10567905032094097734,false,val
f582559108d212cb4640836d94e90acd64961aeff070368c9dfdc3b087a2e267,Mirai,mipsel,mipsel:4181433663309002973,false,val
f7667ba96483e8d98e9d28910aad30a494f3b9a9730262ba3fd9ecb620c9f50f,Mirai,mipsel,mipsel:10186556647025359828,false,val
d7aa8821cfe60ea4b6f4feca2df99d0ac664aee4dc05d5e101181ddea3ddc2bd,Rudedevil,mipsel,mipsel:13518510181129183896,false,train
