Hash,MalwareFamily,Arch,group,inert,split
035043259c07d83a69b742ceeed1b283232e580fda4f9e66b571ad7182b80eed,Benign,mips,mips:13737015406477937629,true,inert
2fac630a57f8820c2371527ddeabc18e8cbfce8d2019264bfffa75a5f5ddfc6c,Benign,mips,mips:17013335644184316922,true,inert
31bfa7af147fbeb6840e919a3930af4e40be548c8cbe024874604dc90b9b7406,Benign,mips,mips:17288208889845130863,true,inert
399f7430b8bc2141b0d5c9b673ed58452aae93e34ab7b22463efab129af7071b,Benign,mips,mips:1737671567309992898,true,inert
41ec236c40b2af59bb3799c9c8ef8b40aa29bd0d24fac21402af3f8e0b627c79,Benign,mips,mips:11372681767220816139,true,inert
4bc50faa4b025f1b920cd420b8eb1c62258adb481d74fe22d721e55cb718a4e2,Benign,mips,mips:10324664035342502855,true,inert
4ff017bf11eb65c571aefd90ba77ef7733c37ed7628a429eec56838da50f6a45,Benign,mips,mips:15142991945390431321,true,inert
52c956041202990fdfe043f2c57bde76d3c7baf0486c31ad1ee889d4341df3c3,Benign,mips,mips:2743366108666658702,true,inert
5a1ff5843d5edc5634664525ff95acedd61172927106085379b330beb7797dcb,Benign,mips,mips:9113441309675467208,true,inert
86d514758eafac234a534e68de5bba35f37b4aeb78e3a78706d1ca0b3e896bba,Benign,mips,mips:15359436902998656958,true,inert
93e05a7bf7ac6ce965a2a30b4c68eeda29f5826e678cb614f9b7cf753f4be654,Benign,mips,mips:6167752948843490501,true,inert
ae0d1b8618b0915b0dd1b2c7d82060f908faa30eef1671d88ad9886a0fdc1ff5,Benign,mips,mips:9331759836874950081,true,inert
d367242f63737f7a64fd16d4849e4e4de92dbbdae150a6baf0bfd55d8924e121,Benign,mips,mips:11525634558505190376,true,inert
d51572c4ab6604778487459ac3544fcf83844d49658571896aeb6e1c434bcd7f,Benign,mips,mips:13957409002858814037,true,inert
d7f830e7a5d6dbbeac9f205d3c17dac32476a8e9af61caeb6613aab21fb2d801,Benign,mips,mips:6929565433492472455,true,inert
e9072dfb226c72b1723647032404666f447cd9c8de7f9bf12602d3d2530dd10b,Benign,mips,mips:3215700651053157094,true,inert
004ca690e10511d58aa43f909e506549aa2fc343ed806ec46ae8bafcf6e586ed,Benign,mips,mips:6768663122133969359,false,test
0099eab66cdcdbc81199eb1a5014bf3639cf0b7946abea6444b9784c517c043a,Benign,mips,mips:15609981057603732197,false,test
00ecd94c15084e5da6335f777c0dee4cc17e7c8cad52a6de2ae37ba60bcf4c21,Benign,mips,mips:14411989230588094281,false,test
0183656448054ef313e44b64d6b21c499cbaee07cd20b03a55f1bc848e93269a,Benign,mips,mips:10973716620583557059,false,test
01a1f45f8a8257e259cc7fbad35cb60571b82c91c32ec575f04c292e900aeb5f,Benign,mips,mips:16424373742638006112,false,test
01e35adc4416c0137befca3251c17d4192ede80f54f638b73a4b62f21a2e8ab4,Benign,mips,mips:16637900958511499709,false,test
0269a14cbd5244e663d22c3afb3fafd71ed3fde6d3bb917529917ec37cc5192b,Benign,mips,mips:12723494796156528691,false,test
04c7b10401e92f7ca3f040fdecc4f12dc8bb8b195b21c36955d07dee7d33035c,Benign,mips,mips:344683939277242145,false,test
05f1e4345d45ab4b37285b911575fa030ca9c5d6bd3080028a47c21be704a740,Benign,mips,mips:9492326885492205528,false,test
06f690adcf56a0655d809d68ccec68a8a17cd56e0166fdb0abcd9527aaea9d55,Benign,mips,mips:15674823737778231811,false,test
0a438232d3bfe8ade3972fe70dd788c39142187c888dde263912efe080f0ef11,Benign,mips,mips:11886062348296945318,false,test
0a81c0d883309f28cc1abd3befcd4d480bffee08314a456ca66de50720d3fd7c,Benign,mips,mips:13255236357348770871,false,test
0bbf5b4ed91b76ca9d8e6a5f1075296b41f546f1827d3479297c4de5981d762f,Benign,mips,mips:17078158660048455625,false,test
0c399bb89af6452a0641c129449aa951dddd9186529d5bd80555c0d2c7d6eaa9,Benign,mips,mips:14695283619971171557,false,test
0cac55375431b813bef48cde2a20271b831664027eedcaf6ede26149e010f026,Benign,mips,mips:2027585323225210573,false,test
0dc6e4b7520be301f7d040cf8cf2ce5906fbd7acea33ae1f989877a680cd5f16,Benign,mips,mips:14079034632631128948,false,test
0ef96fb45d0cf5f5abf29502c463b656137be65853fd693873362347f396944c,Benign,mips,mips:15953992889488966206,false,test
0f868f43e4b44f29556976ee8676d97eb42a93e8b900ab0f1d9cfcb60d768545,Benign,mips,mips:11214646764759970375,false,test
0fa46940461741bc2a610b7da9cf87a96f2af378bfc6a3a01cf8f5d0c2f964c0,Benign,mips,mips:1232407573199272490,false,test
0fe2680e878e8ddf72ed4c7828e67a601218bd80875a9821cfe07d4e6e102cfd,Benign,mips,mips:1467926311176407938,false,test
0fee652afb60aa7da8b2cf515a84cf23e9fa6bf91040a675d2ba47e7593443ad,Benign,mips,mips:4357325550167775181,false,test
103f10f41c2a359ce7644c5d99f11dfdfdecf8453e2e82b6363e3d0e80b36d6e,Benign,mips,mips:11607809619328720687,false,test
10939192d6277c898e7d54f4f7a1724f26b3e94b25d88e784b1c33d0b821a82d,Benign,mips,mips:11680609014184355617,false,test
10ba98f1acad3abd6855de45b098c32e20469c00e1b1cabbf3e069daabba74b7,Benign,mips,mips:9376866118894149667,false,test
10d1ae0be03ca7e37bb4cc42a24b6ce818026daf9610fb7ca456da67e20ec62a,Benign,mips,mips:9624118354112384881,false,test
10d982655401bda29fdb73694d1fcc07038f28916fb154ba67465164f60eb34c,Benign,mips,mips:949588551738500384,false,test
10f53d52419cda8bd5ad055f81f744a3c078f8ac723b3678fc9f8938a45c9be9,Benign,mips,mips:9049637486392767247,false,test
11761cfb5a10dc5dee30c35df7c6c3c731ffbcc999153bf26474737700c12936,Benign,mips,mips:17416375846026067399,false,test
11842109061657baf09cbc00152a4874ecfc29c15f86d19e74759812d0388012,Benign,mips,mips:5821367992052354231,false,test
1429cb45f6b87fa2dcb8c3ec225f8d45e59a3328314db5a184b46a0391d79dd4,Benign,mips,mips:1754283867193242976,false,test
149fc58de98fb70cd72463ced6e2f87c13b6bcd6f5efd057b5a96fa1f696ec0c,Benign,mips,mips:13603884426845147166,false,test
14af527c9dd6523a6d0edd5fcb2d73a8f20426e05f9aaa52dc8581e3e768f0d7,Benign,mips,mips:7004037496501466514,false,test
1546829aad0c5dc7e9e567b2626bdeb1e962caa3cb14e47d35f2bc9690d9d514,Benign,mips,mips:16247456738147424628,false,test
15a367bd13bb742497f09df14707c9059d8cbb4c5979197f46eb0c5ed9475d0c,Benign,mips,mips:10678543410659703599,false,test
15ee008261cdc477286a5addcdae9294998dec9e80e22de32c3ea2f8220195d4,Benign,mips,mips:5457695924976935304,false,test
1633044f726f32201f4c1619cbebae23bbc8e3acdbaa3be4676f8cd385e50e82,Benign,mips,mips:1378350068171931906,false,test
16940ee2e3a26e0b8b32393d477bb5e5e1a0afc24b48bc149c2c2e33bf242c97,Benign,mips,mips:17554959505456446083,false,test
178b46419863668f2394d90aae4830cdce9bb7d42369d19d0936c4a2bbbbb303,Benign,mips,mips:1164372416167940460,false,test
17c5425c9d6237a218330bea99a4e777a5b02cf768d715de511c7202af6d1f7f,Benign,mips,mips:13494143700573703437,false,test
17e80bf2c1643f1fb5ce36378281ee6c1260f1260a3241a673f68a05100cdb89,Benign,mips,mips:9119468663432466428,false,test
1810b2b3365d4b2791138bdb1c7c453209b096ca3764a0631a3e16976045cacb,Benign,mips,mips:10389406891650490490,false,test
188fff60d823d471b383be4167c825a47f069fe1d56a75c33eeacfe99e81fba0,Benign,mips,mips:9942938217511505143,false,test
18efe8c996c3affdd093660b5e18f6e64eeb62f8581fd513fad5a58c32d6de94,Benign,mips,mips:9491292548417834189,false,test
192dde1c91fc48442b0b4202aca1c835d4176aac834fe0805658723fd14ce0f7,Benign,mips,mips:16352577528676084632,false,test
19af57c12149c948c21b2ebc51d17726b7ab9afb0dea63b8c820309c7665347e,Benign,mips,mips:4920654551182883148,false,test
1a2fe26d4647cff3e7488a36f065ba6862fbd1622792686cc16b35bbc5f71a9a,Benign,mips,mips:7606583719675961966,false,test
1afe50853fb2c7c1480dd47e918ae10498b8279d065bc74bd9793364e09dd274,Benign,mips,mips:16744481930123595561,false,test
1b086b42e7cafb025fb51b87e2ae1c7b0b630c25f7bff46110f088259f8386b7,Benign,mips,mips:3933130711082621213,false,test
1b67b6f41b9fee1f1a3476e9624d0056567be3eb6f96e548f7a30cedeeb7b310,Benign,mips,mips:9028566593355080570,false,test
1c1b8c224ec1d4c05e3fc0222c215c3ac541169289ec90a29d2a2eda7af24e3b,Benign,mips,mips:2421257383709163020,false,test
1c35ad0bd946230b4548cee8789170e866c6dd25179914e6b217a9f49b4f9908,Benign,mips,mips:408165836488578543,false,test
1cf3d72ac588c1bd2afc6d1301d6f9d1589a4df99e1302b8a8c2ca7e703b441e,Benign,mips,mips:5529204198122635390,false,test
1d146f1668b678fcfea524f05a5abd15831bfe5aeb3b4389fb0cc06a6cfcf549,Benign,mips,mips:13820443257154880774,false,test
1d247646b80808eb6a3296f0dfc00be28781d12c1249818fa688f2395c8a06d9,Benign,mips,mips:3288031482756765543,false,test
1d5aad701e3597ec36dbee7308ed337985a513fc2e9bda310ccae1b1243aefc6,Benign,mips,mips:4310830520142612131,false,test
1d79be516273a8eee188c743fe27b70e92811189315d6d99801723220b1fdcd3,Benign,mips,mips:11012708014268883120,false,test
1dd0a3ddede38cead6cb3ab7297104dcfda1493161745264822b74ffbc706da2,Benign,mips,mips:1300652586295311694,false,test
1e3365f32fba5f9e2d09d4e213da6c20f794c40b3b1bd3f5b316f58ede492276,Benign,mips,mips:7285936962317962080,false,test
1e49c09cd3bcf8ee3da608183454af6459c4d126e5073be3967492b37eb498b1,Benign,mips,mips:12005390397847050034,false,test
1f5418c3a26a54a0edb457d6fa82cb427a1f2cc3ea9e5e5fb7072a91343dcf3b,Benign,mips,mips:823516417353297333,false,test
1f7fed8e24d8cd81f5f857c2e4b0c27426cc2c137c9d4054a72d52451b71416e,Benign,mips,mips:10018186846078472435,false,test
1f9858deb87a5a0d9db6af786a7481b6955e1688ce600882789e87a85c3fa7e9,Benign,mips,mips:5183194355765936327,false,test
2063842522f2b17415cc38d1413302bb7668461b2a3926a5bd8300a146f559f6,Benign,mips,mips:5737500891856670946,false,test
20ffea59fbd368407777c1f5a69dc665eb232537b3453721fa086884dcd7061a,Benign,mips,mips:7442884061255192155,false,test
2177df6fad656f36bb4c6f3952bf0996bbad43fedd3373180ac1f5232a853721,Benign,mips,mips:15681392354266137375,false,test
2182bd8b9397f9c7ea92e0dd236ea561bff22ce744b1648931f1f51e9abd6706,Benign,mips,mips:5026797130235008396,false,test
219bed9dfcc385e91da003a102ba3dd40a4e7a834dd248768c82a34545b7b7f9,Benign,mips,mips:11486180873286935759,false,test
21bd974ab427528528fb24ec228744d1960a8b66a496a12cfd1ee0f8628f913b,Benign,mips,mips:15124847522109827737,false,test
22c79cb825ac940e01c4004c2788160d29c6cc872e573fc999841676e9178257,Benign,mips,mips:14615459107293605548,false,test
23b3a981cabb392fa31238306acea0e2b32fbc6c03f61be0da9d1557af68d87b,Benign,mips,mips:7838991418911484783,false,test
23ce7d18b56aceaf32547bb74b9aa3e4c2d7577350e096f037a7f99bf07fb3bd,Benign,mips,mips:11490514277569129757,false,test
255b61799911891e8cdf29f45f7ab7a49b24ffacd7f04fb48d2d2e876ed7aa81,Benign,mips,mips:15506297235771976145,false,test
256ec39c5d4f6fceb11effa43a8f2e56508b338cd275155f16b2c53fb0855775,Benign,mips,mips:6290835755835991231,false,test
25d58e6082f6a09ac2c2ad9dfe9a2cee5ae861e20d677b09462b54fd4d2c4495,Benign,mips,mips:8172825125448668489,false,test
266719d2769301584396c1731aa228321f073bbe50857a9c8687282a4520dc1c,Benign,mips,mips:9406216324091228233,false,test
267b4952ff33624505562ee49fa341d1f93c3b1835af3e37d64b306de36365d1,Benign,mips,mips:1294024925935785692,false,test
269c86023394d3f3270d0f0545e53ed20c6b5f22ba53e73c96d6ea23bb45c625,Benign,mips,mips:7987154328337795072,false,test
26b21b1d560b7a89161ff94798b19e9baa080034f3ca79a5f71d331e3e4135f0,Benign,mips,mips:1306781479543328434,false,test
26e37447d631b9f0497c5e1a64bd9845f9dbd2225405e2cb2e19ad118e6d87b0,Benign,mips,mips:849107334593205138,false,test
271751bad5536984bd4739c9a2bd102404d40951d389cba50693cd4b7b4a1caf,Benign,mips,mips:4518309773683659875,false,test
274b31b878e9d620644934904cdff295404c80e346121aed50433f21aece2c37,Benign,mips,mips:2123908192283057014,false,test
2803f6fde94e5058cd26d0f295a07f4f3975328fdf95566354f4f0467dee9d64,Benign,mips,mips:12484447555616742885,false,test
2823e6ee0f4e67a53c8da9491290c4d7291ab22c71387cd66fbdafda978a9189,Benign,mips,mips:4383717742037745767,false,test
28e540a0b49df21fc926b53b4d69a00a0dbccb807fd348891107e16f9e0023b3,Benign,mips,mips:4040327012091706375,false,test
28ff748f63f6aa5389fdc7fe3bad82525d144747c5ae967f02ce1984baca1d9d,Benign,mips,mips:2242813796315069437,false,test
29553517fc236c5dc199fca82bdd46f68681c93e0a6bfdc7d8dbdfe3b7af30f7,Benign,mips,mips:999569435843110984,false,test
295c9a0efa678f6af3160e4f48702271a93577e385d1e09d1dbad4a31944d1f7,Benign,mips,mips:17545720798709399157,false,test
2966f0a79c3b7ba42378838e8b5a9c01c302c1a21a7214b30aeeeac7b937125f,Benign,mips,mips:18127439209425237790,false,test
29ab7bb3041e9cedee0ddcd3316e0cbe59114315e451e1ed8eb5b737bbe8c46b,Benign,mips,mips:17011477543409857980,false,test
29c1eee53b7f1a02503bae34189e17239f1fead135738d1a9a3ff60ca337f940,Benign,mips,mips:5044938311657413045,false,test
2aff408bcf08e6a5f986cefa3816ad0180c96d87e35addb19bc9e10bcb2fb76f,Benign,mips,mips:7161506296948909291,false,test
2b74454ded2b37ab01c85bbc1077351e95becddf78b055af4b935e36e5f3c8f5,Benign,mips,mips:8719753605386929039,false,test
2b81e316fbdb2212a1ad98513eca9cdd97bd5cc32f0e28dde52aaba105377068,Benign,mips,mips:16624871106989492338,false,test
2ba280e87cb42a5b7a5072017b35515a0a5d93321490d33fe04f0779658ef116,Benign,mips,mips:10544188925695685804,false,test
2bc799a37ad4a0a35e162b826a62442a443264b76d0e938d4b364e174d14f9eb,Benign,mips,mips:2831938176063932815,false,test
2c27f9785ff93b1ff49759d1e288c6174bc1541571126caa3ae9859f97fadf75,Benign,mips,mips:7873048955984829178,false,test
2d1dfe4f1c2f822c94dff2c7e8deb149ea3f386de46db086a980aa44d1cdcee8,Benign,mips,mips:16281790390929875304,false,test
2dd69c7a6a4d28cbd9506c25cb295977a0844b9119d9e99257291eca43c3a696,Benign,mips,mips:6844689439682215382,false,test
2e48d85e72bf9ccf4870f9f49c1bd7114d28d1667c285558218023dc2545b021,Benign,mips,mips:7816046831630813174,false,test
2ee7f3f9a390013722aecebe9a107264c02dc4974abe47af11bf4744b265c003,Benign,mips,mips:5321721475608606284,false,test
2f2f319f93c4211e5cc96e229f598ec7898ba6f06cb4ff0528320093cc915daa,Benign,mips,mips:3625160196600154448,false,test
2f6cf2a156095976e0778a5d88e75cba62d87f130eedd5b5f9c09280edb3c9b5,Benign,mips,mips:17221644011196800272,false,test
2faaf108c4fb0407df217f4433324906dc489eac5bb0ebdf697c6d8492b14134,Benign,mips,mips:7115214323593510171,false,test
2fea939cfafcf8ce04450e28a2ef1dc01ff34b1fe6f03b183ab23e8801a652f8,Benign,mips,mips:7749979573193387214,false,test
2ff3a5a7d41159ededd8f3d15cd575e1c37c659f68d55ae3da2eb786bea593fb,Benign,mips,mips:16942526711029610324,false,test
30137c49c8162098fd12fb7b8c853eeb4a00c7b5ccaf560351896e1efadcb527,Benign,mips,mips:10321201950791079320,false,test
304197487b5c0d66cdbaf1c8b072fa09f45042ad9edcad875e67a2554707966f,Benign,mips,mips:4837965664676257168,false,test
304f4eab2cd030c9e1a9b65f092dd8acdd562e1f2c8d4966cd37c4314ea30e3f,Benign,mips,mips:15268044102519908034,false,test
30ad9de4bb0b99a8ae342f8e78acd4ae0e8783838a826850fc236dd205ae3073,Benign,mips,mips:12197763217321172852,false,test
3190eb0aaacbfa881571bef358c4cebbeef94da35da2444add928aeeafd1e8e1,Benign,mips,mips:14065617782262364470,false,test
3243461930525fd04e34cd47d120e5b6f5c66a1a483511eacb2d7a851daa8eb3,Benign,mips,mips:12743340580320169614,false,test
32fc79997f7150e0fda42b902e6df50745f67ab313520c23830b0d5385a28657,Benign,mips,mips:10222602293593417115,false,test
33977ce81f563541b5ee78d3150ee5a3fb1f845853b32e55d77f13f0b16460e2,Benign,mips,mips:5246449790892525583,false,test
33b6ca61553878f76dce250cde86a4773858306f7ebcc0951147bf81a219c782,Benign,mips,mips:10423002846458753425,false,test
342bd7ae8175bd64ea0b9f2e9bd43b8a15b00bf80900f7ebc23d0790b209d6cf,Benign,mips,mips:6839557520730788761,false,test
349496d239949846babf607fe9518fe6fc4805aa221fc6d775db0104f99d751b,Benign,mips,mips:7470621685070314074,false,test
34fb9bf6f9bd5621dccaa89673c9cadf1c236000d6d5b95846d2e86092e84b43,Benign,mips,mips:14789164406906084956,false,test
35015eeac4fab6ee4f049b1e3b189d1b1a20fc8cd1984a9d3fe01e18fda9e68e,Benign,mips,mips:12756556084750044518,false,test
3579d2cacb118eaa357fd6acd84179e826526875cacc4a51215709b8c786e926,Benign,mips,mips:17273776293587072328,false,test
36f4097eb182b2dbfbe5b81825d34810360079b3af9ea05d5aba9173c13162d3,Benign,mips,mips:11888880386614127732,false,test
3719d8b45ae89824257fcdd2783ef65dd52f5e262b6c562bb0827d07a314d39b,Benign,mips,mips:12782116261261387762,false,test
3739df59d7c718f4f831cded9d2ce1e37ceecda7f789faa47034ea554743da89,Benign,mips,mips:14768993410379220207,false,test
38e2de137560de1bb8151134ef684c1f865202bc8446c543b4a85c2d003bb76d,Benign,mips,mips:3559127324137438663,false,test
3911bc393bba0aa0c665950913d6716235d9032fba48e5c135b43dd5de6f72fb,Benign,mips,mips:11883753649845400010,false,test
394c176e3b908633fc1e9d624b394452296fa4400a1e9ff93e67729dc8749e7c,Benign,mips,mips:17347943595218612783,false,test
398912343a825235ca982cc7404a2aa7266d7a9d4c8681ead2cfa06b7dc8bc6c,Benign,mips,mips:4035464624790713159,false,test
3a185da161182ff672711cccf077aa48259bafbbafe4f1711e622b0148e79c28,Benign,mips,mips:13208644022649733548,false,test
3b9226061a75a4f142a52a377840978b142751781b0016d3bc984c51377e39cf,Benign,mips,mips:15088786738773291080,false,test
3b9e9bce7d59a5a9b9619b7cf4159b8d3af29285da9b0b161b873a0b458c37fe,Benign,mips,mips:12191327529967970069,false,test
3cfb6290707e5eeb99a4c084b13166541a9b51f81128843838db6f83e91d96ea,Benign,mips,mips:3266126616272581226,false,test
3d031e6457b90b96cab221086bbb1fef71de31c8cafa1ef857a61992199a7d93,Benign,mips,mips:5224373690835467567,false,test
3d324df060d671f3b2ba925d8c67018a630ab962bfe3c05b2c33c0dc00cd2331,Benign,mips,mips:5275021047083996468,false,test
3e1854bc01da60d042d6e530752a9b0b1bfa7e927d5e733cbe48c6e5ac69eb93,Benign,mips,mips:9560404649675568455,false,test
3e1fda59f1c7f73509c87b25a0454857e6affe7a428d5619547ecc7cee6cb9c8,Benign,mips,mips:12608648116310273666,false,test
3e3c4b47596c5e5dc64a1b3795bdff2305109ca423c6db4556f678b54294d854,Benign,mips,mips:10768671522040013700,false,test
3e4523caa50837b8bc7784073977a87b59386f94dec85cf4bf95774dfabb817c,Benign,mips,mips:16799305826713271116,false,test
3e486aef157acd7c05ca0c71b322085655d61f6d37d435a2ac2499f5cb3ad793,Benign,mips,mips:8251700121870714557,false,test
3ebd9a166718b534e8c8702a8592cc4163b3cdcb5e9c2e5d0f7f265e7510af43,Benign,mips,mips:17989721365291488259,false,test
3fa5ef8bc7b890ac6814bdb05e72d0c54e748578a1bac616738d4d372397817c,Benign,mips,mips:8809167172871776649,false,test
3fd2146299e5480bf4cd38d553793da1d9adcd7f68a68a9b41de97c1a9c2a848,Benign,mips,mips:12053950712275212794,false,test
3fdcca8efc984d6e1aabfa5e31ca2c5ac9276de0b75c6e8295bf5681a99d0f50,Benign,mips,mips:11293885566423253658,false,test
4077645700cf1c5bd771826155c1862b1657886678816de3f41633682c68897d,Benign,mips,mips:18054263928310622572,false,test
407b6e09bde85521527280009e10afdd9a654ae52d4e4638acca93b258f3c6b5,Benign,mips,mips:7191178755256479477,false,test
419106b8e88dd23f661fcb6630422270878ca8280882555f2ad24c419ff7ec12,Benign,mips,mips:10989349873167092232,false,test
4252bbd60ea406e5a137d244ec78d51c7f2dcae26a4188cac94825a9236fe712,Benign,mips,mips:11921866248798149013,false,test
42a146df1dba950f60a7859fe4455317d6b58f7e9d9e45d2cc9c99c98ea67cee,Benign,mips,mips:1910128053969087868,false,test
42e664122627633baa741fedf190836efa36b4b3de1f6c2bb0e15cc0d9a1347a,Benign,mips,mips:1459551334642684248,false,test
438480abe2da058cdd767505e81744a71ca2cced6d6b8da8a7248126870dad8a,Benign,mips,mips:8775412094479586124,false,test
446613552a9d6e9dc5809f82fbdf4a7a5d8446971aa39e2133efd88c79177fe1,Benign,mips,mips:14808446201127467703,false,test
44c6c87489586ea7ec8ad3381d50f68978bec40744070d191c7fd2bfada048ac,Benign,mips,mips:5355867909052556023,false,test
44d93c3e4c3f1c2a8d12f869f2da4926615d18bd0a8cfa17ac2cc96e52ad6426,Benign,mips,mips:16999757483074174819,false,test
44ff70b194babab1d464b2eae7e06691aa7b5dae2f448d880959c4094b52a25e,Benign,mips,mips:12010535828875600891,false,test
462851aadda07e36379e9b45e8ea9fd12edfb1e11c38e0e34bcdab2237caa275,Benign,mips,mips:6560443772578461828,false,test
4630666303c62fb2e6357412b664b3b324aec3b49d3648f14a373f2d9320f005,Benign,mips,mips:9641965163168658645,false,test
469886d76208af431b7f1b61518cb86ddd4f97e4001d5fbbcf2b0db610a1c00b,Benign,mips,mips:11484721500023772226,false,test
47369827562e47dd7b75cf9602769761d0450b887b2dec4bc940aea0bd5cee21,Benign,mips,mips:7670585080727345328,false,test
4793345e09f2c6a1ebf30c4b8448ecddcd6d17ef70696fb7b5e0e366323e87ad,Benign,mips,mips:1082850081863414467,false,test
479f5cd8607c5221c4d76c0f6413e4a5e3632fa6c63a2d8207dbdd81f4066a57,Benign,mips,mips:8648828099565103982,false,test
48286e128d0495506cc78b80a8940c621129404a8f5b901da1a0e03204e7d1f8,Benign,mips,mips:17846549509203632013,false,test
48e36d88cf9667bed3d3e3773793f8960719426f8ce6eccc3e5c25f941a86d89,Benign,mips,mips:11655343045344194558,false,test
49d585f63e85d5eec85f209660fccad04188daf166bbc09c0ac19501a2fd39f5,Benign,mips,mips:4420227794481508746,false,test
49d9a503ab3f1bf160a06c17ac79fe75af39975ed91717e8081fd636fda1bc7b,Benign,mips,mips:2197162792926910780,false,test
49f79de80de416cea8e6407236707746ade8fc0729c0ff15e2ec37723a5d8238,Benign,mips,mips:14125381526416360291,false,test
4a68d036d200d9d491a06fa106195e8665638042294bb0aa7bd622bf0bb96840,Benign,mips,mips:2016808799307276799,false,test
4ac3b24233152da1060f5f257a17babfc6b42c705aef4a9c49df645814b17a31,Benign,mips,mips:16288369782191424196,false,test
4b0d0812371a1a071979d5e183092364b1ef8a67f221e7499303c10c78fef7e3,Benign,mips,mips:9295638259630795827,false,test
4b75e68bad4860e47469902f3b97c88258aac16d6453b34ad5864d7bfff330d2,Benign,mips,mips:13266127796159505021,false,test
4b78d6302474dd01011851450e06d69bca6e4df867a3106e2ea2d178e52412ab,Benign,mips,mips:5362808613184590519,false,test
4be95b911f86cc6b6a0b359c37f8499e70a00e58b8ba73ef06cf88ee75d0fb1d,Benign,mips,mips:17615218122630704401,false,test
4c77ce5d716a140b4fa0bbe21035365b8022db021f897c7deff5a8959cd80281,Benign,mips,mips:8667025400157631401,false,test
4c8026e71a1d64cd1e97bb51676fa66e348a3c65d7c8168c26df8f5549535417,Benign,mips,mips:13659992418409204282,false,test
4cbc98b1c3dea7117c64ca6d0c3112da8fa749f129d017835f87fe0583aa7b95,Benign,mips,mips:10915052491361622461,false,test
4d29a38670b861953817669d219b50accd5a5722a8604001d35bf3d4fd0eb332,Benign,mips,mips:2960331415072412624,false,test
4ec414569753c7cba183a14cc14686a467d02abbe0b4c5f1800932cd633066d7,Benign,mips,mips:6308420014538629089,false,test
4ff5b6eee06fccdf0b5e738066de3dc4dd430b615462bf392a8c72be799d64b3,Benign,mips,mips:5409976222883163315,false,test
4ffdce9dd7f5e56bb3ddc7210417e96d93408ddb53f90b86e160e4dcee8ea3b6,Benign,mips,mips:15976709070360672488,false,test
5078b0ebdb991f8a80e33b071ad5d2a6759a7d11964875993a7c27e5337b1487,Benign,mips,mips:16755095304409969276,false,test
50fdcbf01173ea014fa663c98166377f5291f3f8baf1a5b65dddd5a2a6d5d148,Benign,mips,mips:17571863444944747805,false,test
513a249e0f6694853d65d18846b0ede3d024b85bbdfde33d459fccabbb204346,Benign,mips,mips:73577197926815108,false,test
515e9d2850b1ae105ad3074e3a9ba36af847e1d32e4ce16d5a39b46721e80d01,Benign,mips,mips:5235356683247323742,false,test
515f347524a38733a7a7b5c5467da01acead9e614d7b6edbd79d802caae9b7ca,Benign,mips,mips:16396635990560089749,false,test
51aa06709b701160645bb8e0713996f31497565f7006cf4148a4754a11b886a6,Benign,mips,mips:5102178667603674980,false,test
521d39d333bda208126916c53a524e7d52cb585f309894c9c1a2d00342394ff9,Benign,mips,mips:12280327556038699907,false,test
526200494fa4d04aec63b9e84fbfe00fb8280bb58f4e81d7708369ad395c8bdb,Benign,mips,mips:1549190273540265620,false,test
529436361e13f7fb71309a20e548a6311326b319c2c52c0aba4b73f8632b1538,Benign,mips,mips:16206773035494076034,false,test
530760b366a7713cf97071f9935fe3e901d8bbcb91781eeef96259e8a1358715,Benign,mips,mips:13169996672155139757,false,test
538c466447c05916e3ee50b9e5e866ba6c976bb7522b5a2b96ceb1cbb90513c1,Benign,mips,mips:6009551148584455461,false,test
543dfd63d34d1163af2647f922b20f9790bb419d560149cea13a3ff787adc251,Benign,mips,mips:796834529711375104,false,test
546a783139dd6db30410489b8e1afeff1b2058b46e25fb8c7aff1c1dfe1948da,Benign,mips,mips:15231869143601805583,false,test
54f1657a0b1ff3fb7cfd612f00fb3e9ff9a9f19dbeeabeb7de1319c25de91324,Benign,mips,mips:14098431232502322036,false,test
55137e0126b2878d6efe5394114c8dc247ffb870e0df5c3b1dfc97700bf2c632,Benign,mips,mips:1857258755828054145,false,test
5559c6594ea57c81737d7e5fff5576dd560ee5fa8ab95310f35b91db06996aec,Benign,mips,mips:12762533659327132044,false,test
557d9714173e56a2cb408540602c7e6e8757ba54e5bb5009bcb02856b016b2de,Benign,mips,mips:1687372412641231130,false,test
55b1b6e2f02547f79108a29ddc0d611f93edbcee5c3bb20d327422b6258364e0,Benign,mips,mips:7696388261582389637,false,test
56e78eda39e1d92292826ee703633696bde5e2b5fb4ca49f1374e3bab5e62a70,Benign,mips,mips:17987599528981309200,false,test
577d957166adc218fb6d44bd927d42d0ab24f8d1d8b19029ef7d51ce24f180da,Benign,mips,mips:3350972461026685201,false,test
57f751aefa36538f13c372277b677a454fa3568be98e7fa193519968c309865a,Benign,mips,mips:9103793076798239986,false,test
583510c4679af2a2ad1530857a6d0b834102390a6ca7119cab23f7d46198d07e,Benign,mips,mips:10924330101585998141,false,test
58fcbdc71e02d9765690192ca3ffa2d5a63cd94b5c20624f729f3e91947f0d69,Benign,mips,mips:10477304253273250326,false,test
59ab4ce65e520a3314e2eaf4109216edf9517d94a56794f957b4b0649bcdd23c,Benign,mips,mips:560926705932529439,false,test
5b1c4734ccd6417aa8801aedf92504ac3282234233373f8257ea2e756939695f,Benign,mips,mips:2405120766067487432,false,test
5c9f10ac1bed49f74332759d1230bf6e956592e6d0ee7d1349fd2ffe33dfc604,Benign,mips,mips:3815767214885382641,false,test
5ce486fbd3ccdc8bf015a38bb8bd101079fca289345d213fd02eb63f017853e5,Benign,mips,mips:7889983322019297802,false,test
5d6761cbedc015c39c4038af64290e22dae538c76a7fe903494452d0f17b6de1,Benign,mips,mips:7784516844842002922,false,test
5d741efcfb6fcd7a8d2957981b8958d2d493e14038c4742bd782f688c9b1f5b8,Benign,mips,mips:13834928406664762615,false,test
5dfd0b5f859102732aafff9d7ed3fbb515e066ffc61175963ef8f4a74bff21f4,Benign,mips,mips:558726746521567972,false,test
5e50e4e4182201678de2a0ad5476404f95a0b72c7adc2081128f0f4f3039e3a5,Benign,mips,mips:12387717021805311714,false,test
5e6ad680022ac58e6b30f0f3dc0c3eeab251d9441a1625e05aa1a4eedb80af01,Benign,mips,mips:4741618104806076269,false,test
5ec464aea57773c1241b120b2415aeb218306dcf4bd86ae61f5b46250ba10ef1,Benign,mips,mips:8739258454638760727,false,test
5f0ef52a74447d98ba0f018b81ea8cb905c8c1cf25ba39df26118c9a2a8bc4ad,Benign,mips,mips:10737123991233803553,false,test
5fd042011c0b4ab2d6f292fbcd1b72477825cfc4b06aa6b8971586e7b9de36e7,Benign,mips,mips:5307394025140493386,false,test
6011a5fa5e6294b97f8202cb16767c4e027e6a26dbc3b2973284f10e5460469a,Benign,mips,mips:2539267326558629280,false,test
60e7e8cc110cb99d3e475c63f44a5f77c7f99c9daaa4718cfa8a4dfc3116e1c3,Benign,mips,mips:12642986438669818316,false,test
62713db6f6c9f8a229d91556b2d1e4723f99ac3fc636abcce561a13d05fe249b,Benign,mips,mips:7451458020034425372,false,test
6276f9e83266bbcdbcad3b7217c6557e1bcdf5707edfc07741d06954116afcd0,Benign,mips,mips:14990056427378375149,false,test
62b79fcbd328e08d089daae071676a5b99228585fda0c17602adec7a2b0ba0e0,Benign,mips,mips:5645153234837932145,false,test
63a23ea06d8a355b0364b725428d841c642711fad1588eaf85bbc55de4d3e7e8,Benign,mips,mips:10775211931671681628,false,test
643fb9dd3e7762c8cfd6179c5347886c960192066b70ec2d96bd351bdafb891f,Benign,mips,mips:7867800992719605259,false,test
64ea01bced87a304236f88025fe6b228e7ed98b6815111949f995f2bea62b43f,Benign,mips,mips:1531540234980438447,false,test
65c25a770240483e419b4342dc012e6546453250f34c06dc65e3f2c88925b623,Benign,mips,mips:3377716213620344943,false,test
65de9898b5f2799e63258eb51292a0445073259d42bb09aed4fa3db3c46ab018,Benign,mips,mips:13788412411984058183,false,test
665b7191685a7ccfa63fee07e0ce76ccdef9a1f32270eb32674da13bcd3e985f,Benign,mips,mips:2523256447138862270,false,test
6682feb93ab70cac3a132b1e51ca6201ca0bf53223b7da0fe1b3132261585de4,Benign,mips,mips:4291923254655407972,false,test
6a56ac8a6144f26d7a02d6b3e2773cd7a70a9bbe28b196fdacc7b7f9ff9ffdf1,Benign,mips,mips:5900796986331854578,false,test
6b82b0c5365e18bf969d59398b01c14d45453aef1a6594a134429fe23fe5e8f1,Benign,mips,mips:11903027707756649556,false,test
6bd58beff703c9938e75cd413f8ae894deca00f8e4934518018e8642eebb96e3,Benign,mips,mips:344385711742981767,false,test
6d29a73d156166dfe79b39d94e22f0c6475b18fd8a4215fc7e9ff5bfd9d5b9e8,Benign,mips,mips:14002310655251283379,false,test
6d645f787df6b7efbe00e2342a7848abc375e0784dd51407d1f24ddcc11a7125,Benign,mips,mips:10037871231988321464,false,test
6d799385a763a026eb8e63e48f18a230622e1b7c2d23e616a2a4f98860c35d25,Benign,mips,mips:9112394031252989146,false,test
6e9a24f321f5dc426b5141afc45fc395dfdfde67c7ec979605960a871f9935e8,Benign,mips,mips:11236677415636816977,false,test
6ea0418a53f20c73b5588a284de8345b4b54f69bcd981aa124a4605d845bd618,Benign,mips,mips:4268932967609052250,false,test
6f3f3fca87410923aea150d293e6f5aacea6ad5d2f08cb0fa40b7ba4701677a2,Benign,mips,mips:14824055441631127640,false,test
6f88400a6bd08564578bd84c55425fe8f048084b580866493ee3904593363f5c,Benign,mips,mips:8225753310855096278,false,test
6faad379957299c23be109d5a68fee10fe33540a17e001897e09917c49da6c71,Benign,mips,mips:1069368825976740116,false,test
709dbe237d978138b523e89c89d2e01f20eec641a331e9ff5d4d27124b6273b2,Benign,mips,mips:13237003468621565455,false,test
71042737debcee052b4364061893477cc9bee7f47e44e80363b62ce05dd0f2b8,Benign,mips,mips:7982218954338920388,false,test
7107262fd0922bcac5e06088473bb03e5eba5e25e65ad5011b6d49313e8e8914,Benign,mips,mips:1000888899790979957,false,test
71a673a603a20674c3d203c64c0edf960d8a673cbd6bf8b04c05e7e19ea92544,Benign,mips,mips:12023048903530170745,false,test
71d5c3e06549536d0324695e844bccaf79251d23b667ec96ae3e4ca2de7f2047,Benign,mips,mips:12733294980299234117,false,test
7237cff34e32dea6b128b216e04d9c7e496b3b57b7ad50fba68b2b065149ed6e,Benign,mips,mips:5356112964636837576,false,test
725cae12a793f5b6faf84785de04ad131525c700621200cd42b27b103f52b8b8,Benign,mips,mips:6039229780819083251,false,test
7389d6fb4341742532974fe22d6dc96be6c8db1fa72cd9667fafcc21186098bd,Benign,mips,mips:16174129928968370468,false,test
73da160164a051047e3aaef7c0d1fd07da037c19d5db6b709d1e9c6eec7df387,Benign,mips,mips:9163210271527170262,false,test
74f01b9853417c6281eef76ac87934a9227aab25587aacd9bbea4ebc0d940e05,Benign,mips,mips:2668617879748921033,false,test
752e0f8eefa4016d136495b9e33c8622d6a72e3b1c46a6a29f945775f26b3c5f,Benign,mips,mips:3566123051235610286,false,test
75e11dff0840245c8ae40e17057d6e463e02e535f3e9dfaddae994474e248139,Benign,mips,mips:14846162367091682989,false,test
75fe2605b4027f85cac2b3a6e2fe5ffc9ab2d8fc4f8746160de5d96d292d392d,Benign,mips,mips:15083740114935035865,false,test
768e0cc4aca4350a2c85678daf255ebc4dfc52ab0ea0be17499adca663f60b07,Benign,mips,mips:11749306724318881360,false,test
76c9f5c361debd9949f980754b46ca111a6ecd8ad74d3c35561d5ce37620de4d,Benign,mips,mips:9928264584800587146,false,test
77a573f796d32eed53d5f0b984d406d30cc6030de12b125f242c501d05f799cb,Benign,mips,mips:3159470872892728328,false,test
77b0a61452a5a1d5b161b980066d0e5f4686654bfc83e3ce830b21c8b93e9dfe,Benign,mips,mips:2365525648933362732,false,test
77bc91ae4b03920b3f9d6e5345d42162e3be599f7c240893ff9cbea1c28a9ec4,Benign,mips,mips:5514790027812684473,false,test
78fb936f92cda9cdb2a9ccf6c24d903a265dc432f7eb1b45668e42d6f4c903c5,Benign,mips,mips:5596718775298003089,false,test
79676beee876733ad328b3930a885ce8db6139fd084123627adf965511e16fda,Benign,mips,mips:10302743799344317356,false,test
79882774696704cca82cc6c19f50e8301a4453308209a69e08736270d4e71ec2,Benign,mips,mips:15483482091939557378,false,test
7a1436cdd83dc2c817d5fbeef81a64c8f4318843eb2c11f98af772ac42a1dd2e,Benign,mips,mips:13655719292903261473,false,test
7a1da14e11506f146ba6d0d4487db5552190b7e9d895febd1f6e9ed8755fb13a,Benign,mips,mips:10192932984929950657,false,test
7a20376c36ad9aa6661bd0b590a29ac43303bf5a9443b2cd2936eae0c005c197,Benign,mips,mips:2237851942204567569,false,test
7a770cc0b3dd2ac4e801b1b36cd16b7120ad2d81b8cdcbd6bc82defb0bd8ff40,Benign,mips,mips:3027810620468112680,false,test
7ab4108e59032b7f1c66f042d6c37112a6a3402e02b80c9091f994bad97ace23,Benign,mips,mips:503600384129230747,false,test
7add72d95094e6be7ca5022be4a6f96168f32ce0b34321421f936c5cd6f88965,Benign,mips,mips:222866951702481373,false,test
7b3ad3f3bf65abced0e4cd697747778cd499e6b07d9969447dc79bc5a2bf3cf1,Benign,mips,mips:400653665971180811,false,test
7c064150b63e899cbb3557bc87f0e7551a9ac687e28ff74058d4e0ad4867c75b,Benign,mips,mips:10078988910090464591,false,test
7d30e2ef2823f829242559f19dc7c764f4608d100e0304c080e94fb4a9833cad,Benign,mips,mips:503579431560570958,false,test
7d6ac87a5d2c6fb9be31babe95eae1f57ff4120747a61913eeff032cc7cfaffd,Benign,mips,mips:17232432640880288292,false,test
7d8eb014831386041b9a8983ddb397def7d37d5666026addfb8e321d719aa498,Benign,mips,mips:7612679151389963873,false,test
7db902f17c1893a9b5f4f0f0f0f5d323afa3864d9371204579d1c2f335249ee2,Benign,mips,mips:12851642356860471320,false,test
7e5d1104ee662ca9b34e423af0880b8cf56d11594891c493481206bf3be613a8,Benign,mips,mips:7337895032694932619,false,test
7e8f7163f5ec0e024399eefbce8c534c1d16d8f2a521290a5fbaae70083cb44a,Benign,mips,mips:3674153109767319975,false,test
7ef72cb0fa1fe59b61b05bc2354deead797cbf72ce6f314b4bc5d0247bfba5a2,Benign,mips,mips:16949850700912122077,false,test
8017d2c033d4cd7aa9d933177696a03e461658701c109ae6230e850c7299f6b2,Benign,mips,mips:1467857391785665165,false,test
80bc573e2945ddb0e219b8ab78152696ed9f7f8133ee6ac57e8e6bc269b8d907,Benign,mips,mips:7288186999173101623,false,test
816eecd60e987ce658411a28fa3856e8f6f036a60ef8bf598c0e8457c7bfc697,Benign,mips,mips:7812308132181831288,false,test
820cb9e07ba3f0a734e2fd91a6afd4a8ca64d0d19c1fa30ad1a97c02534bc0ce,Benign,mips,mips:2253971784797579840,false,test
821aa259553b1ae60e778ee7ab4e7ad99afb191dd410c4332ca5559b18e1053e,Benign,mips,mips:12948102818971064392,false,test
832e317d2ee9bf51bc5b3ce04562531afa30736a3866297964b7ecea772a028e,Benign,mips,mips:990072599275393589,false,test
83802050fbb50e8d20fecddfe15e5ad1f8e1c2b5cd578e1d38e463d96bceeafd,Benign,mips,mips:199755123158035455,false,test
83ac91b674674f7720f93e957373db1f0865644111a9e62737eabcb8527e5563,Benign,mips,mips:213654398064529625,false,test
84e09aa626d82450c76691a47a195b8391cfb7c75dff5456a677dac0ed0c7f31,Benign,mips,mips:11009611350375143109,false,test
84f8603d945e74f0352afa848f502ef6d75f1f3ec95ff1d5a42d77e688508838,Benign,mips,mips:13314846646529466652,false,test
8665a9c57956dcf8fec4222e13c5b6bce07995eb03de0d841e457e04bd57f750,Benign,mips,mips:6282463103001804696,false,test
86cd1600833b63b1ba75e9080315ecc79e02797744724577ddf29fd44636adaa,Benign,mips,mips:810150105312390936,false,test
87c86117796bf1f6c58d3898abe8c49e8013d1defda78575ac4044ac0e60e46c,Benign,mips,mips:4237424835354848116,false,test
88c89bd6442a825fdfb5a5194b53de2ff13ed286cbebcec3da279c5cabc63321,Benign,mips,mips:5139973131708372696,false,test
88f914357a3bd2bdfebbf78c0496d6b6a20400dc97610148d81e927eb02c1b1a,Benign,mips,mips:12747623867387235050,false,test
89371983c371ad58ed5d8134340230e9f19f550876381eb980b2e2a5404116f0,Benign,mips,mips:6532468954789356000,false,test
89648318d94751ad79653fe941931f5fadcdbdd68aa30de6b890cae7fb21f3f6,Benign,mips,mips:11729851499216618250,false,test
8994825fd199b9e6169b42c6298ff64c528101db115c8fd6ef03a2463ffa9f43,Benign,mips,mips:12052241633002211065,false,test
8a73d3c193dfac7c225feff39cb111c064904e731ab2bfd01fb3a4c8d09f94d4,Benign,mips,mips:10957725681200228334,false,test
8ab71e4c846315751dca1c3fb12d1ba5a3b8ee3a7b43f2002989831b66c500b9,Benign,mips,mips:17568658387858582163,false,test
8acce09efef4c88509b70255742c9112b943ed2af0ffd0d866a7b299575e9070,Benign,mips,mips:7433546612097882492,false,test
8b2ced6680167f7cd39582daa16ca76fc45b5c99e6a95de23bda781238b5724b,Benign,mips,mips:6059986104470851677,false,test
8b5c0354a7b5f85d5b54130f8dbbe41c5889d174cf294c1a685788d5cd42ddb0,Benign,mips,mips:3344769112060257660,false,test
8bedc6a8bec1d8330d21750a5a50e17162d943b0488d6a0861759053919f9dde,Benign,mips,mips:4926357369144415217,false,test
8c229905be00d6444641e18be1b2efa7e8123a897a29b9cb542212f6e1689db1,Benign,mips,mips:719160799328657039,false,test
8cbcd9260800211290b7e3305615561367c56bab38c7858d39dcb52965e77985,Benign,mips,mips:16150832722436687462,false,test
8d15a5d9c0235a650d85a300354947bf00fed09feab5f984805edccdd740a860,Benign,mips,mips:13938196695867903759,false,test
8e4d1207b0280ad91cf9be9fa4663de30f1bd77b8486a758fdd66d2636f752fa,Benign,mips,mips:4465042443048962705,false,test
8e5e9cd965fe46cb11fbb2ae662b1ec7b0cbef30463e6dc4d1c02373552209a4,Benign,mips,mips:8740401086818817981,false,test
8ea20b440e5ef5cd0e9e4b57f3126d09ec0e5d75d096d98b39445b3f20f3248a,Benign,mips,mips:13117610384229752495,false,test
8f261f0b27c4aebd87114d565a93680fe7d860ba237cd8fac278d20f41898abb,Benign,mips,mips:4577048467441762799,false,test
8fafb097a9364c940a59cc66b11798ea410d99d4fc4805e7bc9d7ba9808ed15e,Benign,mips,mips:16009095684473112977,false,test
8fe8bb6c43eeda42bdba106255284f63c3ab7febb9871a7d9915b11b2f5e5f8d,Benign,mips,mips:4664769749074598289,false,test
900df45c422b0cc181244d62e2254fc5cbbff2b48ab11910632f1a5fa0ec1994,Benign,mips,mips:3763279834244988449,false,test
9084211078fd1f5e7c3f3675cde02a1cbfb15806ef8a65796e0c487fdf9cb99f,Benign,mips,mips:9028791338740281316,false,test
91236ee7e335c392dd21d492f1afd58c31bd28ebcd04bade53bfb69aa05340f1,Benign,mips,mips:1716144088166517470,false,test
944adef4ec6518ddb14061aec51f060ad8f8549410b86dc7722209bd826dbbf9,Benign,mips,mips:6501692812485476733,false,test
94532626bfaf19f56ab85857c666626d0f1ff26d37e926beb361721953ea3bb5,Benign,mips,mips:17718789937926982126,false,test
967ffd19bff97203c7feb4af22d51b7fdcfa8c7a4b955a520bca38e227552fcb,Benign,mips,mips:14093783366302352269,false,test
969bca66737037daafaf26171a075b387402670443037e01020587d3b753dc88,Benign,mips,mips:12749174908530969505,false,test
96b50a31c73f5ec477e70a061cb7421912af404d99cc10b3f05dc50fa992a6f0,Benign,mips,mips:16484457665665948538,false,test
9714438adb57eef8dc05052d039adba0ad94816e9d1cbdffbd690d3898c23215,Benign,mips,mips:13409124952916853477,false,test
98061520b527b1304e01bae3e911b3562168f0679ea9635671fc0180f2d752a1,Benign,mips,mips:13447637704508156915,false,test
9847bfc4475a72dda4081f9de255bc811cebde004e1924621f914e645d97a166,Benign,mips,mips:1290433601576790097,false,test
98a68470c81bb91977131eeadebb40954f4b9852fdd3029275d5a39e80d0d8dc,Benign,mips,mips:2735692062769576443,false,test
990116a97a1def6e8d67ec024425190d34dea9d8357722def8a1e039afb410d7,Benign,mips,mips:12667581096843834986,false,test
992b05bd873fb87853ad7efc0b0503b01121c8f9f350899e684fcf36b306fcdc,Benign,mips,mips:13679896145443209844,false,test
99bbe61eda35bf89f7ed24180ceb062e9c757756fc4db18380ee9082fb303e3f,Benign,mips,mips:7673818105726119736,false,test
9a3f963ceee2c09c680e7197c698255e1f46bd5f85ac58f280ad66bce4edd828,Benign,mips,mips:9545744530696463797,false,test
9a92a4118e2f9bcb1d1950a6c13f7d3a7eb77201cf70b8f64e62bb321de11506,Benign,mips,mips:6143541901344911076,false,test
9ae9a970b1a1af719e0452817463b5feca23ef5c99ea33bc03267839b69d5ec6,Benign,mips,mips:2563646999675886511,false,test
9b1f39d3fc97a583ce7613d2344c6070e1a37ad0d4d3c864aec1f828c51cb244,Benign,mips,mips:14209842619764643167,false,test
9b3c641fe9abdac504c021512d65689deff7463787d6194bda54843c359f3b9a,Benign,mips,mips:9227267078715805601,false,test
9b406174fa3a04bebd50ad27bd8cf95d9f8beb2b64ce874f78ca05661622f94f,Benign,mips,mips:7470880638861430124,false,test
9b7a237a8f91915c3efca9d0859ec8a9e95d05304f2d5a000b5a0923ba567dec,Benign,mips,mips:4347788437062066712,false,test
9cfb9d40290737a6b45cd5c63b6193ca082135cc2fd9dccd93aa0b176c19e423,Benign,mips,mips:11300992484286097989,false,test
9e034c2e608a32fa8ecfef73961a24746999a22d4c2160c6ecefb6f5fb216b2c,Benign,mips,mips:7526729554299320140,false,test
9e2fb2be97eda7d286523903f6f630f6010740628ad18ca4fa84a5c9d86c3e41,Benign,mips,mips:12894699720619556963,false,test
9fc2c74cd2a51b5197d65a257943454858c55aa0d03416e0ac12bb5314e1c53e,Benign,mips,mips:9148521188368844124,false,test
a049dd00110fad7e888538db1980be45db8bcebf923ce9c64899262b789ecfca,Benign,mips,mips:17260247996305460335,false,test
a065b9c08b95a781006949acb0cae5626a00d46587e0839caa1158ffd3b529b9,Benign,mips,mips:6291892750297036036,false,test
a08b07a04b22cb27fc4f38e46e9ae822515bcc88f532cef2d194c66272d0e4d2,Benign,mips,mips:8550174053703912451,false,test
a0d5502718ef57b0a4e0ce60584023c7c0823dfc848f9fad45b9df1de3383281,Benign,mips,mips:17023418933865494936,false,test
a109399951f3485429b25c047284acb8ebc595320b17bfa2d0e3c98dcb29c34f,Benign,mips,mips:423404074637551049,false,test
a115b5f14c3e4db41b0d58ad98089437cf763d814024c74e39a2fba29006ab69,Benign,mips,mips:2309476937845978781,false,test
a146a3e1fd707445a0a185c82397665759131398907b94d347ec859719d0f944,Benign,mips,mips:15886902658053793938,false,test
a1d6110862e368d7b32a80057273f58828b93b2e6d8162e3d4497ee715165a8f,Benign,mips,mips:7792633759411577802,false,test
a235c1ce24be65bcba36faf75e42d27f4791845a636568cca69f093ba44acb5f,Benign,mips,mips:13874854692281190460,false,test
a27551b7afe26142e1bbf333e180abcef49bf1c46ec755834aa1e6b16aeba00c,Benign,mips,mips:1209542250482634941,false,test
a2f0392c47b6632881945e6e8438a612315f49b6163435d12da781e9497a482f,Benign,mips,mips:8140260020241299941,false,test
a33532ae6e77ecca4aac24c182b917476b20cb4c0b7af36c800966c39bd4bdc7,Benign,mips,mips:11777658726674513519,false,test
a360cd7ce6bfbee91b666f37c262f7d9749cd8ea6d64b4267cc49700179bc590,Benign,mips,mips:17036717475675133339,false,test
a3654b2c5f2b3ad7b3fab3b36c4cf084845df8d972c6e06348d437e6d2added7,Benign,mips,mips:5626367568100586137,false,test
a3fb8395a6f8ee2e1c0991e68869712df90c7f1faf5a24cd5c70ea5e9b35ab4c,Benign,mips,mips:4469011288039853088,false,test
a4217ac1081b617faa2c90b4ccd4571d4591b9d89eca9253cebab935b9ffbcc8,Benign,mips,mips:3530081893116460469,false,test
a439861f08851b615b5df51c9eafd27eef0dda3f565bcae659d5ef5d8c02e0dd,Benign,mips,mips:802794396617628048,false,test
a43e80c59df7ccf2aadd0ef8fcadecfbb11834fbc7c2ede823420298a71a04a6,Benign,mips,mips:14014973036920775519,false,test
a4ebaeea7974a699290183111e9d4e855f04b42d5a055c66d43b5741edf7f4ad,Benign,mips,mips:3355136982768382253,false,test
a50e9f9946dc8c4547fdb6279abf5d59fa0e4b38f74af6c273b83ee070a8b8f7,Benign,mips,mips:13904373748567735237,false,test
a55a1a4877a493913f433c980b3d2fa621087e6d5b8793b8a41c0c0fad82f708,Benign,mips,mips:905863200815613110,false,test
a72fd2edc105bd58837e322ff0da89fd39a22dcd32fdbad5c4bda85ab9e05e1d,Benign,mips,mips:929813721942329701,false,test
a73391be900f104eb85b1e87387c77ae47ace2528fd6ce8bd73f2e96a559a0c8,Benign,mips,mips:6482861796574623224,false,test
a84ddad65f43d45c14a867f1301fc6cf9108c05c71f1eb46ad3e345cc4cb0f1e,Benign,mips,mips:10573489400156591155,false,test
a868e6889eedd0c499885239df6dd5623cd0914694159ea79cd88f94f59c1cdf,Benign,mips,mips:14436022719555319402,false,test
a89c2ca74bb43c6e4ed9d2de16528abcb150722a1a7097f89d123f8733e6e120,Benign,mips,mips:6081955872511817084,false,test
a8fcfdb530a124939ba32d429bf06253e184ee5c0bc17f62fa988aa93a3e353b,Benign,mips,mips:2437043859402332872,false,test
a9a318b8a39a3b0b6551f3c4328eb14a7b66bf7054e201ed10026badaabfeec6,Benign,mips,mips:3076037435122340936,false,test
a9b463cab5d77f7a5160583a55beab93bd33e9246bfab90fd71a55d417447086,Benign,mips,mips:8242482319766217946,false,test
a9b78b3fa93b156c5cfdf4bd9af112e4e7c55a9ae2f86eab604904ba456f8abb,Benign,mips,mips:13830044135050534090,false,test
a9c3aa4b101c7ea57fbe5abfcf1b77a86b0d42292637e54af111e561403c2749,Benign,mips,mips:541351898107626230,false,test
a9c76f55dc6c10b099629577011417e7b93f6b1914ce81eddd0ce16c8e4e2099,Benign,mips,mips:4761528492406685725,false,test
aa1965ea7edd5e3f5ee0871f5f3486ce8fcc16bbf2d7187b4919676339ea3a2c,Benign,mips,mips:17845988092498601651,false,test
ab9a343e95f4a77af40185f7d56e239c6a3be99474514125975c2a5d04844f26,Benign,mips,mips:8685124368131325309,false,test
ab9e922d4468013349548426537ac20e9723a155e67ace43b8c02980a19c059c,Benign,mips,mips:9711354010092587457,false,test
abbe6eff5bf91d524443873dbd5f19f0330ef836e406671ae990b2815bb095ce,Benign,mips,mips:17239491266368631151,false,test
abc1058e2b331b7d6980a1294823fcb718aaa3d9d4641125d3a8b728b03f1f53,Benign,mips,mips:13336148790602668841,false,test
ac452bcbb7943163bd8db3d7b54a35f7faf4db50a4faae6f69d326b868b0bd90,Benign,mips,mips:7032563222668448998,false,test
acb1932e2829db4ec915d37a60cb5168fc72c3be44b790c42149d9e15f1975a9,Benign,mips,mips:2393737690047178204,false,test
ad52d474e869217296f655a395fa6c431211f2a1bbe7aef24c30d4c1f1558940,Benign,mips,mips:4511231863785728593,false,test
adec297b0889fbd95b7871a11ae40cca9618e512ea65fa14380e61c237a26501,Benign,mips,mips:2408719130795645474,false,test
adf5776debf4785fcd2774458334c41de20302dac665f795284da14126fa1d2c,Benign,mips,mips:3366040621864473323,false,test
ae47dc12cb3cbdd3a737a731ddfcca6c801b114117d641cb91e980ce6276a5ed,Benign,mips,mips:18071514284711961307,false,test
aec050398bdf5f3e052d8773f6580b5c79c8a0c0c78676c6089a677d54010664,Benign,mips,mips:6973907627669944829,false,test
af9f54d8ff4c9b162a6333c1c8b80d6a05602a51997bce1759f66694efcced71,Benign,mips,mips:16526225736594701154,false,test
b0ad4922b48c2fd614985a49364175ab4869328d7145852db57e2488c5edf9bd,Benign,mips,mips:17862445467994644966,false,test
b0c4a1200ceb1d828af62946f0856b624b05361bdc08dbfaa86a554468849801,Benign,mips,mips:6063847998820688097,false,test
b1943c255ce6e5dd1706b7ca11aeccbe7106cb31ceae280ca8acef443eb8ea6f,Benign,mips,mips:625940761177220947,false,test
b286da04f369c8da8feed24dd905ee84b481b66697617eb259062b9e3f8b4efd,Benign,mips,mips:16648828062089117158,false,test
b291b2f19568bfda803f2cd6b7353fcd827ccce93ace8e2778765bf5b0b62fba,Benign,mips,mips:17943918125029150637,false,test
b335d20989f60c6a9e2b61174edd43015cd41c9e84bfc642dcdf1b7b77dea0a7,Benign,mips,mips:300606083350246261,false,test
b473d4ef8d76018dfbb39ddea977389adafc4f1058196f064e5522ff71b1e868,Benign,mips,mips:2561773144315138817,false,test
b4936f5ff77b723936eb10235f464b414595b5c3518cbac745166f93b7705674,Benign,mips,mips:3128921120155541378,false,test
b4a0fcbc8fb5c1ca89d9600847815ea0d36cdcc54beee2656b9a12676f01051c,Benign,mips,mips:5121461982359757077,false,test
b4a7716361035f945aef257a19bbb62b857bd071e1ddc7755621c451a720c105,Benign,mips,mips:15229556400870459383,false,test
b4e2874b68d3a638095ee0be56d4f76ee1776c971acf2ca8e33d8620f585b5e2,Benign,mips,mips:16014412876996558063,false,test
b52745002e211d93953476976c1c4ca31cca83869a54e0ccbcbcbfda0323cb80,Benign,mips,mips:15323544598015946821,false,test
b5bea2a037f0d3211fd022d2fee2b157a661d108239daa058daaffc082b219f2,Benign,mips,mips:12771196621541505464,false,test
b5edb1bbd1ba1e6648cef1924d42dee7bec4ebfe8a341833e5c51c5179a2ae76,Benign,mips,mips:17920887782413953132,false,test
b78e2ceca55468f0087048b06deca75f80cbc1f5cf59e5edc55c23a6a81ed666,Benign,mips,mips:3560750453748920064,false,test
b8104c2d10e5fe5e7eb9793114ea68ebb725cfdbe65f22812b59fe1977e56ee1,Benign,mips,mips:5286311488953665904,false,test
b870ebb37f529f0bdf3ae94a902ba1d2df954f35f4a698b6c98a86d41f2d17a1,Benign,mips,mips:12603669214238018744,false,test
b9d6d65907a5f5174d61344bf2513f0bb54139a735dabf5e191e2a8b9c9fff4d,Benign,mips,mips:7835883898617885619,false,test
ba2ad986146fd5f62eda80980f405fd4887d978983aab8ea19dd734b69f36c59,Benign,mips,mips:1637420915935258894,false,test
bb363ffd9c391d6b4dece132a31edfd3a06eb3ea88fabd4303455f2385f611f5,Benign,mips,mips:8658310660392117063,false,test
bc93040da58c518e3cecc59c8219f509a8a2ce862b26e0b4e46766bc18e2cf9c,Benign,mips,mips:12371687342015130066,false,test
bd8d9d0432c332f23f13240b8f6a7c97300b49ef3c76985e504e03fe20e075c9,Benign,mips,mips:8930686308099103250,false,test
bdfbebec70ff26f7640504d7580d1895f87080db996b1866809ac78e755c4698,Benign,mips,mips:1647683499430680020,false,test
be0f955815c2f7a6f6150f1b2b99b1a19aac7e4cd8cf1c8cefb7784c12d8896b,Benign,mips,mips:18257390120132156807,false,test
be77d15080393471b43303778f77a54626e17e280a260c86087764f99babcb3a,Benign,mips,mips:18439908313583592812,false,test
bef3fa480a44af26c95e109ac7e97b9cbedf2a27bb8e558c9c96a2cc2174639b,Benign,mips,mips:15532874038183754803,false,test
bf1b163fc3897567c1ad528905e876aff4da720c1197569135e1dce4af314135,Benign,mips,mips:11572290401460337677,false,test
bfd0c36fb69507e7942270b9113964e1f8d513dea55db26ba96cc8e86754c9ef,Benign,mips,mips:15432185344794188030,false,test
c08c9de780e7a6cee6c2fb8baa82980902120b9cfc09289208aef3eb9d9d9bca,Benign,mips,mips:15090520303525804920,false,test
c0b5b0539bac613ca4aa49536d625d32e8578e2d9315e9bb34028eba2f9683a2,Benign,mips,mips:15694450986941499646,false,test
c2d9acbfeb388d31f47d5ba808d8e5d5c1ca22c260d11c16563bc81fc7449b01,Benign,mips,mips:9901485060191358841,false,test
c4b6d47995537a5166087598705592f87a975e77ea09295c9769dcb2eeeef60d,Benign,mips,mips:10789456490442140672,false,test
c54b0c3e126a52ec9b68d4728eda59b8cfcb8c28c3c495c7ecc76289ce254ba6,Benign,mips,mips:2260724098425304841,false,test
c5beba98b61701f6240af0e335dbe55f2328830e806825e124989abe89a7c1ff,Benign,mips,mips:16254434726695146133,false,test
c61972d13e289bb4827f1c5852cb143db7d1a6b70f6df505ab1f7d0e161b139d,Benign,mips,mips:12621916689611852221,false,test
c6762fea28e56431770864b661a47c6263fb3a5b0ac90c29639631d25880bf68,Benign,mips,mips:13936691219310605701,false,test
c6edc45c9b68f1cb54ea57228167bc5ca123aea6b9f07f549de99a0e5815871d,Benign,mips,mips:10058454084690207524,false,test
c7a428b8a6e83369ab8c79a7ef3664510dada4941b650fec62d69c1ffc295b70,Benign,mips,mips:14669228204208975757,false,test
c7cfab4686bca4ea0d2ffa468bec9bba10765f169285317a7e76573ba943a2ce,Benign,mips,mips:1200004677604942527,false,test
c7fe39fc5a4bd556c19f2d43d119d39eb1c8af51d81aecd0f6520b61053c1de5,Benign,mips,mips:8336175769434987667,false,test
c84d215ff90e6cdf0a2475ba572bca61e20d06a7494aa66afc3ca0fbb1335dd9,Benign,mips,mips:12483682824867376332,false,test
c85b34be74eedea689e34d6783d8d8f256b2e367da931b37a224d847d9eca6dc,Benign,mips,mips:3442560787126574972,false,test
c92bf869fbed50dff1bee34dbf805415c985b8d93f384850531d29bda40db573,Benign,mips,mips:10260424680417471784,false,test
ca11875380e682ecb253453b620442b825e38e8e6eae311b198df361ecfbbfb7,Benign,mips,mips:9246515449708477078,false,test
cb175ad7f50c7f85ceb55e5833253e096aabb722394023a2bfe3cb6873e95b9c,Benign,mips,mips:13050646860345834320,false,test
cb833c08c0843861391cd7fa6e3caf22c1b154e9553a96b1c562c6120e3f60b4,Benign,mips,mips:18406140829025212620,false,test
cc2c1cd715d5c989e2b13700a34ad45b4c094cbc45e34c207365570f3a49e10d,Benign,mips,mips:7810081981706333963,false,test
ce569053141f8fd999e96ee89af229ccab4149d9f15558d68f1b4d6653b02e8f,Benign,mips,mips:2623444225187377029,false,test
cf8d2d47c7d4c4b37403b69e6805e697fc1e6da14c715ab98b044afc92d2daad,Benign,mips,mips:9173715969193646301,false,test
d06572717ff02a387f6290a98c7191a11844f3aa4b49f6322526752c735f01d0,Benign,mips,mips:14344822722695863117,false,test
d0cf3fec0070819de89d6fe7ed543719466f938ecfd21c6c86f6623e89f63581,Benign,mips,mips:4592642722137810086,false,test
d0e55eceaace655241e6e0095beb1be5068f63c263759344b2739757acb0de22,Benign,mips,mips:6810458747066605701,false,test
d140f9a5d7256c62138afbf6c16949ecb8732402ef7dcf523ded76405c49e0c2,Benign,mips,mips:3985884400202526185,false,test
d22fedcfcfa0e4557eef7901b73d34b5286419d58f38b4584441fb70f01917b4,Benign,mips,mips:9123288934043981058,false,test
d29efb4fc8675f42c30516d8e41e0e586959ac769c2c5e755f9163382a93d32c,Benign,mips,mips:15722692328447687222,false,test
d2f2c8386c8922c822e786a5ad300bf58fe41103bc7b2726deb0e2837ac02995,Benign,mips,mips:8591542454613959317,false,test
d3eb68b3ef434993b39224cfd9dabfea706703865f950e4a61ea25f4c3c605ac,Benign,mips,mips:13685617552448085400,false,test
d40fcd6c617f9d429361d3436d19053d0bf45e86c42d589ee70855837c508b62,Benign,mips,mips:11533180641086126119,false,test
d4dceb2145806c40c084622449c80dceea39af6a8f2cba217830525aaf3f6a3c,Benign,mips,mips:14828342465173361127,false,test
d567623d04fabef5152302a097e1f85ebcd89ece35ad7e311e06ae763f53683e,Benign,mips,mips:12524301101666789498,false,test
d56edc69a3d21e8d03ac1d532601ac8e4920839cf6a6f36fed1a204bfb117913,Benign,mips,mips:14388800371545095094,false,test
d593895ff4ca99e61d80b1aa4380ede2d119478c8d881a55fb322cef93f68193,Benign,mips,mips:5410489029544996347,false,test
d5b61cf8ede949e660f5b5b820492bc4ada274923d82fb614c3d53664f34449a,Benign,mips,mips:6645370374200222044,false,test
d706a00fccf011e6e4ebc1d9b1179bb1390b9240099b83beae3de53d1afefb11,Benign,mips,mips:14390594403242107628,false,test
d78796ce98c514b3536a91bd8ca144c5d5c277b7217d8872e2615c72d00e1e02,Benign,mips,mips:8538127064032005232,false,test
d81a8b089a4085fae30d962e49b4ab27da3381fbc51bbee006630e14c739a432,Benign,mips,mips:14288537412140057530,false,test
d864d8fe6261697d66e4a3416d2474b982e74748c65ea024d9a5972c1b08c960,Benign,mips,mips:16965663939567706499,false,test
d8e60836678def228e698b026775919c89b0403556e68278f6dabb50cf063eed,Benign,mips,mips:4594838863463995948,false,test
d9a0a0741f5750d6ea948c89a3c56fd1951a7b2bb5fd8069000449ba17b5ebb8,Benign,mips,mips:11881282122288236465,false,test
d9bc09d35c953f15a773c2ac6cf0e577ed1c322e458bdf6c152c3abdc74e7a27,Benign,mips,mips:10653385463373334690,false,test
d9c2d74e947df7d5b28ae0a4fd6b4be1e15fdf1d59f2ef986678b694f56c2d1b,Benign,mips,mips:3752407030967173974,false,test
d9d31e2fc6b91497dc35cd6271b7e4dbfa020afec6745f2a3f825538ddc6f77a,Benign,mips,mips:5341863027667548267,false,test
da9c61073573fe77e8c7c3ff25e76cd992302ff721f7ddc8561d84a12c0ac0ce,Benign,mips,mips:9487939194702084010,false,test
dbc47d6726ee232ba67c9ddec97a0861af49ddbfba6d8686d222ac557e732518,Benign,mips,mips:8760772961087769836,false,test
dc0ce68476b9e4098bf292f61b5810228e9a99efba54937c2f044ed85cb25ae2,Benign,mips,mips:17995107368371721180,false,test
dca947f126eed6781f619cf8257a31eed3795fe105805ad0dbe7d0428b7cb46b,Benign,mips,mips:11142368683284303439,false,test
dcf1598d86eceef91044284d10bfc50f4194e269fc2c1e4f5616c9921b90e1c2,Benign,mips,mips:12098233752536702954,false,test
dd4fdfde943dd3abd47ba8d5f9cec49ebbe0173972c199c1d97c60359e0b2054,Benign,mips,mips:3302552798999473966,false,test
dd585457d472517b08a0a1811627672919bcab86b8044ada321c60910f2b5189,Benign,mips,mips:13249902264536350362,false,test
dd597afb457c18f36e5532da34d20b34db008c1a80a08a788fc3d8d814caa593,Benign,mips,mips:3789107634259404533,false,test
de62055e5f7b9c0457fa902aed8f5e21f7b09a7585affa4e8723fba3ec84495a,Benign,mips,mips:9898465287712241020,false,test
df80ea2bcfd84f6ddfed90bc91d3eb02b82d027dbafd7f10d91d71fd45048948,Benign,mips,mips:8938845754559755438,false,test
e04ddfbbeec8f382a15fb8da7ee1fac05f346c2e3cd5e897659ca07bca509de2,Benign,mips,mips:978560154553322819,false,test
e086600031c9473244ef03116d3c56ad631c8ab2eb02e3e19c57ace040eb17df,Benign,mips,mips:18295261182561139139,false,test
e0e3bff25540831a68d465e5569a657e6d5676e43e8afd024bfd982682c7d7f9,Benign,mips,mips:7050018280004660319,false,test
e1a97caf570ed373190a82ca581c41377777032bc5599ee7cfe913e20a049a5e,Benign,mips,mips:16119537948738288037,false,test
e1bdfa5002f9ec3091d1786c6d0048fc600fbd735cd268e4dd689254a356b0ae,Benign,mips,mips:13909344652135702407,false,test
e2cf18b098e8c09587483e777d743f2da3a4b22482ea9e34c29779184dcbfe23,Benign,mips,mips:13934083304285254806,false,test
e37494ea0faeaefcccd7b5cd20475916d117aa0a04e0789fb47cc948f69eb3fe,Benign,mips,mips:10370184709088327776,false,test
e3bce612543ea8ec13f116e3710cc55500b45860b8b7aa95f7f89d99bd5682e6,Benign,mips,mips:4306624761303673629,false,test
e5a3d816622134b92dff7232c7de739ec1a2f6a743fc8a5be5b35b535982e9eb,Benign,mips,mips:8758736110939669197,false,test
e65a71972b1ad4f7b9ed5e0e2832774f3a4d37d4c830b0fe056e3baaf7246637,Benign,mips,mips:2147575433120411277,false,test
e66b08a58e73b076d1f312c35714d2748a01e8b0bae1c3fe015f18417d79897f,Benign,mips,mips:12366688647894370176,false,test
e698f311e824b3ce4e240427b53ab08c39ba37d168563345499d9e80f33b4277,Benign,mips,mips:9201984668406852037,false,test
e78799a4a8e640226bddd646375bd1e91a7d83ac3760d36b7a35d98fd8361441,Benign,mips,mips:13412651007271588696,false,test
e843daa57a00de39d0e06c65485e8a762bef2b079b5014fdd9049967cd7c1c44,Benign,mips,mips:13544622045632413338,false,test
e8638caf47939284a3f04a2f5e766375422683565ce25eb590fb4dd12d98bb2f,Benign,mips,mips:7718508213463515676,false,test
e8657d9f1fbeb33c8245c2f3e6ab99d811847e00fad95ea3b9c6990ed0209b98,Benign,mips,mips:9792049430594239199,false,test
e8bcdc4b3ec059a9a46801b10ee0060feac4cddc332e664c6928866ef28e7386,Benign,mips,mips:5101265345827257454,false,test
e952c81142cada4cdc76369973412beace52d2d1d598c649addee0fa3678636b,Benign,mips,mips:15492870859735658999,false,test
e9dec4a3457d35ed3880e6d580b1f5df9061eb435eab42e8de7438e6dd493601,Benign,mips,mips:1396673643144621482,false,test
eadfa5f9d1ee5d8f6788c953ba16a57f443f50569c2c7060c6f6367488f78cf3,Benign,mips,mips:13571815569643731455,false,test
eb0ca1bf4c1171433ffe8903eb1fee06c2048629da0d911c78d0b57c7f3797e2,Benign,mips,mips:1137583848943080008,false,test
ec16af72ecf055209d330c5e4d665beb0fe2d843c53a5d08566685308e0f69da,Benign,mips,mips:7595479037095643022,false,test
ec7d4a1b10f8937f2218b0a92cb08232fffed341aff12f86c846dd0d4c5b3b8f,Benign,mips,mips:15675242393062285680,false,test
ecb65c3e550eba1463b01e5d211775c98d17b30af38f506c78e9e5699c420415,Benign,mips,mips:14255763653019298627,false,test
ed5aee94b0f61025e79e8fd1590dc6ca974fbb8ed79ef16d587da4ca256bf0da,Benign,mips,mips:16381730419038049939,false,test
ee99a6e357109b4bf5dd7d4c0136f26c006b35b1cf37cdceca7006f1ce980cfd,Benign,mips,mips:3878777571530188769,false,test
ee9a03993a1c3404b9eb10d093fa280e24af05960926c3ffda9b82240dc4dd38,Benign,mips,mips:10325968752198014579,false,test
ef1245808292de31f178464ab9db27a23a68e1a49d420d4050c17426c9a2fa01,Benign,mips,mips:18423838316526128545,false,test
ef1b591ab1531af99a1fccaa7bf3ee33dec79433a71b5b7017200c42b0d58963,Benign,mips,mips:13891744639609070766,false,test
efdac06cd161d7c4c3dbef01c3506615673a627df7cf895cd204214cb4a36add,Benign,mips,mips:17956360729649092053,false,test
efde758d871c4831818a58e3e9b8e5967aabbf895b0bef89712856fb806843b3,Benign,mips,mips:9626196262856168358,false,test
f14f917337d4ad4dab85d5f39ae568f09c0ed672f332c7877efb7dceff4892b3,Benign,mips,mips:4175778826906933128,false,test
f1ad0c93975d45efdad650cd326773aeb2a1e1355756ddf09816e1be5ee19a60,Benign,mips,mips:4414742218810285824,false,test
f1ff4fc266ef0d299e97841eb4a8a7e241bbd378f38d07d7eabbb8be3d1fda6a,Benign,mips,mips:12294326109936153922,false,test
f2042ae7d8c460945fab4207f13749ecebfbdd6b7c3dd46a0ae35c2b6714f0c4,Benign,mips,mips:15583575221637845555,false,test
f205e81497dcbfb691c5afa66a1f4c7d60e6e16ab24a277412d185574e6dff9f,Benign,mips,mips:12609876908883718874,false,test
f2273bcd5f8d170ad00eb2dbef891610b47c5a6b100933f4d62fc230a052ca77,Benign,mips,mips:10060026609582415874,false,test
f23c20e2d6db6259bffe2f40f24a2e370525be9535a4eb3d62af6cb7ba35a948,Benign,mips,mips:15864605133187262423,false,test
f3303f091cd59b7cceb498bad26630424bfc2c363b97386c8828551013b015f3,Benign,mips,mips:9984601202224511513,false,test
f35406adeff67d9bbad84e5f06623f055ecde0a1a5a28ddf346367a32e4b3787,Benign,mips,mips:2711875412192138744,false,test
f37e53ba86a9d1a9120d5cc76a6ac7a966963116beb45617d5b293c10ff238ed,Benign,mips,mips:13141958032710741355,false,test
f44c5c9ae49ddee248534907e8c4f63cecb100ded3c4e409203b7c660f658e10,Benign,mips,mips:17839690704638159842,false,test
f450646ea9f9438ac2793bc45e43e8d674ab4e28c17b2400b059bcaa1a71531b,Benign,mips,mips:12236707633568488332,false,test
f4b941281e75765f2842dd7cb6907e0ebd8197adb114e6f2dbfa75fd2919c4d0,Benign,mips,mips:2913151510772708656,false,test
f4c465a029fc68cbbc6fd6cfe0fe68f06b88ba2525e9734d603a00ade36467da,Benign,mips,mips:8599898825351770075,false,test
f525e8a5c2c416748bbe79bf6ea673a09ed59b652cd4cd1b7a42bb23e3240bec,Benign,mips,mips:5859320137690352159,false,test
f5393f0a387924d50b9aa225177a619ba648c8667917df9d93bea8adff96116f,Benign,mips,mips:3586684132190026135,false,test
f66843cbcde0642af1eb52096cc6420bea2d66d79a0af790dc880476c255f88e,Benign,mips,mips:4560706342121681829,false,test
f9022b6a593af319a4d276cb3c83b5e586fc3ad37ce60b1a12447684aef9f7a4,Benign,mips,mips:17052979812193260443,false,test
f992369c496823a215a4075d34ea0d2e5abcaae734b16e23d34432f192602392,Benign,mips,mips:17815852102793763132,false,test
f9d83f80515284426ac85e35c6958cafdd05681af09f0064f248c5b302b57fd6,Benign,mips,mips:16812014780596370977,false,test
f9ecc4b3ec2e6c8177a8f632a04d283a967dc92eafbd02ac3f431ce3d56500b6,Benign,mips,mips:1716483391955713302,false,test
fa5d834da870f799448aab80995fcaca78f8f8c1625bdcc6d62e5f36631a041e,Benign,mips,mips:10046455509595243855,false,test
faa3900cc075dfefaa1e2e1865d201f687c7d87e2a87ebb211069a88bfb63298,Benign,mips,mips:2030800913965678073,false,test
fae8c08d173895d5a58bdc06289db8b5cd9feb65d8cfc180391461d486a3fbe6,Benign,mips,mips:15770352359027574481,false,test
fb7ebfbb7e6508864ad34a522a060db639318b89a54c7dfe388e784e4887ae00,Benign,mips,mips:16153287211723565802,false,test
fb85ced939cdb3ca3c0aec3610707dc2c6ac6a7a918e293e4a54a8fd8f576582,Benign,mips,mips:3099749413279538592,false,test
fb9f7b43429a94ad2247e9131ea9f5bdfc0eed8759752bbbc82d776ed242c709,Benign,mips,mips:4405247423556710165,false,test
fc23485756894679e075be1cdf1b8d26be728f70bc9f8feb34e7cb36261250da,Benign,mips,mips:17708644708031427679,false,test
fced2e1a97df96b5b15dac7b6a83d756d32f8624c48bc37b3afdade122c75d1f,Benign,mips,mips:7453139189157352458,false,test
fd6bdc7a0ef2de8ae7c7185ca24a53c5016efcbe621e6b46f72e618e07e06cd0,Benign,mips,mips:14818739058941842818,false,test
fdf0c81aaee6e978ad89e8c7959d736286c5b71be6da96a089e1ae0f3238a839,Benign,mips,mips:13622484775451945517,false,test
ff7086a774d5bf897c749662c5a9e298f8cf9e11a7ce6e1fd6d91352d59e3419,Benign,mips,mips:7545553424297831216,false,test
ffc0fe67e74be846bcd5dad3c8b5b9aeccc2906ebfde164fd98d82cd1335d81d,Benign,mips,mips:11003072340812626287,false,test
001b7454d752908a4a112fb1dc5ecd4fba642ab263957ae69c9af562c2ca68b1,Benign,mips,mips:11817024592740820077,false,train
00418d61ade646da810ad013f67d04577493bdfd36165e9436898c5d13858ae9,Benign,mips,mips:1432963726422154934,false,train
0042c98fe007b39d1d7a82fc8e58de97ac15e6dae94eb8040e1288f2349f2c5b,Benign,mips,mips:5460732793620506063,false,train
0049c1c227d86f6a88a41e7734d81c33e5d8159a217c39f6d8324f684565960c,Benign,mips,mips:10119276728853442157,false,train
004e46bfd0961aad1d74116a91c5a9ab0b4348aa666fd39727f147bcdf6edf75,Benign,mips,mips:8432206301628781422,false,train
005cf23fcefb5aa592ad99c0076fb73004bc8d39fb988c3707a65cd81cb5911c,Benign,mips,mips:4763652362980672635,false,train
016d9dc53b5b73f19d083b13bdcf385426a2199e7dbfa3fab0e08be2059918b8,Benign,mips,mips:11190803206306490730,false,train
01f60ee7249deb82ffac948db3c8f8fe49847bec57e56a15f58cea71a95b74aa,Benign,mips,mips:16214805841603133300,false,train
0208b8aa48f66ada06486ddd8d7abe7ae948cb9e515518beb3e57a7fb2b60580,Benign,mips,mips:8909275967788266383,false,train
028b416bb1932457aa20d83b22a0ca4932bd879db78d1aafb23561a6a9dd57db,Benign,mips,mips:4634160584793836337,false,train
02aa08b89c52088e3516f2af3c197580c2d22607f4a7512b2741ed3fc9d12e24,Benign,mips,mips:16685588299055861933,false,train
02ced83bbfcc047e8dae477da14efa2c7b8fa2750242f449851aa89c90770556,Benign,mips,mips:8818878927713457721,false,train
02dac4bdea999f19ed9b377652092081f1cf9bd9274b9f5d4906d25448e88114,Benign,mips,mips:8586533021219838849,false,train
02eeaea6db16668a7f816d1284f1ae7a7d0f506bf42216e79c153f275f82400a,Benign,mips,mips:15107479715882231840,false,train
030b076a74498690d1050b05c306735e42d66959db830b8515f695ba083e121a,Benign,mips,mips:11841987258051197513,false,train
0326dafe497a4177223f0bee17ac7fe365d13aa9e3ef9924c630498d79377a66,Benign,mips,mips:10679147627352997686,false,train
0330c3ffad0e4f5cc0256281e910d5d5b4196e1d1bb0f3c4df187fa4b185cc26,Benign,mips,mips:10593195200492879437,false,train
034696797a51e2c94e62f94f091e1aadc3e6061fa59e1ec9229019620263598b,Benign,mips,mips:5701509549715440219,false,train
0368d1b4c56021e75f922ae6d2ccaef3025bafc2cec78385ada6db91838607f9,Benign,mips,mips:8453997825072722704,false,train
03901d729e2836ac774d08c2ba5fe69896ed5cc9275b87c2a96d884db0f5bc21,Benign,mips,mips:15307091571705506997,false,train
03e91702eb2cffb308fcb0b69172550139e28bccee0d2d65114a24410af13e26,Benign,mips,mips:1160936388378986298,false,train
042103d50b2a7b3f51b8b8e95291bb63b61818c42525a0f66d52c5f3fe70415f,Benign,mips,mips:597465584706681685,false,train
04e6742c7f63f2ef5779f4f0a975d93f842aefce447e3bf9ade50eeb9979d1ad,Benign,mips,mips:15447870057040520371,false,train
04f21d947e7593692e6a3339de74bc4d575ba819b6bcf88ff2fcdd2d5c6a5ee3,Benign,mips,mips:934113630607778304,false,train
04f9cd066bc75ffd936e30d0de70d2214a0652364647b30660ac3321ec508a12,Benign,mips,mips:5138676758828655284,false,train
050a8e880f9d12edd4bffdfb40a0042484803f12143dcfd9b6ee198e23c58370,Benign,mips,mips:13103758585393875463,false,train
0583e1fce690d51689be5eb4ed651c1acb2115c38f3ee6407c104813c51fd678,Benign,mips,mips:1004447989372847568,false,train
059db8f3da8bb26a5fcb1dac4e867110c9c876858366e260aac12e3c3b491746,Benign,mips,mips:10539840523491976118,false,train
05a2196811b2ecd45b5da020496d6909f801fdf032b64203368eb822ec6aab87,Benign,mips,mips:4983778526980915419,false,train
05abadadaf702d97f4b65ee4d94eddc4e274e25dea783a3be81e773c0b60edd9,Benign,mips,mips:12386737799378990465,false,train
05b82f70e8f2641264aa69b8adb5ba4ea352d96261cf62b6903b2aacc547ac4a,Benign,mips,mips:3850940302564961402,false,train
05e0cab0401f36afad30beacc23a0c93e8fdd99b4a07fd6f0d792ceaf4473ded,Benign,mips,mips:2367276848031926780,false,train
05f4856471872aba55c697afd27db451ed89ac1e8ab8ed9e806c78a4c1f58c28,Benign,mips,mips:14333343515664082268,false,train
06107b5f7baa667fe63a2abb11c7d07110a5ba470623400776912b0ba3553272,Benign,mips,mips:620869203754327451,false,train
061da4de634405dc3f347a030bb651973bd714a02412792600f808782c484d34,Benign,mips,mips:12020909474092275557,false,train
06419d073e7788dc56e000e2df8eca6846dc5e3c792283edd7e69af79e422c16,Benign,mips,mips:13973865266283362749,false,train
065deea898377f077183745e0067dec1b93c626f9b829a1bd20577c5cedd914e,Benign,mips,mips:3810683691650977996,false,train
0663e4447ade5e88d3e35f303f9b05c8ba57be46c3d735d8adc03dbaae54b6e1,Benign,mips,mips:10408909732174110228,false,train
066da9cb26299fbe170bb05602eacbd13bb2d7bffa322f5e4d83b34a868be7ac,Benign,mips,mips:2270130915680318618,false,train
0677bf6e042c08419c74fd63249850b98775fa589ef1e4244459a80c29070168,Benign,mips,mips:3850251527387658580,false,train
06889ced78233e39a90db3e9c0168df66e067b74bb6605dcfe244ef457420697,Benign,mips,mips:1782765482283889515,false,train
068ce3fc86b90c10ae268eba34510356637f9584da9f36efb30c310ee5c6d85f,Benign,mips,mips:13502986272239093882,false,train
06d154ff3eee13cd7f496893324cf7ac884b28ae222a743110871e83096885e1,Benign,mips,mips:3827553267804071707,false,train
06fe22c918b9d59d185ed71ec3ae9e26969a56a89de232ff7aa00dcff8182fb9,Benign,mips,mips:8207693461301019155,false,train
0761512176ce7daf89d8830fa012e038ca9ad346964097143eb3398d6dc1c098,Benign,mips,mips:9089008145786273494,false,train
07759f6cd1f899e44d8bbce37e1e71dd611b603d4d507512d8e6b4153455172e,Benign,mips,mips:5198015264251435465,false,train
0776b69ec9ef3aaebec002c2ba86a8940d3a66132c7391faba8ac24c3ec67a5c,Benign,mips,mips:15746960349685813732,false,train
0788359b41354c9daccf5be34c936bd871bfaa4045a7e3cbed7ad17d644c2920,Benign,mips,mips:8194134965946343223,false,train
07a082985bf9991427a03a36b7c25bf9dee7764807c9941acc60dadd54434f16,Benign,mips,mips:651801945056674445,false,train
07a8ece47abd172e2eb23240ed1d89a49b872f2e488fd693534eb06a093dfdf5,Benign,mips,mips:2468738918567105335,false,train
07b5e0a1b60fed6ec06953380ae8c7c093991c6670c839a0efc9fc8d3872be66,Benign,mips,mips:13152480700738967793,false,train
07fee10c161f1b496d3c33695915f4b57b1d1a0649e7cb4768aa2f8afef0bf9c,Benign,mips,mips:5912300990762813471,false,train
081b5c721c7316d66420dadd855b3ebfd580dae4ef8b43f1f05f468d76530437,Benign,mips,mips:10655259898821168778,false,train
08383ad7d38d61870114af3e64a4454ab062860df811ea57958a73f70db86216,Benign,mips,mips:13205994091405978770,false,train
0856ce191255a40dbf00e57b7c3714d8ba901daed1a4ff6b438f2f5dca9d04ba,Benign,mips,mips:4019767911632900649,false,train
08b06f08906f8fc0be3fac5f6bfd381b29e21bd01645c452333a5791767dafc4,Benign,mips,mips:2977200294131932702,false,train
08ce01a48c054e6d21ee6e675b95274a2cc81fdc98caa9444f26641b47683afa,Benign,mips,mips:3057424565359305165,false,train
08ce32fb56dde2a0871e6cb63a3e3b84061132c38a98c28cbe4b6e7290ed167e,Benign,mips,mips:12040331500681223738,false,train
08ff115f4e7d80727770334348bec9dd62be77b9647e13b668529af7b51b8501,Benign,mips,mips:10093965208814350220,false,train
0901d8907f380c1322c543e920ac8a1f69156f9e27a12b1681f278d410803383,Benign,mips,mips:11186438569725818559,false,train
09029ba1e612a32e40ec91d2c77c0916318ab3caf29ca6d9b75e6b40edc81446,Benign,mips,mips:1183631896001457110,false,train
09074097f7cd7ba4ea875d953322e7d2d79ba6117320e6b8256877c193411e9c,Benign,mips,mips:6457936766358654369,false,train
092ce6631bdadd5e468d217b7acda0d23e39cb6fbd0a9fdeb09d0ff6819286ec,Benign,mips,mips:13493446671720534654,false,train
09363e8538af339e1dbdf82470c4f273f19ad9e539ce22eb5ada694e53d9bd3e,Benign,mips,mips:993407953490745888,false,train
0942c22af2d8f4d2ddb466b0712c0e5bdd7a2bf508283a4df4070def53addd48,Benign,mips,mips:2830278286409892481,false,train
0962f85656ba028682f42061c441a146425529166c8c3b653c71ce60daeaa793,Benign,mips,mips:15452077972403318182,false,train
099c99820f63fd981f487c4b5f2dc4ee384d52d138749158801c3b29c466e995,Benign,mips,mips:7417465348013533486,false,train
09cf305e2415d18c40858daaf1342701943f89360a2ae789f41c23299f716bc7,Benign,mips,mips:1211484495830985645,false,train
09d5ab76fa6f0f66d06af3aa0298621e0757d2d1742c773dde4600d448bc8376,Benign,mips,mips:5428094914092562296,false,train
09e0340c3f6e01666ce33ef62890bb706a2621da5876ce5b94c6e21347c251e1,Benign,mips,mips:14736100548595628845,false,train
09f8514d889215cadf8fab1753df1b3dc6281aee4561f3100d02762690040dc1,Benign,mips,mips:9845771181376826460,false,train
0a268d64d5d3150983cb7153fb0ba690fb9ad9433fc0774fe35b7b321509dded,Benign,mips,mips:12410253174939843705,false,train
0a29ee5669359c1f25cf3925cc4bb2fff5737c863e4cd7dace8106b41f24eee8,Benign,mips,mips:8265050066420353562,false,train
0a8238b8ece66c8e93c8a79f9083caa771d2b0c1277bdd972471fd2831595c7c,Benign,mips,mips:15366426782665605606,false,train
0a852f62cb8775388e44e346ee2118d9c008b029f658ed574022da6cd4c88a29,Benign,mips,mips:12569334423871310811,false,train
0ab6deddc5866eed1e81d25d130f975747dbf8eda7dcf22bc2d8c62551a8e7b3,Benign,mips,mips:8261017225609746470,false,train
0ac6f5260615f19471869e11611144fc39b1de5da9a0697dae21a1a30da16955,Benign,mips,mips:5570813107615552890,false,train
0ade88ecf36775f4a67586d9af680ce65a04385a683ecd448238c09cb7f1d566,Benign,mips,mips:7005215479457131313,false,train
0af9cca2ed2564d405af1f1aad089e182898ef9f7f4b051a343e0a89f42115ba,Benign,mips,mips:3368654787395124738,false,train
0b0a9f692a4c5391f3d7b1443d6cf2a45305025ea9eefacfe52fcbc8534ef9eb,Benign,mips,mips:9850949690076271721,false,train
0b4ae0a03da71e02e30a2b524870eb87239418d5a865858a86a33d0f1587df24,Benign,mips,mips:9898349329745368916,false,train
0b76184bb8861c64e3e9da568d29d886de8bb58dc6636b9571bffce0efc2d98d,Benign,mips,mips:16395094635036455901,false,train
0b89ee510b74186605e96edb1fac3a9dcab4f118d4cce021bcca93f417a8bb7f,Benign,mips,mips:453278250034698288,false,train
0b8c932e1e617983f5b3b9466b275ade7ee72b3c463a0bf659889ebcc64ef718,Benign,mips,mips:8613378031316650358,false,train
0bcec4b70c2506b01ca6fc64bdd95a3139dd27a86b1e62ad6867cbf502b791dc,Benign,mips,mips:18245273373222022792,false,train
0bd4249557f0c29e6c1e6b29eaefe33f1705e6a437161f803ea06b45d008c482,Benign,mips,mips:3944286602497305101,false,train
0be75170b0a50a56cbcc784dae4b0531e687323275b3fad16928702437716562,Benign,mips,mips:2696750959886224484,false,train
0bf3b506767efc4d7b4b5d9035bf070532a47692cb2386dbdb5e1ab39dde8d73,Benign,mips,mips:13821093224010499617,false,train
0c155061ca9d98f927b4ae8ee58aaec2cce9b4113081a5226ecaa0b70f2d5eee,Benign,mips,mips:354794848344973710,false,train
0c2f23d347b93dbabdae7eccfb552fa64d4d1dbee20f1b992ae08e09bd7b080d,Benign,mips,mips:9615118824792457351,false,train
0c4be064465daea77bec69ec25ded872368d5154d0553878d5510bb9afd95c69,Benign,mips,mips:13858588875209279910,false,train
0c5a8572c537f704efae5f92710f6ed7f38eab9d1f24d9d831c270bb235ae4bc,Benign,mips,mips:9061077314928948624,false,train
0c659d5f9b99047e5aee0f1ef2b5a6766a0eaa906db5054d9c806ee906b6065a,Benign,mips,mips:10126444802204640210,false,train
0c6701b1a9bca51780f948ace87a42de9f0dbbf68e1469673ac384ef373e40de,Benign,mips,mips:8372864565880870283,false,train
0c793ce9f985e0d5be084956feed8cae0246fd12b83b01ba48a39574aa2f25e2,Benign,mips,mips:16932650301095188522,false,train
0c814d9130a8e969629e0916c8e14f259266dddc6dfe4743663c1e6d007f095f,Benign,mips,mips:3997246545631808749,false,train
0c8c97f3acffd8202b2ab2a03525adb574d85a2d530256fbfab8398f0f727b04,Benign,mips,mips:7476138172660677747,false,train
0c90dbeb842ef573395e94b5bd4485d78523d647cbc4c01b08db41db75368326,Benign,mips,mips:7101802102536990344,false,train
0ca1612f70a834dc6da1119f5866968e6fa872688cbfdddc75218ef58c36b18b,Benign,mips,mips:10261648211432332912,false,train
0cde4965ef61d01b2b30fad70ce455396c3fa596849a15f0d6748b9c2cbbc955,Benign,mips,mips:11648068581628492769,false,train
0d1a87764a599eeda7763c0bc0f8ee15a90616a47e0b47004719b59217a41864,Benign,mips,mips:1176293727235514272,false,train
0d6519caefc3dd5b931b3a58a5aa04e80bfbe31c7588cd46a3415f002c0e2b85,Benign,mips,mips:8477144191794403521,false,train
0d9477c61fd2246b877b90459d1637a81b35a2573c68d26ecd2d125628fa8be8,Benign,mips,mips:9031289173496245491,false,train
0da0f210d9dc7e38b45d59186e96194bc7916ae4f5bd1e4e3e1819a99d5e43db,Benign,mips,mips:2358498302453856318,false,train
0db1c2cb2f76571ad25f8005c390798331156823f8c68092a8364868d7d42577,Benign,mips,mips:10390237387669417609,false,train
0db91f0587a1a95c35d7a389db39a8b1a0f52a466bc000936d1d337dbc05d8fd,Benign,mips,mips:15672575355163643015,false,train
0dd977a4aff543beec6bcdea517621bae6f1456230a6a4d4db2788a4ab791dea,Benign,mips,mips:6725562133159369991,false,train
0e094b9d9403b208df2870bbbc61cc95cbe721c9ed65057307dfdb7384fce655,Benign,mips,mips:3561436569545132908,false,train
0e1679fdbf9ec3542deb95bb17dcc2c8f9565e4bafbe3317491c6c0db6404718,Benign,mips,mips:9294175856391089574,false,train
0e2f8f13eb12a668d710e7c479aad27921aff5ae84a664ec1d34c686c9f1da04,Benign,mips,mips:15039148290033654742,false,train
0e35a00f089a2f7aec85df408c518db742c81f13c031983600a543b8d7e7bed4,Benign,mips,mips:11140321470911963977,false,train
0e4a4d569e84f5843c1164411a4e33a5cdbfb3ffb541bee1b99f89a2813f3280,Benign,mips,mips:714354634067285807,false,train
0e63d73ae33db6ad0f1930cda61adc5b7753fa11158704eecfbad428a76fa8b0,Benign,mips,mips:14835984047104834453,false,train
0ea94987b9fe7848add82f9c8cc97d1c68e4c38ba062dd5423067705361ccb99,Benign,mips,mips:2161800127563269558,false,train
0eab0e833190097020f6c032f426683d7d020f2a7a11c23e9d06c02f6746967e,Benign,mips,mips:12585311108251851458,false,train
0ec8625e60541e280c18645311f32ab976f585dc0bf4be95fed9a285ae4de28f,Benign,mips,mips:11012619685584435934,false,train
0ed282d0d11aec8ba265a4027df76b819a9a9a532e68275bebf9a75cc5cc9967,Benign,mips,mips:15326262904287180071,false,train
0f08b4f16c19734dd891338baf9acd98ea287aacd84b7910b2343b52474d8360,Benign,mips,mips:6010563471460023133,false,train
0f16191b2161d3dd74b1f0fd8708fe81510bb057c4310c68da72c958dc2f141d,Benign,mips,mips:14211927414966093640,false,train
0f2be7d46efbf82d2d7c4048649cffbfc8483cd010125424cf72a54a02e5d1ca,Benign,mips,mips:12809385810753311860,false,train
0f3be8f1b6b3ef488aaac02e8df80d50bdcee2772bd647b1ac71ca8791ad8fa3,Benign,mips,mips:13038371497730643260,false,train
0f4df90e323cbe5e6d98913a2bdf8b32c2f42310d228cee8298ac4c7585d8998,Benign,mips,mips:11769215647714809762,false,train
0f72dd9e81915229487679969005443e97e06522c0ef320755b47c820b7509d0,Benign,mips,mips:15957605900804222285,false,train
0f91cac00ad89c9794cb353918cd096d611452fa8e44245ffd942d52653ca6e7,Benign,mips,mips:9323470910550529322,false,train
0fb0401ee91078c8c440878c6d9004f3330d1515c0a70648af597f57d35270b5,Benign,mips,mips:11928111891608837653,false,train
0fc3800e5111c1194afd7223e4a4bcd00bf76609a11dc19e1e62df7837d3d8b9,Benign,mips,mips:15575619928616692840,false,train
0fd4aa3abac59da4c0c110af05a3def77f60cf0fdc77addc8621e3118f09c048,Benign,mips,mips:15716967522940290973,false,train
101a789fa7d0fd2569c9a98c3d77dacbf7da6831f2f6eb879cdaaeb85b22c5cc,Benign,mips,mips:6200284304892668982,false,train
101be2c055e1011040b2c3cb9e74b8b566e8ccbed881022b9f88e4d6bc0bf785,Benign,mips,mips:13890748212760209600,false,train
1020a3ae66c6d5db9d3ea9d02150c0f12abce742bfa28ffad9722b8ad0b2f905,Benign,mips,mips:11800087240875513978,false,train
1034cc3d42e6eb15ded56b3bc5db6915cb288bb425842181b3756c9fecddff80,Benign,mips,mips:15736834184667635021,false,train
1094d312480536b7fc5688b29769882c22cdbac2ce883c1711329496a112f79e,Benign,mips,mips:5898050309926611125,false,train
10ae320b036da6781fd1bf74a7d05b5995ce3f0972b14d59b5da45ad9553d32e,Benign,mips,mips:15976052390423146122,false,train
10ae393f1b09e6c3fe610d561e42c27fc1cbb27dda007cd4f57c2bbe053628d9,Benign,mips,mips:12885366272354792397,false,train
10ce3f1da1c60f3c2ce2bfaf2c7d40dd03cb28312cb09e713dd9de3522550b88,Benign,mips,mips:14360708012518895979,false,train
10d9c361f88e58cb5dc75e61522c5a58431a95cfa6c6817c0d3ccc5090d0d4af,Benign,mips,mips:8946714949255053491,false,train
10fa1ad01f9f5b430ac2e767773b5fc21d70a2a656ad3f37df456b97c5a0a1c4,Benign,mips,mips:694892822883703772,false,train
10fccdd0835b0593da48511748bca755dc6d51a61cfa4ff5f4d37d9581a01baf,Benign,mips,mips:7440817154826335661,false,train
11026d87dfb34782c91b83277930cc4d7e59f98dd6c4d77456bf8ec3615ba497,Benign,mips,mips:17172939373300368105,false,train
110767203b145160b2dac58e4a1da2554d2692576d29af3e59971229808dc2e2,Benign,mips,mips:15078544023590052164,false,train
111a45fa542a081727071089489cf85380ed217cedf27739dc485baea948577c,Benign,mips,mips:11768238059283630808,false,train
11589c13b58899d7fb8bbb3c93b86e8467878a6f81f2bf2e68f24c34675873fc,Benign,mips,mips:3295578101113956589,false,train
1180e51fae95d474006ee85c04423d1cdca908d7ec6cccf66e6e401ee7f350f1,Benign,mips,mips:3749082524219676106,false,train
11aeef154fa0a8ceabe5cb49471e7cf0623a6e8438222152eb8bc3514c428568,Benign,mips,mips:7913786301964318077,false,train
11dce843a12b6df15bd92cce2aac35073a09a20631fcadcc34408f9d68d1ad32,Benign,mips,mips:18287734571907727353,false,train
11ec8c59bbe13d0c5d805be8fd8df43aeb787dd1a166ac32d4f50f09d47eacaf,Benign,mips,mips:11469584410466121117,false,train
121bac274bb70134f052e7a3f66a2359995d59f38c02e37c89600569c3fa2163,Benign,mips,mips:8578324497925171311,false,train
1222dfb95fb62c3ea12ab72a1a16b29fda263780824c890f3ed64e645fb07b55,Benign,mips,mips:12796197740339366154,false,train
1248783f02617e767a9bd85a7d6401e3106c5eeff94f7330dbb0c38d4ef9c625,Benign,mips,mips:16409201285009543131,false,train
126080e043360a3403417211a108cc8ae43b0c4a933634460cc9d99c212ddd9d,Benign,mips,mips:16559469405032693608,false,train
1284134b0ce355de0617214f7ac5be9e63cb7181443506094f60acb94dee33c4,Benign,mips,mips:4232005367680018354,false,train
12ad7862b62d5d464bddf679d825bf42572d1d02d477dd41e19234e4c500688d,Benign,mips,mips:7484293779103865608,false,train
12da1ded250ca78e78e72bf95a3ca6f048fd554ff53ca2aeaf4e676f11beb3a8,Benign,mips,mips:3843058870723938732,false,train
13307adf6c6a7f0e0c5c29ff527e5b7188b60bae0a1616321930bf646e382287,Benign,mips,mips:1560539266103721915,false,train
13420736ec64dcb5f7a25c5f118b3b08bff63dec29a420413dcdf9b9226a5f94,Benign,mips,mips:4377558384481020198,false,train
136a97f99dbc2818f114dbd4b345c8835d6ed2997dfaa92cd56cc743077dab8d,Benign,mips,mips:13485344262157433423,false,train
137a513394b08072bb3716d1881a43b6d139b991f75f24bdaaef50f30c891864,Benign,mips,mips:6266631097031442770,false,train
137ad3dae2957764938daff65c7614b3bf59682528bc1d58c321ea1861a76776,Benign,mips,mips:10078042444425892327,false,train
13ce8f8c14fef9f927e62de62694340c1af64a630540581d0b481ad5f3651117,Benign,mips,mips:15372154664798071642,false,train
13d75f84c2e0bfe9294ed0ae8561bbf5fb0def7955dc94825ffddb9876b9bacd,Benign,mips,mips:4021256682938908905,false,train
1424a07cc8ada335343e04c9ce3d8b010648e6f75dac623e3eaf4014ef7d15a1,Benign,mips,mips:12731840864095841619,false,train
144fd4fa2f673a6dea07ae563f5b3f8e531e8c8045a2328d5366129414e65677,Benign,mips,mips:14665032045910961949,false,train
14692bedb74ac5d311bfd617ea7e1b6b32d3d33f857d1c6f41ed7354494a3fa0,Benign,mips,mips:15429463553411008679,false,train
14775566bb2321125fb918b294f3dc0e396e1f4768134650385b0db28d40da73,Benign,mips,mips:15189741524935214692,false,train
149c130a368e093bcf67ab074917e082af95dd83c22babd82e004badd2aabc6c,Benign,mips,mips:5259963889077754621,false,train
14fde187ae0aa1bd523a4a3840a0b20045f63aa754878169192d6eceb63857d6,Benign,mips,mips:14544652973004522546,false,train
1504f4e2096fe84b07a42f8d4ebe702b96410219b1711b75dd5d28f896532085,Benign,mips,mips:2756029939484925101,false,train
1560d60e1f1087b70248e189d7caabe36db1301c3a1a16402e230890fccbe16c,Benign,mips,mips:9062295915795769236,false,train
1578dc182fe3a48eb744d34547fde97f823c2ba6ef4afef556032fdaa711c422,Benign,mips,mips:18078108383594519046,false,train
15c699b0dd8a04be9ca1882f202ced3a553d92e1d22211e8952fecf6fe3e7b03,Benign,mips,mips:8034386442033914884,false,train
15d145b575affd25ab61a4335169a941c5b9a12d0760d05122f17707aa011862,Benign,mips,mips:15637506888056172752,false,train
15ebff2c02e2261c21a96db04927f9bae271a2ca255d68c039f7e00987dfe7b9,Benign,mips,mips:4985924480077747053,false,train
1613837ffc1798cff70d7cdeb0bdd89e5536d18460b9d9f28708998da239268f,Benign,mips,mips:17011776486032356079,false,train
16652c28807ef300dd237ad626c3ab7b498a3b1487f2b03ebfc7f8c5e9af2f97,Benign,mips,mips:11499005669562897808,false,train
1676c97a5a68b200a922a80423549835ec886d2104384e689f27fb9d99ae81fc,Benign,mips,mips:543114253101770307,false,train
167f7b66eb89f45c80f45127dab817e064ed8d07ef6c0a1eaf86556d6acf6920,Benign,mips,mips:15763607002956192536,false,train
16a33f433b6182ad41feffaa22e021cff1c6ecdbdac9a52d9be1982873e85ea2,Benign,mips,mips:14587715584114184866,false,train
16a8b6fe1db4fd448584e27b6843b39cbaaf82661516f5d35cc71abf065a195d,Benign,mips,mips:14751923325216752008,false,train
16bce53cfb4c7723d2a2ca7d098aa2ef89db768f41c5d3a2b338f068bbec70fc,Benign,mips,mips:3157034247806821267,false,train
16f560a02f311343ee5e0af980a9e24a4cfaca6a2f05da31c924691e0f769cdd,Benign,mips,mips:10727718562421744374,false,train
16fd87c9658625e0962ea9b5b67cdf84a837980807246faa62d3d52a5009ee77,Benign,mips,mips:1623175632080997584,false,train
17203ff1002978c5ce367f0c7d5683ce1ab50daa2d4271d1a6e4de4772dcd74b,Benign,mips,mips:1399452065602213393,false,train
174e81e46830c64f68844e496958cd1eb2ee6a934166591607e7159648ac966a,Benign,mips,mips:6873764100525446753,false,train
175863558959e090f3733ecc05f225c9f2b972f1accc35a167ae27ed2545b4ac,Benign,mips,mips:16567099470701083911,false,train
17641dddffc6b052766f38e0787c969eacb027ec6ee229dbf9d24c5947cbd31c,Benign,mips,mips:14175248342400075598,false,train
179aa58bd4e06eaa5d636dbc7cb26cfabe20081eb21b9d4ac519172522ded888,Benign,mips,mips:3683917078594551296,false,train
179e8f73abc1494245bcc3f4a76c542aff15734201edb4b804c2b3aba2081203,Benign,mips,mips:15615120585827417216,false,train
17d407c4ccdcd7f4dd925fbc8caa117729381ad8e312d2be350d9b57dba66198,Benign,mips,mips:15097687113375800505,false,train
1878fa37efa226d9059f0adcb0a37667ae8056e922119b2aeeaece30647ffa4b,Benign,mips,mips:4299792299567271978,false,train
1891ac95422e9dc170cfdc3417a70ef12d395897a2d93aeadfe88e0fbbc89dd4,Benign,mips,mips:7511345186072660569,false,train
18ba05f821f3612a01c185853cc077aa3a7b641d9ce99863a0bcf678a97aa776,Benign,mips,mips:1157060971339403691,false,train
18cf70cdf8d79eb202e6cb34576695d997e29b8dcd62693782b8dd95ab5763fc,Benign,mips,mips:9774924338544688332,false,train
18ee9c7a1992e35ac107faaeedec38d2dc60505d058998a950b3861e7ea86a58,Benign,mips,mips:4429220786990845845,false,train
197b64d439b506ad950fd6e13925cac70934ecd01b38a0d6a7acce1c47c87981,Benign,mips,mips:12698910147573609097,false,train
19a602291b9f93ffb828612af391560fb28d6410d08c6fd2865b7bb59165f3db,Benign,mips,mips:9034926478773874751,false,train
19aded837e2b2807b4925f700b6b82395021d743ab396b7dbd920729d88be081,Benign,mips,mips:733230802107472275,false,train
19e48f289934d8961f6cab077917aeeb4bf7639224b8af94a857b119fa503ddd,Benign,mips,mips:16315645800835132186,false,train
19e4bfab6e242c29aaaed240f29ba6f80de4e7a68d1b646e811356140536ed08,Benign,mips,mips:14370491033007289392,false,train
19ef5a1f97801a7873d4458ee09663750e2191f80de574bb861d2bd13ea80f32,Benign,mips,mips:10771420325981023696,false,train
19fa9b8627963933eb914eaf73ac9aaa47cf46c59dc55b454d8dd0ff3bd3401a,Benign,mips,mips:16782332862873181053,false,train
1a00270bdda9906cceda56c143c3d802cd1e10be920c0445c611960180b73502,Benign,mips,mips:3873748862761443388,false,train
1a03c5a0c6e2f8caf101ee99660b79a4d7dc381dc5bdaf5c2419b962f422a5aa,Benign,mips,mips:16677054760541606457,false,train
1a3fd2aa5798db788c787597e93f97c6598affe8e66e2a3df9af95f92e316159,Benign,mips,mips:10504876799325971171,false,train
1a4e7017a5c32e2efb639f447ab2bb851678c80ca1bf70ae246c264fefb5bd6f,Benign,mips,mips:6614784281641749739,false,train
1a65f2278419201b89da40613d3decee4ee6315f136c925e8230554085ccdcdd,Benign,mips,mips:10984901167056459261,false,train
1a69619994989321f6188fb9fa45f6296254d67bc7d2e1115f117201e1c43d1c,Benign,mips,mips:8687883188974562332,false,train
1aa9a3aff2a6a1925dc6ac00a177662b8b6bf136f2475178df85decf220062a6,Benign,mips,mips:14199223137905565178,false,train
1aafeab3b507a2b9afbf22361b9a49367c441ebc29e1b8ae8c990f0d93eb713a,Benign,mips,mips:8279141701183872575,false,train
1acbb9a19ab6d12a1c7cec99cc20d7f9210d33152d7a739107f18d0175c037a6,Benign,mips,mips:215859308876219225,false,train
1b296d2a9531b1e64e707de46ae7e485fa41d85d629bb4d178e97ef1a4973c34,Benign,mips,mips:17241557631166564661,false,train
1b338250f6427d715459a83af6d74907fafd4540daaef8ad993bfcd03eb64f78,Benign,mips,mips:11762341634832939346,false,train
1b63518ff8bf7e74b70564425ed6f922262e67838b7f85a16256a737794447c7,Benign,mips,mips:12010452218863820378,false,train
1b7d29dd7209b05f7f8fa862fb828ea4787a8f82c99de8e84cda7dd4da7293a0,Benign,mips,mips:5671565114383994435,false,train
1bd6326e4639adebc8faac30705b3c815e4ef10bde0ccac192d79135ffc9ed1b,Benign,mips,mips:16360385481878717456,false,train
1c07dab33584ce427dc4e6c544080f86386ade9b389d45fdc92f2f68cc1ba92e,Benign,mips,mips:5641209676540558023,false,train
1c1af6877f6f8bea6506a682ba2843d236704b9611a62efad2a450901729ee87,Benign,mips,mips:814080635039207001,false,train
1c3fa569cb8059ba472fae9d35abf99307897359861ed6b430f685f41eede881,Benign,mips,mips:12658467298419263033,false,train
1c901b65a19a10d44cb1a0e50c5c243c648cce6c4d16a296c2c47573e38993d1,Benign,mips,mips:13564881983753503298,false,train
1c9c6c0dccd585ff34a71a18e5d54b5244a956ce5f49e4298bbf9c1c177b987b,Benign,mips,mips:17291151269065820649,false,train
1ca4a362b090f9f281814054175e7676ac7e3bb44bc20d4378e56de529061cfc,Benign,mips,mips:17454924020321929181,false,train
1cbcd487ffd1837d36cdebd37cdd0f4e7dc402e5c41fc77edcabef0e4a678494,Benign,mips,mips:5827154992057358010,false,train
1cfa1e0fe4ba71b0b381dbaae753189b61025bca3c1d0e3844f0a4674b73f913,Benign,mips,mips:3513973841425028476,false,train
1cfb65f5dfd3bf26eea90b227649050eb71e0299ae51bce308de3904017ed842,Benign,mips,mips:13381596665985113642,false,train
1d11f0231aa4b28c71d3c306de1202e5e04c72704bd17fe89a77248e171de40c,Benign,mips,mips:9660356349252343885,false,train
1d2136989c9e719afd2f89f535cd0ccd7338f4eca70543cb086f42e691180f1f,Benign,mips,mips:15587887181610043388,false,train
1d3fa400e9f1ece7d55faf7222d611d84ae0ceacb0cfe2b5a896588d4c606513,Benign,mips,mips:16194852037166519156,false,train
1d4e8d9abd145ebcce19911344e127bd1eea84a0a38703d4f3aa5ef0a41d25f1,Benign,mips,mips:14856655795933279520,false,train
1d682c2ef9665310c51e47e812e854f03d967a20d0ae9910ede0b0331a49dc0a,Benign,mips,mips:13473871652082936329,false,train
1d7c9bbcf0eedf88c954569dd5b55ab8b0b645b25a19d9786c04fd762575b86d,Benign,mips,mips:9173580655652457925,false,train
1d927fac073e21482d678d7745f583ce4a62aaeca62cd5ff1293965e288798db,Benign,mips,mips:12982696744571861170,false,train
1d9449840a91f8e7bf6e58177a8f288bfa5a4e4d12c4c93bd13706b703186ddd,Benign,mips,mips:4706739606664267537,false,train
1da34a5c5f6539f3dcbfe0a12743d93d0cd69dbfd637dcbf32f738acd3789905,Benign,mips,mips:15377186283245818097,false,train
1daa30c653b5f4ca6cbf70e314d70d88e89a37b70a119258834aaa35cc71978f,Benign,mips,mips:5703300499177465772,false,train
1dadc66a9a23fd590b79e990d923c6888e5a9fd5eccb4d56b0c27a0f632886dd,Benign,mips,mips:5467590276310597401,false,train
1de4fd0a463f08178729126e484e068aad157037ebb63e8b4945334b8b09221d,Benign,mips,mips:15435860058746745368,false,train
1df4c3e27d69ca19f3cb0f6a03ea1cd8296412b864996209526f8235f2194313,Benign,mips,mips:16672515191702103293,false,train
1e3aed7a58ba2c0ae02e19ceb1148174e1ab86cf2f3b79829e10a009798ca6ce,Benign,mips,mips:6235321957436968304,false,train
1e5d7d864c0665f54d82624f1e3acde3b1f182af4cc91064f196947b8971061a,Benign,mips,mips:7407389114582434140,false,train
1e7fbff51b93aa1feb12da1b4bcccdbd6513d0d821ed78ca5172d3dce04c0de3,Benign,mips,mips:14421344587931626300,false,train
1eb54b7328861ca53356cc0125ae3175866deb9ed0c32d6aae205bb710412baf,Benign,mips,mips:5347234791122984263,false,train
1ece14f04e06671c4aaaaf8b584f79d0a03244c594a64330c323aecf4a6a82d4,Benign,mips,mips:8888127698421637983,false,train
1ed0aeb4f36b5f053f516d4951c68de235923718f5b3df58dfe4fbb10daa8b94,Benign,mips,mips:4393407451276111805,false,train
1ee776c25e2dac13a6de5e287dc0314d95c9a8b7be701866ca89614cc4dd9c93,Benign,mips,mips:10897332042366747034,false,train
1f188bd3825fd1b4b115c878bad37169126235662709460362395a1b2daafcbf,Benign,mips,mips:5532944708414481498,false,train
1f2c4a468a17f581b05043a5ac812dc960b782de1dda5da2a2bd44482d0fb40e,Benign,mips,mips:10946670522523949416,false,train
1f4afac37872d2be2cbf57e5784733cd19e511192b67ed4f62c4485cb476f79a,Benign,mips,mips:1473715044215940246,false,train
1f55ca5032c2006d71aa34d6c778c4baea52174f1b034f9c1fc142844a991f4f,Benign,mips,mips:2982510067385781033,false,train
1f5ff5ea288a55426b1c726794f27ce35ba3c46ea5e7aa5fe0d46e89862a28dc,Benign,mips,mips:11366498156601265949,false,train
1f66254d7d2a8e2442f346a0ea5eb77bac5a80d5a1d31339cd9bf8063ef95a35,Benign,mips,mips:1155236999526530117,false,train
1fffda947617aec9c062780c1a1c6a5f7bb95f0b573a749bc1af9c2a2cf54308,Benign,mips,mips:9779519565654112778,false,train
20007b8fc80b6200b2a3cf1f20332cf8b7aa96b37a793f27dabe26d18aa48642,Benign,mips,mips:16833554399443614426,false,train
201ba617af470d66237a5320fddd60d24792af859b524988dfecbc7a535d95fe,Benign,mips,mips:6396651236059020463,false,train
201ddbc398e957c29bde7f659b4561d86d023c630ac4bf7b276382d9f585e92a,Benign,mips,mips:6707585612774810802,false,train
20319437b7dd6e4326a91820b395496d79c2c4b244df848be487a874d52e919b,Benign,mips,mips:14973377718616241450,false,train
2033b1230132719f4a8a4715c7adcee43a5195196516e7871ec42443d016c8e9,Benign,mips,mips:9298624462944534689,false,train
2054b86eb5390228734601bffda69876a9d8630afbf1105535fd64b6316be228,Benign,mips,mips:8682420420664430646,false,train
205d6e33dd395862a793d34abbb502a71edc920dce7078db911d44b959f4cac0,Benign,mips,mips:3592278815697155552,false,train
20ce43929150442673804a6b2ce3aa5de03ea134e28a8027f41254a782a866a1,Benign,mips,mips:15821716086417084452,false,train
20d97fea3187fc4fd921444387fbee8da19fdc63adcd921542ff6186b53249f5,Benign,mips,mips:8812210465568625320,false,train
210b191a23fd6ed25911b8d8f8a9d149fae3e2e0cee3a2b597bff4bcf48e2bc5,Benign,mips,mips:1244449078266669505,false,train
21369f8e3c354c4963341d40d41e00b0351c24b0df0183733f37927e1ed03ee7,Benign,mips,mips:17304532753865710910,false,train
21521d8b19651c1431efe373151db96aa45bb244073bc97999c035dde3f4fdd1,Benign,mips,mips:10159712874477266104,false,train
21626a19b557288e35aee9c62c574ed595851792c5f0428660d8a54017bcef13,Benign,mips,mips:3117275014160621394,false,train
2183df20eebaae83dfcb82e740b8e994685793f5892e898fd7c470ba94d9a692,Benign,mips,mips:6763881872199028238,false,train
219f97b584f5a1baadd2a6d67e561e3fe5f0f4cae419291119fb105609eda144,Benign,mips,mips:15765859895260503304,false,train
21cc7a578f6f020d3084f3d2cf32755611e9900e73c9a0c3138476464f785bda,Benign,mips,mips:11018286863148019616,false,train
21e26461a1fc0018eae562e18fa774fbc34d755ce6c6c08e08fac2f34a145a65,Benign,mips,mips:13931377296314362289,false,train
2220a15bd83fd5b66d72c5c668c0eb5cb57198d8493d5031a9130f7148e3e987,Benign,mips,mips:10639885099561468437,false,train
223eb55df53600e67a0bc1ce31fa3cbdc1b15c8a90ec34ab114b65309b32353c,Benign,mips,mips:11836914267682899123,false,train
225685f4eae628c0351ad34820de98a72a11e76e3a7969dac778b676bc9b3d27,Benign,mips,mips:8790405089199787984,false,train
22a3f6a9f17383a9e5c4c32e30289885f3ce2e9a84c70ccf86e455eda96ffbb8,Benign,mips,mips:2778154838566041054,false,train
22d9c846e171a64186c6e09126cd9dd71ac3629a29ba36834b826e698385159c,Benign,mips,mips:15349312171151190817,false,train
2309d6f25ea966984d172e14ca1a06fedb3ad964ae98193293c668f50895db07,Benign,mips,mips:17794681983595183407,false,train
235ce55bf52903e9b07b53fd54e604e389b4f798059cdb11fe8c5f26fa478132,Benign,mips,mips:13956623028047390268,false,train
23784d6ddd6ca713651a5ece2ab82751258a6b4d9eb689b0f4b105ec1aee01a5,Benign,mips,mips:12001386558431267952,false,train
23b2074bc6ae23e496d55b75d0f73f3b5da7290ebe820bce70ef595a55570103,Benign,mips,mips:9803255987622067663,false,train
23c719ce223c03ec17123ee53dafb3f39ee8a8e8b1126a07e3e51750a6b20b28,Benign,mips,mips:6588234436228278488,false,train
241ea0392bd434315b3fd2802c360b0cf32a45bc0bf60704920fa27561f36054,Benign,mips,mips:10836152729923263457,false,train
245683be2232aa00df0b0518d5df135bacfdd6a24c79723c1b2385852804b69e,Benign,mips,mips:1623226710303363925,false,train
2497dfebeb9affbd063a2789bb7c27d2c24052485327974ee391cd1a24ce03b0,Benign,mips,mips:11874200070445997964,false,train
249e02c690dd9fab8ca4691b6c97527553fe41b7d115a5df964580ddcace34b9,Benign,mips,mips:12442263675563779929,false,train
24a8f06b2bc8268fc2caaaebceee2f9fbf01faf73958869e0ef2915edf43438a,Benign,mips,mips:14759553169961164954,false,train
24c2b6bda36b05b78ed50ddf508632f5c939551eef07513feb696695560051a5,Benign,mips,mips:13621470924721887361,false,train
24ca7a444c66f513e54675e2a42e26cfd1665bded734bb71b4576830307567c3,Benign,mips,mips:10842192272375859409,false,train
24e5f1b9f19047f82717d08b616075b51d4719248306a91226f8ed7ec21266ae,Benign,mips,mips:11499834785671763190,false,train
2501f2372e5d129d90c621886a9e4d54c7be59386048c19e58129cee6024c55b,Benign,mips,mips:4129861330277741808,false,train
252839409e01d1b4d34af34295905b94ffcdf3655036f6867bff1a446b940afc,Benign,mips,mips:17725345567915650670,false,train
252e8321819507e143c80b4014539bf10120a2b80b84dcd69cbfca471f7a48df,Benign,mips,mips:11525639238437390364,false,train
25319a13b7b5350713837e69c8ce77e71c8c7795068f6b6909e8b71b7001122a,Benign,mips,mips:7350314526843368898,false,train
253d60fdd3cfb5aa0d44588fa5f9e8a5b22a410ccdc3c0c02a4745321158e17c,Benign,mips,mips:2199983024693565730,false,train
25463acafdc9bc8a6558352574b9f31852a187aa369857d1407a8a64ea5ed945,Benign,mips,mips:799432259610090361,false,train
257335b9b587d0e22cd1ce478de849e92a561985a69b2104220daf5e009149ac,Benign,mips,mips:12317626405905104357,false,train
259324950365634d06bf32e6771aeb4381b5d66f6a5100aa9b85a30f51709deb,Benign,mips,mips:9208924939966304817,false,train
25aed1a3e43a642610406dd5744f1cfaea5329f3728a2313c166d79294f69a59,Benign,mips,mips:12165234843851088988,false,train
25c1502e0d35a6c0ef210e61b5984131a95d5beb6abd0bae82d9333c1bfab83f,Benign,mips,mips:5116571300792355216,false,train
25cf14f41d6f3f608d5187b0da3ca94af944323979190041d6d4e62411e53054,Benign,mips,mips:12651049874131944541,false,train
262429320752cdd24d38897ae1db1879b65973a841f0817e465a0d1c1df32193,Benign,mips,mips:10133309495288361025,false,train
262542e42ff12d841c1649236e20816037dd9ac65d10088662573f66b69342b7,Benign,mips,mips:6157794961938053945,false,train
263313634559ef61ba5794ea2eaa7299fe91c809344ca1d8b1efa6ec8848c225,Benign,mips,mips:3598605453570159286,false,train
264041cdac39a904b784ebcc8286d95f278f11a51f1b34e1284f29ff29a84612,Benign,mips,mips:6456112019300398011,false,train
265d2647d3c5fd98938dcc402e94b4c0999eba32b662bbaa2760d3be4626deb7,Benign,mips,mips:10497475162073785106,false,train
26a5b333d295d018a2cba98819de0a755570dd01a7433ca62b9c974c63280191,Benign,mips,mips:4019495267747032596,false,train
26a6dd8f1fee2c64a3f583173aca4d5e70f28c41d3ceaee47f5c67fb483b0a1b,Benign,mips,mips:6548338186222816096,false,train
26b2a5dd0655ab86fcaad21dbaeebdc4e1661d586ea95d7bc260b231d88ee8a5,Benign,mips,mips:7424285619625106015,false,train
26c0bdc5b1e7ac32e1b544da4bbf213a74de19a992e0415f700450a9ae48bf5e,Benign,mips,mips:16569144419561790139,false,train
26d4a0e8d62f0822f9f7a24417db0d4b306c231848106abe7357a2bfa0b9fc84,Benign,mips,mips:9482585306077223876,false,train
26dcdcf9775e8189f0dc98b8a3f6218419b31295060c18eae5c49aa58be661d7,Benign,mips,mips:8259045089379136983,false,train
26e679d680f559b58fd6dbab5a8e4c54abf45739f09ab33a6a8cccbabaf59ee8,Benign,mips,mips:7274974228449880280,false,train
2702742e7cdab42f0ff1864c4e6c22ad66133e0dda82efd478697a65ced5fcf1,Benign,mips,mips:6873290305065245290,false,train
27a1ad9f8313d5a1c283de5d0288e73738659e526e6ae55610c1cf79118e6a89,Benign,mips,mips:17747894299426833178,false,train
27bf9aca1e9424e613bcce3f25b8c41f565e086500c8452e94001d177773a394,Benign,mips,mips:9697989889440014714,false,train
27f72685658f7c3d2e88dc794755dc7f3e0d9285c7093918235bd2328a0c2d43,Benign,mips,mips:10541488267177707604,false,train
282a4f94c44c75d048716d56cf5a7a13855dc743529edbd961069fc55aa19e8e,Benign,mips,mips:10691839331524471316,false,train
287e52688de72c317a945f8e6e82d4f576a7d1d9c41d911ea5a4e4c3010b5fa5,Benign,mips,mips:352923444509108762,false,train
289639bcba15f41e038f9f510a71064257ec1b94de3ddfd59a1aeb90b514b716,Benign,mips,mips:6695941942556895531,false,train
289fa2f5586e333059413bee8869dac60c9e4fb9076ef910533067f22369f2e9,Benign,mips,mips:3832886398681192402,false,train
28bfe04a3ca2fbaf58c8ef03688ad3e65875399a70e70a70fab29946af587b62,Benign,mips,mips:18322808426708082636,false,train
28cff14b073e8a92917fb2f7b7adbdbb5f8080a12c2fb2393c81ca63f4bcc375,Benign,mips,mips:646853281099677126,false,train
28daf27f8bcd85b9dac222f4b776123034ed5378193a26477cd8df4ffbe54d1a,Benign,mips,mips:1467753732217230204,false,train
28fbc140593fd5f6bd42d39215493bdb1ded88bd988731e4552043e7f94e8ca6,Benign,mips,mips:5724494087167957153,false,train
292dfbd6e900bf44862ed889475736907dd95b9f8b1e34c36e161bb4d3fb7de3,Benign,mips,mips:9880470206674185611,false,train
2951399a881a1101b60315a0bdcf328d923ca0c66322b65bbe3f0d3ebe1cba8a,Benign,mips,mips:16825594208214461793,false,train
298dd3722c93bace627303a84faf9d9cf1a90f8108601f8347cb162e3989183e,Benign,mips,mips:2375539241711553047,false,train
299f211c7fa90f1e750139d78bfb3e8b1cb1af503a550c15758637f56c2cef05,Benign,mips,mips:7894457372399814809,false,train
2a00badf85a27979138d45362204f02430dbc34fd0e665a4c5d24a3950df7f01,Benign,mips,mips:14272001309060418498,false,train
2a8a6a626cd654ff58d0bb0310046b6517e9eed19cc06010e6bfbb96319c9422,Benign,mips,mips:5455991454317092610,false,train
2a8ebdfeb2e7a7b391b2686b86ea9c1b8c3b7cd2b26c965a2394573a98dd1cd0,Benign,mips,mips:10003983826869495050,false,train
2aa550d1cd5a08fa5f178eb916b585aa46bfb86d8918f9bf1baf34f1bcf2724c,Benign,mips,mips:6842288273312967235,false,train
2ad885e3f7f7b7545d81ce42c4bd9fa3292dd57847e22e2fd48787cb1cb0d15b,Benign,mips,mips:4424683135272800179,false,train
2af7d0a1ac4c149276fc09d6512a732183be59ca3cfadbd9efd61aa4c58361ff,Benign,mips,mips:13908583875338585658,false,train
2b3d020eb6a71a07e0c4ac5740c1d3a1b84bc7afe505281beb41f9ed26aacdbb,Benign,mips,mips:10777115371262230588,false,train
2b4324d73032d320023240bb87eab701f205f2ca53a12cf3219452b108e80aff,Benign,mips,mips:10994860981228347946,false,train
2b4c7ce706be2bbc4e73d3b1d7dd798d9ab46ac3671e3d4472cbf7321c913314,Benign,mips,mips:1232735903227786934,false,train
2b4ddcd5f944e041c217a2004a59dc1af168667d74ce97690de2ae9671916c5f,Benign,mips,mips:3285446230300121522,false,train
2b68b0e8d7bdf3656b15e48a7b38334964920f91e1b9663be599aeb677f00e34,Benign,mips,mips:2914804243946915265,false,train
2bc7566da31b63b58fa34d317e3cb3a925ccd7c472a4dde0a966897d9ad6bafb,Benign,mips,mips:6547532940200121884,false,train
2bff9a2a093d6a21deb5631a7a92cb1ae25002bdfc25026ad5c5e23a101e1362,Benign,mips,mips:17443951585579171718,false,train
2c04af783a582472b17bd9676d9bd0e5f2fdd40620037124d5c57e8c4a097338,Benign,mips,mips:5594157350855849394,false,train
2c7d96a63f822fbaf293e2c955550c7ee03e7b7a1f8d402b3f11d2a8615c801d,Benign,mips,mips:2809620033077982763,false,train
2c80323df39ac2b5b5f12d9da75b4a62cd7e1e91b337bcfae5ac6d44ccae5e4e,Benign,mips,mips:11263182754761550675,false,train
2ca6554b07b990c1fec722c9ffeacbfcbce2d1682816718e6ea91015410282aa,Benign,mips,mips:18262209836382592343,false,train
2d0f94e830a567e75f8b89092e224cecfd42b5f05ae03a126ac69ffd194062f7,Benign,mips,mips:13067162836136493927,false,train
2d218784466053cfce3fad79f590c5f266e866a3e65fb0a95d74e81ac9e86323,Benign,mips,mips:755308178891926246,false,train
2d403849c5ad98e41ef77a7a03652278247d0f5d929d16b8b6ffbe157dd60a13,Benign,mips,mips:1557768970449783670,false,train
2d8dd415293e2586c0c832081d684adcc2b18aaad7ec1f959f97319ec2783db3,Benign,mips,mips:18133119443487804641,false,train
2dc30a6c3a2565f1697b952a6f86859f2dac6c0a8705e6395c4f2b15b6891d92,Benign,mips,mips:9191263008145791590,false,train
2dc42f6dd0ec9fbf46fd6c6f39796b81fe6d25e7f4a86c67ac38c1dbc284a595,Benign,mips,mips:2722738464482077508,false,train
2e1763a7a354124a4592e28d866ee946538fed6b9e0eb00d982e86251289981d,Benign,mips,mips:14619879273876640077,false,train
2e37bad6aae70b2edb208596d9302b318cfb2bc6459aec93855acd45716cc2e9,Benign,mips,mips:16032298473208801881,false,train
2e402864d0b63a02c188f63778c00090665ae4db3abf323a5850994c9f2ceb4b,Benign,mips,mips:7168605547592935249,false,train
2e7853a2d63438efd58b4c3d2327547fd00b0fbaf68e3eeca0d24fd23b041461,Benign,mips,mips:11918886466012018029,false,train
2ea72a94b1bc3cb9af4a2080b60b50a08651a4ad6ae0ecb36feb11f0557c0595,Benign,mips,mips:16147455375847051314,false,train
2ea96ccfbe829301f3bee1ead2c2749d7200e2b39b9d64d65ff6033242053a2c,Benign,mips,mips:4779668185388452052,false,train
2eaef829c3daaa33fc3a39ea4ba14a9851314a9a5e614095d575c4a099aa8416,Benign,mips,mips:8917345266367656272,false,train
2eec1d0fe8a11f2c31693eb49b3cc8c6f3acd0c828de907dc1a4b210e054951e,Benign,mips,mips:1196269353180762114,false,train
2eedf27481f35be337b662b926d3a1e950a1ac7d20c609e885690d7821bc7d73,Benign,mips,mips:8177753442737554990,false,train
2f028c8ed900eec00f6ff94fcc43e8dde26d0bbd9c157d970d51baa91e7c5801,Benign,mips,mips:16795811785256010168,false,train
2f02bdc48f6ae4f393a8d1ac88e1006123c16fceffda27bcd763c92ee9374e36,Benign,mips,mips:7691678543733212010,false,train
2f2230cbdbad938b7c347ce29d37c1c62f2c6c1ab9b235625cf4b2413b78a4a6,Benign,mips,mips:15118959894899541773,false,train
2f293335ba25cd9c7d176988642f41023c124e6a984e3b678b7c6f5f8e2e21f0,Benign,mips,mips:9528357959073915153,false,train
2f315e0eeba89565dad526149359f0e1a88307afc36ba5c14c237f64657b4929,Benign,mips,mips:17862496430051543708,false,train
2f495bf265abb613ca712d58389d351439934552df39dbe295ab08e962328cce,Benign,mips,mips:17167056119233672202,false,train
2f552dab6e80a5d66a9aadf7f3c8d48ec6c4a34016c451d47b10ba03e0fe6f6e,Benign,mips,mips:3471723454441916075,false,train
2f768a892faeec92dbb72b1bf94c9a059471875673468e30e2f472aa761f7949,Benign,mips,mips:3512664262815137120,false,train
2fa01bce621681b4cbc8f94d9991961456f74bd22c9d5fc8cfaad7d198640d27,Benign,mips,mips:7495341453852520155,false,train
2fbc23750353648685eda138687b5206b53b66eaa5ffc27333824825c1f1553e,Benign,mips,mips:9700704696872198611,false,train
2fc714864627e70fc2b5b7c721a39f12a4a8f9903817525c5d83153515a081c6,Benign,mips,mips:8393746810046014995,false,train
3007c0304948b650612dc6054fb165a342fc67f8c2275c100318a19ffed95514,Benign,mips,mips:7901405924106978009,false,train
3013eced03204703273e1a035647122669f037d5e0869218f920cbedb2527bfb,Benign,mips,mips:3481930568326857686,false,train
304789cb7936094feeea48dc34f24524e312c19e33537d67483d4c56062c1ca0,Benign,mips,mips:17622110605418083997,false,train
30700928d996743b6df5cc4797452b434a041566d0fcbf6fc3d64b33d06fb8ad,Benign,mips,mips:12731896910249058763,false,train
31097140fffbdbf5f3a3c33be997350a83c3c14f6cab63f6402e0b884200ac7e,Benign,mips,mips:6628270060615487755,false,train
3113acde33da3ba2da48b94db6acb62047dec5da44919e7c8d53ebb277c016d8,Benign,mips,mips:9804963349197711268,false,train
3120da51c627a78131f752a7724e443266ae7843c598f446ab0f440d2558f416,Benign,mips,mips:10640284168184012021,false,train
3149b4b27f2264ac7bfa4d77e91660738587633c664a471ef3824276d4eb11db,Benign,mips,mips:10992564139206712735,false,train
31516a9d57d1d21cf041747f543f039a45f2db313595ad1575f90060c58add06,Benign,mips,mips:17159381797454553244,false,train
31a3d69b0fbbd928e39f5edcccaf7c0323aad1f5a6dfe4ab9f5f91f968140646,Benign,mips,mips:16270577761155902430,false,train
31cbc77bd9c735ece592c4c38a7fbaa55e12b1e6d5133ddef44cddaed53c0540,Benign,mips,mips:6594755208034461701,false,train
31db18eb09ec2f215d4681f92f033f5def745bc19a734175f77cca0f72a6ff52,Benign,mips,mips:3584241951759263103,false,train
31e04719247c6f583685edc947b412215d01ff9129fa17b03ce7cdd0d8065160,Benign,mips,mips:16595132666467145532,false,train
3209e5ba6e834f11674266bcf48e2c4d2689e8632a5ac84ee11a5027753bbfc1,Benign,mips,mips:16320612431971387451,false,train
3218ac5fe3ef66ef7798c3af8947998070362e935f3143f0dc308fa1fe5b3198,Benign,mips,mips:14292034263082188033,false,train
325d8d375ff07dab2f8ee237d52981dd89d46414653dfad1b86b4a80bbf531f8,Benign,mips,mips:11525643839994576710,false,train
327b4ad395f240c0c228cbe1459f254ffc617a37bd514c097528c955051849df,Benign,mips,mips:13877373324477818293,false,train
32a40ddd85bd77c34d67a8f1b1075db6f82c6610131a75d2acf9cd039491e401,Benign,mips,mips:2355805097670509543,false,train
32fa3603d7aba41cf937b7bd485cf279e7ba640427f705f87f85bf5e9404853b,Benign,mips,mips:11510471688098412108,false,train
3320f0b6f7996da239135f365c299ea1e06993e74f0347f4b8fde9272d91faf1,Benign,mips,mips:10654273481162569868,false,train
333135e1c297cb33c78d05b05f634a70b876379221b761aa9833ffa0eefd4559,Benign,mips,mips:12106775616215788457,false,train
334c0d5cdb4be44250f5592861e581105228c198cdae47e387f87f50a901bb31,Benign,mips,mips:4471383256473271044,false,train
33b7bfa7d7739fd5948f97922a65aeefad8770028b4fe8e261b13e5a6c315d61,Benign,mips,mips:10775843511902149489,false,train
33bdee2ea97451ca44dda400f659ca420fde765f0c86348f5f42cc6cbe04d55c,Benign,mips,mips:9564364420967032908,false,train
33d39fd4ae61c2cdf60e4d830764a61569ab1de301dcdcf7d9ad7d0d9f026c51,Benign,mips,mips:7482397041373982164,false,train
341da5ca2514a4b53e18549a05825abb561f623dbb888b1e4c9a4cc0360093d5,Benign,mips,mips:850632672628878923,false,train
341fd6515431cc74c7ddf7fca5792a3d5664e4dfcea6aae34b848fe0db885f24,Benign,mips,mips:928421488415635836,false,train
3427a37afe3857763682f9893f7e843aa521766719085ed46e73c063d119c033,Benign,mips,mips:2556206834659312732,false,train
343aa74e32a82619d14ad06c01fd47d557bd9b4df2f72c767f0a4f28e6301790,Benign,mips,mips:9521815764456141509,false,train
346c43660ab4873da924e49bf8a0ac3ad8afeb75766dcc97f16379470d121bf5,Benign,mips,mips:2929737570203095186,false,train
347b4b7bfc8533b32d3bd664290fd5edaece7b1e6a35208946fe8896e216be88,Benign,mips,mips:7125637947961779247,false,train
34f379dfea74215b788fc34a3bcde0fc4208043bf4a79f7ce6d0b46e06bb8cbc,Benign,mips,mips:12646763128163188464,false,train
35a5e442e1934d4196cc51ddb2191410d124970ccd56985fd2c4cac36c34b9c7,Benign,mips,mips:4484341377801020766,false,train
35c6de1625ba695504ea4770ba6dce91b87920c13c74b95c7d04eb59fd212eb8,Benign,mips,mips:3339901454972596008,false,train
35d9e2a61dfee323e86c051c48b587af375aab7e7b825f218f41a00906e82110,Benign,mips,mips:427326780395369927,false,train
35e3ab274f398495c5edcc3695e2fdb09d6fa2b12c434b09ce2b42053897541d,Benign,mips,mips:10398167770951574478,false,train
360cb170ad5ac7bad6e3e1640db8e898191b6436ae64dce8b600361388e6f41a,Benign,mips,mips:13407972848018121501,false,train
362163db83b87e12b3cf1347518252b3254e199bb7a5c1452af6cb5da3a1b0ab,Benign,mips,mips:13769211288754898473,false,train
3638297370775c46254b8bb500574be3ef169c35150262f3c4215e68ac479ff0,Benign,mips,mips:4938868732395436753,false,train
365586d659b200e13769ad46b730215c36ece6d90bc2a6431b4168919d2cd308,Benign,mips,mips:10846939707527509983,false,train
367a71161a9de75ef6561065e83ef951989c9588e708b04c7907d2f95bc71ccc,Benign,mips,mips:3015371938643222139,false,train
367be07e86b60e3e2b56a60950394b97534c7cd4a1d44d6dff17cbcf97811749,Benign,mips,mips:7393446498081990972,false,train
369ee81b395e6930574955ab904ae617dc8741ec76eabd09dde1587734cdee9a,Benign,mips,mips:9147505054589643536,false,train
36e6497a7ed570704c46d1711ea843be68ab7290fb9963c6903085f27e4d49f7,Benign,mips,mips:14767842997830783350,false,train
3722a12843aca37167114f384295eee09e6471453928ace4ab5ff812675f909d,Benign,mips,mips:6072492841647972236,false,train
3729d003053fc0e4972e8953caa9f76cc67e3d414d64590fb727f9a50b5f6339,Benign,mips,mips:7214013143018160881,false,train
3741ecee6dd3cd7090816d8a5d241d5599114fb61dbc7a2c3d37435af722be52,Benign,mips,mips:18079314581559248476,false,train
3766ed607c532fa2ad0cb884d75eb8e5cdf1b827f02c4db87830009500877533,Benign,mips,mips:4659957131598566309,false,train
37844cecd0a498de285247a6dd5a48c51144ce56d8132c91497302daf002524a,Benign,mips,mips:14236839097434931120,false,train
37f5e4c1a4a0fae8e0800534a234d04ab6cb013bd8a5586a40135bf85971695d,Benign,mips,mips:7471814797212280419,false,train
38506349726d911f6d4851a421b67877901789bf9e2fb827398ef7b1a84dbdcf,Benign,mips,mips:824573160748706180,false,train
3852a6be2fca684fe89b34bd477dd3a7f39a509702ebcb301acfea2ac7f4d7a1,Benign,mips,mips:3966068781198707251,false,train
38807a186a1a18772609096d2aa67dc93213c5c2f696ac81fb5e7cf7a87eb955,Benign,mips,mips:4532501468562894025,false,train
3887e89cf69d5e2da714677c5c25dd23045b6b8d4e53cc5514df353d90335262,Benign,mips,mips:2795317749956317769,false,train
388d2350b0f0e3c9a6bf237984d1521e4cebad878bb37f055c4644f431894805,Benign,mips,mips:9490529912937123094,false,train
393ed4697542bbe6e40c38c8bb04118845c9c016a9873524745e90ef7b49931c,Benign,mips,mips:13664362633730464743,false,train
3982ac1b9ceec288c5cf7ad4d8cc51cbb6814e0fede46686c1d8b69aff87a112,Benign,mips,mips:528730733851380532,false,train
3a0bf991eb2857570a90b39d236240d7b002ac405d5fff38568cc7ab8d5d189b,Benign,mips,mips:16698885314987023144,false,train
3a2c31d570c6222a7062db6311a949eddd4ed85e83dbb3823ffe3b5d2b1763b5,Benign,mips,mips:5151441868775011701,false,train
3a3a5e4bf42c5273c170fe5edb4dcfd66d5d2375d621d80a02e34954e9de5989,Benign,mips,mips:4271409950764742786,false,train
3abf1666b153f9cba0ccd0680f8c7edbf4fab9a8578d4ada223209a658e54d76,Benign,mips,mips:8276998865744081494,false,train
3acacc025cfeba8266f279325cbb934b05b75339fde85fb8c5080cbcd6e3931c,Benign,mips,mips:1832953405577828830,false,train
3b0f09f19daee82da8a64d7aced3a8b4cface7ac4f4945e4a6d72af9a83edbf2,Benign,mips,mips:2557233840134872408,false,train
3b122122b2ff5d7f2d57cd20babb2adc2fdb934c7c8471f08a5bbb1ecd24e427,Benign,mips,mips:16952362311415236026,false,train
3b2abb707ed4ef12fb2bdfdca9ade99b7749098e10dd9b4fe9520f0e0c684646,Benign,mips,mips:3519549714603139685,false,train
3b2cd24e49b9e3ceb379926378c0f56c682bc6d99b05ff6447fcab6183b35e7f,Benign,mips,mips:8988094557986874441,false,train
3b2e38629ee616f6cff429f5963e4dd23cf97fd87e50c8797a8930f40443f937,Benign,mips,mips:14051219637786970761,false,train
3b371aa3b72f3c6405cca86fc9166555db537f94ebc6b7d812b609b45b1ca883,Benign,mips,mips:2523278853049599568,false,train
3b654bc5b47a9d7c876e0719153acfe1c5568c8a4c0b0ba872b041f81bccd1d8,Benign,mips,mips:12274442246722600703,false,train
3ba52be302b6dea3285a44337bcb4402cf7c6389e390af944f0238b1681aed98,Benign,mips,mips:12675610395180335175,false,train
3baa7d30b624ae70a780bda1bfcbc461e99822e73d5e4d694e4ff6f5f9f324b5,Benign,mips,mips:17775103883341725869,false,train
3bae34c24d41b550522017ed78923eb201787a528480bc2436ba48d16f2612ba,Benign,mips,mips:11985559085305906060,false,train
3bf5aaff0fdf1721218b4b63826a565b69278b43b31f19c1cd295f73f0dd711c,Benign,mips,mips:4134227951241013603,false,train
3c39c914d532c148a6df78295702e130436f4d4e8586281bab152e44678c6d8b,Benign,mips,mips:18409567260727278937,false,train
3cce493aa796384b2d8e1e2cb7493de63eea7c8aa8be27dbda1e73a1a40dbd74,Benign,mips,mips:17283466080972749299,false,train
3ce819dc9c9a2db1d9c5e7de36ec0c8d1c778a47888251fb2f560dd337dd9de6,Benign,mips,mips:6863983420468925788,false,train
3cea38131784225c426dbba55d7f4dc7a79a23b61af2db886efd61642562255f,Benign,mips,mips:14573271613313386699,false,train
3d05eafba8ee7120470ca275c5b3da94a4effa6abbd47b19ddf653a7ea5fc7e3,Benign,mips,mips:11804339752932788088,false,train
3d2c105a98c39027bffe9e23cb3e84ba4b4e13ee98fe03f0f2ab1bdd8a0e337a,Benign,mips,mips:445572062837110805,false,train
3d4c1108d2f890f1582411e27caabef4006b159e8c30f801b930ec58e204b3a9,Benign,mips,mips:3622268475625868966,false,train
3d9aa4cd6a8c22f0c268632d0d53ee3c7740bfaa4df0688529013e99b56a2c7e,Benign,mips,mips:11880615193171438458,false,train
3da990759e7ee2f0a6e3d856e327968754dcfcbf20162f07012bf0bdff609188,Benign,mips,mips:15063492772424166450,false,train
3dd04583aabe0198a0f39f09032f0887a6623fb7c2a7c8f409cb8cba0af2bfd1,Benign,mips,mips:12980055740455008805,false,train
3e0a4ea40dfb33434685aadf93dcd3643661d459ec4768215594e2cfc4cdee5b,Benign,mips,mips:14253275275890463799,false,train
3e42e69a727f1ab410e23c7f3e391ad22e98a101ed5e43605a46c90aa3b0ee43,Benign,mips,mips:18121550749154320843,false,train
3e44fcb268ca6d4205c759f16e14e942d9118a2ae1d6e0fcca00c1173276f974,Benign,mips,mips:10147761992084615503,false,train
3e69bcee4074d03a6142705f2a96cf30620d614b432f869007af248727e1a343,Benign,mips,mips:13311570612401871763,false,train
3ea26283915d6cd31edd81ed5a3a77db8f45c34505cb9879a1f8cfb5f813fc19,Benign,mips,mips:17439183129887663668,false,train
3eae17f16ba92563395d5b06ef95a50e9b8d03b095cfa950bc7c94d0510442ca,Benign,mips,mips:6485889020233179023,false,train
3ec2d81a3656f28f788f30f8066528d6da280af7e8f1aa2a295a6ddc148632a6,Benign,mips,mips:4636275934429539158,false,train
3eca9379ca12b50187a2cb883ab74666afe75f3e63ca52baaff7364fac143d4a,Benign,mips,mips:2823153158277309382,false,train
3eeba12fb49ca2a07bfd8560d7e8d8804e6dec945d3ec4b9ea7023b63b3a04f7,Benign,mips,mips:12644381165307687722,false,train
3f1483466bdd4e2d3ce97def9ac801c7db4a7a721be24184191c8eadd09dd78c,Benign,mips,mips:7357533793857737554,false,train
3f340328e49ff2bd584ce339fd04400785c461e48a3ebdfcd6be27ca331b76a6,Benign,mips,mips:1837580360784623969,false,train
3f3533121688d795a14673ea3b2a80d2a2a082e410b9f320dc5096f1d7d41c75,Benign,mips,mips:1380085621274359912,false,train
3f4d5c3460866123571ceee767bd1f8080ee53232adaaacccd3c2a9dd1113a4c,Benign,mips,mips:15709527090997291250,false,train
3f6ad882ddf0f44ad0905dcd5fa1bfe1864259c32000d83245e87f126161144e,Benign,mips,mips:7547080143993038251,false,train
3f6ef5a416317b89149074aed5a08ab0924039869a9e92dd134083fd8843d290,Benign,mips,mips:220980770892139464,false,train
3f716e1eb467f246a6a725f81521573fc0d9b844baa5220369d50a01e90e65b0,Benign,mips,mips:9867294802136934325,false,train
3f777eb166a915633933f05d0213723f17fe016b732aaec9efde043308ab0b93,Benign,mips,mips:13114445838101296331,false,train
3f87c20548f7e52cd26400a17a405bf565b1c65e5cdfe2da11a6cf6e482d4486,Benign,mips,mips:4515527455560219209,false,train
3f96a06cbb109c4e4e7133e0e7ccac2fbf5ec9c0467141c5006b973998593ddd,Benign,mips,mips:18427829805054070038,false,train
3fce4b06db8ec8b032a316e4af1a76a896ef9abe035c8d29ae799ee3a2626d25,Benign,mips,mips:10548942829164778830,false,train
40703d8d950016d2e431b226d443fb54049118f4d2e5df4b3d1f9bb26e92016e,Benign,mips,mips:505632666659813950,false,train
407b86da564704a81293c744fbe1cfdbb78d392ab0cedf0b0f7c22603a80e8cd,Benign,mips,mips:17940816529490456002,false,train
407e3adcb662668173797f6f9ca2a037843e5077a1fb6d0cfe1ad6f152a1fad3,Benign,mips,mips:6889136611883492922,false,train
4091ced163e52bd89f7ea888ba93e80fb239857313045ae5102d549028774459,Benign,mips,mips:745689176365555288,false,train
409fe799a4724f89658c967db452f5332cf15adb57f306080d952bb48871345a,Benign,mips,mips:1583907485758766653,false,train
40a87e502e968d287f5dea6bc1904492a23919674e22fe819879cd179c66bc43,Benign,mips,mips:9831516459441946758,false,train
40a90f1b6b185bba3b0c4168ed9ec5c9f1515635e08c4c828208aa9e50d448fa,Benign,mips,mips:12990037413973317732,false,train
40b19f8c71ada8968d82f3f9bd63caa0d0279c2b90bdbea003a0e7b64c038076,Benign,mips,mips:10463201062979347634,false,train
40b8168e7abfe0510ef5d2e7960e32661b8dd1b55e4321a99a464f5e82534259,Benign,mips,mips:3198874944981124662,false,train
40c2c0659fae7bbaf1e410e3b2b8edfc6b0ef438430f555995294becf7ee750b,Benign,mips,mips:7596163952504096010,false,train
40def3b49ef5bf3ebfd8504db6492da3f6aebbbec5170375da83bc1522e987aa,Benign,mips,mips:8206424840214265381,false,train
41354dfc64c315e3d79602b7e8b731fbf8540a2d8501fb623a8beab8a1a60d93,Benign,mips,mips:27023574698612486,false,train
41646a2dbee52238ad62cc47e2a7af73704a7f59f6183431245b1c53c1eecfd8,Benign,mips,mips:15493709027792202074,false,train
416e717bd5a77171fe4806041d0a8d620213a3e39626385a306cf3cac88817e8,Benign,mips,mips:10933098041620702225,false,train
41899346e1ac9d2d8413dc3bcaef59ff92844a742e504e24781ea225516809c4,Benign,mips,mips:3842357963675234329,false,train
419b42d8ded220074ad8dc0a3d5a5d8c5a76ca0792f35100a967cd5d531623b2,Benign,mips,mips:8905130718075798054,false,train
41b78efd182e91f99c7c40ac05d889cdac90800a8d48428174b11622236872bd,Benign,mips,mips:6247174307363966453,false,train
41ef49817e2b7d21ad7e699661205718f2506a66c429845d5fd0fdce113e46b4,Benign,mips,mips:3913598448757070646,false,train
42102124c896f3ee3ca3384c3276de38cf4bf44bfb78ffc806e4fe7888a253c6,Benign,mips,mips:6859691890053767168,false,train
421044662d7441579e5d48b58395df225fe7972ccbcd0e55ac909437a497ad7a,Benign,mips,mips:10006804677466741540,false,train
42132b483a3f9b9ba512282245958df113200e2a50b2f7956fb2747d3988c41e,Benign,mips,mips:12403133280943604024,false,train
42a0f1a6d4ceb7ec784c2efd2b8cba80c8770c9284605f165db99917ac1046ba,Benign,mips,mips:3745416379468619758,false,train
42b998f03aef42430303d9a3d82dfb033fd0e4aced25694495d2560d5c65d17e,Benign,mips,mips:11229580017936902136,false,train
42ca27fc875448de27221b1f61609a36fa95b707a6cc2f1d808bc90d1652edd1,Benign,mips,mips:4026771879213457194,false,train
431b13cc8044857d59134af0fcb000d939c882aa3dbded77842265b93545c68e,Benign,mips,mips:11170299111754521578,false,train
43424e375b83102cac50337046e01f2800c3d9d8ead8b8d0c1389ed06713c7d2,Benign,mips,mips:17096110660886120458,false,train
436c4566699ac8bd17bba1e5f670243295bea98d9d1d0ae29f24101830ce856e,Benign,mips,mips:7789509628722999834,false,train
43719288e4b8d97b0044ca1959376da1acf2c8aff0a15be4e736b42416aedecb,Benign,mips,mips:4734158825409942333,false,train
43ede58350168797daa08091cf62b68fdfa91abd1db5bdddead852870eeeb20d,Benign,mips,mips:1075722492182402469,false,train
44015908f05da739d5255c9b054bf3ae24783b9fb9c39d143829fe0b6427afd9,Benign,mips,mips:17126248154896126981,false,train
44019687809cad820de9512bf8030e0ad85700116860d91c090a8858b45b6f3f,Benign,mips,mips:9563481894665950897,false,train
4424d35ddbf9afbf0d88ec812eb4ff4131f4952ab9ee4d9f89bf38941faff5bc,Benign,mips,mips:1515318894928745654,false,train
443b74660d0692cd5ab7bb41f5be4c375d59126d1befff6c3dd9d9ce05d2d9fd,Benign,mips,mips:13647238847834933327,false,train
445b801aea99af04e60d105774e218bdb3681c3af2a4670c9282eb3e0545f4e4,Benign,mips,mips:8724215128037181482,false,train
446c9ed32c0447f22ef72b8c9fab4278cc992699c79a12c0085cca90c69e33c0,Benign,mips,mips:534424233548634986,false,train
4490e5d1d79f63db12f7c911ae373ebe92b239835cdff17c2b7e8aff2eac4ab5,Benign,mips,mips:10339005850901420862,false,train
44980da502548452fabb8f9fe0a71507b4277adeceae742bbca048d0a46e3b19,Benign,mips,mips:8346985626355509315,false,train
449bc07f994115fe437d932de5edff31fe618e9375cd2eee4db61df8ee4c9f84,Benign,mips,mips:14172867596840704050,false,train
44b447fbdf494b9f24ecc888dcde099bf5b8e9f13b414956f93005c43a54a823,Benign,mips,mips:5689058710937425054,false,train
44c8db90ad4c50b572f7874a59d9bfbe3d301a413e5e0d537e08b90cfe4e177a,Benign,mips,mips:12907920434908847486,false,train
44ec011601661f8a1c5d62c25e13ea6e709567e7c87045d9243fdeca0cb9fd73,Benign,mips,mips:508632145022998851,false,train
450ce991e5b83a79ac34422cb4ad934786eeab9677d0b7023cb3033c27aa3aac,Benign,mips,mips:16075403360182338732,false,train
452b2986b6fd31c298d0db26a453bc04480a15be97c845c841e8bac6d979ff06,Benign,mips,mips:24930704053808594,false,train
4566a8f44589f7e2cc538c99db65bde758e332c265df7109c1e65839df029364,Benign,mips,mips:6179619463509278881,false,train
45a18e61cef3b75d1b27db4d67c1d573d5db0ca6c61ce9cb1d7c4e33212ad108,Benign,mips,mips:9487112288912190298,false,train
45a96a9370ef28efd4dd1fb7e8241f0d77e490f086ed02a5dba463746cadcd7a,Benign,mips,mips:13851319891679316963,false,train
45d1e08cd402cfef8a8e0fdb30dbd4e8e2e35a92aa52273537388d4daf8339a8,Benign,mips,mips:8161889210979258583,false,train
45df940575ba36dece489a097011bd3d04f0de95a79aea313b2ef2166a1c03fd,Benign,mips,mips:6689192789901287638,false,train
45e26d63c9c01e844d5b4d5b5c39be2b100eb0b4002f0da76e1679728943d853,Benign,mips,mips:2935520056647509910,false,train
46146760cc73b9d945a5ea5d6022abb0c83475862e03448701a02b1741817131,Benign,mips,mips:8090202702277776761,false,train
4666a1c81431db80f216616314962b39f931126705a0be06df1ed9c7d354b04a,Benign,mips,mips:5312563577142044291,false,train
46b154b2651c499761a9f21e4743bfa72d595b318b55cd7fb3fad9c2d400ff08,Benign,mips,mips:14837332315843511450,false,train
46cf53718c1c8afa8aa245f3b07e16f9667ac50d89fb1f0c2a175644e0120568,Benign,mips,mips:2537195849472885344,false,train
46e90e5d913d4f9a3975eb4dde637b2283915ccd3b5706425aed02669cedb4e6,Benign,mips,mips:15318960680601428168,false,train
470c5941b5a7c2343df5160990dd9ab055d0061c2df320e6244ad5a41f5e072f,Benign,mips,mips:2367597933897862581,false,train
47233c91c645bff2e48398630ed8a96ae1c7772a6224a0364e000ac3ffca3ba1,Benign,mips,mips:285092810131780314,false,train
47ce53468bdb240424d4f5e7485547e454db81f3423289e6c56a4768b49e29f8,Benign,mips,mips:9027699195062176711,false,train
47d095629d5d239484221a233e9803f0511658632f0cf271315a7e39ce38bcfa,Benign,mips,mips:8519630648624923034,false,train
47ed5eefe7e2e0aa09784a808f8e44a4da57119b2153590e3c28f6d17347e88d,Benign,mips,mips:7421285658171105640,false,train
4801045cce7323613e769adccc4fbac1735f7555b395820a6c728520f2f4fdaf,Benign,mips,mips:15777703586089133624,false,train
4820f9c432cd1db5be5a1dea5720b18a39d3ce11f199cad01242b44b2a5d266e,Benign,mips,mips:12198325386684835017,false,train
4827fb3485bf4165ad4465e6eee2d7f879e21248feec4ef40f742bb0963366c5,Benign,mips,mips:1334747542270478498,false,train
483b2791fe1274ff5e8405bd8eb7e88217aafd171f1429171fcc149dc283fad2,Benign,mips,mips:17694770851177700470,false,train
485fd990724949a18a42115648e8bd8908d383c7ffa616ebc4388a6b7f1ccc4f,Benign,mips,mips:343866014996794630,false,train
488176f8d4d06d60222fb67ef119fffea6ce245a3ce48cc2d2208648f0031845,Benign,mips,mips:1678130709637520272,false,train
489408fca745cae9ccee696833fad41f682f65663a173938ebc70b9ee6221332,Benign,mips,mips:14508405088801826305,false,train
48adf9b74b0e4ec03a192f9445286c1b60fed30f302d5da30fa019fc0b79d00e,Benign,mips,mips:4242750331899372053,false,train
48b853a80de49d9c994c4410ac08537c9740ba6a0b42bf56db333c1b12e20892,Benign,mips,mips:15009856367211767544,false,train
495f70506933d68a2808563d8a87b167c7bb72dabbaa33ea365c812221a47166,Benign,mips,mips:7350207787175127276,false,train
49896fce494968f2fbccccbb07536d63873804c5ab5f6053a748b76c7cbb7be9,Benign,mips,mips:13152551078317428532,false,train
49fd4c7e3f493c2d6d62f52d8fab9e5af5c6b6eb51e36c6d6cf9ea753f7c0565,Benign,mips,mips:3049784607544529231,false,train
4a2f067a55e5ee43ed0d1a0addde8e549d5dd64c99266f18c7a29dc879032a06,Benign,mips,mips:10437402021553454500,false,train
4a85c6fa1cb34eab0af71dd2ce1b2128f08c87ed67ea7594ff8abca61440d1fd,Benign,mips,mips:16520695643470168457,false,train
4aaa38f21e1f256667ac74810c2e2aba5e41a78df53a55c4a15e2b9ea6938d72,Benign,mips,mips:1919909328702664766,false,train
4abca1b4a151967c27d8f261a46bdeb16cb51a1162709eb8b212979ae6418bc6,Benign,mips,mips:10182421663075275593,false,train
4ac4901749ecad92e9b99e2cb795d628305926781710c89376a4f3abc04a900e,Benign,mips,mips:12381345104903806657,false,train
4ad64f65a25e890fc97967dedfdb6c633e35d89a612b06f15cfcf540d2acd72d,Benign,mips,mips:518668355390195971,false,train
4b1f088573afe40fadbccba778eebb9ea19932d24c8377e19e9144efd3e54f52,Benign,mips,mips:13308901483982429450,false,train
4b2147497b9f5e4250ba633554f4c63afa12a6a53b3605dfcd6e69d233059956,Benign,mips,mips:6601678632788441732,false,train
4b30ee13be247c63c141d1d477e0b5a60d68cc48f13cb8413036badfcfb03365,Benign,mips,mips:1606615902871827127,false,train
4b40bbe2f190ec4d088f39eb1cf6530b8de848f140e101b6021ff15d17c8c9cc,Benign,mips,mips:3046711724037777336,false,train
4bae8a2a13e5b5f3df08382eebc58a037127fea2784548b48406a7db6a65e784,Benign,mips,mips:10649287978163142700,false,train
4bb744258965205e23ef7185ed547040eb13dee395ed8f679d0342678002be2c,Benign,mips,mips:8126353073875194846,false,train
4bfd7113fa906e4618b0a99798cb15365366ed1a7eb7977122dcf96f2131250d,Benign,mips,mips:10003144164976926080,false,train
4c2408a0cad9aa3848227105aa25fae590f9c9f5b850e000c805fa1da54e0fd4,Benign,mips,mips:16416193577317123152,false,train
4c77095fbb3b75302bcb6aba2dc75ccf2949df524ed12409da79917d26fe64ad,Benign,mips,mips:9239689879947377441,false,train
4ca76408ba680e9c1e4315a4858538635da867991c157664d6ecca5aa9b84115,Benign,mips,mips:11900899653670060324,false,train
4cc3e8a0479263bc156279da8d30efca8ebff933aae9b926ef7431975f87fc3a,Benign,mips,mips:7959748322806116837,false,train
4d14ed54931f5f99e580870231b549597b0b6d5a4a59416e470994f5e0d0b3bf,Benign,mips,mips:11734405016539448683,false,train
4d4ba698dd52a4039f7a145b4afcd3945d4624f39ea79929fdb753a00d43aeec,Benign,mips,mips:9597654505798923133,false,train
4d5e7a8532f0bf6ec038b05fcc2ff0753825fdfb02609f103af28aa535908b99,Benign,mips,mips:8819566288951441306,false,train
4d70d782ab62469dd12c9332b64add57a8038c23ee209a2dccfaf35387ed7e55,Benign,mips,mips:12901492257174460955,false,train
4d8e91bb85d080eac9b9504b39d9cb03bf0c2bc480098935bf106bb86ad9d547,Benign,mips,mips:14121726964688403455,false,train
4d9d862784a1cd541719449885361d81deca82cf89df974fa4986f3e74cf2989,Benign,mips,mips:89185455055972208,false,train
4db0142000048c63d4a84fd180612b73a997d93ef337c09344c40e658d486bf6,Benign,mips,mips:2684543415490161388,false,train
4e62a0f63d30d3da825f8ec82c0788f2baa7528824c6d7ce87a87bf6ec7d30bc,Benign,mips,mips:447118227010034563,false,train
4e6606ee0f2435e2a895b9be4d1c1a088918c7b75b56b68a2442cb346b72a1e8,Benign,mips,mips:17907525926102683542,false,train
4ef3633d305a274d68444b4337f52633a43c4b28c32e2383e4052d89a6311677,Benign,mips,mips:10879891064964078070,false,train
4f1c7ffbcf678407339f2e94019ddeba248e52ae4241579265794109f83e49fe,Benign,mips,mips:3880164747139487370,false,train
4f37296dec8a7cba3ad35116a18ff17da1d2609f2badbf5c3578b5d1a249c778,Benign,mips,mips:3010093338173761412,false,train
4f5bd94d4828a7b583e67643ee82c604db0f1cc36512732640d7da051c73ce63,Benign,mips,mips:4229420935021469324,false,train
4f7cffc1f1092d9b8ceeeb1aa575f6304f74818730c2051be84e80bce105eae4,Benign,mips,mips:13458136348987453457,false,train
4f8bf76d8bb96722e6c5bee9be5193695e1a2e5269a4a426977d97610140a491,Benign,mips,mips:1581189563364261537,false,train
4fb532c9d1618fb7a80b58954e692e08ac06dae3d37b49e64b818459adebd032,Benign,mips,mips:9226574563851881610,false,train
4fc5ed14de3638fef65d3796fe37345c1fee3b78286731d606decd5a2c485944,Benign,mips,mips:5568820160838406958,false,train
4fc8700622d46d1184c6b0cdf9b24ad5e025d06c0ef836e4f877eb8566490286,Benign,mips,mips:9658848818782743363,false,train
4fe18500fba0243017bf17cce91987b1e08c7dc7f2865cdce14254ecfff1b213,Benign,mips,mips:575536294208938695,false,train
4feb7e9ea25d3dce37993d69862988622facca12fe6860c5d75384f12940cd80,Benign,mips,mips:14043211531346967810,false,train
4fed42a569653458dcb119a866757e3db6dbf721261f6d42d237ce2346d2a81d,Benign,mips,mips:2633744107946161241,false,train
5044b3cc58d0a20e559e61b8c87fa9231c5a7029ee3158e68c574a49564b8b70,Benign,mips,mips:7929990315774362684,false,train
50460852f0fbf7fd65bde0e01ca44fe7526425daea93c13fe5a05b98693cd391,Benign,mips,mips:10638224268938324148,false,train
5060c1dc50104f38002cb7d9d767526dbf536032f7c130647f4ac2a43d79090f,Benign,mips,mips:421009863491658792,false,train
506f19a0e4f135f214ced309a7a219da336d7889f41c90ccd82e82e42d5ca04b,Benign,mips,mips:14956507851556146597,false,train
5077b871c8c445c6b31fa5329914e50e6f6611e95845e5373cf0380200f5c020,Benign,mips,mips:5120150990379565805,false,train
50ba3977f028e10e3cbf0293476370f6e7ae5fe453f499d5cd63cf835a21d13e,Benign,mips,mips:11080117672849460815,false,train
50d01943486da6a538f9fa3ccc3f613ec9cc5e72ac748d0e9ee4586265bb54c6,Benign,mips,mips:3501385619354742152,false,train
50d4cbd641c9ad5b4ef7c962c2e8dbb364742552c762b6a1a1d7a41c055d25c5,Benign,mips,mips:9476412918998456788,false,train
50e64a4da12df839742d712c4737061d6442b4140bfb8fb036dce9498aa4bcfd,Benign,mips,mips:2133522811192864577,false,train
50e9417c8983e2397e23fa44c70b7be78bb223df2beac678a9d14f1f60d08944,Benign,mips,mips:204878771150205560,false,train
50e9a8c7478d4158b6f49f4db7b22c7691621366ed6de125bb4706aad7eb3801,Benign,mips,mips:2091974785582852341,false,train
50ea7f5eea838c70fbbfb8fb7c6e77368747e4e50a9d0ed5672dddb8ddda78c7,Benign,mips,mips:8376321986871292151,false,train
5106a43c79fc51782032e150038219ebfe94e6b5ce79e432a77d05f214a997f2,Benign,mips,mips:14985700179796856247,false,train
512bdc9a943b2455ff0aed990abc90b0ecf9f37fa6b853754738b7da713fa0c9,Benign,mips,mips:17335183062177080438,false,train
513fa4bc47cb2f8a9b108368dd16f5ec7f8bde7f517d0bdf3039163bf489cae6,Benign,mips,mips:16152926704589393716,false,train
51462436bd1ed29191e6b374ff05abc19924dc6a38f0b6da8c45c563d578638d,Benign,mips,mips:18247343436887508636,false,train
51763fbda511a52c9527b7a3b7117f7b3be1828e7789a915ea7a9dfd7a167c98,Benign,mips,mips:11660161150524186008,false,train
51ae697c7346173987f81918976188885c85f633eb07fdf102196940da5234c7,Benign,mips,mips:15093748214585276705,false,train
51ccc9e10faf59d4c11bd75351f64607e559d5ea0700cb7f4ff957dfe181657b,Benign,mips,mips:16567107136764203782,false,train
51e1a82c8bf14e10988cbf01fdcb1f6ba844cf545585e93a00437cbad10390db,Benign,mips,mips:8386808265934675415,false,train
51ec6d846731d4768b0e823a1cef3390390e22322205cd519d0b9a1d1817b829,Benign,mips,mips:4444961112084601707,false,train
51eee0cea60fc1f9c32c9df613626a7d8923a7a9a36ed786984625c2381ac875,Benign,mips,mips:2478374609231480570,false,train
51f6c7be5f6e9f04d9b40d7190a8bf03d1d2dfe9228fa83cbb2d88c53ce5f1ea,Benign,mips,mips:5287428991145221255,false,train
5205ad68c0c61b9361561e93d171da10c223c77a978e908cc0a4f52e045b299a,Benign,mips,mips:3417060549298392440,false,train
52186443c173b5cb2cfb76f25b8f70aca18698fce02e87193a836fa5bb936e92,Benign,mips,mips:1373703543887024648,false,train
5221a40e92a535d232f20b7afb30a7b63360f76bce27c3292dde4523f336aa38,Benign,mips,mips:3002286824971933299,false,train
52313bff28a413d685745bff476c6d7017113a4ebcfda62940a10e752b5d7acb,Benign,mips,mips:17041912697976943026,false,train
52e34734fcff4ccbc5db518493097d85eb484e19beea3f89bdc2c5a2ec871d35,Benign,mips,mips:2462922938310725318,false,train
531e7bf2f823b5e343b9a45f80c62177cc997a8e0580757b779e1169bcc6147c,Benign,mips,mips:1432534698002237616,false,train
533b64f1d9a79fe456913ff73024135b399fd6b578f9dbd28ece96f8dad25ca3,Benign,mips,mips:5559831527728725139,false,train
5340ec6bcac1fcc09dbf410286d8b7fbbcc5bc24e98e16378e124937aed6910b,Benign,mips,mips:12374430767311647439,false,train
534bfa58b7001a1e72da093101539915edfe5b1f5e19919124cf7ffd0b6f9d4b,Benign,mips,mips:16115758329539819772,false,train
534dd3cf70dfd0e13cc76e6662edb1126bfe10c6a30c7978a235a7ffe7f6f385,Benign,mips,mips:11779970502543487877,false,train
53797a45fe3ca1f49951a3616c9afcdd99b17602404c1aa8c78e2b3ff7b556ab,Benign,mips,mips:9391450902758704045,false,train
53e4bb5eb69b9176566a1db6258e6f6b81b8fddb6579f12b28915b1f579a89ef,Benign,mips,mips:7605701518910043994,false,train
53e5937ca703fee88ad2ce459c72680d57e1ce2588b3ff3f6b37f3b4863db180,Benign,mips,mips:4400892856663544963,false,train
53e5c9748dfbd08037581fafce8c3ccb1a22a45ea889cbf728d0c5db0a57b61c,Benign,mips,mips:7174706572033409911,false,train
540871e6aba85f996ff4a7dd4108cff3d83f9d5d104334ac369d26f77d327f15,Benign,mips,mips:12743672692748487009,false,train
54159fae97a04180bc942ad02e1b4e808f26fe525978905be5d273325818f7bc,Benign,mips,mips:11370299060958192314,false,train
54243ed5f9f48d334285a07889b028a9de2d115f64a010a33a9ec94214be3cc5,Benign,mips,mips:7637690326418116741,false,train
542d92aab3b7db3cec1e8df40001c6198dd20e7a6abcb8cb63111c5f0a7b69c4,Benign,mips,mips:2176587648022567954,false,train
5451c02394b220ff7a060be9878271b7328e525ebd995e4b999d74f4f5c1aeeb,Benign,mips,mips:2035853970187657289,false,train
546cffbcd7f00a7d4dc9a1e517eaee334ad73610799b0ad6c9c8f8d378a34db0,Benign,mips,mips:4374313671855863628,false,train
54ffffd25c91b31b976b2a510a575daf4bb0c5d77f755d0c6199feae34a81301,Benign,mips,mips:4778208261726228996,false,train
5500dc3d22d813701babb34351c62d718a09c68cb59749827641764a32f93dee,Benign,mips,mips:17456415779265598645,false,train
5502eff86cdc468c2509263c7db1b8854a9b2a5d0c8d0c425515cf3cfdf3dbc7,Benign,mips,mips:10614650761604810489,false,train
5532b0010c5d983eae42723f821084c071413e0cca0be2933450c6628578df29,Benign,mips,mips:9554273199969577359,false,train
55527043ec4bf0b4ee68e014230e73afcdc6d05d2745cacca05b4840fee11637,Benign,mips,mips:1534532770302583237,false,train
5558da33fcf174c097deec4f444c623e81dc942d6fd78c39b8378b96284c7fa5,Benign,mips,mips:2033016575169170321,false,train
557b46672d50974d2b2bdc6fbb93f2ebeed369a0e29cd51c54153b953649df86,Benign,mips,mips:16175309463613743408,false,train
55d1f96c4c19dd94649228b3169a876c32d7c997d4f0d028779446f812dbb04e,Benign,mips,mips:11999314258978353366,false,train
55feda57f4fcfb43c8a5126ed721bd63aec97a2a38d5502156ffbc5393c0359e,Benign,mips,mips:11584512051997053018,false,train
561fd146e06acd1c88ac3d6b2efc98f1192817b440eaa7af150e9a9501e5b0d1,Benign,mips,mips:3029357034414203453,false,train
5660e0c5eef2130c99d917bc0efea21064f502ee19183d1614a78a66a95f0e24,Benign,mips,mips:13560921378020737012,false,train
56be9682aaa0744dfdc009081a198b98ba179aca17d8ddaef67e1f553fcc40fa,Benign,mips,mips:5487463612773791975,false,train
5728c30e260b78ee7104a0e68422b42ab28bb221ab34c00fb5c442d931823182,Benign,mips,mips:8541590672282428650,false,train
57525a981bed9870d5ca4c5b95452a8c13a48793d109a61074911734472520e4,Benign,mips,mips:8113156017995388297,false,train
57651d222e64e84b19033b80f64e34f9a1af16cc25eb7379fb22c186ca0128e6,Benign,mips,mips:458686417363468157,false,train
5765fc93a6d8ac3325ead7b7fecd93a3efe15c68ec782baeca9596e3db5f6110,Benign,mips,mips:12752645786675552585,false,train
57791948072f7041785cc2c3dbbb81d13dfaae66add863d6ee6a590bf5629be7,Benign,mips,mips:978669185234677143,false,train
578e14f1e594ed2a6c3d6109eaa513d7ab5598764c40ca50f7f17011d5776ce4,Benign,mips,mips:10718464259759020867,false,train
57f018b974a9b0f433cb6fe9241584140f35cb8dd105c63cfede9612c45b8883,Benign,mips,mips:15720566286233710767,false,train
57fdab41b428272f7110e7e444c7acedc34bc715d835e023e5f53a9b35512225,Benign,mips,mips:11281785566822463743,false,train
58011640a897f2da16b27e18c0cfcfef5ec403dfd58e32f6c8eab94c1c2cd85a,Benign,mips,mips:17884065400589932947,false,train
5803031a0aa27454d93639fcaa01016d57cd5c517ad4673c151ac611ba2fc7e5,Benign,mips,mips:16096540061314267092,false,train
581d27ace1aab0b286e3364b30ba3d31f948c994790ee6b905aedb240a3c053a,Benign,mips,mips:11353919398536192618,false,train
583104371d3d0c57a3bc192d261e6acb382c01f7f1fa81f574a4f09f9f9fe586,Benign,mips,mips:14327921420719180081,false,train
5836d7deb8a4db578f20660feae1f98187bd21044979f5910b04d425a27fdfff,Benign,mips,mips:17569304462208089035,false,train
587c63abee9017786f63e76c566e6bb936fddb3a16a810ec8492470cc4d9c08d,Benign,mips,mips:10436214488940196404,false,train
5889e926bcdb7d26efcc66ec806dfe8316b5461f52624145becf22ea090cd951,Benign,mips,mips:16504169477988660893,false,train
58bf02ddf30c95c0d54468497146b338ca22f5927e324f0a6d2c5d290d05e44e,Benign,mips,mips:7213038332551657555,false,train
58e246452336ec6235a52de522bffe86fd07cb20ccd430e509c20b63a47e72e9,Benign,mips,mips:1563988124725498304,false,train
58ef0d6de409d5eb4bdbe7dca21dbfabc337cc5702f46d2d4f05865587a97d6a,Benign,mips,mips:13431188556920725335,false,train
58f0b0572c996c9963864c7fb8c3d5c9c4b5b512e837d3f87f167c32749b371f,Benign,mips,mips:7123615038395327614,false,train
591c786cb3021ceaad11ab3acc9c2558e6e4ae620ef19d2f377fd9c3cee2ad4f,Benign,mips,mips:8355210542445394818,false,train
593bc8a2cccd4079668be9f0876c35458e24f2e27c3730467a71b865d52c6a12,Benign,mips,mips:156379552154044379,false,train
596142dfc8b159a6969c48d2cdb48b6f4d391d66f96180007eaeb26b29e0c903,Benign,mips,mips:11626000546565500645,false,train
598eb18f872cc9ff3e07438cd2c8bcc08a7d989b1a511b1f00d570e181f13fc0,Benign,mips,mips:5252634762365115582,false,train
59fc2db79ad7d871bc22fe7ae2735832f0149bdb8f9668605cee2f0d919327ac,Benign,mips,mips:6815502194945957257,false,train
5a1d39afc6461d416931b9b1e49d2d21aba504137b629c9669496d63d2d62e17,Benign,mips,mips:3840814647926865738,false,train
5a35370b155acf5af6c5ab41bbcd0be66599c6c880f215a017a1ca8473b29adc,Benign,mips,mips:8709420717166335132,false,train
5a8baa3f8e243fcd978803625028909e6f1bbef27de5a2084ff4be1a8d77f4d6,Benign,mips,mips:1966106939464687348,false,train
5a9fd9a101dbcc8ecc106d533b7980ac2eedc0fb37fe32a22896027121d665df,Benign,mips,mips:16126009036571302128,false,train
5acbae86811fa0fc166fe46eb5caa3ea162b66e2db48096c1d364f037e16182e,Benign,mips,mips:58244850304362825,false,train
5b0f13b18a768b71fe6e032fc10e9491e1b9f9275747fa47e1cf44c90348ed77,Benign,mips,mips:5536185084013040127,false,train
5b13fa2dc96d71cac5f77c42f2397190c5aa7cac27a51505cccb9f6bf1e9a561,Benign,mips,mips:11334640308287444422,false,train
5b20b3340b76a599cea6c3f27f3e11a92903e2bfe3cd785111ea34e5d86aab33,Benign,mips,mips:16373376831430794832,false,train
5b4bdde3c8a4ba3bc3b559519596744ca144891782fcba41ad5a76cf2ef6176a,Benign,mips,mips:10395712091857701454,false,train
5b8dab909f2b436f8fc871cfe967ba18f0eadd1be837f2cd26863eb660be286b,Benign,mips,mips:194240559486047810,false,train
5b9a4b97047f94ed3dc6e8e0c8a81d15e824aacbab002f347aece62368613db3,Benign,mips,mips:14296496260185155356,false,train
5bc3e35e3a7ee10dda7347ff85d0c946b7198af644a554e3211c807dd0c8eaf5,Benign,mips,mips:12826006227227505268,false,train
5c02d9326b29a7ecc46f18abb24e1e3a12fb1504a048a5c8fccfd43f0b23fd78,Benign,mips,mips:3636898790200925304,false,train
5ca5e68ddd68ae5c911529dec8731bd8a2137a1c9c5dc121e7e203aa645ed261,Benign,mips,mips:8425451179368416229,false,train
5cc728b7c7622c5f2aac0ee9937f6199a4a02ed07b6824a208ed73cee3ae5bc8,Benign,mips,mips:2373207757752202508,false,train
5ccbf593346f9d0b238aa8a2fec93c9668ceabfe4a3d4c19f9b7c1e9af83bcdc,Benign,mips,mips:5770964265458570685,false,train
5d0b46abbeb7d304358249aae3e8c4a2131526af473e9a5cf732285a5d64c141,Benign,mips,mips:5346173378818515168,false,train
5d2c074a3cc07ac42ff2b1af292e54e82da5b5255377dc06ebd2cf2782d9f795,Benign,mips,mips:4774172221039170188,false,train
5d3e1d7e9d7929e9361f4ab315f508b85a6c82e8f8b29d392cc89d5154075cdb,Benign,mips,mips:2606726358150824420,false,train
5de03159d056bed0c390d55c62b5526c5e76e4951798c0c033621e23fe0b2f1a,Benign,mips,mips:720172170316529664,false,train
5de6aed8223ddf0487b7fe4e5a5568d72dc734e4f2da75b0566405c8c6ab0dbf,Benign,mips,mips:3832424364650927922,false,train
5de6c13c5371b1b021841c4fe193e9b133709f0a8dfcca82ba9889c60035d15a,Benign,mips,mips:15655191135757194452,false,train
5e0435850989f95e3e73409f1bceb8fafdf83079d0c81496a6ee99dee29535d5,Benign,mips,mips:429861042072741605,false,train
5e0f6dcb63ef17f8f7ee385458014b60b2c44e0d33fc00daa7c68a1f3767d235,Benign,mips,mips:8760030909172089438,false,train
5e219df452640e576002f16dcdd738e5ad25f40ed3937863512febda5a9ba9ee,Benign,mips,mips:159839800844368177,false,train
5e5fe2aff0b83f8e3458563e6393e4b6c837ca93bda15f48c765e04abd06d635,Benign,mips,mips:9809735149522411839,false,train
5e72cda1d34d8c0307288975090ddf855ab6dce6b60fc29ba5475a53d0b82f2b,Benign,mips,mips:1258003537304523765,false,train
5e92272dda15d5fe37f2b15133ae2bc4c1ce004c613c929a208c4c21256d56ba,Benign,mips,mips:1856277096438266718,false,train
5eb1c7d12f045432f772660c494c07afd082c99d183699677ca4d39cc4ff6382,Benign,mips,mips:5176229526212978059,false,train
5ece7eedad8a07aad90dd0d6710e284832d75d5104afa81add08fbf7f00c83d7,Benign,mips,mips:7595579199076774550,false,train
5ed4367cfb1838945c6b74bac4008e5044854a2de0f5a9a7f279f45f1de15952,Benign,mips,mips:12470087136332927265,false,train
5ed950cce1f15fa0776f15b8cdb340cd22facec1da16237de7e0f6a2bff048f1,Benign,mips,mips:13136331546711214195,false,train
5f3e417ecd72816ce73084203a36b7660a35f6236ae72b7d30836e3b7ee8eaba,Benign,mips,mips:9937969429385278721,false,train
5f3eab24be70c436ce179332ab120d4d1935681157e37bcd58cf116b85a077a1,Benign,mips,mips:14279628726033937899,false,train
5f6b15c892a511a93a1789ce42e32a42566a3bda951dbc6df8d5dd6190077674,Benign,mips,mips:2472307196517544492,false,train
5f894c37516f1192ca9a6197f5392ebb6b3672f7002c73b90d35b36751e589f4,Benign,mips,mips:6383050947404830839,false,train
5f966bfd9b28e88e63d0173699513e35f87b10d047070586d43459ab6755ccc7,Benign,mips,mips:589166728212973719,false,train
5f97c816572d5d101f167b14e95a9f976356f786b5e9c3f46ca77e6bc18a3d22,Benign,mips,mips:17204086269707987568,false,train
5fd036aa1cc8a0dacb35896f9b9cc75b21882baf025a36e2f5d85bd24bf59041,Benign,mips,mips:5570601625343242090,false,train
602d1ebff0e332b6649e6a979cc31d10cc2301039a1d4825c54cc99dec43d3c2,Benign,mips,mips:4302774498100807745,false,train
602d721efe7fff5a4260cc24bb7f95f3e544c1a8cad9f5783ab6f2eb2b169fe4,Benign,mips,mips:14517313128821876902,false,train
604b04e8faa07caec7a14ca09ca62479c2e98c8f845eb38223da943b3facf051,Benign,mips,mips:9554956272477488685,false,train
608cbe4f4656955d455cf495bb9cd7f057ea2ee7b85b6e6bf3d56e1f7accc6d9,Benign,mips,mips:10479082201581058921,false,train
60e93748b5e026a933e2c0a4fb0dc4f1e075941ba8ca4b47ccedee38400affc0,Benign,mips,mips:12034116091612001719,false,train
60f251a102f9fff6c92c1ba89d8d98a07a1d965e9dc3d4b494014ac6c2580deb,Benign,mips,mips:10248837819730489892,false,train
6101d8ba1a779c51340a4540d25147f571d179c6bdf8c16fcbc3a42eeecfc194,Benign,mips,mips:16057387011583295824,false,train
61037496ec5ba9ff69a9a90fd5d68ae044b62897c9926b89ae304e4a22fbf332,Benign,mips,mips:7539533516761709647,false,train
613d28b9389aca7422b37b9124400ae037b067c6969dad671986c5aa04ac3614,Benign,mips,mips:6134464124954703499,false,train
61c63d535f18fa43a48d422377c1731df150f93685d76d1b3f00023cb19934b9,Benign,mips,mips:8996805976080773255,false,train
61d3e2e6425e8c8e2f2b15cf96f159baf552e6225303446e80bb0055eb7f6566,Benign,mips,mips:4918457587723920682,false,train
6269ffc9aa61471cc16aa6bd877893c5a68eafb3fa9acc16be57c8a3eee74500,Benign,mips,mips:11682975694766135565,false,train
62cdd51b98af3ac6d9951323c221ed22f0fb473c9d234908aa3e1cb3cbe67a15,Benign,mips,mips:10527831442741885098,false,train
62ff3c2c7029a9c707b1a3c173a63df5f01ff62f90b1e70031e4308f1cd6cf62,Benign,mips,mips:15664572948688889598,false,train
63104a03a839168126b4223b775e61eb2f5074ae1e99c8c69c22fe8872229c8c,Benign,mips,mips:16476590341359039798,false,train
637d05bf7750290281be0854fe7253e7e8a968254e5d72d03f72297d27d16661,Benign,mips,mips:4558929495466193095,false,train
6383ac9f87ee1fc2fd9d0552e2033524425ac902e9452c0f8d3e0ae21546a98b,Benign,mips,mips:8530484065330932890,false,train
63d9921fd9ba3abb3ca693527bbc9cc67a188d46f8703d30f14c345f2ef663fc,Benign,mips,mips:10272721564883858176,false,train
63fd233e81e48721a9855e4c9c6e0e65ed3aa0dcb5b657695ca97baf114bef30,Benign,mips,mips:10089032317509428536,false,train
64123340fbb82b50cfa6ce1eba77c5565e2623a975175817d655bcf6b11f67cc,Benign,mips,mips:11343876801146818721,false,train
643abbb25a2e394ef1a78f7aa9722624213a2a106901cfcdce688f2eeb940e22,Benign,mips,mips:10691713208557606564,false,train
646b8920f198a633a3f0df8b020a1d45926a57e991d25122566ef4df19269ea9,Benign,mips,mips:4019269667045058403,false,train
64ca77af8ef4ab00a914d4cc43597dfcc5e66dc52d467d970873e97d02ff9c3b,Benign,mips,mips:7620604752404443223,false,train
64db0102435bfb84170b2ae7fc5a58a5a548d48da0ac960002394c7b38930bb3,Benign,mips,mips:7096565007670676723,false,train
64f1cc34005db73155c95a8d5349c840d661a76e310f08896eb66b3d871fd5ac,Benign,mips,mips:270794198089588262,false,train
651f673bcc0d962b50dd95b58f12b52e965f56ab8ce89d6241fe9d353b3cc9b9,Benign,mips,mips:108295994399702159,false,train
653073bf2f9dd2ab54ab59a5439a6ede16f0686f01afd09b69d5bb579f49c904,Benign,mips,mips:2655207053177011731,false,train
6562eea642afbb430da42db73a571e68c28a09d71b1d3ca0fc2f4c3e581e8993,Benign,mips,mips:10646256078199808797,false,train
65a16e7f88802cbc4f42b9d5831ac7e15e104b169bd9849d83646298b32c11ed,Benign,mips,mips:2177625278384612599,false,train
661e10ecf3d870a35fc8731acbbdfcb67a46bc3d9a12d057e85622c70e01e966,Benign,mips,mips:5154044626968019205,false,train
6639b3fb4810810de09082258a785a3a9faadec287fba7a5a3c2f802c711cdba,Benign,mips,mips:5640385028145890111,false,train
66411924234606ce4ec1def4e8fac16e75fd513a678f9d0a56f3f4f070d6f56c,Benign,mips,mips:12756652742482621893,false,train
666b6ff0b583075429566cfe01030939685a6265c2e6e0c5b42efedc132d646b,Benign,mips,mips:1739987151380505585,false,train
66a87f433e371c9c0abdc3e5822040e8b0be0254f9882c3750f2721fe67aa1cc,Benign,mips,mips:15492927770768737508,false,train
674dd28534aa0e6b13787c141403a3a798679927ab8ac5b09f1db836e6e822d2,Benign,mips,mips:6584118331370418471,false,train
675a648bd9008bde0d374563933ec9ab266e28d26a87cb4d9c318420989a225d,Benign,mips,mips:12712587532903557557,false,train
67793e855c7cd28be60789d60b5696a54ab9ee33427050d29ac3c3d56cd49426,Benign,mips,mips:7912240640694806730,false,train
6780366c4bb66cd61aca014b19e10b3d7e9680b11d35e6eaa43699cb67139283,Benign,mips,mips:6165216162923715819,false,train
67a7234458b9045a58b5d46ede18b34a3d1d2f94bdec7bcb3b40150c427099d5,Benign,mips,mips:10083511147310626345,false,train
67aea59f548260aa0eb5b68d147a2232856479dd47a27dbdddb853be605d123b,Benign,mips,mips:12525219985114582135,false,train
67b4f7cd3460f720896a3d2e493d453278db45c7bb942a5f5850f1a0a76eecf0,Benign,mips,mips:1267330530404371991,false,train
67b8c072194dad13f80d1a823afd189f669379343a3884cdf620ddaf502ed78a,Benign,mips,mips:6728825646961488980,false,train
67d0fcfd04675efd2edc5969eca793399903a12e480908c977cce7efb8c8c687,Benign,mips,mips:15032175043404475303,false,train
6820fdec07ed9219f68ba6529e69f42139f38ba52d1f882143e93afb23ba29b8,Benign,mips,mips:10019151189044221941,false,train
683c21db5508fcaa968d5a435a059c7c24443a8ba2139705624aaa78c8650a87,Benign,mips,mips:12410366759238037315,false,train
683f7fa2199035ebee9d8a6dd898dbc3b0320fa73cc1c237f996be9447690003,Benign,mips,mips:14164609748421474406,false,train
68452dc5968f749d1447230373bd0f543b379f373c67aa379666dda7d6f5a16a,Benign,mips,mips:12478617812233048863,false,train
684fba79602e18966cfaa405227addf48788e074f14be9a8d2f7fd51cc594d79,Benign,mips,mips:11315941992121357882,false,train
68576fe31cab6862992f110cee75d0a47435b76ae2ac3be57c8806b374c018c3,Benign,mips,mips:6769851108732654481,false,train
68592ab1c17b76186683ba433dd2c1c75c1975771f5821acef05bfd60f64bad3,Benign,mips,mips:4207203058145270810,false,train
68a16ee4b9781124ad9eb86ece247927f25aae974bb8101497ee4e035e470ac4,Benign,mips,mips:16774798785771486373,false,train
68b214e41a321d463fd9313246f54ef40560ae8d66988efc48e9c863120d2296,Benign,mips,mips:4830140311342769151,false,train
68c1fb3fa73690cab966fa1a43daf085c037ec5c4c66f8560a1be4dddce7fdf7,Benign,mips,mips:7932881742030176148,false,train
68c287199a1d6daa7538acc0fe17f513c70054b326cd805cb0a94068aa73a25d,Benign,mips,mips:15069001462835572596,false,train
68cb4edd65038dc8f1ed6e753bfa756168cedfdcfe437d7813fbf5c008d22b0e,Benign,mips,mips:15783493681713302330,false,train
68e299ace9c458b33947a251f719ff9ac2e083904edf02a2f97e2f2c53f17cfc,Benign,mips,mips:1269190348774116742,false,train
693340afe8f6beae8746bfa5db7c16bf970afaa162c899248ba9e4ba114d9996,Benign,mips,mips:6933506550001234042,false,train
69473960ec3fb19e644bff754d3db19ddb1e33e7441f5d51bb9bcf4210fb6dc8,Benign,mips,mips:13604046336639603472,false,train
69518c70fa529056ce53ab36e89b3a589c75cf4c750177c386cf99a9050098ad,Benign,mips,mips:17448835178587950638,false,train
6975987848750ef5010d2d783e0536cfef75c58de0419fc034116fb931e2c38e,Benign,mips,mips:13256122493178684867,false,train
699dcba37791268019a19cd1a3896339ac9beba05491dd83d2ea7e016a75e365,Benign,mips,mips:10257557367906443381,false,train
69d8498a31ac31f124d5a4b3f0c6d547d3ace9338baf60791eb46c9a52ced0af,Benign,mips,mips:16928684571584292331,false,train
6a15bc955aaf67410a403922995508cdc8209fd50b604fa14854be2cd24a2b4e,Benign,mips,mips:4912573776408030493,false,train
6a2c1d4afc9570f7b3228ced5f3eb98c231ed7a265c78c0d513bb35b5e7d133a,Benign,mips,mips:10182094625044405363,false,train
6a2c4acdfe9161ac3978b189f1bc97e6d31a12e684ca13d79edbf4781968ef06,Benign,mips,mips:7460183159109646193,false,train
6a6ef9ffc768163b4e26aec457f83130ab42687696eacbdaf71fda998e098392,Benign,mips,mips:10637231635594745321,false,train
6a8ca46a099d1b348c4587fcdca7f5e36551694cb359de37d7e19dd20ea249c4,Benign,mips,mips:6093873770352513590,false,train
6a92cc3b4c17e433352504c2093790474f37a0a9db41f00570d67ee45ded7adf,Benign,mips,mips:8421096568073272059,false,train
6ac0c1131159f9b06d8134f3f424a38398a2d83f590b2c8bbc2ad067be650444,Benign,mips,mips:605701199630852100,false,train
6afacb0ca86ab7fb3645b013a5f66beec8a5a647a4e41c414340d0ac6a080ed4,Benign,mips,mips:9750720170125907535,false,train
6b74f2c96370326874b8daf229a8cb1bf113f1b1545c54346fa9ad319572245b,Benign,mips,mips:15934901050895584368,false,train
6b9bfb7066648a97382f8b98a23338a7c60662d70baeb60d81e225345c94a57b,Benign,mips,mips:10058598792497955271,false,train
6b9dc761c0e8a5bacd442ce9aa596cb593a0f40c370951463f895ca13b02c610,Benign,mips,mips:15007538372944568481,false,train
6bcd8c0640ae7f87ab7d3c6e7530e4f7040575e9a42f120e288441f789eeeac8,Benign,mips,mips:17035816166118758002,false,train
6bde4f40a1b80210d045c181cdc2a30c66383fb7a5dccd384924e3c1f01be275,Benign,mips,mips:15816595124756491783,false,train
6be3dd11c077bb3b9153616b6b9c2a496ee0d94fdf4eb434ef27e3b48746d36a,Benign,mips,mips:1530145529726272260,false,train
6be964cb652d98b437b4be9ca18fe83bcaa45c6923368aaa48a52a43e20198a7,Benign,mips,mips:5994898855748193108,false,train
6c09159c40b52d9a9bcd6fd1b707ee0320444b4f2c10fe23675b6f29122b49c5,Benign,mips,mips:3742866921243712170,false,train
6c38a21d5131ee23e296f40d7b8b3c9488a9dcd00bbb17db92e17b63a4118a54,Benign,mips,mips:12396149558492238398,false,train
6c3a8af36afdc9de0c6ff6687d13260f27746e30584e90c68424ff96df24e838,Benign,mips,mips:5025617347415378803,false,train
6c4927eac2eedbf5952a75e1be23361010eec76bf258de8e3f61548470c53784,Benign,mips,mips:10810948294964248960,false,train
6c6d7b667e9cbe0ec816fe5b1971089435164d449586b484d99d8771f194ea9b,Benign,mips,mips:5290948380693489895,false,train
6c9f87117ba7f3d0c4f16ae5d9e38aca1d05a5b95ab4c8dbd52164d02ad906c4,Benign,mips,mips:12353414920584369079,false,train
6cbbae7867733c0e2dbca2148878393ac61c3b6b7af98be7334008638725109a,Benign,mips,mips:6487796533174236808,false,train
6ce4cadaafe58c009c026beacb951dd374f8345d9df371c5d0bea31457459672,Benign,mips,mips:4385546032542543578,false,train
6d2e43d60051c5383df30240e65cae4fdfe155f0f4a33c93d6f1a37d472e4fb5,Benign,mips,mips:793281249069853191,false,train
6d47a5ae8a5ff334f5f40fb2f7c6aee01c34031b011c3515444fc23a0b4f02c1,Benign,mips,mips:13074604539822787729,false,train
6d4a57efe3734b781f577abc718fccec001964ebbbee93cb32ae9109abd18d81,Benign,mips,mips:16975794043304409970,false,train
6d545b5c44e4b07e453557aeaed047bf0e4e2ea4ead37baae574b437a7b66678,Benign,mips,mips:17878313358664948285,false,train
6d738b89a173fe4d056aebe3b0db29291212cbbfdddb169c3c68e37e5283ce15,Benign,mips,mips:11250733246612254885,false,train
6d7e1ff1db18ae900db7c5276f5a98d3af2185fecc24f767d0fa41a56c5839f3,Benign,mips,mips:12977832879677325066,false,train
6daa2d98b9e0efe18ba00d2c60b6c58843997fc05f0a683239711a5ab0f63132,Benign,mips,mips:17316628572636942375,false,train
6db7a2f04d7871297bcd19dec03d331232f36e7c76d029387d4a2d0dc72514f3,Benign,mips,mips:12902555060475056632,false,train
6dcecc20e4f2663ca1a4a842360020ccdf5014939373377d42fa6be3b2cd4a49,Benign,mips,mips:9491339454498619780,false,train
6e140edee1efc73d17d2b11f3b3de0562d6b71874f2e0276602a5669ad22ebf9,Benign,mips,mips:1654305550329745823,false,train
6e2394426e3d013562e403252b53fc61e3b9fdada6c8a2618741f0d87f65b2d8,Benign,mips,mips:14864105078947301945,false,train
6ec6d0064052c58c5e1738a902a0424fd3b0f9a4fd5b1b82cb9c2f1af8511c31,Benign,mips,mips:7789523086536757679,false,train
6ec884d082e3cda75742ed3fec315d98a54ffd5b9248860768837ef4a09fa26e,Benign,mips,mips:10405767802200932655,false,train
6ee0a2b1fe8862f1ff8ab04fa43bf394219270d1eb1eb208346fb0c58ad69e13,Benign,mips,mips:5385914161589203516,false,train
6ee6adf63e56354c8ef5d1cc8f51d96d8f71fc4c58b25eb13750c93946571103,Benign,mips,mips:660161759550766774,false,train
6ee87d323a08445609ae35bd13632bab2788e7ef0915fee2be8b5d562044d953,Benign,mips,mips:9823533199058521033,false,train
6ef93c15ea9c7b7ab2763162a743657b8bb11cf04edd43d66d8bb35e8cc7b7a5,Benign,mips,mips:5379207758735848838,false,train
6f261241f2ac3748a9c6c4450b7f480aa243882d8d2094e3ac2e1072f602c0c2,Benign,mips,mips:10356126330904314252,false,train
6f665b8c75d97300fe39a1db90ba1643dc484320730a7174eefa186ceb1ea985,Benign,mips,mips:142499580381677745,false,train
6f948d7861780a0c8e884aca32c9d6763effb3f0cafbd2591eebbad7fd0b2765,Benign,mips,mips:134889766231390931,false,train
6fd267fdb0eb6c0a1f48bbc5fe1868cdf241841e731a7478967f413878d7a19e,Benign,mips,mips:5457877623890623872,false,train
6fd887b885cbbe52e85a25aea4f2a49fbbba6fbbade6c72024b13d8e04592e10,Benign,mips,mips:2144898210425962372,false,train
6ff6eafb5dd416853fb789df8cc79d5199b8ec3f8b2a624fc43602290e405652,Benign,mips,mips:9720440446715058149,false,train
6ffa0ac98969aebc23f45b50a1007f8619f7900d4befb3bfa0f3e89a556c6193,Benign,mips,mips:8106373984930307925,false,train
700d0626e3025a5605df70e28b9bad9d560a0233dc2493ff6133d85c5330a441,Benign,mips,mips:11511485207350421813,false,train
700d2e1069ddfb209f99d6b16f703b28be0229171666ea935bb56a8b12289d96,Benign,mips,mips:11679287372487673089,false,train
70347e00008df02188de61d9a360472ef8b5b615fbc707f84e5914bb76dcbcb7,Benign,mips,mips:16781709453770341262,false,train
70481477ae28af628e65f3b088bef61c542c7d3badaae9d9b2e07eb759eebba2,Benign,mips,mips:17207033235399536315,false,train
704afe03893d5ea4960fbd18c6fe96be6a20d6a16b875c1cc8e6bd198f81c9a4,Benign,mips,mips:17108914356009942957,false,train
709500d5453dbc05322d716b29b77c6f3ed749e522b99974d0b8f9506eadd41b,Benign,mips,mips:16259232546699268997,false,train
70d0ab91e8a9178935f209073e4f87add950eb9a648fbc7c81b8792bf1400195,Benign,mips,mips:9040692790430720369,false,train
70f4cb4eddb71d09c571b95e8f529d123c6d64e22dfa1e7276f77b2c33663e3b,Benign,mips,mips:18139255697607359001,false,train
70f73aca3ae3914587db1c6ca30ef343c48292de8298b1d2ef656e13ac298dbb,Benign,mips,mips:3980373846819503760,false,train
7190e2112508246a93bb72d7e769bbb1808dd95f1b352274d2717c747e4596e3,Benign,mips,mips:9849006337991584147,false,train
71c8b50f76623e34bb3735ed7cf8331ead8b2e76aa81437fb16ac284a19d353b,Benign,mips,mips:9900446128739047633,false,train
72044a7cff47e64a1ef2e803a6d4a802f2086369e19e0ea8af6b53fd78fc49c3,Benign,mips,mips:7008297049583720998,false,train
7216442cc8b5926aa1a1d6e117516d996124872dfd4d24577b69dd7745c27fe3,Benign,mips,mips:1429992347026594764,false,train
7216e9eb417561c0a202ebe87e73fe3c371cac2a977a0bf3dbcac8819b5c7ceb,Benign,mips,mips:9495818438840005364,false,train
7253234c7a6c04a08d632206815eee75d7f5d934547a1fa663ba1975a7d67333,Benign,mips,mips:1332490631217852704,false,train
726b8d3d3c0961e46d6423cf10001eacd21918ba21e5195e8945c4621bff79e5,Benign,mips,mips:17210875807111196047,false,train
7274487f108370dca3c5bfae1e1b69cd59f22122e810d79d1fc66fc100102206,Benign,mips,mips:10282642390591783832,false,train
7279154b876a0179e16a40791187fbe909ec180a0c078e2c8ef68bb58558588e,Benign,mips,mips:948131046380396543,false,train
727edf928976dbbc4c2ee4985c522d813b8b37b45004af69b997b9bc6b347a31,Benign,mips,mips:3849296955499309648,false,train
728d0608aba6dc714fcbeb6a9f9f99d530a4161af60484e1c84fbebab7eb816c,Benign,mips,mips:9245767636056141092,false,train
72a951785b7c032add37006adc7f1b7b41598d1ef8494a48d2efaaa8b3ffac13,Benign,mips,mips:14778206421674420719,false,train
72ce7e48ac497d4c4c12feacfd569f28872bc9ee7db7e9bcc2e27968f44db350,Benign,mips,mips:11347622750904528402,false,train
72cfec65c777c868ec214b15005dff2fcd03f4637203b24db55dae5ddb54b90b,Benign,mips,mips:13112491515241083470,false,train
72f78a0fb9f83c83c12724d7b8d5165d7caf34a2228ca3bc31bd25a6b6a41e47,Benign,mips,mips:3330343927019737401,false,train
73029274e5e5ffbd361c6d3fed20d80559496be8d53ec2daecfad958be7d8d6e,Benign,mips,mips:6966795477389463756,false,train
730c58e83e4989d26090c512bee9d4359bd377cbd29c5a6d305df7475a178c62,Benign,mips,mips:12225496670291733504,false,train
730d1bd4faa6ca50fe83ca711ab9463d407d190d2c259bbdebdaf29b8f9156d5,Benign,mips,mips:55153201920401350,false,train
737b49cac72f7742a13c0f70384cbaa3c9a77bf4e2a9ca84450dd11f5365e006,Benign,mips,mips:8486452871495564124,false,train
7384ec5bcd7282688e0c777a41c90c65e0fb4537c43b965c01773bc32df39592,Benign,mips,mips:3234776188434854615,false,train
738ed0079b1237422d6220dfe7ed876d079055840f4e20c948aa3b4a9cc498b1,Benign,mips,mips:11560278357641434390,false,train
739d767818e6d1b5f568c9cc5f059a7026eb24dbccbc3ec62164cda87692038e,Benign,mips,mips:5427009089302906308,false,train
73bd5ba32b3a0ff2948b8b343949c22e634d72db7e01890acc04c399a3e12eb2,Benign,mips,mips:14794544867714427157,false,train
73d74cfb75e6186abd516212f3ea39b70f7910e4282720a1c05780d36ffef7f7,Benign,mips,mips:8625006925156185655,false,train
73e6b44617dd70eac4bf3e6aea9287c3d56c0c77d787c132f4fb41c84492720b,Benign,mips,mips:11440480261992483080,false,train
73edade2b3e80631d3d272a1567cc68ab721ee608203bdc79ec3f85a4af5e21c,Benign,mips,mips:1235914629523440397,false,train
73f2ff993b0442f6d23a4b5852c7a8a5490e411c1be3f359ebbcec7ca4df1d95,Benign,mips,mips:12043363862314333755,false,train
743f5833e88dc575ca39eb72b9119a30f889e8b52cb95575babf243d17416a4c,Benign,mips,mips:2903991028473989323,false,train
744c71e5d5c423ea950c219b2783850e4a55f331f8ebc7c6504cd0086675cc82,Benign,mips,mips:1372542668716299031,false,train
7465b22968c6920bb4e53f52a512697c957acba6e1250c0fec60525a36969cf6,Benign,mips,mips:7407043272386942539,false,train
74d8c01d916c4d6a0f4f82dbb2f985d45411c1411baa33b75845320d615b107f,Benign,mips,mips:14014366977494380362,false,train
74ede0697f542a37ed24054942e0b1933e8009d1c4b43e061dc5015e36537155,Benign,mips,mips:15634628757655039063,false,train
7504b4fb69bc6d751df419a021381d52eb385d8486ce734768c07bcf95b7b190,Benign,mips,mips:959934794610306536,false,train
7530f271097b944d5a325d106a9fc61fb9880eb7f72eec61a90a8e0cde1c20fb,Benign,mips,mips:13188744700966382912,false,train
75553050790ce9caea969860fd8a731d5262d9e1232bd5edff882ead092ec807,Benign,mips,mips:13529920985457428286,false,train
756ff13c028bd03a609bfb700aac28ef3b3e4282af3f76b8b3ef04a1aa8980df,Benign,mips,mips:11487617072729336520,false,train
75771d0890f115906cec670c4c51e933b30acccaa3fc78c2632d09c829f0a70b,Benign,mips,mips:7885460637654374167,false,train
75a0f9cfa738d5886a3f92f49c12a477915c109aaf22ceb9320fbeb16fb6e7a7,Benign,mips,mips:4601873542467501524,false,train
75bcc7a5543e7259eac51d4fa0e4d174977f7530fe2feee4d5eca7129ecdea4a,Benign,mips,mips:4973979953393866838,false,train
75c3a8afdae4a532762d4cba9d36d45bc32c718c3ef9affb406c7947d2b7b20b,Benign,mips,mips:9054055741030791770,false,train
75d4c92c1c2d8f97df702a6c37bbb6bd1868f71a9dc85dad069d444d16bbe1de,Benign,mips,mips:4118387555398809579,false,train
76369a1218c8ab0effaa92190ba440264cd1c7bb1e9e581ec2d995cf79f3131f,Benign,mips,mips:8114239274427650709,false,train
763c42b32c41dbdc2f0c9bfa6e6738cdb5df5bd12941d8c1fdb50ea8b7586dd8,Benign,mips,mips:3924780080894170222,false,train
76966e666b4b2e3744f27afdf62ebd5c515ff2167d65d804fba0f09bd21419ed,Benign,mips,mips:7988175757232998808,false,train
76bbce9da4a21844a7da34698055c95973f7369cafc285a7b83c2cbb3431afd5,Benign,mips,mips:13678851925262479412,false,train
76c5073419e720f68aada93ab5906dc9e5ccb436bdcddaa5cff2a944ccc0980a,Benign,mips,mips:17984056825248450543,false,train
76f9d5954ff0ec4681b584fbbe0635f2f60468720ccc50b493646a31f9c3c802,Benign,mips,mips:15807257508443984164,false,train
773da8ff4154d6205764209d24b21dd4fad4f51b40cef041575376f53c5d8523,Benign,mips,mips:8900652657584475794,false,train
774071aeffb188dceaf2ba9244fa23487236dd562e4803be43d199ade9be6d1c,Benign,mips,mips:8709549299241124512,false,train
77462c64249b49e276c85d69a979bd577198ba70afc4a476bed7d2399ccba415,Benign,mips,mips:4256208070604819071,false,train
777c722e3a359d65cd84285c07cc7da487163334e2ef2403a813cd916344283d,Benign,mips,mips:13992599656989597325,false,train
7782c2fa3916f393a1724b27c9ff030af04882a6427402e828098a0517fd7598,Benign,mips,mips:4194741862974060539,false,train
778894085513c54677bac4b6e5f56ca63797e4c926faa84802ae9b357006041f,Benign,mips,mips:2302763112162209767,false,train
77d9cafa8ed4290dc67591a911a79dbb50b3e82e64e7193f192c77616f3bf353,Benign,mips,mips:16244763430315968173,false,train
77e3e693c85f4259fa577ae3a518edf4703e1f0340d052d2a28b145e63ef2bbc,Benign,mips,mips:12751191081733881030,false,train
77e9847d4d2c629f272806c8a28a4e3fdab99762dde42d9d6a86c2c94638f9e0,Benign,mips,mips:7984766090880311338,false,train
78349e6b434e82ef4a29f35b637096f63eb13b927ea36f73a14ea07958303c0d,Benign,mips,mips:6364563056366376463,false,train
78375cbcf37c9e0a207f6e0717ab604a1c61a554776aa73ac0c44796e9bb0342,Benign,mips,mips:15470978453139797960,false,train
783f8d8a1fd1a53948632d859b4bd6a58b140a756b2d3e7a18b7ee931d95b887,Benign,mips,mips:1675389056825558956,false,train
787ef3fada740809df3ecd600aa41cbecb6574653daad1ecbb51a604f622001a,Benign,mips,mips:4971126571464345342,false,train
7888a4e8f41eae12dce58d0d4fe27a75014055e8d2f41cc0514a098501d6139c,Benign,mips,mips:15015104203402495470,false,train
78a17b14a0e5a89d75b6d736a5f7d16e59b6d4ae13e92d02a8380df2a3ddc1cd,Benign,mips,mips:6553966042737249249,false,train
78b32dcdf57ea2c8bf22f500b4da59118fd111950e4057cb590a9952fc4cf378,Benign,mips,mips:9769350218220708330,false,train
78ffc12fd3fdc3572ada63c966eb5c9553b2bcdc51833f72b5a8e2b95ec0d8c7,Benign,mips,mips:15321499982381237391,false,train
790578ea6ae2234feace5fe297202a0a8b5eb3623c5893f8c070e589e146a2ef,Benign,mips,mips:13911436869361322402,false,train
791091efb2f31778e8595d27f095bdb89fc1eab7940a087f81992483c08ce6b0,Benign,mips,mips:18309031501609479961,false,train
791841eff8d836a7574425fae7fde5abee13fce8d8ebfaa72779bf2c9160773c,Benign,mips,mips:6192110481854595383,false,train
7932f925d5de55711fc1fe12376e6126bcb5c1c72648d932bccc9fa2de933b20,Benign,mips,mips:18399189599536411297,false,train
79d010eeb79d8f0f5db12ffa5629b0602771be0d1ef4b571a7d4fec8ff7b9a50,Benign,mips,mips:5409123389677976365,false,train
79ffb779785ff7e37272b990a8e410f1f7cd1b76ec1ef914926c9a690f8b0342,Benign,mips,mips:307791626872710001,false,train
7a888d878ab0d0a53d6b70fbbfcc53ef1e6407a303502f397376e1b4b4ac5d3e,Benign,mips,mips:17620957960514482709,false,train
7ac5556e5577124d8e656ba685c4c85a1e5ac20fd556d47584af1ee12416d789,Benign,mips,mips:3803977521928246497,false,train
7b3e97d52b25034ac4105ec081975b10d83f36ec31d18e876060b9919726e50d,Benign,mips,mips:13893421329322119159,false,train
7b41a194b17ddccfb6062116ad656b14f58856885c88b5b3eea0c2da111ffcfc,Benign,mips,mips:17179535339832911113,false,train
7b527ad22ac6b990aa8054af192cdfccf42e7f965d7ffc351cfee6709af9871a,Benign,mips,mips:2020870246194966502,false,train
7b91f9adc762caa01a898765d7c0913efcaea591599eb342f958917bc83ca1ad,Benign,mips,mips:73123571448328531,false,train
7be833661cf87a37b0052c0f15e6e285f59d49d0c884516a2a4d141d415d4758,Benign,mips,mips:6214378736509203607,false,train
7bf1ae2d9f11cbcacdf11c415e2afe92bb71574aea8be9b984125b855e4b99f1,Benign,mips,mips:7888970441866776506,false,train
7c40a9ba25e66619101cc4f15ce9620394306ac339cfcaa81b792c380763cbc2,Benign,mips,mips:2125112797453289307,false,train
7cd2c8e5fb8630d702b2a05170105daf05e20dd021388a7cc09931e6b98963de,Benign,mips,mips:6207973651161952033,false,train
7ceaa49ca1155f195521b2aa409876f22d1c559116ce1f53260b90b3f75ac978,Benign,mips,mips:13078471336840588178,false,train
7d4d77f088cc78c2912e32d544a8c6f84f0e49d784754341afa6790afd99cb2c,Benign,mips,mips:10924395592954160742,false,train
7d6d6364d93a5b5c77719354380d3eb2222c0371847abff26b14fd5f7fc3e51e,Benign,mips,mips:14605043453869156152,false,train
7dc51923cf915145db869fcb8583368afce9ee077d61f28686da9df1858778f1,Benign,mips,mips:11117468135590025536,false,train
7e0c9639f1de07a9efd5de7d9e9c3022f3e6eaaa3590fe618f8a9277402ac3d5,Benign,mips,mips:7827413297976266150,false,train
7e126b4cd2621c05ddf0b6a5ba4a14b05934be62268757b09f5c75ee8ad3b58a,Benign,mips,mips:8489806460703529206,false,train
7e6017d47f018b481995ea64cb118bc332edccd44d107e4e348b6b0e0a92e375,Benign,mips,mips:7765609536643551160,false,train
7e83826017f3de5a00445d6348a366002b825eb1bc93c3ce9840841088bb280b,Benign,mips,mips:15592344635381353649,false,train
7eefe2f3c2af192a71f2da3d1c3eaa46f637bc31191d80eb088fc86dda22362e,Benign,mips,mips:7639067549572720576,false,train
7f27ad27c362ad21b6c4887472d3d64128d64fc68e59d2eb32e0876367dadd41,Benign,mips,mips:5140487091985543837,false,train
7f2aa40e8634c9faf9d4b8c79b1b16e047377faf6e4c61619606be8ae77530e5,Benign,mips,mips:14658080648932497605,false,train
7f57829a404e1c78e05951124c9240943bf260e5f4cc8338830747eb82b693db,Benign,mips,mips:1920368115251342199,false,train
7f5a928b09a2771c11a38df265972c55397975a84628d9d3fb764ada206b2c69,Benign,mips,mips:8309984787010727824,false,train
7f5bf673651b33be91207c9d65db16ab410ab0d6c97c204be6e995849cc0c643,Benign,mips,mips:5023874729210020472,false,train
7f77b256e03b363e090f77679255455eb48682f192c7e325d46157613ac1d452,Benign,mips,mips:3837575919937785945,false,train
7f99bbd3a538c1f81ca40e298db282e1998b48c3c3f88cefa5178b68a52f8308,Benign,mips,mips:5657428495487573759,false,train
7fbe665ea9db10dcd6fdaea6e893d74ff7d01f5377a738d6314f599c90c3a738,Benign,mips,mips:2677711123528247556,false,train
7fc0a1c51a0130633f452fd14602a76d719c32a6d63a7e3e772edbd7eeb788c4,Benign,mips,mips:14135182716246470623,false,train
8043aa245eced3f623a6ad6e2d1ea37ef142f55e291cb70f42b0c6a5199aaff3,Benign,mips,mips:5658300583559829877,false,train
805dd06a88964bf0bbad3d61d0a49aad5c5b015d5a2dd4fe5dcdcd43374a97c9,Benign,mips,mips:7289213267390301950,false,train
805e55bc93f88b93bff40b2d47095e1212ba16df2b2a2463633e9638cefb38d0,Benign,mips,mips:4094417425624203656,false,train
807016ac4f176159f0c1af802c1b7aa530fa858b5fcd7b9b8f5bc0cf58f40f01,Benign,mips,mips:12077823574710268517,false,train
807aa11afcc8fb27ddd8a7d8234d2cb14d5e9ed866d1ec7b84e43b3db3dd279b,Benign,mips,mips:15537303569918715623,false,train
807e933516cef4ec047e8bea91ba3e0904b3a1128a46e24a44f1d822daa81ae2,Benign,mips,mips:14502450899997154092,false,train
8082ff1e9067a0240cd6048d8d0b997996394a3a652fae80f3a30006dcc1d588,Benign,mips,mips:9486481862161653626,false,train
80a97a3ed1cb01492fe4d6c0bb483454b401a7fa9f51339b61cc9e893df6dd47,Benign,mips,mips:12449115225215266034,false,train
80c0eb1de65c67d225d1436dc58ee83bce70a09e4fd230bc4449b950bac10208,Benign,mips,mips:17606610134538392624,false,train
80c1b43f96ebdd0565af6baba0f0ed7f91f9ac4de586d268d2d82bbf28c541ba,Benign,mips,mips:8832334307982795163,false,train
80eb087ddfa5275e10af5a18c99b255a23b846ea4940b24ebc893e6173059f85,Benign,mips,mips:6279869468349778192,false,train
8104ad363aa32742ef4d1edd5b4cc68bbeefb912c83ca42c4280931f06da1f03,Benign,mips,mips:10305335649868242285,false,train
8105440356850e74b8f43f6faa05537a237fecb340ca7818632272e028971910,Benign,mips,mips:17313263301856169086,false,train
816d83c824c26831f7eca37016bdb4ce6acd3951ca4ced1bd2060c98ebc1cedd,Benign,mips,mips:4166977964116443056,false,train
8194f26ea55c524bb59240a0d2cdc65fb25acec1858d63e79c6f1a236ae17766,Benign,mips,mips:5930541653961976220,false,train
819bebc2025777327b7c14ce4a5edc402792c7612fd2541830bd56249223b9a1,Benign,mips,mips:2670805867991730028,false,train
81e745782932131c96db8e4cbea340b48cd4c4b9333906ed7fab579cbdda6435,Benign,mips,mips:8583230177650453880,false,train
81f415672d6e4b98bb6e7d7b7027041519f74f404683191e3881fa70e26b03d9,Benign,mips,mips:15922003978414609242,false,train
82327bfbfc915a3fa574f8fef2dceea74c4d0eaa4d32f1d37e72d3de1449d816,Benign,mips,mips:10301465347641848416,false,train
8251f2f83e2a12648a43539bb56e7a70d52a220903808d7f25f4cd3044f65c4a,Benign,mips,mips:2698273323878541711,false,train
825480bcb90564ec51766db6e4b27b800edb529302fb28fe51eab540a17419d3,Benign,mips,mips:2709660040587642359,false,train
82780e2865b1d0324f744132d273bb9f4ecef9b977b2839169acfe430e3f7fc1,Benign,mips,mips:6145930537593367296,false,train
82c546c5842accf490f164da0dcb61d885f65f9f7e7942e5de1eeb8908c337e3,Benign,mips,mips:18127146671859080457,false,train
82c55b39f9534411eaba84d5d7bdcb3f07cc4ce1702110288080919b8ad618e2,Benign,mips,mips:10099329253377418640,false,train
8329276f69934dabf172ce6cafb2d92675b4c7f38f2b059ffa1c5e3719c6b736,Benign,mips,mips:12917799290628338898,false,train
835c1e97475cd8eeb3ec1249bf93b36dae8a7ebadbfa5bca4747ae35b3a302be,Benign,mips,mips:17185348868966245558,false,train
83608bfd35822aa98a49ccb92d877cbc42dde62dd06467de884d5543e2d3a2e7,Benign,mips,mips:14890394850813793370,false,train
8376abc9791995f3095de7ab985c2bb83198b25efbc900a5a93d49493e400804,Benign,mips,mips:14898727482165736650,false,train
838ae4963ef8464e040a1853f31c64b04eb7a6c640705074acda3c06967c4cb2,Benign,mips,mips:13214401955853407664,false,train
83a8909380d0034b66c4eeda3ef9bade51036c67cfc90b8f585ad66d55d39235,Benign,mips,mips:6362964064568523635,false,train
83d464e0aa343c4c89f4e20ad578bbd97f05a040ded7c09382d392946dd0ed2b,Benign,mips,mips:3392067727329483228,false,train
83f33c9d79ccd701e438f4e4381ce0d085d1f7f92d779dc6951d8d22b07df468,Benign,mips,mips:10980647960764040008,false,train
83fb3173f195e6cc30b8d6bc7afc43178891dfa6595de4bbe560f6f5337fd585,Benign,mips,mips:13058430947387274780,false,train
8418ae23bdcb6fa23e3b474f22fa849f23239047053b277e8429ffb01ed3d965,Benign,mips,mips:4262929231621093698,false,train
8469c6a5df91a7ce8d333c2520fbdacb19c3a57709a8fc72c70a0b80827c1448,Benign,mips,mips:11517759155089547697,false,train
846dffa5d67226e82eccc6cf193cd5bfd1e122c1e4a85eb4c3990c97e29ed311,Benign,mips,mips:6529789135486804061,false,train
847e446c7c9e7c2e24206ac1042f3993d2b80be59e7ab3dbdeed0e2e345aad46,Benign,mips,mips:8010943328043701394,false,train
84a7e89ff1a9537a91e83060775c1b59a69be0c76a1c683071920956a5f4c2e4,Benign,mips,mips:6205092074473627280,false,train
84e0d0876e7e0e5df995559bafa76302c3cb181f3238357fbc2a69914f3df10b,Benign,mips,mips:10686023735622385482,false,train
84e23a73e8d31224abefda7712d5b67a551af9e5850bdb840afbbcbb23b6c0d8,Benign,mips,mips:7940077886242285199,false,train
852b36873fa70af71a737bf5da76c0f5dfa88f04c1587e6e8bb2ad1888bbf8b1,Benign,mips,mips:9177167952514263274,false,train
85307000dc2ee2da3e460ccaeed7af44f5a4b2dcb80142e2fe1b2ac1f4c090de,Benign,mips,mips:10048359942745685269,false,train
854702b066d427f925ada3f797ccfc0133668baec2cef55fc7396552fa158fe1,Benign,mips,mips:11843638907176396631,false,train
8552990ff25689b84ee31ff5041fa9566bd9495eadf819f1e56bb8c55e4639c6,Benign,mips,mips:10007290739124913516,false,train
85750432a08244952627c9200f809360f74fb3eb6874eedcd86a9e78382daae2,Benign,mips,mips:7140962307052400199,false,train
85be16ef5dac35d8c6dbfdfb073acb11557cfd3c6dd4991eb37fd63547fd8f0a,Benign,mips,mips:16007117340947625648,false,train
85dc91bebeee141d98e2f7ffa6cb391b68985dcd174677ec55920d5cadd7c490,Benign,mips,mips:204197924923906164,false,train
85e1420dd78c4a6399079f76eb52ff62746fdb69be0f1db047f44040e7b1080c,Benign,mips,mips:13269873595481578327,false,train
8612d1619ae702d424ddacf0ec9fb407c66804ee09ee6cf3a7f3a854cb9f862a,Benign,mips,mips:6757668975557248790,false,train
8646003b5334a12ac081b4b890d77a030706a387d7e9bad509bdf8eb551fc3e6,Benign,mips,mips:3209150582631481360,false,train
865a2c0368d10d32ed4d9355353783867e2661c26ebd6e0be1f691b289b27780,Benign,mips,mips:3942231887299939220,false,train
866dad78e543167f72c5090e7eef7b40958ec689e1c28753067e6fdf52207a17,Benign,mips,mips:17384800558863424395,false,train
87284116f853767bd5433d1682209a43682f550c819e114a74f79897a7bbfe64,Benign,mips,mips:7482260804618297023,false,train
873f277c98091fc8f67b6444d1f5e96444e2369c987162ceac7bbc83b8afdd28,Benign,mips,mips:1048896676651436293,false,train
87716f905317f70813e84a363cf3cec4927c4ca59e0608339a6d57d645832309,Benign,mips,mips:5861294137288379113,false,train
879a8493a7180f6d950f014c2216f8fcf87378b2a91e6f403b4f6d64b2ddd863,Benign,mips,mips:3978935287461400486,false,train
87a38bcf30945f4d978cfda2aa779e1fe514edcdfb5d0b0ed97b8dfc18e8b68e,Benign,mips,mips:2735434673040591767,false,train
87a935e44b5106b8c2e2fed01505b0daca4c8f203fe728a130a3887752e2bef6,Benign,mips,mips:7937003626037419227,false,train
87c8b7d970d27079ae291a6e25f20803b34157e5cc11ed469db467fe1838e4f7,Benign,mips,mips:10833325535378535593,false,train
87fa6a9d3dd8eed0137c11bd5a7de4f99325796fa2cbeb1957eb61149465ade2,Benign,mips,mips:4031174170027433635,false,train
8805e44e732cccd6f8f26995625173fd38b5abac772ac55c021b4bb342f5a883,Benign,mips,mips:166865590221648648,false,train
88c2b5f6ecb83ce6e19442528b930c2bb17d2c3b7744d832786fe229fe80fa19,Benign,mips,mips:2386708940105794079,false,train
88db6b2271991a9752dc803103838b6ab6878c35f85db0592af2ab263e5c8663,Benign,mips,mips:12027202994149529975,false,train
88ff8a5dc473e7bf11e9059006aaf28da595152fb2d4c1727e2891522ac87c75,Benign,mips,mips:15092843944713820099,false,train
891392d2c4e47edb39c2c1d4ccd7f476b1ab3c6d08ed41d94c4a5242eacfd1f0,Benign,mips,mips:12380245010843879906,false,train
895b6e1170ef6f755c481ac777d61e25f4d3e575a335cb08e8242639b6c4655e,Benign,mips,mips:5581448039340049450,false,train
89b0a988c8871af41e2fe3d94f1553ff622b881b0fedd199833e1a7e7ab2a7b0,Benign,mips,mips:11810687163757798698,false,train
89cff032fd20494c9d41af0334c1bdc16fa6197833a42d5e0c49365af1841050,Benign,mips,mips:8853900918395533709,false,train
89d8b7183d39c81321d41e643154a29b301b5f272d252f45ef4ba1d0bc6b5c7c,Benign,mips,mips:16790287852487568238,false,train
8a0e023a36376c677426bab0094c211f648c4246567579839d43ceb2d18fabda,Benign,mips,mips:4570076892420245267,false,train
8a31739b9087023df2fd05b5ff550c79be3ccd93853c5a1a8f9e79de30e26e34,Benign,mips,mips:16236473275003028254,false,train
8a39ea44933dbcee38d00d3d0a93f475c9608bbfbdf8027a3998d51a38892fab,Benign,mips,mips:6919480963249033382,false,train
8a639cbcdc1417f40b78d21dd843125071aead6a645e23c806bf1c89f10a3047,Benign,mips,mips:13794025109710668261,false,train
8a8d24c849833d408fde25c44250db9f08d4e97903cd7b5680e4a3f0e0d2887d,Benign,mips,mips:14481472159751770289,false,train
8a8f43a780aeb6150323a37d179cc27f1e6ad95581f7130d345a4eb6ef184fe9,Benign,mips,mips:10313247288253082302,false,train
8aea5ba643663549230a892cf28c0393d93e5b7290929dcd903d35cab295c6f1,Benign,mips,mips:5212885143478720804,false,train
8b0d7fed6806a5b4df7f645a844307c57784a208f369d1e1c66e4c34008e4951,Benign,mips,mips:1037189171263097447,false,train
8b18060f80d4916644fc1a3d37a2ed72a6734f2a45c3ee1e184e22ba70092047,Benign,mips,mips:7174860958169973684,false,train
8b1ee8b3f03ae9e6d0327f0dcc80d1e69e61defb6962c9f804f4f165d2e3446a,Benign,mips,mips:11837509290062611897,false,train
8b223fb66c2b0f4736deaca9b6896e9cdad26ffcbc41caca644b7f7cdf8b9dfa,Benign,mips,mips:12749664887526096914,false,train
8b2250ad8c61250435a862cbe158c9f177a88b0433f6249d8bdd8b7bc309a69a,Benign,mips,mips:16340853450311769189,false,train
8b2d1457613bbc3ed63a92ec26ae7ed6cbfb5919e1b4c64b2085b1acaaae3384,Benign,mips,mips:4435649037111192306,false,train
8b446f3d401ab0c630225753c41c87a866796517539b92e0917c478c0f553a0f,Benign,mips,mips:9769166131983614222,false,train
8b4d1e201e8e6239408ce7d58edaacada6bb4cd595f2b70ad7d92ae54b83e075,Benign,mips,mips:9675064687447115901,false,train
8b5eaee52e8d0d87785894b050b05836f782b476fe19443abd7d45795b4f61c3,Benign,mips,mips:7487264690985487393,false,train
8baaa4ad07a6df1f31f29a88018eeeeab516dbdf8b732d73431e85e8a613f2ce,Benign,mips,mips:8333564249721951033,false,train
8bc4186481481ca9eec985329f5f082121bdf0b86a7346420f09f77ceb2acb67,Benign,mips,mips:12707753907800095322,false,train
8bf545bbb32c1b2e3ec728d041b2e409425373618ec976808e16d3edae532cbb,Benign,mips,mips:4656453692163692789,false,train
8bfe1ae7d9f7392e7ec1cc3bcf9c5d89f6b36f06bc2b7e1da2f8a30776677e0a,Benign,mips,mips:11040073639488035229,false,train
8c0cb0f8f9742ff8315c47539c2d313c2fcdcaf95230a266f2c66d5213368074,Benign,mips,mips:683089586136928546,false,train
8c0da63fbac1508f933a5094d5f4ba89c52e887910f118ea400e21df15a331e6,Benign,mips,mips:18163514864517339451,false,train
8c61ca3d84c45921f438d34696fa7b4671b06c8aeaa8283b7c3f47472307de43,Benign,mips,mips:5229046007295479783,false,train
8cb7840afd2caff8bcb4e47db51aa470eab372dab2a6a8cf00bcf40ce65c787f,Benign,mips,mips:13467730671020255207,false,train
8cefef862a0f36c1163122be956ef1d9c5e550f6ab2da2726ff7f9498501ca5e,Benign,mips,mips:14091803942109720275,false,train
8cf5fd28e979e194d84b00c3626b4a765880bafb8f3144a0f536f3fe69e440c7,Benign,mips,mips:10904576717636769479,false,train
8d320e457df6f4b4f36234dd6940f4fe620b8406002153cd9d0ef28db3ce73cc,Benign,mips,mips:5310666035187569872,false,train
8d4fbca3e98ce02449aef28a80fd936e102d1922c16afc302b07dc55fe1a3bd8,Benign,mips,mips:8871085274709455579,false,train
8d6d17d9aa3b24a2282d7c3051241e9ba6b69bda1fd5933c694cc9dc41c7b6d4,Benign,mips,mips:16932251483856892370,false,train
8d8c4ea6fba07406430acc235a8d022ec72fec29d948e59d1155270ec8715e61,Benign,mips,mips:9938187325990180373,false,train
8da52b8e6f7de242a92f6d294c18e7a1c64a6d5a5416e98c6effa636869ed54d,Benign,mips,mips:17693757932913008467,false,train
8dc87c6e5ba16bc416aeac2f8847e5a4edbe3c2b3de8145dfc16222e6c0a365c,Benign,mips,mips:12189948118169748668,false,train
8e0cdbd49dec43a7e55819b8fb3be92f0464c53c013be2d88d2c8fcc075b6f48,Benign,mips,mips:5143042963050854509,false,train
8e62440fc8aa7b4eb5aa30577a45c5d35e5a0c98d329fc8a7f2b4eab94c6f124,Benign,mips,mips:7023464053676443014,false,train
8e6f6c356a8ecad1b32900f51c1e1fa875406cb312cd5b0388fa76b2a6e45d5d,Benign,mips,mips:1599688314184587543,false,train
8e7665b9e8d2ae38c36790532554476966a4faef92268f8d674145e55580f1a5,Benign,mips,mips:17220319451593289522,false,train
8e849d8a2f4b8df875d89709eb0b669cd70bca1e90986987fe156a16d06ad192,Benign,mips,mips:5797581455870419306,false,train
8e9393799ec44f21a659afb45cd277fa057ca1350c7e947de6e0851139decea0,Benign,mips,mips:13912452756189465897,false,train
8e94278aea6a6579d8e6c77d2f7393ab08865d1f7574424d4fd85aef58e219c0,Benign,mips,mips:14700996218956289617,false,train
8eb5451835d7915bd1efd5a74b4ebf79b4db1894f5e17e96bbcc8d2c41409a1d,Benign,mips,mips:18368801991581585390,false,train
8ebb3b7e8c77a71075a83a2a6918e858cf39a6dec5e3a12b0c3098c848068555,Benign,mips,mips:5256961909308794135,false,train
8ede39643aa3832c35e5b04ed759e21bde478544773ca4d192626c6cfae42fc3,Benign,mips,mips:9780415963957772657,false,train
8f2c6720e79401a0bf81abdee06c84acff626e2fdffba1a790a9ddb74dd2f381,Benign,mips,mips:3376932683890510038,false,train
8f96fc7364fd97a769df63054786aa1b0c934a09aa6cac929ebaa8baf7c65341,Benign,mips,mips:10509479715883108831,false,train
8fab1649353f432afaff03e7ef06e89d2c04fdae3668d44eb00e53994105bfa6,Benign,mips,mips:15945600841219202916,false,train
8fda14734a92872414a54f2d1308af42517a8447c94543ea3f184b89160a1c97,Benign,mips,mips:861816209514153855,false,train
8fe96118b7f92f944c9e1aa9463ffcf1e71c158ff5858b67d0cf206ddffaa4a0,Benign,mips,mips:14243161446288256624,false,train
900141b251e27a9de2d652acadbd647cff21f305e8c780e8275af6cda6519d3b,Benign,mips,mips:18159676378159811257,false,train
90102c9ff9129e037e24c3a0536e5242d9664e5435bffccc071f0c191bd5985a,Benign,mips,mips:9364628937880802438,false,train
906be48900425167fee7641b11052840eac128ebc5f190d41d44f7bf81e6d92a,Benign,mips,mips:1499038121260529772,false,train
907ccc8187b5adb38d7b70d9cc34e4c6eb999d53c3c564f71bd0084bb6969e9d,Benign,mips,mips:3882440457030889432,false,train
90b3d750022b22689adb3c390c4c3f4f2ad87c7357387cbd0bea5f0d4adaba13,Benign,mips,mips:12646645842848148843,false,train
90d76b96a4e1d9c2cacf10f793580fb8bbd3dce42a9bd512ac7186304d76d98c,Benign,mips,mips:273274371520464350,false,train
913eb93f0e817e2d1adaca45da0579a4a3d21b9e778707feb89edc60b52d9f26,Benign,mips,mips:9452911617518886793,false,train
9140a7dd5f4af17853c77d577d2729c77ce561a3d585bdf0432c0786d67915f6,Benign,mips,mips:4959557989561925367,false,train
915b183cb3a26b34f92246ee93d8e0f98742ef92ee878b5e4931af0a282376b0,Benign,mips,mips:298284140153951982,false,train
91945c5e4be783f312e3355ed4a144686147e0fdccd68a65553196fe181332c6,Benign,mips,mips:10218186183777839051,false,train
91a281b7d6aa4cdd60dbcc259c85761b992b93fb3f7972b224e30eea75628e7c,Benign,mips,mips:3693289179524513041,false,train
921af1b8759a9e48f0840f0ad64826dceb2943396ff4e30b1ca0f729f10cbd65,Benign,mips,mips:14875825532085650795,false,train
923cedc1924ffad921ff0401178de694a70d0d28532052a7b9d60273b1fb50a7,Benign,mips,mips:2616449303830774062,false,train
9248b3ce64765b8047decfc7ca0e2cf362ed64a4ef908cc2be2887a0048832d3,Benign,mips,mips:3622266742261183196,false,train
925129f850335ec8a96f9c29e95ed06bef8de110aa4978634775ff4920c839b1,Benign,mips,mips:14388819187115859193,false,train
92c3ca02bf20268bce97468c8ee112c0171414edb1faa5b1e3a6210b23a69079,Benign,mips,mips:575897797537145097,false,train
9346ff239cc2f6b028ed69929bf7f0c2d428a653f54ce54ba1d9d6d9186d48dd,Benign,mips,mips:17555752090332341185,false,train
93e0910064f4bbb69406824cf68d42fb9ffe257493a882dfebb9e28b46080db6,Benign,mips,mips:12387040067230637443,false,train
93e265caaf6dd51f599d4708bc87fbd7d1a0853fcdb2a81afe96bd811de3626e,Benign,mips,mips:10948014062381288499,false,train
946ff6777572153fd9d124b1c1b91fd73b4e6fb33847c01ddbc6ef3b9141adc8,Benign,mips,mips:9811626536327802714,false,train
9479a2efe02716afabc46eb307e655860d0e17fdea7ce14325860b53aa808614,Benign,mips,mips:16482890330487091656,false,train
947eca29082bc20b88128606eaaa6f2406f58cbafd7c6d43824aba29892cdca6,Benign,mips,mips:5914089822151954818,false,train
948b969dea2ac151f122b89471c94dbf6e402ac270637be893684d049bddf7bc,Benign,mips,mips:12616400671605604531,false,train
948c6639b0f5f71e2f3486af3537f4cf0ff2ea6ba40c24a3c7c8c3d9901440dc,Benign,mips,mips:789673702436560733,false,train
948caeaa7d39be9c4e3a654dfee0b35e260796fb94be3fb3b9ef408a0f812756,Benign,mips,mips:12369305381517926547,false,train
948e2d9e1321f66705545ea9b591438d644c90305be8afcd077d8c4c2a18414d,Benign,mips,mips:14778654794802982619,false,train
94c4a7a3f4f6bef0171c58d1064d99d59042d087d3759be6c35526aa6cc16637,Benign,mips,mips:13794817838110845682,false,train
94df0596caec915ffc9007bb3c5c9f3ea99f00a57e588b83d8a81e1268440136,Benign,mips,mips:15539122637478035300,false,train
94e9ec39d956d58af16fa6689d19cb0f7f237c0002ee3cdb03022ecde8a590ae,Benign,mips,mips:16470742579643908897,false,train
94f398026289a6e58e89a38a456e7ff03e816a9993da2ec02b06872dcdbc0b72,Benign,mips,mips:18437496293856262680,false,train
94fb24e505710a0d696aa19396de2d2462f2502f2a86ce334b1689502dcf8d9c,Benign,mips,mips:7161465247435935620,false,train
957e3730097673a08b2afb47c5ea6817a2374bbf8b8f438e24bde964c3d4e6c6,Benign,mips,mips:16646299708940702360,false,train
958dfc51509272b59f112b03479a4a9aa025829aea325433e7e84c9e4561aa89,Benign,mips,mips:7525957324795277821,false,train
959428a43993dbf13304848ec37d9ea7c0ef3b4ce0f5171fa9c85311e2ddd985,Benign,mips,mips:8309283546418162571,false,train
95f8928b65e4d058c8e696d25103fd0420fcf335cf422cfdde26ecb579a284d2,Benign,mips,mips:5608889344856706127,false,train
965ae9b0f26deb60b5302c956948464ee959ca667e0f0181d72a1ed0d7288707,Benign,mips,mips:15747258421520775060,false,train
967906da1a00e7f1bfbd8bcedc2bb30c2196a767a935f9ea3f4a3e09fc7d57f6,Benign,mips,mips:17116827896272896624,false,train
96b2a452b056c1d2ffebef7793fc3367b7211ec42795364057f0f3046c309cf2,Benign,mips,mips:4603751829936716447,false,train
96bedc1ea091adcf2f607f75f1710a6665d6934b9df34e4031b3c82bf3e51514,Benign,mips,mips:17137250505028659007,false,train
96c062846433a26b74dc594bb978f3733078852ede4b010aa3967f7d1360c0a8,Benign,mips,mips:5687310360434252750,false,train
97cdf8a388933837a7827c9a7b1ca4ed92a91401728ac6ace66981561659fddb,Benign,mips,mips:16534205994468359383,false,train
97d9ebb181ea96f3777df2f19354d1ef261340e7d42133906828afdd90a1c37d,Benign,mips,mips:11847814056987051457,false,train
98222c63ea5711df6715e7a1beacc15cf228db5d0f24b67fd8e7b987a268ce14,Benign,mips,mips:11072606311174524485,false,train
982e869aa11747b130d256985b8a012f1ba41f7f0434d2a277b68d84b4c339f2,Benign,mips,mips:4562110895150124401,false,train
98511d372924282e720143a78d0f6d84ffb439891a39e99ab024767aab6929b0,Benign,mips,mips:18412635863000326397,false,train
9873f85e919f5cfbcc9116e2c6c51423a5a96b99dcbef54b596df37e1e29ae2a,Benign,mips,mips:7719853994894128828,false,train
98c34f8d2fc7dc77680498c8f566171e693c2006d07e8c3e52c37b87c86e7a6e,Benign,mips,mips:12025744561724989188,false,train
98f3af0bd072f2de9561ba0d07c7874658e2deb1e7b24a93fdd41605dfff3189,Benign,mips,mips:6011006228186222039,false,train
99009d1a9446d906d4469a02abdefb5f855ec88269429f15199d32ee34985d80,Benign,mips,mips:12805832160170867989,false,train
9914ca6bdf93e8442cfb1f4aed33c09308a5255ac48b6c2899105de9ba72eff3,Benign,mips,mips:1274144812777983076,false,train
9932ebe23f81af2a1232a18312b3eddbddcf633874c9d45d5ef8f94eeb46b51b,Benign,mips,mips:7141838976597497974,false,train
9973d7be3077c0c07682c2a74490d9003ba212b6896f1c975a65a986a6332bd3,Benign,mips,mips:6525314488031402844,false,train
999c120447312992923b829b4c4cd28d5e08142e06abdead99f097df3fcd3474,Benign,mips,mips:9298845331373515964,false,train
999f7041c867b295857cf441d652fdf3c92969a16402a22a2fc2ba7b91038668,Benign,mips,mips:1178116169123053368,false,train
99b185a27ce552f15aa9497f17eec83e9d79a85dd1c8a434d1ad3118b013618a,Benign,mips,mips:10293330876188086672,false,train
99cdf0faf5fffd579790e606532524ed1bdf2e639b974b82231028c7c360711f,Benign,mips,mips:5858178963543892562,false,train
99f7ec57104858bd472e8a469c448a32609504bc661c0e65e0e08f1666e62330,Benign,mips,mips:10306387082957407302,false,train
9a3c85dbfd2a94554393f97f61cf0fe6c8309f3ed9f253eac7b71aabde0f2d92,Benign,mips,mips:5033239840830188695,false,train
9a77201dce75a5dd0ed7b74c72f1fff258952d66c0d3376cca81d3bc32b479f8,Benign,mips,mips:5782009382320758590,false,train
9aa4bc97a155ade58bda6cef338d85feffe635bcf194228032f120e4b9ce5d95,Benign,mips,mips:595031681041412993,false,train
9adaec9deb492a860595b3fcd1196d307544ca1579c47dee05f2e7fcfc0b0ba3,Benign,mips,mips:5470592924301018459,false,train
9aea0d37029c3763aee17cb4a842c1fc198aac8706fd13094aa5c45504a3469a,Benign,mips,mips:11858735702996465748,false,train
9afb9fbcdfde3b7296f74b27feb1fc46b0bebb190dbf3df8385cf852b63b20db,Benign,mips,mips:5121409859674769740,false,train
9b0a7ec9d8f59690950d6139eca5cc23888b8bf8987cad23096588e2d22539df,Benign,mips,mips:9261265060175593041,false,train
9b0d3688d71b1f7b82f0cc393ee4e0eece2686c6c7ce09b480a67294b0ff352e,Benign,mips,mips:7693108638150060029,false,train
9b179f26dea669d59209cea83cd9b4f38c02c33dd6bf6a650030e7f17eaf19aa,Benign,mips,mips:5592748786504358310,false,train
9b56398f489a4ff60a273826e6b2b541eb29050c43f5ffa892ea5084696534d7,Benign,mips,mips:1207889067240731970,false,train
9ba671cd6d1cd5cabe77b7d67fef85a51730d5f4d422dc155a69705278f55bc9,Benign,mips,mips:9028945104694511072,false,train
9bc2df03de3022c298466900adf2ec9de7b302198cc32fccc9163aa5222005f4,Benign,mips,mips:10188048546262974029,false,train
9c5ba8164b9f5dbee58a52f1663328c82988587f03ee2e9c7bfc9aa4ea505446,Benign,mips,mips:1532551687716133794,false,train
9c5dd817a369e92b5c91f9e692aa135401e76910b15d58de1686898b45a40933,Benign,mips,mips:8500074273680583312,false,train
9c82d5ad6eb01e157047d30549bf0b906cec9c8ca1caf03ef10f4b641e99b30e,Benign,mips,mips:9067373409037076283,false,train
9c9e430721fa60263d9b1826030838849b18c2281140911c35e43f9eb2c533ad,Benign,mips,mips:14722961397268511059,false,train
9cd2c83025e0cdb1fa8cc768e2d97114289a7a890bdbe2498ae2fe0813c52bd3,Benign,mips,mips:2437956703700972370,false,train
9d284241226216cc9fb4d046cc0fb194a9824d00e97fc9a8032db687f0962289,Benign,mips,mips:3658946620770313500,false,train
9dd6ca279578ff0e66c27e4cd7fa6cbaa32115b91d803861f15b5f17799617ac,Benign,mips,mips:7411735707208787641,false,train
9de1d150ec33d38f81984674459adc33fe8e2e3c53206167e2fc2ebe5c9f585e,Benign,mips,mips:16455175798956920197,false,train
9de2d71cbf8781a12dcf9e7ddb7618290af58f0d1831f77cdcea04fa52631ca6,Benign,mips,mips:5182471702430207339,false,train
9e02fbebbac6d535a68af1d8d9b54071774794c73191db6d03d9a1f4874e24e6,Benign,mips,mips:11968935438669549994,false,train
9e61df97626d4e7ff7acdec927f5cbec2cecbc9bb425d0101d9dfdeb630772c0,Benign,mips,mips:12862121955356363614,false,train
9e6c6dc3223ecd60aa293fbf2b3a3d83b117d6cddf583e39a40128abcaa98551,Benign,mips,mips:6125140347073627655,false,train
9eaadfdc8fa75fe9b0327ebf3a0b9c52ec9887ca19c1413952b1ba3920b3a290,Benign,mips,mips:1992502479783880263,false,train
9eb4286bdd493b4df52d685a122480f7b677e8e8614dc0ea53b5464324ba4153,Benign,mips,mips:17536278764904472739,false,train
9ecd985e3ad8fdb4916ff23990d2ac1d32dcb356f75e4fb5472221b7054a64bb,Benign,mips,mips:13323000004538707995,false,train
9ed12d5671fe3a2b5fa81652d728d08516dbc7e358a7869532dc835496f34f40,Benign,mips,mips:11691144591306136971,false,train
9f170eace6a64ecced9533a6f84f4dd283a532307a53aad606e6c1bf049dc420,Benign,mips,mips:4205734001333845065,false,train
9f21c11479396b10a523dc5228a9df0db4fffa296d4bf3ee4cb11c666fd06c12,Benign,mips,mips:6413472006542364383,false,train
9f32d7bb10e7d20a0737b7a42ec534679f2e4f32127b0481d7ef7c41cf24f2d2,Benign,mips,mips:7047091277421287135,false,train
9f7536c27490eac12ece1e3084fb11080fdb8c3448e7742fc3e65ef244a6cd33,Benign,mips,mips:14740856042383910395,false,train
9f7596a3b3ae8d3459510db9646bd13ab966ea0ac93fdee23163945a1037c119,Benign,mips,mips:14252762998297656691,false,train
9f9e4d059e48b1d2bde1a2ea7b39fec03114fd43a67909c605467a66e5131e75,Benign,mips,mips:60238773467115756,false,train
9ffc171bf0cc9af0daa88583d0943f5d319daa1464856f8e24c11b0f141ae9f7,Benign,mips,mips:2505432315479496258,false,train
a021f05b7b8113525392522203a063cdabd75ea0d1a1839fe56cd702e023d8fa,Benign,mips,mips:5810204715834392013,false,train
a02afd988cebb5548591f79447ff6798e5679fccb6f7345da3aaff95ed8e6c1b,Benign,mips,mips:5449550642349087928,false,train
a07af9ab33d25cb913a0e8ce068c876ec97bca42ca632fa3cdc0313a1f13817d,Benign,mips,mips:17424931583653064702,false,train
a0e58719fc4e130cf4aff8f36b0bbd757f7f6fae965fca9d1935d4580d318d23,Benign,mips,mips:5677036697046680395,false,train
a11464e750ff8f73ffd0c32a4590e48a0a26943c1bff69ab16d5a7dc6f9ae20d,Benign,mips,mips:10049332604446084579,false,train
a13ba85b97d78de52ac8e8657f4c1f2d76ad8c66860d66e2f54c3966d7555f07,Benign,mips,mips:1430231142229570361,false,train
a1bb8894df5ed8e3f19d332ad9257f62062b0224a4b1e1b5c3532e01aea0a499,Benign,mips,mips:4890004559089865134,false,train
a1d4ef62cdf1348532cd07180142a4aeba25a2a16a706145a3dad74c658db580,Benign,mips,mips:7475684748062652700,false,train
a1da41d1313666caa4554340e44bd6f327b288fad101b7c7b7b38629c0033da6,Benign,mips,mips:6018814498927813929,false,train
a1f7562e0848036ffbf4244382b075cef9974fb0887fc176b6aeaf06c772f72b,Benign,mips,mips:10318401762469096428,false,train
a21818b90f8b17b71025c184d7b01e755de1249c9c5c1b366ce34f8d0ea25a5c,Benign,mips,mips:3978625798293921365,false,train
a236281301e4c5312ccdb5203692755fc395bfe976282a37ddeaad30ac3faf43,Benign,mips,mips:7853724959215521832,false,train
a2dc0aecc22e0ff92efc7417de0da5a9f2c54ec7619d7b0881014cd33b5aeffc,Benign,mips,mips:6337590414773865130,false,train
a30a8ecf4e722181448b44281795f8e3c61f71529140a3e501a8a47ff2452c99,Benign,mips,mips:3156307494540677464,false,train
a314939efa4af1552a3b8269f53bcb2cb2db68aa1980db89cd5ca1cb24fdf6ad,Benign,mips,mips:1911598149279078604,false,train
a342db0c40551289bb0134b1482c530c24fc4f4c7b9418dcd7dad1893894c3b2,Benign,mips,mips:14698048348730660854,false,train
a37a6bc70bce3aa43c1d4745eecbf970553b9e8878e8155071271d1987751da9,Benign,mips,mips:6991454595769419797,false,train
a38cddc2a8b284dcb9facc1afd4cf33b2c2c9495afe921a44e9d495c594c00be,Benign,mips,mips:16227845877152627875,false,train
a3ad85da642baba41696b3d20f92c8d7d34cd03ceaf7c3ff8a9ed7a5c2274b04,Benign,mips,mips:13866297484971239383,false,train
a3b6a5020a07c9c7e53423efa180f7a8b139ca10aa26e9b6467068ccfdf3e930,Benign,mips,mips:5951213654182019407,false,train
a3fab8035ae23a37c62e4cd140c2d1b967ea75ad94dc14a53295ab4de4ead707,Benign,mips,mips:10186034015756642881,false,train
a427af3ddd754bdedc32c1416f3158f34c57758dbcc0b6e47921f5f68ec397c3,Benign,mips,mips:7343390735974717975,false,train
a42c30d76d0b475f61cff960bcbcd7694129a419e52c96b42c670742fd80c3d7,Benign,mips,mips:6644422881304652141,false,train
a4b9306dfb5d4929515cb0acc602eaa85b51ade759119c6cb2329ea38fb1b509,Benign,mips,mips:16064148574244369363,false,train
a4ba764fd2727f29b483b3700708e323b5a3a1746b38c69b353e90d10693c21a,Benign,mips,mips:10322481176171072934,false,train
a4c76437aba37b2dad2c6aa859ec5a545a355ca5ed17ff35b30a482e9dbbcdd2,Benign,mips,mips:12407238208490136052,false,train
a4e541e2337108c95ee6d65cca830232ee426f61cb97b1e644288a052b7f5492,Benign,mips,mips:8201681428748463354,false,train
a4ee0588abcb40125ff4f874315c994771552e656843ac63270b54e16bcceff3,Benign,mips,mips:15285704647015264460,false,train
a521372ef792aa4021bb5aa0c8af518e8c95e76be8cf62da6d1930a46465ed60,Benign,mips,mips:12868647186028629706,false,train
a535abea94124edfce92e9ca5bea7979f4bd5c4f10c82c6bacc219c7f995b3c4,Benign,mips,mips:3023158493274677208,false,train
a552cd5f57657ad411d8158c85384e69e38528c3910e90c6a07a9a593c80baa7,Benign,mips,mips:1831645437227614435,false,train
a561efd039d33e291d0d9c56321505ac864f257f7662c8af63a835d513b1854f,Benign,mips,mips:12636957506262293368,false,train
a592d3c7fe24ad6976df9754c819c795eaffba150739afea7252ddd1215c44b1,Benign,mips,mips:8394743917809258401,false,train
a5951d5d7a45a3691271b4f4b5b275873695af92380bda618a4d44ebece883bc,Benign,mips,mips:10886379525056067971,false,train
a607bd2813d266ae2226ebd7333cd2ee0ccf2c023ccce0b78ea951e2c916529c,Benign,mips,mips:16349377491024914042,false,train
a60a14f9a5eb3f504b5bc920c726b43a168a2496399b77c272f9d597b73a8a6f,Benign,mips,mips:8998251349988040100,false,train
a631b8b707e380deb8a449a0cc32b8f00e2e835fc459a39f088fc51b94ec29ea,Benign,mips,mips:4197424860963665148,false,train
a65af09429d80f4718a5b0561b71d4df643c4a36f68f16157ff1d12cbe007564,Benign,mips,mips:9124286201557499061,false,train
a662f9d72d6955719b56326f66342ab85bac92781a04517ef2fa776494d686dc,Benign,mips,mips:9920324352263780942,false,train
a66af3159940d42bdfff159e3f692f90d8d80ab1e7848f187493affb744b5036,Benign,mips,mips:4528174216908793993,false,train
a672822daf47ece1667978037827f0c478c6b6a6815834cd8ade2e2ed0c276d7,Benign,mips,mips:6865327028601513712,false,train
a6bcd721cec71cd6dba55863a5edb38ff005eaa775a3ae2aadbdb2d3847397f1,Benign,mips,mips:9483146004013048042,false,train
a6cbc6f2d7bea34ae897beec8540fcc4a8badfdcba2a3797eae954ee5544202e,Benign,mips,mips:902138985595118667,false,train
a73cc03d92c4a73ad6a38e1e61b5d5c8415f061cce3888635728266f21ffc061,Benign,mips,mips:7604966261916088872,false,train
a75248d3799427983e1ecec8c1cbe6336ed3ab4015b80597ea88e64581639acd,Benign,mips,mips:11781609184244610035,false,train
a77a5396fdcd4d785c29cd285db6693cb66079058600ae951b34845392466afa,Benign,mips,mips:1253816765268918181,false,train
a79b1b8c51ba8376929e87947157815d63cec8943f4ca858daadc7fbc9f0a763,Benign,mips,mips:13400155946972322414,false,train
a7b15f848f1699d9c2f266396fafade72f7f2d71f771ead2e580403d6fd0ac30,Benign,mips,mips:11179343158023036111,false,train
a7d93245dfc38e8a8955b07c3d45d48e7fe16f2f0ddce028bdc8e076cc5c195b,Benign,mips,mips:15887075894269814209,false,train
a7fea496e0e63e704ae37fab06f7b6cfc4dbeee39be700706a571ee12d181192,Benign,mips,mips:4739513117628652167,false,train
a813e9ff1c7b387b8d89f97f6aed9c839adc47b7369be2af150deed8a9ee2dd9,Benign,mips,mips:7182144599703442925,false,train
a839c433b60ee687cfab2cc4845c2133087f6f30d70446e1ba0f260d62578d7f,Benign,mips,mips:5540668935816622098,false,train
a84f3e6e98ad8c459d8bc95bc608923a16c5dc510c414e4b7d0f5b572835f447,Benign,mips,mips:6617212963557995651,false,train
a8571dea33a1f33362f80051328b21f5ce07a8c263b994a55407ddcd1b9b8ca3,Benign,mips,mips:13519625098772495096,false,train
a8ac5d2b8ec734f0da02ce6d3a8f99d57ec8b95f17367762e1b9080f2a3748d5,Benign,mips,mips:15081262853591905045,false,train
a8b5760bdb2f35f5b6e1623184f786d3ed052ba9ff08eb27842d02c55e4473a3,Benign,mips,mips:9918306583953769348,false,train
a8c826c555eb9d82f8f70177e57edb852b7e94d897116aef76b95b9f12b084af,Benign,mips,mips:5218812043353616956,false,train
a8ef36e6bcc30ab96215ce089e84b61bd899e931c661846f0890edbd4868265b,Benign,mips,mips:10995434618646368226,false,train
a97770ad63b05827b39d7ebb10af8418ee05f1f91e99076a2e5c63f4b7083935,Benign,mips,mips:4925778889512054875,false,train
a9f3c3b58355450222ff5a51c2bc111a5c7c154d298c7a8382754bdee1dda91f,Benign,mips,mips:11692995210967430125,false,train
aa494fa94ca7cbef6ddeea1c074f022f98870760e0ca4a88c4ae8b2ca0a6a877,Benign,mips,mips:4949772935710199827,false,train
aa827dd056136ad9e49a33211777ee8d4282941b4c8ec837f42dd402d2837762,Benign,mips,mips:11860263811816537933,false,train
aa9dd368196f4bb08a47b1010903142b379663672499f35260a23ec6a5fa9368,Benign,mips,mips:9739672273612737530,false,train
aab64d5acd7c7ae7520ac60bb3d7cce96ca1b3043598989d3244ce3f3ccbec3d,Benign,mips,mips:7136831480453297257,false,train
aad8d9fee159f25e0bc627a5f58dda3c2c77408b172e1ea2b85763dfc6eb497b,Benign,mips,mips:15814443010770405576,false,train
aaea9144a5bde573ca1e9a5005639b7af8a58eea6c16836db02095cf2def89f0,Benign,mips,mips:16322845739719446641,false,train
ab0fab99bc29199b00002159b28cdff547b74bd62d62a52d179c352eca98e73d,Benign,mips,mips:8884365135856543276,false,train
ab14541feab1929f5f23334479c2031fa2402f0d7b8ab437f10544538732cada,Benign,mips,mips:12869059051030281029,false,train
ab3a28ff30fb917fb6c5d06203c5d5daba1d53bce0ef7966a9cec5454da6fa1d,Benign,mips,mips:10465026552709151684,false,train
ab4714e70a34e47ed232c3036fd057b207ecaa80c775898e3295c58d354adfa8,Benign,mips,mips:12866911779401321528,false,train
ab81c75954b3f12d80022b9139d1372d27f32288db8afd9e94d3650146c9f1fa,Benign,mips,mips:17113039935645327257,false,train
ab8f802543ccb9860094a6b437916409f190b9b3749b60a4c37dff848818e74a,Benign,mips,mips:6462178567492921844,false,train
abc3bb5fbe71938e8741912d3e033b8d2755bfc7e5aafd76836f540548ae2a32,Benign,mips,mips:8927653271375841692,false,train
abc4ac3ca23b4cdd6c2a4927d5f3a13e01a344446deeb65bef8084860ff03729,Benign,mips,mips:9953671197108178785,false,train
abd7e30a8a6ac7353d480dedadfce21fdc4c7a472d1d6f54deff789144201c22,Benign,mips,mips:9950544273064831134,false,train
abd93df6433b0b4ac9ac6d15a565c1ba2fc93b20864a01ce1935f4fbd4b21c68,Benign,mips,mips:3347093223574580776,false,train
abed1db9b2c00aa04618cc06f8b855452d2b5d2c3f3fd47d09070d98ba5b1cf9,Benign,mips,mips:13458260927780537098,false,train
abf19f44d44ce5d598bf428713d9583edb6fc394425c49dbc273837248a9327a,Benign,mips,mips:17410613603242295361,false,train
abfd54cdfc3e662b96ab1f4574b2204463b8a834170a979a3ce4e3232a379ced,Benign,mips,mips:7972547115945970920,false,train
ac13b76be71937236bbe9e95314c7631cb054dfb5359100a9ad41e140f6ebddf,Benign,mips,mips:11396654489039337795,false,train
ac21c8da04f945cd9bf34682cab9f69f158905a632a44ec67a49f4b7d370d8b7,Benign,mips,mips:1213783648558688003,false,train
ac28787cd114099bc75fbc782583a2d139e8284cdd44c162967f71a88dec9806,Benign,mips,mips:8585236113355552116,false,train
ac3b4f6a5e97d3fb868d54e057f0258e0f8c8cc8001c4e6240b92a0986b232e9,Benign,mips,mips:17873600419536592096,false,train
ac55fee8072d0b3f9b76559704dbac6073516adb2b65a54cff42b456a708e9ca,Benign,mips,mips:10558576306801518797,false,train
ac5db5ed6303ecdc7dd2c3f8baa0feba66b88078b364c0f4f8ea65be3d286539,Benign,mips,mips:1393050545751607166,false,train
ac7ec5a80e43fd16cec61ab66cff5ea3ea1329b0b9485c8e044fda5b36310b56,Benign,mips,mips:124181771237527468,false,train
ac920f02ff114c3957e83c0bf7a801146ee30f832fb2e52785ca483a8d5dbe69,Benign,mips,mips:13032842349161945435,false,train
acdf1cbf3007b6b35fb278dcddd37343754361295b33e3109c0ce8b3a3edc5d2,Benign,mips,mips:15171186155045019114,false,train
acfa818a21ca7c1cb426ec3f6b912ab8cc56c9f0c49e0089b6399a5cd577458a,Benign,mips,mips:3420210679742165556,false,train
ad0463d1aef22efe200d80a21e9c55a49d66e7bde5088eb187461e4e69592100,Benign,mips,mips:7585461381528779128,false,train
ad148424b8cbe15e99e5ffafa80c4bde75e22a3171aef81e9c85bc1b3dfeaf25,Benign,mips,mips:10466518621492314648,false,train
ad44e8095feb0e85242205bcb66f3f60845e73d95ed82227a0f3d8859cd444b0,Benign,mips,mips:16403593675738951884,false,train
ad61b98ca8e882fff5ea50cb2ab1f6c2239ce368d2f0cc938648a3077755c1f7,Benign,mips,mips:113437608524868460,false,train
ad715ffee089d0157ed32bc08a0b7775994a45b0a167ec643f7e0c917a31e3c6,Benign,mips,mips:6321501500585341733,false,train
ad75c6b38214404b4fb5e8bf959fda217fb312b1d260cd89514676b6f23377b6,Benign,mips,mips:8302668178597967759,false,train
ad8997709f6fb9335d4f46978659c63c46ed9fca187990265cafa1b4fea04d62,Benign,mips,mips:15719312162588771381,false,train
ad9501c7f07c3d60847f2ca0a72ee841f5dfc02efbde3e16a2973df5ae0d8b6b,Benign,mips,mips:16407721954715454576,false,train
adb5ff4a7c0a80f1bc2a054c03357ec6bce1e1a6b5a35e2c7019dc7761140fcb,Benign,mips,mips:15365315276115854046,false,train
adb699ced65dc2e3f2492204156f5c98eec1c78866b7abcd714753d2424dbfc8,Benign,mips,mips:16057275471343545620,false,train
ae01382f9a3cb125f964d9d58f6e7d08b35c21abc43117f2db3157170fa62890,Benign,mips,mips:17576350604586601507,false,train
ae302dc9e0252d4287d0bd17739f283fa79c67b5079bb8b3989ad56e55cdfd54,Benign,mips,mips:9033351174488095951,false,train
ae5c1855b6c117f3d464268071124fe17f2d217b911d0b65adf7241c7a4ca1f1,Benign,mips,mips:7008974540329563634,false,train
ae7db287db06679f1195c9ef33d88f38ee94af1305bef724852746007e239494,Benign,mips,mips:17834436739440374659,false,train
ae911afc53f41038b88e028b1bc3db3b3f57a3de0954aee823d7a6ae2ab111d6,Benign,mips,mips:2082187777965514967,false,train
ae9af74e4f3513fae8d9091340de82f02db1a5578b0e369fa85296fab03e5378,Benign,mips,mips:9206111062780062817,false,train
aebcaec05dba6193c528a0903f8b577e9f66718218ff9f9c75161c372d72edca,Benign,mips,mips:8136300862454118201,false,train
aeff1497ad3861ef74e2eaddf8f9af07a05537827e8f56a8fd0217ab49cd1ef1,Benign,mips,mips:13150948175666855979,false,train
af02830499e6545aac60747b75cd8addfc43613c83f15f217ce01217e27f23db,Benign,mips,mips:2148707825286683926,false,train
af1e3c5ab001e1cf2c79d3946ddee13c976df5f9b6fefdd53142b163fda05a35,Benign,mips,mips:7398751220348182387,false,train
af4152f0b60391d7be0aa23715887b1df769cc5a07fe2e7efbd4763b9a072fee,Benign,mips,mips:13508371481866383666,false,train
afa10bcaae217f646afa5d53fffec61aa16b56edd4e5c3da7ab282086558f0cd,Benign,mips,mips:16736178750183400493,false,train
afc063e78e54b8377f66603b26446cb4194cb359ea9d6e85bcf8805270154d4b,Benign,mips,mips:10238525312277729814,false,train
afc5a0a2c602427b2665d6d4a222c56a1da78eda4ad3c7b97eeecd505ad367f4,Benign,mips,mips:13976652777950845314,false,train
afce010916e49b59f55af7312c3b2a13165717bc82ff30cc70a937bc0b912447,Benign,mips,mips:1332672223275666143,false,train
afdd65b393045d3a7eb08b8eef3d9ef5430d5fa4540d4bf370ffec46e8aee206,Benign,mips,mips:11678890980954414937,false,train
affca37a87cdb98e7897b8bd01d52cf8dfba30cd1c228122bc8a8e9b9fef6735,Benign,mips,mips:8578659971877678513,false,train
b02bc20f4ac93b3946b009b2abbb6123e89385fa1f07492e85cdce94d72855cd,Benign,mips,mips:9205898795963258596,false,train
b02cae408eeea19965739958ec0a83f2274456cbb69f9cc68867729378e01d12,Benign,mips,mips:16580870184325230533,false,train
b096af5cc7053687f384cb0db9d85b76694632fbd257edbc1552ec339f762d44,Benign,mips,mips:14859592836344832750,false,train
b0d853975f70d4198e447b4db09ddc4a6e263e0bfd1daa14512590afebba6662,Benign,mips,mips:4449267505356055304,false,train
b0ecdc402be8fc40e5d355fd0b414417a0afc2943e8335c91435cf6a296daf58,Benign,mips,mips:14119494299176501495,false,train
b103cc425fb50f4e5519ba47b8771d77c905a45ad73d83099ffc834542bcf860,Benign,mips,mips:2568144021776357531,false,train
b1503447dc052960998cf93e64cba624e0a4bc12d1bf041f25e7c7b12fd5c8fe,Benign,mips,mips:10284037417206190355,false,train
b15a69dad6a889f45da8d72c1ab06f1122d44ef53c254ea4253eb13b56a6760f,Benign,mips,mips:17780007185079112347,false,train
b1878b515f9831210a5102875a62853dcdb6503edb34b853245560f622e5a2e1,Benign,mips,mips:100042760096251765,false,train
b1fe26311c21196b1bce8e18e6514cfa8caddef2e58970a51b306ec509626135,Benign,mips,mips:9109926143910834583,false,train
b203f72de0494c30c43f7c482b219d8e0f3088ecc8ae728123e4e2f3e47c5de5,Benign,mips,mips:8363909809859943079,false,train
b212c1c556ce0e50b4b14081873d81b2303ab4163058a64c76812ea5bcb40b64,Benign,mips,mips:12409832326206734377,false,train
b2771adf6da93e1fced48c43f563cacbdf172f8e6086b25b2498ea4200369308,Benign,mips,mips:12757085573755121818,false,train
b282b73dcc51f1b9c18262979609d3fe51775589378558e637c77c70f559f041,Benign,mips,mips:13823494846540805956,false,train
b28817250dc1a80e69005cbf75f1867038bbf0c683a11304860ee550a47e5c59,Benign,mips,mips:1904902545589760608,false,train
b2a3a7b0ffde287c59147a9f8254ed24e1fad4c47cc286683e60396210c7a16d,Benign,mips,mips:1811074398300093972,false,train
b2b7011cc0340a3c0219ea1e950f8085aa1ab94d0c02590665c1729292850e05,Benign,mips,mips:9985814317081389921,false,train
b2bd05441e355986d84567a6d00e0ec50c6f86a64ff27eada036a2f95595c843,Benign,mips,mips:13225439052439947365,false,train
b2d77eddfb3fb9d9ec8cac01eba7a9387a69975c325d520064f3a413286b688c,Benign,mips,mips:11036959540385767470,false,train
b300e6ab80dcd26a0203609fd8c88c5578589674d1a36445f6ff2f0ce59717c4,Benign,mips,mips:7435514486067513170,false,train
b3102e9a6f7e0bf3e55ca3debfc78bc048930717de21322e4b91681a6487ae81,Benign,mips,mips:14047777373843473651,false,train
b354d8d426335f302a599ad0d294856ba45098a409596d65d3073fee8fbc973f,Benign,mips,mips:12657617265592206194,false,train
b37ff66e62c46aae133b7100e5ea11ed4c765706ea4097aba44ed85123e0ab3e,Benign,mips,mips:7237686602578698129,false,train
b38fe2394aab0ea061086cad39542cc72f4873daa6bb7f4c3bba3ba72cd9ff03,Benign,mips,mips:992838060140177365,false,train
b3c0f9200fcc21511a0ad3ced4c204c7185999207d85499c9d8d62075b0c17ee,Benign,mips,mips:723572072802479246,false,train
b3ca5de4f921e9d48b58ffdab4c5d3bd8d57f69601b0a23fbefc61161f620532,Benign,mips,mips:13365479993293717089,false,train
b40e75abff04384eb57ab1c2a0c283a548261a0612fe9e240931575bced6b944,Benign,mips,mips:10205553550521858041,false,train
b42f7f75f6eeab9bee44a8227b7ae6d8222f1a1a31997b3d6ca10a056ba7e3fd,Benign,mips,mips:4527014935831061718,false,train
b46a38bc4593a3de58ec238f1e2fb72c29eb7e073181cba107d6e6a074696941,Benign,mips,mips:17715889257925115888,false,train
b47ab30bdd147e7aedacbad9bf1f481ced1e396c46ee265fe3327b9657320111,Benign,mips,mips:1564563016182619425,false,train
b47cf7f78c250f423b439e82b6d6ffcd8e325f209f3a658f697f8be1eb4d33c4,Benign,mips,mips:3276290521304373226,false,train
b48927eb4cd82c4825dc6a12a671da79d8d3a80794f5f88a3ddce24aec7f2f91,Benign,mips,mips:14389051159653601711,false,train
b4d2a994d78ca9bf097e5d91590a5fb627534e2e92d5691cc997039e054c67df,Benign,mips,mips:16081573508570663143,false,train
b4f62ebb8ca97e20ad2d88678d01eda632a7849ac788cbc6f0e8ace3e9839dc2,Benign,mips,mips:8765751614821354593,false,train
b4fc92bb0fab259f12e911390e736f693894fc3cbada1878e49cbe175b5ab83a,Benign,mips,mips:18116661451896148918,false,train
b5053c723d65f2caf6861ec7b3d1670683a1f3e44e8fc1149d0e163539e0ffed,Benign,mips,mips:7192174832537873113,false,train
b5227e565ff3a1fb7495063ed7a73d898cbb0da38e31d050b8ff997b2142ec92,Benign,mips,mips:14435382184582791558,false,train
b5291694b8330404d5c7d9477d2d2922263545ef9c3cf183de426dffc2c3f9af,Benign,mips,mips:12504448578112787097,false,train
b53cc5f959c778ff17138a1c026008034db077b6132a5620ede7ae372d72f0ac,Benign,mips,mips:8181617097417316312,false,train
b5431cb081403af5207f23c9fa387429fc2b8adb39f861cdefd123db53e8eeb0,Benign,mips,mips:11899621229791350536,false,train
b575757d350d87fdbd0b89ede21bf7c41c3b927c88f368ff26883793b7e8fb63,Benign,mips,mips:6167101590931797012,false,train
b5c7c8d3076153f7775ca1d95a425e77bdea476d51f390336baa53420f88f853,Benign,mips,mips:10671211353338284550,false,train
b5e7fe2e9d7c07011e6368e302a69159081663c5b2801ff4b86207c91da82d9a,Benign,mips,mips:16448085885685744131,false,train
b5f4437f18422f3154355af884f9eab1b3b8ca4f838af46ebefef9f52603a5c3,Benign,mips,mips:10025773280237675998,false,train
b6b628e1d09404bf8de72f1f2d27dd79cc05fc7daa83a41386fc38780df9e384,Benign,mips,mips:13670848087577646246,false,train
b71836c0d10ee9c60d4f83a6ebd804ae26466566040398c9b4dc9e4bd4cbe4d3,Benign,mips,mips:1028180108374593915,false,train
b76a60b7162b37a7e5459dfd80f901142928261deff0a78e6726affcfd8d45af,Benign,mips,mips:14529358863615337516,false,train
b78251d9a5a738bd1554875347af782149670b3c9a42dbd219a5033b4fa16d0b,Benign,mips,mips:18217082718972835393,false,train
b790055128dba21f9ce2eb536a9bc877768b84c5bb455d3d2f3da108877b7bec,Benign,mips,mips:11676794169320188362,false,train
b7a39ecf95b767022a4e0596a609394e05efa14dab55dae91b5de88e4031833c,Benign,mips,mips:469167726469607502,false,train
b7a98374315f876c0b77594846ff1a236afd02bc12fd81f092d3ee0aa0500f26,Benign,mips,mips:4873580522104948899,false,train
b7cda9d7bb7b1802a4141ee405e707b5eb9ed4446f7843ab213d39e15a416188,Benign,mips,mips:1470517659979504471,false,train
b7df1c84cbc4a0ce03c862d9398a1b3d564eef9ad6578f6cf791a5d39e15e713,Benign,mips,mips:10566162940737056240,false,train
b7f8a1968610d35c3105a72175d0ffd135a631d2b45940af2fbb3dac49674fa3,Benign,mips,mips:9346691738845903738,false,train
b85be2f8a396b4594d7ae572a443bb510e9331dad92a631b8b5b8fa15787a58c,Benign,mips,mips:9336560557136002141,false,train
b86cb0c786d2420cc8409b28066a6eddb43f9ed057b53708d16f8df4690aba48,Benign,mips,mips:5349250464484523299,false,train
b87eb5b578dfab1e62434cf2f74f82c2efc16bddabb53154117f72560b10350c,Benign,mips,mips:10674328758915005227,false,train
b88f9bceef2919998db02d1d1c9328fc2e073a00a88596b04bd08ef33d537d64,Benign,mips,mips:14898522581293076334,false,train
b8bff2c1975e17dbc0ee43882caf1f842f12e2c654243c5b6ff5f04c32b4a8e0,Benign,mips,mips:9958873769233605095,false,train
b8d123fbbfc9362db0308bb2a97c3eba7463fefbd9941574849ec5d862988d06,Benign,mips,mips:16725229866908353864,false,train
b8ec6d0b1aa571330a117ca002d1adf84190aca9f1c7432c754d2e9e88a6df21,Benign,mips,mips:6039796673488498768,false,train
b924ebddc65cb6f781b1a58fcce118d1e4d21103724f3faad6c363e5447b426f,Benign,mips,mips:16280709101695052417,false,train
b925acda57627e6d288cc0ceb823bff5f1b3a573465fc78685378a95fbb1d108,Benign,mips,mips:17560522753633999145,false,train
b9488c478635164aa1c9d4d5ffa421cb015f6347726ee876cd40b1eddb8df33c,Benign,mips,mips:1485376256454935238,false,train
b94d232d17a263a856bed5af94e018c33205cda0bec1c2f7875309725a03bde5,Benign,mips,mips:3452600790073721674,false,train
b951f539f4c989b3dd197c439c7b2cb4a39b314c7178ae131f9b8bed7796b53a,Benign,mips,mips:3383919011396315189,false,train
b96c9592f9c5817d6a4e1b2374e888b61debeceb642bcbc0ad57b335c5f2dc4c,Benign,mips,mips:2935261768168256814,false,train
b983883ce6de3b00d98b97dd20de274c18ae53a982a1074425281d47b05977e3,Benign,mips,mips:2172719499642458064,false,train
b99e68622622e402c202c00e6730c8ad45e3422319ce604875548fba81195bd6,Benign,mips,mips:6244804453053604940,false,train
b9a3f886240145676a9d208b82ef1d699e02eb2a5087a30aebb5fe64b2492710,Benign,mips,mips:18109233199304452019,false,train
b9cccbfe9ec9ce4f71d43fe9dbd32acf9d842a40340ac6546459a810ae96178e,Benign,mips,mips:7885977715840434428,false,train
b9f3045d9012c7997157847227ff46b39273294800903bdd28f2ddf819fa270e,Benign,mips,mips:18339272882566141472,false,train
ba0c7d86fe6af2804035ba633496cb23164521cd95261e38fed12ede54db6405,Benign,mips,mips:12207764570000509939,false,train
ba3f3b8d22d1aa79bb6dccf157913782dfbb12841beeffeda02e3bfedcdd2b50,Benign,mips,mips:15134656801948780457,false,train
ba73cd5632f2bdd4e5d8b0605c066640864fac63c4020df88db2c3bf44aff0ec,Benign,mips,mips:2189209949367812027,false,train
ba9878a9e5533838f4a2e94f1c7d8dc3d89231aeb52e00075eb686bf3bb93caf,Benign,mips,mips:10298140544081885534,false,train
ba9a5f565ef2126b4780b19c12ea258fc07d8ada15b6ae0eb010502300bd1db2,Benign,mips,mips:16322151590753216967,false,train
baa7c2afb8a6d91909d792fe2487d9a07a6bb7dc2f9cda03c14321e1584a3064,Benign,mips,mips:2190795408797853175,false,train
bad4d9918af93417ed3c69738d18c822c630cbe2ecaa5a789a680d7db786f0d5,Benign,mips,mips:10275765004034017532,false,train
badad3e496b49184bd7fa615a8ec01718423af5d8ca5b1975056ecd7cfa9863f,Benign,mips,mips:14365000476897411294,false,train
baf3b7c527d1434bd3b6eb6e3b2f8f8ca6b0293bcdd9d3c36434a1618254bdc7,Benign,mips,mips:3817213649874920092,false,train
bb3d5e0513ca7b8ed3d90491aa91dbc3f6d884686426069b86388b17dfff3bca,Benign,mips,mips:13107605962994589296,false,train
bbc4e280200d39141815f8f0ce36e592e1fd1a34eaa1c1778e9005f0352bb912,Benign,mips,mips:10829802391636704084,false,train
bbfb497f2cd3c55bee6ff6d0ae1406ad9f50ca2d901cdfb54c9eff34c8920380,Benign,mips,mips:2418040080408839178,false,train
bc0a093857e07a995db16a366f0902c5356792501c920f38771fabbaede2d0e6,Benign,mips,mips:8078728088470109935,false,train
bc206728776d00def14df809bd762f48376437765aaad2629a5236f3d6a14bea,Benign,mips,mips:13765222987610664410,false,train
bc4eeea29e98539a6d573022a1449ad46cf835dcedd625242eae8bd77b6ad48b,Benign,mips,mips:13989420400830787590,false,train
bc77c66083335b30cb95efb08a1803c8e9fd614c0f87fc77b09bb866c3d59c7a,Benign,mips,mips:7212285431595662494,false,train
bc8b1ecf80251c2da080a268bc2f741051dbc3c56d85f676ab24822eebeb1485,Benign,mips,mips:11915795522142318188,false,train
bc9f3063af0761d09b2b10b54b131a0c59f7524bbbf647c8c49498451456ac4f,Benign,mips,mips:14934352577521603109,false,train
bcc2adcf3e484b2c44a09f64c85b186d6ef427e8637d16d46e858540488b7fce,Benign,mips,mips:2685467233367195968,false,train
bd27d5807c2872469baf605eb9c2d2043c14eef06da1bcbf8c76506f3fdac81b,Benign,mips,mips:18107410999936727895,false,train
bd56b9c130f0f17879a73d1bc2a073cdddb8da5c6d53150235c2fbe89ce9d4ea,Benign,mips,mips:17304422923656076502,false,train
bd57a560cf799da89ef77f0c2340e47af36c4a85c83d7247c081bc2ec6a17c4e,Benign,mips,mips:3289544583680460764,false,train
bd643ffa3bc0338cf12c1f6a01359ff802e2a1d1734b061a3e9c8d1eaad6e57a,Benign,mips,mips:5884303889878321153,false,train
bd6ab9d451d987ed797dc6ff43a8283199b90fca19ad95cd00905aa98b3c2c7e,Benign,mips,mips:18232822942628045155,false,train
bdfee10c7a0c803c26bc14a1db1f4acae752e1db8e81df09cbf5b6382cc455bd,Benign,mips,mips:774551678201490807,false,train
be1cffdfd640d64e9d7feb7bfa6ad68c9a49e734c1b9403d37cb25b8273fd3e9,Benign,mips,mips:12720524664723144666,false,train
be3ff8f6d4a600f40eb5ccda18acdf1335a4fee68a98334c17cde883c75139e4,Benign,mips,mips:11002908989492226564,false,train
be4837b9177130c89e1625b06b635119645d4b10bb5f910eaf060124f1714e98,Benign,mips,mips:2383174996450480806,false,train
be6944f1b822262781f6cb7218d71e5db81d4637dea10b9ad7c820d4c410b10d,Benign,mips,mips:10993656224619637987,false,train
be87a852739bfaa30a074df6b9987c4d225da256d8b827d65b7441c1c40e9975,Benign,mips,mips:13973053811737799441,false,train
bebd8cd9244afd040f43777fefb464ca3db8abb4e828c36b074ba8a54a1d39db,Benign,mips,mips:7572568240432087298,false,train
beccabe4d0e4a0a434b55f2292e503a5ca6599d2cc5db530ccb2655970990a2d,Benign,mips,mips:6838719536210878512,false,train
bef451cced7245bc1948a70f308ff13c5b8f9abbe4817435b0e924f05511c4e3,Benign,mips,mips:15288581488228720550,false,train
bf28dcc3c6209afa583720a2fb8c44c1e9d0bc01b98630e4500450acfeb3aadb,Benign,mips,mips:2372071742663741088,false,train
bf478c96eb305f6087d9bfbc2fed8a22c03e8ee27d382dcf5e429870b4b19174,Benign,mips,mips:2679332579073303890,false,train
bf9b05f7e95ed4881b80120906f4b42e517dcdde36971dcaf997a032c335c944,Benign,mips,mips:9890382885816807186,false,train
bfa86f28db8668bbeb5d801303ea99972de106d3b2f696bd68b83652fbd08e13,Benign,mips,mips:5910045063255091416,false,train
bfe4f36ca708bbe0fe23c66297ca512942b6fcc9f398365fabd2efa556de12a3,Benign,mips,mips:8474742746962180845,false,train
bfecf48f7a0aad234f7634a4e44c5e3f3a511120564bb2c1c746c758e8c4b51d,Benign,mips,mips:15249291508982051300,false,train
c00da2d96dd7dc4d501cf9630fe99066093c08ea517c8b5d7c8b974af58bdf2f,Benign,mips,mips:8262394403181117412,false,train
c010fe2f4301a548c8ddcd82865b8682250a232a255e06cb3edd4145dd0af7cb,Benign,mips,mips:1559503812801573396,false,train
c0665c0e38c3f37eb0e154d1b77b6a4252c62524782b9234c89305428a2c9bf7,Benign,mips,mips:16850300066287188221,false,train
c0865a844a08d5763fcdd9e66d5dd7c9ef3d1d61111b1b0789e891d837f0b8c2,Benign,mips,mips:1618935647221186138,false,train
c0a33736661d98b10b17a5702b335f3e16cec7968a009b6e12ebaad52799a63f,Benign,mips,mips:12863047495704050041,false,train
c0a9b82f486686faf77fdb5417d6cdfd85b25ee5c1a6b725d93a1b8af00290af,Benign,mips,mips:7792330333268283229,false,train
c0b0f208e9e6096458d2bf65da18f86f8a4daeb5789a18d2dfe24063cfa8a0a9,Benign,mips,mips:4320241391570912915,false,train
c0f09ab9e7cefaf6f7a7f48f2fb059e83311545629dbd767de93d00f243b5547,Benign,mips,mips:11180452960621471342,false,train
c1016cd97dd61ace0ff091347881ff75efac6f8e18f716bf19ad88bb3dd0b41c,Benign,mips,mips:8198428133377077832,false,train
c1050f9f93b58b5b428b6ebfe2fe67f683d317a11740ebfeb8c4b66a6f6fb2ac,Benign,mips,mips:1992761598537987539,false,train
c11a64a6a51f60275f8e4d056a95c9a440c375ddf7517bc623338bd2356538a4,Benign,mips,mips:3436624441495822407,false,train
c144f196ad8094bd6e9a1daf42575c58dc377a4322a1f44e3bb0f6fec4a218ad,Benign,mips,mips:6636656444761728565,false,train
c15f120800533ba921268bcfe7de7ad71fece97eb949a98820e0c36ab89a076c,Benign,mips,mips:14170365958223168688,false,train
c165a0efc26ef22bce771acdf310e4a2e086f0aa32823470c06c360f160789fc,Benign,mips,mips:171660650562213883,false,train
c180a7e4eb45ad649aaf9d18ac17873676420b6188c2358f6212fa7d6666a0b0,Benign,mips,mips:17245800057346807095,false,train
c1cfec9fd58918fb1ef0ab442cd74fb75d8ac164ae84606bd5118f73349473aa,Benign,mips,mips:12088170169111851004,false,train
c1e708d5c6e34b99b3f13836a76ac299272852694a098785fb25691d4000dd1a,Benign,mips,mips:10163201021487682038,false,train
c224d2894be4b272035e535b61a0881aec42d68cf00015fce8fc11bea5f7932b,Benign,mips,mips:2860657751479473159,false,train
c234242b7dd3939e7f9ccd79edc09f9b1bb0ed9257ee43eabb991ef493dd8302,Benign,mips,mips:1413833142449949786,false,train
c252a92e22cd80165fbcbcc8b5caded3d637c94f6ed97a0ada5ea817ba6f7940,Benign,mips,mips:5505055608293123855,false,train
c29a0ca2ead8c88677ba4f20b745d70084c674499629e6244c0287c4ebf0a860,Benign,mips,mips:6451281755497457778,false,train
c2d5eab8115eb088d4edb4aecea317cbd2925dfb1496acb7b09ea856e0f83620,Benign,mips,mips:10310266865670479296,false,train
c2e21cc52d491bb136dec68b24199e1949b1bb9f06bdc55864d1db53484be094,Benign,mips,mips:2190272585410769067,false,train
c342a5ccb3dbffb2d6c6b9622ac6d616274d4afeda3860a103b6db76e14b67ca,Benign,mips,mips:3921811133529001313,false,train
c3c97fc693ee22a887ac2cdd28e5483519149b0cee7078dba08ebe68ccefc84f,Benign,mips,mips:15520929303390241509,false,train
c3e77c7d4fe7866be203cbfb0403134b9d5b77b74a79d221750d4e74628daca8,Benign,mips,mips:8950460293252873001,false,train
c3f69186552e95800bd9343deef208966e443cdd579dbac4cb287d0fd6e71a20,Benign,mips,mips:13421568812171020369,false,train
c43239b3fefbf43b31cbc5bf015effa24bbd99eed6a920baf81b06c421b73e3c,Benign,mips,mips:9705855075586045322,false,train
c4795122bb5586fa2c71ccdc29a119c5e472bfb36acf9f2be033832fbbe7b9d4,Benign,mips,mips:1008437314140572134,false,train
c4a870eab1ef3ecb5a598d44f5a53a790a42c4e9dbffcf2f13316b8ef600acc3,Benign,mips,mips:1614567543645114654,false,train
c4d3abccf7e0fa372eb16a205633a1bc1aa25660b4589d72ff3ab55b84d1ee78,Benign,mips,mips:13091913643233396139,false,train
c4d526ecb43d115047eb7e4317caf1b42d012185807b46b2a5c80dbe11f0fc84,Benign,mips,mips:324415029194398300,false,train
c559826e55d9dc28b30f5b1f8520787ae95b3a0949093b92ec13dcdfb6fa4bf8,Benign,mips,mips:11807315814874283934,false,train
c57a74136974ac89aff849f6d75c1216fa63883e1cbea4e7762d50cf822482a9,Benign,mips,mips:16384755356924371302,false,train
c590be664921877fe54ea31333880f365dcd7c9e992b83b2823faa6e7fcb7e99,Benign,mips,mips:7065646436364045727,false,train
c59d61dd34c4fc9f8fc68acf1361dfaa4f4013c4aae509baa465d89b0dcceaf4,Benign,mips,mips:3825249978544953241,false,train
c5adc1a48d65f1666c82d6e4200df42efa40701b42bf4f1d48d0821a30e55331,Benign,mips,mips:5411398562085623676,false,train
c5eb887401d794af209c2dda327f54447826a7609e726cb31c85e0363e302341,Benign,mips,mips:5893775811603314910,false,train
c60daebf1aa9ee875b4179ca54a05e6a9c979a47fc589d98a625304b9218f1fa,Benign,mips,mips:1632376397463978410,false,train
c616522750e0ab67ab93e893b1ac454921a5b38a17cd24ac454848928832b355,Benign,mips,mips:5911802746533586513,false,train
c63452d56da8549fba4dcd2b0c7f4391bcfdc3d6bd4f99677fdac30478ffb1cc,Benign,mips,mips:10297877396243824552,false,train
c66c361b0b57b38e6adc57381969a96caec65fce66a525d4492eacfab5985de9,Benign,mips,mips:386792770851197809,false,train
c68b2391b04d0539b9b51113ec19688c9b3a2ea1d533397303c40f199554bfc3,Benign,mips,mips:11926813625736079831,false,train
c69dd6aaa4b4169ee326eabd12a18a2c8116f9127fa9e206fb35cf0854f99d2a,Benign,mips,mips:7505679445616839191,false,train
c6c025c16f29dfa8b46994f379ee32e4eb28d25e0e61cfec003b4eaa188bbce2,Benign,mips,mips:17272520943690036391,false,train
c6d70e4c5f21aff6cf459fd7c54513dd048838d9e5cc5fff9d33fd250b6281e1,Benign,mips,mips:17114827367350136912,false,train
c70513bb2c7e922e77f2522affd67297233af27a7902076bfc31bd3f0a28e7c3,Benign,mips,mips:8434126946614366468,false,train
c711fb7a2d3ac4c8201768458838e40af04cdbb2ff2be7ff6c01cbd44dda493c,Benign,mips,mips:13922584249003050658,false,train
c7297d66a6ed653030baf652b3efb187ad85ba73e1fb37cea247df9794a270fd,Benign,mips,mips:1932766650573429506,false,train
c782f21455b02ef5b5d549299336045153070e00af30d9a62517ad72bd23cbf0,Benign,mips,mips:8354404114914228010,false,train
c79ffe3149cd693de8a69565c91da0b6d173215f8b0e713c548a8eaa3ca8a8c5,Benign,mips,mips:15764019910573780201,false,train
c7eb99b636d5d08d228699d1d98a80467df9ae2ba58b0422a3909356bd224fc7,Benign,mips,mips:6975317997745863395,false,train
c7f3ee6550f06f10ac06decf80c9dbdae30616eb33550ca6a5b7d4169a290e3a,Benign,mips,mips:7958039014988037065,false,train
c81736bc588e839f3386d59736e8f3c0464529972a7ae51de6b3ed231313d2c7,Benign,mips,mips:2089937615349228813,false,train
c8400beb655a58780f444e44756dae69e601f3ab8ab2ebe56f2c2dfadb4e4942,Benign,mips,mips:12902235777455056717,false,train
c849129532e2fc02488b0a718a29667f723a3e1cc758dabb903f214c3a143d8b,Benign,mips,mips:3689266816180893769,false,train
c850b0d6bc0c295853e9661ed2c2fc73653c761a8e1463d5351040ec6be2b348,Benign,mips,mips:16302341559437610273,false,train
c85234fa59cf13a2115b63556207bdbb227fcb7ca424d90b4811f9434dea9c59,Benign,mips,mips:13990913487668350139,false,train
c87b3ab24d02f7674e1c6d974fe64a230696558f9dba3287cfda096982c62e87,Benign,mips,mips:16189218440468288493,false,train
c88cf3a70a680d928a479b7381d44fc03e219148510236ee9c6cd5f8b6305d41,Benign,mips,mips:563447585198918067,false,train
c8adf9631ecd22c3ae0eeaae70834b3d06a865931322d902b0986ef1ded6e549,Benign,mips,mips:14551441053938319025,false,train
c8cabe96fabfad89ba14deb11a2daf1e7d632cbbe276c6a7b235885f471ca43f,Benign,mips,mips:5544175942218815320,false,train
c8f7cc91225984790511df637086939bd7f23aa103a06cf4c5b36e5ee9510b09,Benign,mips,mips:10746356015761235092,false,train
c939c2b5b53e8acd7498f23b7963b9abad1a3d37fd3c7ade2adaea8f6c62d408,Benign,mips,mips:12728151507707814050,false,train
c9630f4d7324a52835cc0e2483be9d882ecb9dab48ca477e2a96d21ec88e5400,Benign,mips,mips:15474755550051253882,false,train
c99b76cf393489b260af33c3f36021b24c690c6c38553051fb5fa491c4af5fb5,Benign,mips,mips:3039638855249552434,false,train
c9b8851abd5b424519b01895ecc2ad3d6904252f17bca4b419732fa4c0c42154,Benign,mips,mips:13487564809281420469,false,train
c9c79b3b39a10032008359284c5076f6aa3cea441f4a1874cd67a954d113fe5c,Benign,mips,mips:11242792561467916285,false,train
c9d4fca1b54f728ca2cf89227f0bbb81666d107a8e7412275e8ad9108d840e5c,Benign,mips,mips:7019591384520737652,false,train
c9e280a5df41ed2c0204fd494dbf160b39c5d4d428f64a398cc3466880acb596,Benign,mips,mips:15016785529690983993,false,train
ca59df1314a743888009befbfa26e5d654679c6d3a297b4f0a4bcae43ac05539,Benign,mips,mips:4518181289883948713,false,train
cab668f1b9ecfbe4c3cf53b916b913c6c4c6b43d8fcd4a95bfaae303ec03b6fc,Benign,mips,mips:2548445724068499154,false,train
cabf6065834659fa4b44ba4e4d6e3b43a7e4d7009b06475f6c413ae88435ac69,Benign,mips,mips:12153468506643812759,false,train
cacaa93b6c520ee6b3e81bbc31e39d022971e8d47de219e66e06d401d9601d68,Benign,mips,mips:15355834257972085665,false,train
cb08893207f3b28028fc0a26f319d8d9f8c9dc30b08b25a1eb059f2788f69f9d,Benign,mips,mips:1376087279102760099,false,train
cb92117da0a7ff56a799037e7964e9ecabadc4f3f3129a607ba984b7d6bfbba9,Benign,mips,mips:1474922833420945585,false,train
cbfff3f2c404bbb96d72914eea351c4278c2e362542453c4cf6f05261858c33e,Benign,mips,mips:3894108096121151482,false,train
cc091d8e5bb1f49f259923205e88ee357aa06d45204eb110e7b5e40bef8c1918,Benign,mips,mips:8000106386692575983,false,train
cc1c2e3a606eb620549e8ecb84386cbadcbf62ccde099a2c1d85d5062ba534d6,Benign,mips,mips:11944122295168911976,false,train
cc3e895c137a786e82ddf51aaa061d6dc4447b42daee44a7301260fd96aed510,Benign,mips,mips:16922089437775127529,false,train
cc492eca2a606ab59b4c3ece602ef89f5fc5d3307f21d60d889cdafd781bf39e,Benign,mips,mips:11709245835622481222,false,train
cc93d348c444158bc7de9769c0989e10b49d445cfad0cecdd3df0571cb671e7b,Benign,mips,mips:4765320638398730050,false,train
cca9df2287129255fa84a51e6ad4cdece00044dcdbd7c3be3c958ff2b7bdb00f,Benign,mips,mips:12835632204060964844,false,train
ccad4738791109c88f7259b42223a01f06dec0ee56213b0b13351c8631eb9990,Benign,mips,mips:13090571067966055656,false,train
ccb4eca7b1864d934766815c59eadaae2d730594671d8814d12509be6d0b1455,Benign,mips,mips:3254629015871638990,false,train
ccbbb033b5d89264317417bf978208831ca3b06fcb474f56546a15e770c31917,Benign,mips,mips:4660619125850768205,false,train
ccd09257cda28dcdc5d04455aba0b414560b83e0e61c97e9203ac32459052e10,Benign,mips,mips:1216041340385571976,false,train
ccde8cb59a320922bad46cdee59ed8fb874d407643e6120fe3494cb4bfdc94e3,Benign,mips,mips:15733706418404273692,false,train
cce57bd9880446d477e232c456e7623619824de01c55a65d5c1458159604b670,Benign,mips,mips:7767742339870690113,false,train
cd21691c12d835261d1f60ae8e344c2324c6dda8128c123972bd52e74d6fc3d7,Benign,mips,mips:16901880031477936694,false,train
cd29a18b2246731037a89df018c9ed4901284f68c1dc7298dadeae168c947a6b,Benign,mips,mips:13421089678643455351,false,train
cd69e12640b4e4d5fadfae4a4ba5350b2da0805810084661c6d05420a70e3f74,Benign,mips,mips:17380226255860911020,false,train
cd89b39de2a4e335bda25bce307072e48cc6aa7c1457361c3aa36f4a60c798ce,Benign,mips,mips:8149878579007143190,false,train
cdb97148bc3d6e63624c6dee99cbb0bd6df268232f069610f07c0ee5a975dc53,Benign,mips,mips:17219125583713472430,false,train
cdbf7761b8e2a17b17630461324091068d7e0b3f3404a4a0e9aabd2c52055c21,Benign,mips,mips:18113817588861107999,false,train
cdd376d3b0689602c50ac1dad2063451a0132f7770cfca72a9393ef79a5d6bdf,Benign,mips,mips:7634575755191597484,false,train
cdf4e5dbdcc983f6e44bfe9ec9402a4e25fad8b709933c88a1e0496a4eb6a74b,Benign,mips,mips:9443643140194136399,false,train
ce21627664cfc61291bd5dcea3be719daae9dbfaeb3da401f4ab16d54d4149f1,Benign,mips,mips:15608742678833251368,false,train
ce7c698ed64c0f7dafddd92cdb2a6fb335f7c2ef2aca6768008af2ed97599d97,Benign,mips,mips:1695488948546132189,false,train
ce80e9b857f0886016d8bbf951cf2415b8baef1b828a64247fa364bbb784192e,Benign,mips,mips:8210743489596971164,false,train
ced2f9cc1f02e263188a9f12e2ac00347134b9de38ff81f53f1f0b48efa6f5e5,Benign,mips,mips:12330048543185264896,false,train
cef5eef922b4e821d1cf6aece96b8f7c0629e17e964a6aec24efede21b8a863a,Benign,mips,mips:17073607889054805602,false,train
cf1c9aa683b92500e485a273e9082c05dc54e18eb1ef261fd45f1a00c52a4640,Benign,mips,mips:6187212863927411770,false,train
cf2979c480fb80c1a5801961d9ed9cf779034f2dbb94df351a9451a58b6cc434,Benign,mips,mips:11407716998817430724,false,train
cf542429c215d00fb3a279683c0ee9cf532fe27c10e9f655cf14d21a8bc9e509,Benign,mips,mips:14970757790536628799,false,train
cf6be981b8b71c170d5b89fbbaa726d1f89e0f2ddbd4f8b3ec1232403f01fb94,Benign,mips,mips:16660867980126469848,false,train
cfc4afffb5f9ed8d5b146c3e908da0d08bc1436fd6184bd23717d3abf65a14b5,Benign,mips,mips:8422193941229644579,false,train
cfdf027932f31b92eda33f95018c93c0d5bc6d5173aca1fe29ca78e0a8f69aca,Benign,mips,mips:13709465442526444919,false,train
d00817232e672602ec1e2efb7532a5a16fc9c8a229cbbef481d37cd2bb70ba47,Benign,mips,mips:16524958953700255314,false,train
d017ca008e21583357c24d505cb347eee2ab1737cdcb32a01f00289056579db3,Benign,mips,mips:11306368172068280266,false,train
d01f66d7f72235b085becde3f86d2d8dbe3581962f60a84772dfe89b17199b4c,Benign,mips,mips:5053026978108129765,false,train
d02e1e19673cda206d68f8acb25a338d0b03198ec3a3fa347980ae75229d86e5,Benign,mips,mips:2151235206604957109,false,train
d05b6fb6fbd7f5eda273c31b9fef09a4d2e7e431198d86b70686ca822dbffcf0,Benign,mips,mips:1481770704202548754,false,train
d06a3acd6da1d594785b5d9657c72e8ae843663eec8c9ea47886030882396615,Benign,mips,mips:4433142453699756288,false,train
d096367c26661f30b79676e45321ca32f5ed4d27b737d38cc923cdb574ed2b82,Benign,mips,mips:3449220277493390663,false,train
d09e356e07ba13e1ef129295ae59b9eac2ac0dc66221d257fca47bd34cc5d369,Benign,mips,mips:8333472187377627220,false,train
d0acb4bbc1f5c9438374ed7409bd9e99d72428c58ff7d9e17e6922be8bae360d,Benign,mips,mips:4050789434995042908,false,train
d0bb47fc76a78f64739062f21564c94f1cae1044d06d673d0776f1d86de1efe2,Benign,mips,mips:1966300576081724075,false,train
d0cc3b37565c283f1ae78c63d42085f87fcd9b6a0278b12ea847c4d391a8634a,Benign,mips,mips:14450136047948972257,false,train
d1034d1d4ad1b6db7d199fca60cc585f27d8493ab06aeede8ede6bb5c9f05b37,Benign,mips,mips:248250858952200226,false,train
d108cc3adcb7e5852921a39dfe2fcea89dfe22060fac0d7346115d3c2d13736f,Benign,mips,mips:14078890862761545296,false,train
d152c5c4edd968daf44aa9ab950478f25780131135d05dc1f5b640d9b1313c4c,Benign,mips,mips:9664330373073513529,false,train
d1905180eae63be45f4bde981faea7aa46bdcf808cc88b47eb5c77b36d6ae1bf,Benign,mips,mips:9257427049357472070,false,train
d1d253a1e85bec2d0a7931b8df148c887ded8a2da9841362b27f0a21a9d1e01d,Benign,mips,mips:5070343208399118606,false,train
d20ddd6cef28ffdfb703ba6e1cac8026857d8c4befa0dfbd6a8fa8622937def0,Benign,mips,mips:7973255683568864779,false,train
d21a6678777fe1728dc904c09fe1e5b8307fcf04287e2478ce42d9c376ffa51f,Benign,mips,mips:9508907436901530244,false,train
d229a49363e913d0a93bddb7d541d4d1f77692ca918ab232f841ab7def68a8fb,Benign,mips,mips:10166602492605119756,false,train
d22fa995ad9d618d134b4505bcc1e3a292169fde027c7bb481514486dc35e303,Benign,mips,mips:16463309275958664640,false,train
d291be919d65a9c70f043a3193dc5621ef101fdce5241277ceb07556f3a44004,Benign,mips,mips:8461257737232698287,false,train
d2e2fe28cf0e17a2600aa7553d1e71c12f459097a9f0ee6112b291c670e89e43,Benign,mips,mips:18421321688153409997,false,train
d31babfa0f45faede832b1bdbfc631108c53f7579dd3bb512c9621dd8fe285ca,Benign,mips,mips:17408755046869675594,false,train
d38415fdfd2cdba5f7095e1c2abb2e2899c5756df6418889e6066f54aa2fd877,Benign,mips,mips:14509505289070687701,false,train
d385c7a09952e2ea3d0363b3dba1119bac2dcbdfb6f1e644486aa0fa51e24993,Benign,mips,mips:10248379241195800852,false,train
d3b619b15caa65ea49d0ac68b0d74fd6197843e1712121232bfd999b54e2533f,Benign,mips,mips:5735188552827097119,false,train
d3c99a4c81c62b6c7852b55c098e8726dfc6003164ac9045e571ccf16dcc21bc,Benign,mips,mips:14913582929228209557,false,train
d3daf47b331ab10f49236ab750ac431c75e93486b1bea47b09047c54c1c1e982,Benign,mips,mips:2345522094777178203,false,train
d3dc528d098ad80e9568be4749bfb762baae0b57283f8ea9c1f1a5eeb827861f,Benign,mips,mips:6881827938398872625,false,train
d3de7c634a31911df7cb98d4bc499348bc3319242bcc900e8731fe994964c6cf,Benign,mips,mips:3545026609729428854,false,train
d3eee9275d3a8d4e5069b6bdf0a6ca1983271abe085df545d284e4e4be6d2ed2,Benign,mips,mips:11542132741637537112,false,train
d42e5aae1462580b9a7758ae6ff035ca6d8f563a164ccc2aee4996a37545bfa8,Benign,mips,mips:7240610468873439947,false,train
d4364ff8011362f3d4d43fabec65f5a9e520151583f8114772d9ab7eab1b3554,Benign,mips,mips:9419358364453879926,false,train
d44cd2f9ee21badf776c8c5ebd6b02517b9f92cce196f36b5d42f8e11a3a2319,Benign,mips,mips:1265427130240405676,false,train
d451f906fa06d8095c72bb2b063503ac071c72ee84f8c6af3ccb63faedf29e16,Benign,mips,mips:12303643929835333304,false,train
d47ec3466512db9fe6606365469a663f4c1878eccfb617b3412cec1f8d488362,Benign,mips,mips:6099078411109383064,false,train
d4d7befa5da0c5fde2490b896c6818472fc64bc7aadd91857516c5b6f7422853,Benign,mips,mips:7680335694920002851,false,train
d4f08dd08533ea5c489cf8fe0f9f72b0319de536bb3cbb7c8943abcfe006bde8,Benign,mips,mips:10232642865401122938,false,train
d4fd800b8945d336cd20bd3425fb5324070b028bd6700315afdb1c24ad114bde,Benign,mips,mips:3445799892670165812,false,train
d57e6d9f698cc6c83c575a454ea87aaad77df4dbe2a47b26b29bfa9c27c55f44,Benign,mips,mips:11957873233830064546,false,train
d598530363f449f12555ae20b4cd4f1e952252f457b817812d510ddd9edacca2,Benign,mips,mips:7954228632647498262,false,train
d5a10194346cf58c119ac252385b93c854909cec4c933cdb9d7af972ff30e12a,Benign,mips,mips:15009952237616171986,false,train
d5cf22a319b3b60c5607e0d8f75c9533fb7efa35390d3c5776301eb702e48334,Benign,mips,mips:18192705899189430963,false,train
d5d97c309816adb622747e31c1dfd7bd2ef9b02f0d4aab1cbd1f28ab927c1abe,Benign,mips,mips:14677991037960563564,false,train
d5e521c1207a7d5daf69ccac83132ee3484226197c4c09af8842ec67ee821c5d,Benign,mips,mips:7881567574687865785,false,train
d5ef02420ebf3a4a74051674292fd695d7892c2d1bc1efddc64e795454044bc8,Benign,mips,mips:12731652688129613357,false,train
d5f4c50a7919f88c5ae7d4b354832379152d2d1413a92d6456c68c9ffba5381d,Benign,mips,mips:9484529103530331113,false,train
d5fc7e61292158ad3668a988d47c94410bc4b0e8a56404175a0619846900e25c,Benign,mips,mips:7488219625400419587,false,train
d63a85b9d24d8751e80ab1beee10ea744570d241e56d1cf6fe026d422ca396b1,Benign,mips,mips:13279073388629478817,false,train
d6549dd09b45f9dc1dbb0431a9bbdcb136f30c957212081d7ab1944978ce9502,Benign,mips,mips:11631066790612198893,false,train
d66618d4c0eb111618f37a715c6f96044170a887bad6f5d49b722ade77a68dd3,Benign,mips,mips:1985318743879250575,false,train
d68c8f0ce7fea252bdd9678cfb96c63a29c0d2c51eefeaf17ca44dce3d5306ad,Benign,mips,mips:9818440429090549819,false,train
d6b13501243c5b0eef313b1e5971bf725cb169063207270b1b6667d911dbb16f,Benign,mips,mips:1549907825713983363,false,train
d6bc9daeafe14bd75b7602b6731d9c46da3429836c9962c3b184ae3b37ac3d7b,Benign,mips,mips:6450159042717271169,false,train
d7016d0ecfd4ec05f30e30f8447666986c3f4b5a5f54159e846d1f17647bb84f,Benign,mips,mips:14784579867350537004,false,train
d70865f5631220369808fea4b77443754c1f2d71ad4534170fa1e417cbee750d,Benign,mips,mips:1912236006333271060,false,train
d7134ffdb686d88abf7228531e79c85391cc4b017cc8f53ff126c7d1e2b046f3,Benign,mips,mips:5839171473754691797,false,train
d75455d88989e3dc105c60768f989e09e69589124b34b45a676d71505d8b0f95,Benign,mips,mips:421209201107106468,false,train
d754ea9ae16de8c6647fffb9842a825d81c7e82713edbcb19b7243f3b541d1ca,Benign,mips,mips:3060708923893500813,false,train
d76afed78b12201bfe1a415144e141fdcd0c5513cc7f141a2650970c5d9e70d6,Benign,mips,mips:14296944567645289856,false,train
d76f369c16b6ee2967acfe43fbdee308941ef37495c81bf159ca70f53565aae4,Benign,mips,mips:10870559499892193620,false,train
d78bbc5cd4a12ea27e9a7f02ac48a268c129d8aeaa8008ebb852e54a68a8d8fd,Benign,mips,mips:11718961395835603874,false,train
d79da86f8daa7ba6646c108626c5ae18bf52ed2465c15ce38762e22141c7b83b,Benign,mips,mips:716765378496251738,false,train
d7d1bebfa5d8a5766fb186af1a8e422303f9773f13ab0000c020e51602323251,Benign,mips,mips:14056629429046458669,false,train
d7e0bb8de25f94d552834f72ed9b0c12a3ac9a236215b1084a9657e12ea1ae67,Benign,mips,mips:601655662534100547,false,train
d7f88f40c3bf4dfbef0e74e77f5578133bcd81d9fd1152e10428cc9f9e18642f,Benign,mips,mips:7418518201074683771,false,train
d827f62cd99e8adbc2e2d735c58b6888a45dd9930f770a173618b565e48fb3eb,Benign,mips,mips:14145926123528652427,false,train
d82a9a73a2ff17c9a922c183e7d7287351cdebc70307010bfda3a164dabab0be,Benign,mips,mips:2227131679289611628,false,train
d85b8054e3066ebcce82a996aefccd5dc88dd97936a092532c7ff68260d55b36,Benign,mips,mips:17955343836460512887,false,train
d865206f2dbd8cc3d5aa018e53e9721847fc26d17d69b53eddb2f5cf1d5ee567,Benign,mips,mips:17041965451028074733,false,train
d8797ec38fb62fab6885c891dc42dd48993484a2407dd55a894c16cbda41fee2,Benign,mips,mips:11497176273934095736,false,train
d8940eaa87706ebf12a69678bad5a004223b00172e98371fccb9de60405b5bc3,Benign,mips,mips:11346100271967846406,false,train
d8e81e693a4ce86bb819d0123e759fe05f60850d4092805da537bf1a0d57d2fd,Benign,mips,mips:15770590647276701814,false,train
d9181fb85ad3eee96d0081dcfa5b5457670255a971ea6fec14f6c7dba6e4978e,Benign,mips,mips:136193547225651661,false,train
d91d1d0d40192595bce12d6d1360d1d545898bb37f847c3cf2a2f0baaeec23f8,Benign,mips,mips:7401724382310723318,false,train
d9576f86157655e3d08ba39670b3d72ec43e13650d26190125ad6ebaed639c02,Benign,mips,mips:6912779105056365419,false,train
d9631237f39f82c4eacbed6b8cfcdd05caeda0d2e37765be243a434359489dd7,Benign,mips,mips:12732988627930155458,false,train
d96bc9be3837c882ed72f7686217c61624d73cab8521eee4ee1f01fdcb4c44f0,Benign,mips,mips:9401495642802542820,false,train
d990c84050f65b1f0815d1d0f0fbb94199dc1114a6ad8a8b86a6a26b467913b3,Benign,mips,mips:4833589394199814118,false,train
d9b8a3a856a195493d9080319970a03fedcbcbc844f3408d2f95de019b21e6ca,Benign,mips,mips:7609801920901412273,false,train
d9e9523c1f4b40dcf3e861935c5dcc68b3c74c182823135562d7db89deed56cf,Benign,mips,mips:676833586454045503,false,train
d9f21d05bbb3844f6b7bdc412d801c50b404a02e9b0e1548b984a412c3444cfc,Benign,mips,mips:17926638730215462115,false,train
d9f30f5203732e7264e55654c5240db6a8b8c0ec217a1fdf42bf3fbc58b7fdc9,Benign,mips,mips:5150870989000920275,false,train
d9ffd3b038e370dfbd7e99a98196434370ca8feae808191d63f15fc36c601cc4,Benign,mips,mips:2969298879200730236,false,train
da6208fc974974b1b4368670709c1f176992412a9a6258c515d339cc56ac49c3,Benign,mips,mips:4990941150107589483,false,train
da76e7e6530942236305926fd949e91743333666e841f448b12b1bac08c1e12b,Benign,mips,mips:1169189301947402274,false,train
dab163c958045925563e75e396d67c26479756a46f10cdd535b666cd9a14e6b9,Benign,mips,mips:3143264653319064810,false,train
dabf6ebb3f8c988f05a54cf5af543962e8e302d83dafd53360aea708a4dd94d3,Benign,mips,mips:4890837821106930819,false,train
dad4e28d8bbc54e2cc787589f1b3c8114a489614eae47c88aa4be49e319fc7ed,Benign,mips,mips:15549224859593296945,false,train
dadbdae273045d063a7fe243c3fbea84404c5b53317a1c97cb1feb9ec2332baa,Benign,mips,mips:7902962938742328842,false,train
dadfc82a28dc3a5628c56f38c2e21bc9cb07dfa5604a22866218bffc0c16388b,Benign,mips,mips:12154897549070474144,false,train
dafb56290fddca73b7c1278e13b1fbc870515dfce22a7dd5f09e551cb73dabaf,Benign,mips,mips:14304002727525194868,false,train
db0e16433ca703aabe0ecb53c81198e3364c89ffc3de8e61776e326554411182,Benign,mips,mips:7985480175904378940,false,train
db46033d17eff5f85d585afd6ba4b00e23d32ae28010fbe57f7910adb61d6f55,Benign,mips,mips:14319527341477305435,false,train
db61eacf9637658c3909489680c30913a31f0648b5bd7762e315ace3055f1c5b,Benign,mips,mips:9246914108960236619,false,train
db76434bcf11424099cba8035cf9293c9d03e905311a052cbae2a211b80c848a,Benign,mips,mips:2951102511200297275,false,train
db8530593de02812df7b1c03e9922cbe3ab0d448d5251c78bde129385737b565,Benign,mips,mips:4184853549304163664,false,train
db9970db4a533b9a0ad26a819aace70bfea2dbbd5a41a828b9040f0d6c9abdbf,Benign,mips,mips:16221377542367196705,false,train
dbacb6379d649a5acf85603b4b261ecaf0d35d9826367688c4b2474c94781078,Benign,mips,mips:4264100794884193806,false,train
dbc38064682db73e059e0b28b1fb6f8f822f5118f46ffd02b74c5f045ff78f18,Benign,mips,mips:8940586799921760122,false,train
dbfadf2754494623c8992445b40230bc10bce949a4e8dd0edc1f87857dbc1df1,Benign,mips,mips:6620164818301078127,false,train
dc01a334df53c6bd4c9b3e3e399a3166908d7a6c264f636bc983729224f1b54a,Benign,mips,mips:7994275952113113858,false,train
dd0ae74b61e98b3d57984c33fd52e391f5cb988cf518831cc60b9b2b28c2616f,Benign,mips,mips:7699936819523091504,false,train
dd2dc431ee3e161e1be838670322dba31bb8affdaa3b32641800f2a2f627a500,Benign,mips,mips:10161323814546986550,false,train
dd85e4f9f6de7113fb4a8d683f631f185868c3db49db337006e3937c0ddb8de6,Benign,mips,mips:3595940571570067166,false,train
ddb8b9f6d2cd78cb7b7db4824e269bc2f0acc0a40250d18b5fe01c5787fe41d7,Benign,mips,mips:832973308802965460,false,train
ddc2c850eb722455534c35bba6bd1658239643ba12c79ebe4417185d5e974ba6,Benign,mips,mips:3278236130304186644,false,train
dde667e19a2cd484cba8715c69a35db17b6a62b31c2cf3a4c222b567615a18e1,Benign,mips,mips:13230546530478782596,false,train
de27065b3f0f428de85b753294416d41e7a4b781ceb613617a6020bcefadc792,Benign,mips,mips:14351313764732604024,false,train
de2d4f7f655449596b57105e001f4fe8e87b8634af1353bf71d3bd8471acd671,Benign,mips,mips:17006424447518949165,false,train
de3a1070b3a6cd8fc0d129225a08a9a4a82800ae5a61c8e3a749ca0b180dd29e,Benign,mips,mips:12331579788351679826,false,train
de6f2fd42175aca32db9c60b414e9523ad7aa80b06a61d2e5a1c21668596cda4,Benign,mips,mips:12867585027847746338,false,train
de7a1f277260d2a3dc91b61e1f5fd075d4c4090f399d24b8e9198bf56b2cdb3e,Benign,mips,mips:9802476064071267200,false,train
ded564392516a4b5be2eada6e8c08d2c7118559c36fbdaccee66848e06cb1428,Benign,mips,mips:10183198354894425796,false,train
df069840e3704494ea7bc1dd4957d36eba0fedb13469698b0cdb6e60673ccfef,Benign,mips,mips:8748639911275383200,false,train
df349541e7d5efb0e28bf27d2a646b7c32708eef5a59269ffef91e591ff5c428,Benign,mips,mips:1384945728546941679,false,train
df39e7ace4690795dc8002c97201215e29939529e8470bed6e1dfe846d945ef4,Benign,mips,mips:14024606774490113793,false,train
df4ac7834b9d36bb9e89df77ea81bf532fdf3b6e6546048d50b5e08ccfa81409,Benign,mips,mips:10953148869725011213,false,train
df5219bd1fb00ac19ba5c03328c77928982d281657a6debaf5b2fcff2273dd38,Benign,mips,mips:3676438521094557995,false,train
df52346168b7b13a226c5a22b12f127e3afc4ae1c6bc7fc9f790aa56385610de,Benign,mips,mips:12281644379058077032,false,train
dfe0802c4551558718f83e788c59cbacc41080fd6f4eaea9dff78b0e23249d88,Benign,mips,mips:8238492480710202427,false,train
e00bd9326acf73c8abc6631946304ccfb89ef16efb4a7b5d4290777757937f55,Benign,mips,mips:11964047655411067011,false,train
e021e24e9e36bbc23b101369e59c7b5ea6e27d0900dcab4332b46982cc906ee1,Benign,mips,mips:11532451136220107781,false,train
e04a3ab9c14e5a407408dc9761cee3404b519dde28942ee0ab48ae0a685326ef,Benign,mips,mips:15097071336038356198,false,train
e08244474975866521139715ac79541143582e68caf421263218b5004cb02f10,Benign,mips,mips:14502239167801506336,false,train
e0b6f68956e6d574b0cf63f34b5b30fa7d0045a54b8b9dceb7686c0a22808d78,Benign,mips,mips:12853235955887443261,false,train
e0cd27393986414d948297fdaab45d0467b2e841ddc5e46b11996217936de190,Benign,mips,mips:11365225943451333117,false,train
e109311df7f7b45a83df053f14c35bcca861e28a202419d0009e9ddc9420e459,Benign,mips,mips:8920227085609061877,false,train
e12f20ed9c3a39dc24394fcfb45479e7dd158fe0f0e19d01b680dda1fc1405f7,Benign,mips,mips:12564785251425321565,false,train
e13930fd57e22b38d96611bfe3b1a0b4da519008e23e7801741bd74d7bf050d8,Benign,mips,mips:14059280672020179239,false,train
e15d20a9eee8c0fc767372a7806438f2900409e5bd3288f348f1b886e3ad76ff,Benign,mips,mips:4537466947344451761,false,train
e1b933087a53a6a7d88eee645fb09f5d8e62199d2902c0c91b2c1855eed1ae37,Benign,mips,mips:8597595056054983167,false,train
e1ce2d208d90dffff43504ee17139183d64a8a7164b66990713597e5bcf4257d,Benign,mips,mips:5781035533895359177,false,train
e1f11f2c4408c9c7b194bacf4117ff7895d27095b0ad928eda06b22d55ebc1f8,Benign,mips,mips:16948659634221843359,false,train
e1f4b92f16ebca9c190c467011c54114f69dc72cd8affd3e227fd8bfa8a71a78,Benign,mips,mips:12414302001635936070,false,train
e1f77c683b3574f35f34511d4a934585d40a7b4b3eb7e24dab24108f4b51b91a,Benign,mips,mips:17636838796465131966,false,train
e283c6929a1e37e91c961a5a4a008d1857cfcfe4fcc3453ba6c0be702cb2e6b4,Benign,mips,mips:8558469274338335716,false,train
e29fbd9d06c42921ce85f16e16175f96ef540760c8a68d93794f2f1f7bf97476,Benign,mips,mips:5499458767280796816,false,train
e2bb3b0288a54c9452c3b981a1ae296ff31b80316d649684b5aa7d4ca06a7831,Benign,mips,mips:17966419228231631789,false,train
e2ca0340e1dc80161dc01101e5342455e9c2f86431a71b82f2a1efd4908af32b,Benign,mips,mips:13650153495341766200,false,train
e2d78903620a88d378824297c4706612086a911ba2715cf66977c863cc4f14d0,Benign,mips,mips:6796343229748219244,false,train
e2e6e136dd9c06ff38582546d48fd06199855554940a922adcfb6bbc81f96272,Benign,mips,mips:6462331928074380527,false,train
e32d23b04323d5b6410fa9cdad7a033aa0219a8d455a1b8bd5b1d5407af8ace1,Benign,mips,mips:2157595802434718065,false,train
e33ef05547aca59c75b96cc7561e6184da31f2871652579568a0c5a77caf122b,Benign,mips,mips:16014368910694165768,false,train
e3516d5aeda1812b6ac580071b08c23d51419fda0ac6fcdd6dbe964fa7ef30a5,Benign,mips,mips:11582242634827544098,false,train
e35bf9275d41a419cbb4cdf5cde16b10740b0b92a8b6d1128e364b1596f77e5c,Benign,mips,mips:341876980691331581,false,train
e379f63deeab8653240e543bdb760afc14640a33ed434ef992f41a7d3eee62a2,Benign,mips,mips:6939584691099019751,false,train
e3b8185f4bd5f29498fc37a7d08422a44f524c7b71174f84268f3254f2d38375,Benign,mips,mips:8916688495849585448,false,train
e3b9d9fea1605d9b26d2e2e2a023e411baf91dee9011e390b0f5eada83f371e2,Benign,mips,mips:18124638273699978391,false,train
e3be0264f999d4d3336156416b4ef306deb978efad0ef8756b4bbfac55210975,Benign,mips,mips:16240888544981636017,false,train
e3e1dd9bccae90917224f01722a3d1ad9d1adc64dfd5713807514044a5c5683b,Benign,mips,mips:14870834481262976290,false,train
e3e81e36ebbaa9d6df0efde5b06cdc4650844879ef4fceec839628b7aeb1b6b1,Benign,mips,mips:16741499885574145155,false,train
e3fb707d0dc08f5a36bd26b94c7f4dd0b7f91c7553397229c593a66e28226c3a,Benign,mips,mips:3975078934511942009,false,train
e41fe1f56df1a471697599d64a376c1d06f1682a474e5452892f1229d32ae1dd,Benign,mips,mips:17161004512189999510,false,train
e42bf76d1b597c4015960514910013d2af5503f7198c30aaf896e3e12686ce5f,Benign,mips,mips:13809024319157926480,false,train
e435b099592905211365ed2d7704e30241478614e7672ef457685e39fe25f8de,Benign,mips,mips:8041444297334920576,false,train
e43ab3ebf7e37e9a56ca4c0abb3baa0c46d62b4930e28b66bd883e6098fef84c,Benign,mips,mips:2042326388352367484,false,train
e44d4f1c4285583e485bbe648b486974a94991df71243857b02f1ea522313433,Benign,mips,mips:13773490214563063543,false,train
e45f3b2b0567d453817cd85be4effc82ef4142c486d386e2040305d9874befe1,Benign,mips,mips:1785233597463306822,false,train
e4a5eda60686df15ad6f43bf0ea4e1b115d18d3fb0d85ae8f9b8e96ad156c820,Benign,mips,mips:1147322036372895624,false,train
e4ac4e3e0209cdb91d87e4d3c88efe041ff145dc2462e0b44b26dff9c2687407,Benign,mips,mips:4043115870663376778,false,train
e4f0fde966b336653bc674ec7d89780a5e4c5159eaf21151d0fbfcd8d8ee7cff,Benign,mips,mips:12675161806918909198,false,train
e5219fd2b7a8dd0ef8030635ac0d797c7d1f66c09a069e28da92b85921d78298,Benign,mips,mips:12446097490812322288,false,train
e52ef9954f6275a04b37d3f95ea6eeb2d25e73ce79c861bd6f542f6aba333bd6,Benign,mips,mips:14320511323579730027,false,train
e534c025d86edae63c8d2795b066b064b947cb66aae66ba45241be63525c7bb5,Benign,mips,mips:14391672214645933144,false,train
e58128a42127a69d9dde70046c0abd04c8387eefab214f12e4180331cbe569af,Benign,mips,mips:10937130764531871346,false,train
e5972625871f50c24713bb23438da7c5900b5f05d148adf5a491757f36527482,Benign,mips,mips:18403402899754367265,false,train
e5c7254786c432cf5fcac5e0de778e95a5b42c1f2753e38d11b2cd828fba74c5,Benign,mips,mips:8578452461704059882,false,train
e5cfdd758059455955147f44b52cca51dc3fc11674f4f200f6bebda527917f52,Benign,mips,mips:5261443840488129793,false,train
e5d722ae2cd666ba9d38c4a8fe961978ff2ce34c26bf1cb36ee121340327b3c8,Benign,mips,mips:1262416196196523460,false,train
e6568f95043ec67a67e4b851c6ff58655e4c7edca258f8893a307d128eca2441,Benign,mips,mips:9248028925584812850,false,train
e695aeace4e361225b49a9e647ee16306262fc0edd5aca07e7c6e71dc9a92b05,Benign,mips,mips:12312881122052561399,false,train
e6b4f81d6cc3c0dc43f53c903487f1b44240643ac0583f761c47a202d495e71c,Benign,mips,mips:17608426971310051091,false,train
e6bfb96ed567fcc29c519b237dcf650a250f799798d2f410cfded109683b84b8,Benign,mips,mips:11309353983357771485,false,train
e6df853ed69661d98f1f5b29faec75564f5f237f8792eb5c9a956f3425c3e8cf,Benign,mips,mips:12619592923551972337,false,train
e70036a1412b59c7a84df44becacc4a69f5599a1b518a567495b994871b148c7,Benign,mips,mips:3331773781641853572,false,train
e7239c981a899af6701e860c8af3d1a59eb0c491d464aa13147ef7bb7938a9ef,Benign,mips,mips:2344949024075505788,false,train
e727d5da17a6f058dc58e27c5f0778a7e331068b4e3424d0aa9de866a99b0743,Benign,mips,mips:16451146229967524222,false,train
e7543ff7fea1e7ea0f3a3f4fbc598a8549a876aea16d59cf9c8eded436838b51,Benign,mips,mips:5184411323497039501,false,train
e76b364e0a50df44141d161a34ce2720d8e9b18653181704afd4c22eba8ee5ed,Benign,mips,mips:3675190192717183205,false,train
e7872d93e8a03090f95d67c0eee3e6b33889c0646df50a2e180d55e2fd87afa1,Benign,mips,mips:6386960350283273616,false,train
e795968aefb5eeac00052a71dc0577ea55e2a56674a479c1fc13ec4c723c0b0b,Benign,mips,mips:16098367488261027353,false,train
e7cceaccba9ab3b18c8046bbb9f88bc1ea4ee1c7fd8fce01788572b1ed9038db,Benign,mips,mips:6824256616708509594,false,train
e7cfc628a8d3c7e56481eb3c20e3c49d06471ebeff3a3e9c5b0f5f65d8daa2d6,Benign,mips,mips:10589604911453185032,false,train
e7e4f7e53af407eb46001b3aeedcb1c1f5b29a814aceb5d736c8a90c1ca7444c,Benign,mips,mips:7528923836708043977,false,train
e7fc0e517113f57bfdb5ae6f51a1c66123dcf8d3a3c186906e3f39c1869a4013,Benign,mips,mips:2724371026616273467,false,train
e7fdf03bffcd3866ce308a2657f7bd6ac57de359d2e8fb5f70ba5389becc9eef,Benign,mips,mips:17944116637246155453,false,train
e892d0a29aa51ed94d2c6596c291a0e9b9384f1b7b5b4bd4f4fa31e7161395c0,Benign,mips,mips:6721674328215229189,false,train
e89598d1a0d2db1d0a200126b2b2e601ba889ed420641e47d1f7ebdfb4eff727,Benign,mips,mips:16754289136895311334,false,train
e8be8ae8e93fe5447e5a720ad52e6e8d95562414b93fbc7f4295435319b6c404,Benign,mips,mips:1423433293062744340,false,train
e8c00a6cc8108f51a490b780d10fe36a617a2a182eaadc9ce3d69933dbb99b5d,Benign,mips,mips:4064716798166122059,false,train
e8d1cea4535def30bf2d42f974297ab6c7dc3c818745fccce35922fc33e7c4f7,Benign,mips,mips:6948015089464506999,false,train
e8fb7e641a53ad18f40bb7829a507568f626f177e26c2ebf4196994588d3d741,Benign,mips,mips:1390503255648631875,false,train
e95aeeb95aeb0cc6b19ff5fda7d373df20afd9e6e54167cce1e659c68dd5f737,Benign,mips,mips:10534016532826751598,false,train
e97e9e6f62bb0599d547fc6a721c2f8cb86329d0b3c40401f9e99d8414cf7707,Benign,mips,mips:1150568012968065403,false,train
e99c106e6b80208db8292b18d8eae7177829c160485104f53c6cc13f91ccea8c,Benign,mips,mips:13159345746274744209,false,train
e9b31f09d6657569b036643427afc7e1d1aef83248720758159572eb649e7165,Benign,mips,mips:9634099240678928644,false,train
e9d13024ddc0ef3bd97095961ce46114d9b69d28337cdf71c533973617db3fcb,Benign,mips,mips:10579629678973272962,false,train
ea254947ed0e73da7ce8a63c949bddce3510931b570e3df8a7772bacba08f5b7,Benign,mips,mips:9473527319289775500,false,train
ea45c9f30889ce709efb3856c44b2f693df20a1a91ef10cf2f2821b38df1c5b3,Benign,mips,mips:6213099689969245969,false,train
eab569d2a92c6f9fc12fd9c60f8a2a8347165c47c7d07207082d6b2c451eacbd,Benign,mips,mips:13832005313797057060,false,train
eaf0122ace103c086c8332e1402c48c2018a324e741b9eab3f5f528b045805ac,Benign,mips,mips:10644880693454504288,false,train
eb038572e194171a7d2d23d0bf70d3405ef49b3883a89d1260854f200161fa6f,Benign,mips,mips:7141266474260538335,false,train
eb44dcad14ab46d3bf7ac0a3ed364ab06aed82296c7a19f9c08b3eb4a902066a,Benign,mips,mips:12284392757914707761,false,train
eb67dd1f39a4a0fa829f2139dabfcaff0ba48256b7c05e97f6fc7d8cfb323b59,Benign,mips,mips:2495919994532939372,false,train
eb77c4a78909c1548f4f5032340acec4bc297eb78589bd17f8ece41f3c09597a,Benign,mips,mips:12391744231461717992,false,train
eb7898c46303ef7dafebd3a0b10c40a52f1e022b32b2e9c0697c66245b213046,Benign,mips,mips:3213164177196223195,false,train
eb8b423286ab8ffdf3892f4daf12749a7f7950e6c65582defd585dbc6955024e,Benign,mips,mips:8859825492434256859,false,train
eba2d8f13d3caa5a17e27db9d613917a0d690ee807e03cf4e061ef77a4b42408,Benign,mips,mips:2670290322691378784,false,train
ec0049c214d1409d5cfbdbccd243d373538051cd771ac1757a9b36ae25abb279,Benign,mips,mips:2557053976947161637,false,train
ec222fdbdb24997ca80463d48744d87ba37b517c2b94744c9c280228cdff5ef8,Benign,mips,mips:1127095817073572742,false,train
ec26d4ae4002d2992fcd177ec37b1ad369b61cf13ea23814fb5a0e56782dfcb6,Benign,mips,mips:5066045962239847736,false,train
ec5c25a6e47d36f38acfe5f8b52ea88dcfef5448923774b5a0ec8f66ec4d9eb8,Benign,mips,mips:10092751842852576123,false,train
ec5c6d4c7e09dc99e805905425b773f964487b20cd09c5c8bc986beeb4250b7f,Benign,mips,mips:17612055667353756893,false,train
ecacbc0ed280ad74ed198b32cd1633748fd81fd11e5ee367902a7f556684f297,Benign,mips,mips:3349453328681289843,false,train
ed6c4f20fcecbb88a64f064ba49c37929c6f5c2722ba3188dab22b32bed1cbb9,Benign,mips,mips:15623805402172957389,false,train
ed7523cf2e2d0ef64027745a9e78ca35aa1e03ac03927683b96b2721c4ecca6b,Benign,mips,mips:17504924013210855301,false,train
edc92e98bf965dd175b72d41d9f36f428c8f420df9856fa9d6b47936d49ca439,Benign,mips,mips:2113616598858428870,false,train
ee0176596275aaf2832c7f29973a3d5f9d3a7bfd9de866c21dba39b2f52b1484,Benign,mips,mips:11878772073705759480,false,train
ee14d22ae6698c5bab2d6d6a41014c094ff82aaf15ec4dfcb811442aee2a9d84,Benign,mips,mips:4808460451078792859,false,train
ee15723152560987ffa8f284dadb58f181007c1df0b2280dffbef471b6618611,Benign,mips,mips:13264306277973563355,false,train
ee1a79e19b524c1ac552fe7747e85fd46ba0deab9af6478ae532c229def1799f,Benign,mips,mips:2454971041904160634,false,train
ee358ccf438a6d785ccd73768ffd16ab25a490ad15bc955f04bae7263fd930e0,Benign,mips,mips:14483028120187709393,false,train
ee42cc7b6e1618d33815c395798236d2ed3b5931b152c1c2c8b5973358c60e41,Benign,mips,mips:11177741906009943176,false,train
ee642689c308abda8cfb14f69dfddc6f6a097e27f2b9327650d0bdd663609ee8,Benign,mips,mips:12880037233162978394,false,train
ee7532e5e7c313bf415c27db218cd7ae5d74009a4b1fb7bdb838fa8a4c9b051b,Benign,mips,mips:13502928128318410474,false,train
ee8b5d70ae4269a3b8b6ad6bb1a6a24d3b810ee50558343bf07da4d7318820b1,Benign,mips,mips:5404559483353706672,false,train
ee8c32ae5c4276d183cc5a7caaf3676fd3bd222218cc57d28c06dba5f4ce8921,Benign,mips,mips:6017847159531727850,false,train
ee9cd158019730d29af3a0724ac7663b2504f6cb057202031ad72d1f6b9716f5,Benign,mips,mips:13430710885787101911,false,train
eeaae7700f38c51e5cd5e7f090c5b5cf41751d1ed56afe14e475445f0d38121c,Benign,mips,mips:999940195894451078,false,train
eed0d7d6afa400ec957f4185a4cfffc4dfaffab3b4649817e55260766d342770,Benign,mips,mips:8675994195139492479,false,train
ef7871b7e9aa27b5df0276049785b940db26422f92aa70d75d3f5446b3b924f1,Benign,mips,mips:17538962412428312153,false,train
ef80c3e3718f59dbd57a0cb456b9165a2a0b8ddda6d23254b8c80212628efcf0,Benign,mips,mips:9156899604405480409,false,train
ef8f8cca08fcadc4337a703c69bb87a23f130c4cf02fcba35282b0b1b1b3cbc1,Benign,mips,mips:8267008018888072566,false,train
ef94891126612155693ab83bccc061df06ca34299d5c21ec1ad2cc1b59bafdfb,Benign,mips,mips:17302316313413115988,false,train
efb2ea900e23546f8cf2453e731638fa85aef34bb8af528f4f08592e44187225,Benign,mips,mips:12519620498586428555,false,train
efe2f72e39c19521875860d1efd7f2695ab0d56159bcf88d3dea4c2d798da142,Benign,mips,mips:9611972517824702959,false,train
f00446c7235045200c12afe556c6326fcd63bd5c9e87b15bae5033ebb75df2ab,Benign,mips,mips:15378109325049341224,false,train
f01a31af350d56b78274b84bf4ecfff43005e0bd65dc923e0f2d5077450de2e3,Benign,mips,mips:11794748918102537960,false,train
f03b11e373fb25d40119104c1110118d8030f9309dd3f58af5082d9ecb29d7c0,Benign,mips,mips:10883900209032830921,false,train
f047b459889316753b85fbac5bacd7a384b347c3377c1a250d5ae41ac0ce53cd,Benign,mips,mips:9904136987663335457,false,train
f04a0414fad572972e122d7fad328f483d9081752eb38acfc99d4ba0338cc8a4,Benign,mips,mips:7047258423079281708,false,train
f06720996eb5f2e9e3367fd33d697ae60ab336d8e1819e3260354cd895ac3047,Benign,mips,mips:6172437671725916214,false,train
f067afbee716f31dfd41dd040a3a03d888387ebf7743503653f20dedc6e7233e,Benign,mips,mips:5582800542934596538,false,train
f082001706031811d88668fd342d7c082b90b36f5eedb8bc395eb067afb9b004,Benign,mips,mips:11816176539943381758,false,train
f08dc6547ce38c1d8b80cdd80e8f024a48585bf81177c2ed1cc045b1da8e167d,Benign,mips,mips:18008988103104605078,false,train
f0ac665f7a3066ab26d9074b4eb0eb1b63aab0773939ad8c0a1d31503d0ca348,Benign,mips,mips:1492157322399572812,false,train
f0cde7c738e06c753f39090cfab5b9ff16cd09517b08ad67a3b949f6c3345add,Benign,mips,mips:9464880443135010549,false,train
f0e6b53974f0040a4b66f0b393608325329ac3e4951636ca3bda62336f6a86cf,Benign,mips,mips:15450741283943491364,false,train
f0ebf67d5c18365b005901e897c7678a864b1a08e0617fec37a4ef938b2b1ab3,Benign,mips,mips:8750842153576063204,false,train
f0fc31810f3440aa384f1d0c48f118eb6e71be3af5586644ba717a02d23da639,Benign,mips,mips:1397908255889417334,false,train
f107223a84b08e56f088078aea50918a2b53ad7dcd0de46778f37ad798161d2f,Benign,mips,mips:4836442304540042089,false,train
f11664af2d92b013d636aa50be734e1e67405a9bbc6f29120cc410bac27137d5,Benign,mips,mips:9895343462970344772,false,train
f1392cdf7129936d724035d585b1397e5e4bcc2c7a427ecbe3db77c31a32b98b,Benign,mips,mips:6392612889276750387,false,train
f13db544c2bfba7aa3acd67d33645f9c4e250cc273d1327c36954aa49a7f9613,Benign,mips,mips:13069973570752712056,false,train
f155473bd2525bed2a942620f0cd8e1d1432604fd595b803575c2d9fd05fe30b,Benign,mips,mips:16009898586103390591,false,train
f15e8dae87c90f6f68f993cb7b4ccdcaf181787df6c9552688107b8f625f207a,Benign,mips,mips:16042009277078380539,false,train
f1706b696f08cdc312f059d4fde7e349dafa672b0ffeb09ac371ab5eb9b3270c,Benign,mips,mips:6197371181165208321,false,train
f19b32dc5562d0271e0994a225aaf88bb6605d83cd8bd33af291f7ab6db0c74c,Benign,mips,mips:6213054359477480133,false,train
f1ba7a9c70bdbdeb1da9f05ed698ee0493df38e4f6e2e8c6491ee8c2c6f69648,Benign,mips,mips:32498469040758947,false,train
f1fd53693312efe04c799b77c923372dd88016f19cb419be2fd6f7519ed29d2a,Benign,mips,mips:13431908124337181271,false,train
f280ae976ad635c1a1499c65e4b64c4425c77a74edfeb0c5a444ef5af2a5160c,Benign,mips,mips:13378826652009654846,false,train
f280e100aca001df9031f1bb4fd0994b92106cec8e657369c57db0cb8ca0f0eb,Benign,mips,mips:4467091543961267126,false,train
f284f5f9380cfb076886f3cae7467147f8d11f4d2bfb0ebbe33e6003ae21ab04,Benign,mips,mips:3758235316251570662,false,train
f2b66b2912a7a74cc4314e33b50102259edfaf1658456c5edf172d6af0c24c5a,Benign,mips,mips:13772926968448037634,false,train
f2bf571e2ecca02bdf7bc7ddb8ae1e89f205f189337246cf2eb24728d3f2d612,Benign,mips,mips:6173186894951508457,false,train
f2caf19132be2e3a7a418d7999afe7f23e3eb8fd0b36661eb3adf36af466c2af,Benign,mips,mips:5901056334209387195,false,train
f2f522e9d63a57ead632cce8ab1c6c6b5a94ed2495d9d5dac9a744b601a7d579,Benign,mips,mips:18185796046723430282,false,train
f3263c08cf17436aa9818bb6712932c83c47ea34ec418974437f3cea8213448f,Benign,mips,mips:5579726030351944491,false,train
f32a50f4e85a6472708601da3027caf2f800d9b9ec03b2d9ba6f661361d8843c,Benign,mips,mips:4159473917121971569,false,train
f32a6efe8c2084e30e2e283fa13711943729f24bf4e69543f56804c29fe37e39,Benign,mips,mips:16638448166838219092,false,train
f3838efbf5b8e270ce1f015ce98d0bf2ddedda4d63c178ef1091e71f80ce6750,Benign,mips,mips:13266615287408523563,false,train
f3a8787e25a41fea1c2d4468797cf848b89877af976531eb3c588efc03b8fd50,Benign,mips,mips:8786685335108763590,false,train
f4b3888d11e80e8d3bfdda6b29c9e7ea535835b6f7e93391b71903aee529e80d,Benign,mips,mips:7549010392488821462,false,train
f52a4f24857c453ed7389e202fbd18177cc71a66d8e8f2d0b1058efe3995fadc,Benign,mips,mips:8133075724431562755,false,train
f52c7aebaa9396d6aefc6729d6edb1c61358f464599a7aabaa8194df5333af28,Benign,mips,mips:11657246780996652449,false,train
f5e127d29aac0bbb8d7dca1baddbf99c0dfd24ec6219d73175f1a2801399db64,Benign,mips,mips:8947230329123529515,false,train
f60dad4f053909a5d60db176c5f81041ecb59cce79ebc09d0bcafe732318f7be,Benign,mips,mips:12523146916693410201,false,train
f618160ebd473ce0e095408ea3da6d138c6a64557bd0fce2d28b727cbb84287a,Benign,mips,mips:106788201106106146,false,train
f61e03d50d513a6f1dc1a09eb53e6cbd3ade0c7e60cfe95149314a34df2d1fcb,Benign,mips,mips:473359481522873761,false,train
f63b37fb65aac4e65cbb1f61b81da9c1594a641f1c68c6588005abd8913f0043,Benign,mips,mips:16043320056214593346,false,train
f64027019841fd900234836ea6cf99a18513690d750e0285c57ab70c5445ca91,Benign,mips,mips:12858121960454062877,false,train
f67fa9488352ae9205f61de55c97019bb1b05a281eeae110037f6d664f75725d,Benign,mips,mips:8771697365501604188,false,train
f6c37495aa5ba61a2740a3bfbc491dd8467f2caee169a6edadb04ed6fbd788c6,Benign,mips,mips:5740101031236859748,false,train
f6c9dc8d49a2fb17851590d9a7f1578944834b78a93a17d2428aa0732f45a46b,Benign,mips,mips:2486529854083110245,false,train
f6dd28ceb76584bfccd9bec828c464448dfea506abc0f48f435e0c7e9e994935,Benign,mips,mips:294001330187743166,false,train
f6fd59aae7755c50871e1952605fa36613804e2ccd772314b993916924811e3f,Benign,mips,mips:8311178702591957289,false,train
f731b842518b4a609f1a3152aa79d42fc8c1e443448738c5504863314effa9f9,Benign,mips,mips:17775815339754665938,false,train
f76348d286b73aa6846f6fde0b28bbd51b042e9b48d2e127f3e2092f48a0b630,Benign,mips,mips:11475163607194939759,false,train
f7a3dac84e49de3c0ad8421947b0f29251ef6ebf47d880e7a12c3da7eb4bb346,Benign,mips,mips:7192236692260061974,false,train
f7c8d63e3c6b578ad16f203318e9a3717b7931775f281c6883750476641a574a,Benign,mips,mips:6606027417666988872,false,train
f80ed23f32eda442efa96036b108b4186d97e5635a00b74e50e271d9c36df680,Benign,mips,mips:7642599829012675303,false,train
f8244942de5950a6f710fc4b93b8f622348394ff25d62940936379acfa891666,Benign,mips,mips:8365230808949599043,false,train
f854246bd8b06b4642fe5126fa872b3378eac036475ad36f27f07a1c75d3cc04,Benign,mips,mips:17150203998040154478,false,train
f85666cd37bc9214c5857a10669f3af9f9de119fc7346b56e7d28ca9e8dfdbf5,Benign,mips,mips:7728987382081752118,false,train
f885922bb38458531cde3d4d72d5ec54d54112867884d1e1e82c3a70f7a57705,Benign,mips,mips:5303341306781357141,false,train
f8bbc758dada14afc4ec290cf400aacdd855620230189e75810fcf884ffb4e08,Benign,mips,mips:16377030422203886747,false,train
f8d4a418aa8ddde2ce3cb4b260af1737b322e9dfb6136b9f15da2782da7c6818,Benign,mips,mips:12290540517423446629,false,train
f8efb75a49dbe0c6417d1eb85481a1212b8f118eff7ee5aa190230d6a7fbaf8e,Benign,mips,mips:2262007977148146064,false,train
f924dd4b2a05d3bde10fa1aa14d81bb39fc5dfb279981eb8d782ce487b4fc4de,Benign,mips,mips:13427598346517725796,false,train
f94b97f1f1901dfa158232fd2f0ec69fe894e3db32e80ae6c316aac924b5011b,Benign,mips,mips:1666520939834711744,false,train
f954b3c6fd0011de9ca7ebe4c174f6892cd84d0025e42899af788c26f4625fd4,Benign,mips,mips:17470771916366437742,false,train
f96e4e3734f218f54838ea894359ab0c64b8f61607eeee1118de4a4a756da7a0,Benign,mips,mips:6743260591663056794,false,train
f990e989075f569c3a03e16c419e0bee45e42c3134080f8cbba0351bc42bc56d,Benign,mips,mips:13073547344856216848,false,train
f9a08f3e5e32dea8841e081aabd0b6b2a3a3d56d9630c127e23c4b17b637bcf5,Benign,mips,mips:17502975436681716329,false,train
f9aa08d60bd0add8b36306f70ff18d317cc926b6b70b0481b666c49c291efcc7,Benign,mips,mips:9806090532918361168,false,train
f9cf3fd202a14c13b0e73e04f4d783f88e614a8c4754379505fa55a49d941599,Benign,mips,mips:6199427611021232384,false,train
f9d8a02df875b8eb21a29560c3cb821ce93a75f1f2abeebb88c577a73ef24989,Benign,mips,mips:5708702428044555991,false,train
fa30cf8b7a4dc4ec03636e2f407f645e4d0ebf512486233f2ef51d71bd9142de,Benign,mips,mips:15528988913712286175,false,train
fa38d0623bd395a6ff5ef2acbf3637611bd722f541044eca498839aacc64bf5d,Benign,mips,mips:8398663839740502082,false,train
faf82ab672bc4e4238cb40d2e1c0f8cdb1618114d6d1639c3509c57b849b0161,Benign,mips,mips:16918644871018199368,false,train
fb00d1d7c4efdb66ee7752d0d1e98e450238b161a419e53d4dac526016baede1,Benign,mips,mips:13902035271078406621,false,train
fb19cc9271b4d94bfdc43df42f9e51a23567e41457f4de92ae5ff110ea416159,Benign,mips,mips:1853947628816630672,false,train
fb2a3edb927c697af478f7e45c10ce6fd91a1a6a0d5a2c642ae5008a5f69e8b3,Benign,mips,mips:5337320571964342117,false,train
fb34dec1524bc9770f38420b49b896d903b53a83a429c8605239b17711956c5f,Benign,mips,mips:7253117760149354758,false,train
fb6d853deddc468e8d41595994ba89392d35e12ab073c462deb381587aef34cb,Benign,mips,mips:10977182349800788994,false,train
fb70d20dcf95fefe2c8324f2a2148dd7a68022c6b3c999f6308e38618609de81,Benign,mips,mips:8740314695684903780,false,train
fb72e3e22626c3b917ac8f3cf5133e3c8c25773ce38c8e98aa5028723568b500,Benign,mips,mips:16772553550112397634,false,train
fba35f54fe7ffe28d492c22708ae5ca366927b3216f583b4fb8ccd191317d9bb,Benign,mips,mips:16916994682670322666,false,train
fc08b81d667c03141d3302018df923fbad2b0e016883aa44cf85633f238612e3,Benign,mips,mips:3590183277463317610,false,train
fc1587bc78a99aee1c6ea9b09fc49f8ae06ff4c1d7a87cffaed6a6f786c7d887,Benign,mips,mips:1983497398393952992,false,train
fc38988b16585e464f0db986130d732e62db260ba307cca47861e16922a878a5,Benign,mips,mips:2727434714197691239,false,train
fc5833ced3c8ef12fab4a3b2af2a2222db99e2d5c4d9bdd0e2a02d57b793a3d5,Benign,mips,mips:7284944653484012545,false,train
fc5c7edf1fb72f1cb009ec4cd59c7032ec05948d99156e56fbd1970fc326b0f4,Benign,mips,mips:18228474596796014329,false,train
fc6491ad43475729983c1965c962a8141348f165be3af28499e3c22d5ead84a4,Benign,mips,mips:16391197826953843500,false,train
fc6cd1c3848a5abab39b0bff02f7c0055978be9b49af637343f143f6246f13ac,Benign,mips,mips:9538456236998722618,false,train
fc9c6831cccc7800ca58e856bef56bc92c06830362388c8e8972ee30352f82fd,Benign,mips,mips:9095154624805498779,false,train
fcae24982d8fea986bc85c9209d5e883010c25996547be6d258c291224e58d07,Benign,mips,mips:11497535054038207663,false,train
fcb87bf23207f1b4f66667012d80c5368b44f05ddd9d9216da490761bb2ea778,Benign,mips,mips:154879051214201954,false,train
fccccaa42b018fd5f1947aca2c41c94f3dee34911551fc11bed438df338f900e,Benign,mips,mips:16007965043065539047,false,train
fce60db83aa3524f6d3055b8ffdd0c026cc80b9243dae80aac0d1859345f7c25,Benign,mips,mips:5888532125434687271,false,train
fcf6d4f292da6f13f9cdf1eaa8ad65e4e8b7f952229fa13860b1140e9cfc985d,Benign,mips,mips:9332551975074094938,false,train
fcf7e540f9c9e6166da771e1c2ada7fde3eda10d96bc77579648d651940f2f13,Benign,mips,mips:10207604885895738011,false,train
fcfcce981f1430b6312b2037d1c0aeedceadf13bf85ae2ac612d25adaef736b8,Benign,mips,mips:9855054547794031151,false,train
fd1c2b8865ad548a17115688185fe381e26f3e8f8283e922ccf120849e0add97,Benign,mips,mips:17270151463529310333,false,train
fd2a7eb448a2529a49a9c37c9f511c7da9f9dadc54b2dea270659964d971bdf7,Benign,mips,mips:13417788113091344333,false,train
fd4b42d7bf5b1371d9cdbfbcbe3415c2f3e938297bbcd06191830174011112d1,Benign,mips,mips:14481892760339490883,false,train
fd542a07bceae1283bd3c71ef1b2e05648e605ac0d3d8f0d8f441866e44ec3ba,Benign,mips,mips:15099894569678511951,false,train
fd8a0837cd9fcef30d9435eb11b58b0c17e6f413e0ae7c5bc227e912483e5cb1,Benign,mips,mips:12222604524468313683,false,train
fd8d92cf8bcd4257e3a6df8868021e2635f2f6ab5db79b34268f24761c66c7ad,Benign,mips,mips:10990280896422267841,false,train
fd9570acc0284260d81bbe82b9f9d7210dd3fdd15d4bb9ced039e40fa9196d13,Benign,mips,mips:9902879600207016554,false,train
fdca639f9a2185b138277a8191d298782a1a7c48eabe5797fa5727d08941bf41,Benign,mips,mips:5658372332839976697,false,train
fddbd5af5be42c5112fa13775bf75e20c67c83b7033d8eb665aed48b831f28ca,Benign,mips,mips:10906050651249161570,false,train
fdf111801d696b5cc61db6a818f31e39afe4e70c456e5891d047b0d7fc89cf58,Benign,mips,mips:9632927416745069701,false,train
fe189e1b495bb204a240d116840662113eacc0c35cb5954e1977288e626a9b86,Benign,mips,mips:13475872600314912682,false,train
fe1eb5209a242e4a50a8b4ac7b63c7cff6519787bd107344064661c60f73f61c,Benign,mips,mips:3423243406567775399,false,train
fe240adb9043798ed302e53f72bf9511f0ef18ca23ae695f1fe2f63b11366d3b,Benign,mips,mips:5023471858283207559,false,train
fe27d66ac7ac2128bf8ba5694073fa37bd66e0b474c963c319d1867250124897,Benign,mips,mips:15057790315230272741,false,train
fe3a0577737c188e55ea4de5d0dcdaeb0461899beda47e561e963781e868ce34,Benign,mips,mips:10047562592833546329,false,train
fe5e0365a0f9ff5001db55c3265af3e2434f09b60ed1d441cb5eb96a543cc02c,Benign,mips,mips:3418542087732931889,false,train
fe99c96864fdbd5509ca3ccd24527ca23e210094d4af2a7d40979f031f4175e1,Benign,mips,mips:7972800812420655769,false,train
feb9486009f17043c5743059fc37b457ba75b016b90108a1f0103b04ffe050c0,Benign,mips,mips:11184416423420112161,false,train
fed199e60f79fb7446238418bf2a50e797191b867d75ffb7394436fed80d4f6e,Benign,mips,mips:1878203553208863976,false,train
fef602df4f5454979fd6bc493b5edd75f8204f56a470bb8008fad8b59fb256ad,Benign,mips,mips:2840494229574004049,false,train
ff01e5519e01bad6f66cf15c719c46f8cba77f21aed257bb5e78087f7c9b8d27,Benign,mips,mips:2609263614287336138,false,train
ff154c0a81c64f3108a2b5c7be10d1ceca777c5ed2110a1c90c70d30693c8282,Benign,mips,mips:3936905131380490178,false,train
ff223ff2d60132f9f15fcbe9d45db4a21acb28e53013a43b1dabd447863292cf,Benign,mips,mips:10349138017602171771,false,train
ff2889b7d9ba3086311982beb927080ffd4009f4cbf2b558486a4fd8427b6269,Benign,mips,mips:7554105160811616033,false,train
ff37876b366744b3e2bb2bfeb69ecf789414c5f24e2c2abf33ced0d019816aed,Benign,mips,mips:9882034305451505192,false,train
ff41920a6ca182355cd128ccd09e00c443a394847d01a0b3f324ecb8b20f8164,Benign,mips,mips:11476175354682309176,false,train
ff4dcbff9f48efa133a9b08b1088e6ab2c7c3e952905dda73b51ece892b464f2,Benign,mips,mips:4372234556038232984,false,train
ff595cee346b4eb282a368f04d8b957534bf92a91cfe4b8b4af737b2946b80a4,Benign,mips,mips:8567088135171528125,false,train
ff72c6c3c41e7754343ebedfb0d187f07d694ad81c713e4fe721f02f79ed6514,Benign,mips,mips:10646500984151234074,false,train
ffbad1108453eef33915495c3d1a07adf7b62c0bca4b676810303dd9bda4b35b,Benign,mips,mips:168278247270422200,false,train
015cd07d843ff3a46e29cef61ed908627ed4599183a4c05f4e0f914672523e4a,Benign,mips,mips:5340802790624466403,false,val
018a5c1a80f3476ffdca4f01512346f6320f99bf51b1f24ff92e6e204b932986,Benign,mips,mips:235831116921425327,false,val
057142437a5d877c685fdd453e8a9cc98ed3d8555f0573f00497a105cf7f7a32,Benign,mips,mips:10138116759672728613,false,val
05bb2e8677532f35ee748357f0c23caec20db75a002979ab853dbd3f69c47454,Benign,mips,mips:1439020173984382247,false,val
094840e628967780e97a090150ee5a624aaaac7e609ebea327f5dd9c67510638,Benign,mips,mips:9977546700373360820,false,val
0965864f72df7be774823deae4798ceef05205b0a5edf16d401b8ebb625ff125,Benign,mips,mips:11194798734291714313,false,val
09bfd9ba82a3e1facff64cff9499e7075cd86e5c9ec77710bf3daa082575766b,Benign,mips,mips:5500645178208592854,false,val
0a6f6b383e91522d5a2a14a242efdc1cd26d30446c07ef92e7f4e198654951b8,Benign,mips,mips:5307051758665096508,false,val
0b8cabbfe6b1192cc0e5dd63515d24897bf1a6f0a782d5a7cdb97639c5c13c2b,Benign,mips,mips:5130228982401901636,false,val
0d103cda067a266ea4b4e494e2074c959b0d173e86082e5e774f5e7fdd9ac79b,Benign,mips,mips:13628105792546016734,false,val
0e4fbb0e9bbcb6a3e9cce132681a6389c01fd718cc67fa4bc5e49ca82dc26fa5,Benign,mips,mips:4852506983039479599,false,val
104fb4298074e063a469d3c48f261eaf4813c52516754011d09ea601c98e6444,Benign,mips,mips:9537358521737978589,false,val
113ea5343d5a44e96081a27eb5d91e0068e777e5c68078de713abd553a25e23b,Benign,mips,mips:2425138303304833681,false,val
11aa03004388be9a42162c1089ea8a61dbda7bba141aa40225ac106509b186fb,Benign,mips,mips:6684026735795957889,false,val
11fe7b0c34ea5d716f48600db855032e074540106fb9975875cffb8d3dc418f0,Benign,mips,mips:13144734934999934708,false,val
12bf1a9cf2e6be162da2766263e6b83cb34c03bd08cb59ac68da3895b4817654,Benign,mips,mips:5107263770081094350,false,val
136caddd0af10bef6d5ff47aaf54a7d73494f398e4e829ee30ea80a7a70db319,Benign,mips,mips:8506990718304516433,false,val
1390f74c9a03b5cc509bb58defb0f02dcc22afe8fb8bcb29655396e49663e5f7,Benign,mips,mips:3088830372242195715,false,val
1479934aae762615b1934116bf40337dbb230b15b77430d419cfada9721fabee,Benign,mips,mips:8894984455241949335,false,val
15f11625abbb5cbb12d98e0150c1586a043ae03d926506a42af93c8b049efa92,Benign,mips,mips:15657627435394902771,false,val
160cf0a0b0385be2d0f694a771fbd5615f811ab4e226fecd0955fe0ad8d39471,Benign,mips,mips:18255639117894225735,false,val
16df6b6338dd94bbbdae47c06e546b7b87fd508f2f9f34c295b790363c83a434,Benign,mips,mips:6330644148858000340,false,val
17308abc1adad731af4010c9580fcead043b1ae04500b21f39dac639cee54e4f,Benign,mips,mips:5835751585081225316,false,val
1b7208a2f75aa452c393a97d087a36c233ed9c67e9df257dd35884395743b24e,Benign,mips,mips:5697965118617049166,false,val
1baeabe1f2269fd837bae9dbdf0ef9bd665901e52f1d16f16dcd9a51f1840745,Benign,mips,mips:11404873368367078153,false,val
1c740e7f3d0abab52212a7e2acf4a21fa4151bfb30d8a4fe5b3e6fa629c97c9b,Benign,mips,mips:5656521175235249328,false,val
1d091f7fd2796e18d36b34f7df851b2bf354f7c5f37e0beed745cf5d34bc0d63,Benign,mips,mips:1393008093772969933,false,val
1dbd62b3074f1452a40900819be11b77d8691e35178af610cb5e93e210398f5b,Benign,mips,mips:5561361889014411532,false,val
1df24b0d66f690df18b927ab2f6178ef13ebb375fbf8f1d6b0217c07db2e2be0,Benign,mips,mips:5723606973816288514,false,val
1ff3837862e69f92d5b13ef55888597acc4202fe7adecd10c6c2c711923f0843,Benign,mips,mips:17691281439090564971,false,val
2001b2ac021e9e2da39a9767a65e74f95b44567693de137769f9e2d61a6ba00b,Benign,mips,mips:11531665430781264468,false,val
218c86145d868d41dd02ebc42acfd143ccb665c694e865d79957e87482d982c9,Benign,mips,mips:9751397932746549482,false,val
21b3a574aa0dd948d588f7029f0e6efd7b61f87726b0993a1d56e347fd824d88,Benign,mips,mips:2531851304716533323,false,val
232454ee2ae37f1234067a3df05c45afcb7d152284fc5814147c11273f4c2fe6,Benign,mips,mips:1345082874551578774,false,val
25506bab9b2369bfc600cde0ca3a780137f535b1d72895a35597626fc38a762e,Benign,mips,mips:490054214885503356,false,val
264dbca3a60d7ef41c96854f28ee44c55838a022b68ab97325051b5ae6a7473a,Benign,mips,mips:7100280165119450402,false,val
2653366758de385ec25a257231c4b00d24919626e637ac2d76c6ffbff49ade24,Benign,mips,mips:13207971755271718718,false,val
27137ab30a4ee35a0b00d268a72fddddd986f78dadefe34e69448a3fe40da541,Benign,mips,mips:3072669898120848130,false,val
27800c1a3193023053af460f0867e2667a8727c20065af6d7ae4c205cd4ccd9e,Benign,mips,mips:3047831597416971617,false,val
2781214802c279b214080905f8982e888723e1dadd0151703624d3e2a199a268,Benign,mips,mips:14427226548706156355,false,val
289ff8654f0a9bc88761fe384a109ae709e27c25fc00c920edd9859eec5563b8,Benign,mips,mips:6093634453878196849,false,val
298e7395b4f180a1bd030674ef6f8a1084a819ff12118f0829fb6b60a693be5b,Benign,mips,mips:1199317461584950138,false,val
2ac7149bca4d47355cd42e0b2217db7e96f8d21d348132fc1d7acd7320bf0be8,Benign,mips,mips:5367927436099146834,false,val
2bfc4991e5b3e97961d1e132e083c561f4e44fb0c44983b247641b52b9ee357d,Benign,mips,mips:9151606287696914684,false,val
2c2e464e3bc55ddfb1a02e9ff46df63840b3c6fe7b00e3edb169c7ae28aac982,Benign,mips,mips:17117604828326597695,false,val
2d20580bffcb5fbf6aa31fff4c7d014b84bf6e8a787f28ff13d29c3901c85690,Benign,mips,mips:5459909431047713721,false,val
2d6147b4c2cdf7ca8acd83346d8531086abf537e8786c42091be976a2c53fa41,Benign,mips,mips:16082495868289172642,false,val
2e188f38e2535a1898b66d7b8fcb4caf628c4b0b289d3667664cb1689092c0dc,Benign,mips,mips:6082051508563304415,false,val
2f67a6bc3402719577879d0105f97ee86e882994883569b4165b0cdb70457bea,Benign,mips,mips:2929694579811643323,false,val
2fd4da4fdffcfd806510e2acefc8aa2297b36f90f3d60923cb19e977a5a1396c,Benign,mips,mips:13560798782749111076,false,val
338c98cb06543a27110c43b019ae7dc986a63219d24e0cb216c99814cd39ecdc,Benign,mips,mips:13935070892127874891,false,val
33d6f481eb44a2e2d7246560a761cd0a131f61458b6d9d54b219925c39646dc4,Benign,mips,mips:10050068301954248181,false,val
360bdb2367d13c7481aaa2a7874c1faf1beaa7dc451ec3b64f2d0066fd79ad6c,Benign,mips,mips:8451362069514734906,false,val
3642796050f0c63909dbbd07e9f873f89038ee7537430e53fcf39affdd9e1185,Benign,mips,mips:10109950453962409191,false,val
36637fcacae276da4bbdf635b826d50fe355f343554217d120e21b070d1a31a2,Benign,mips,mips:4518350288977841393,false,val
36b6b218a47cc69af64ad96ce18ae098e5d3c20294ca124a8dc412a00e8ffacb,Benign,mips,mips:5594225260965785217,false,val
392aaf9507ed4404ad632b8315317f371ea64eef5416829be2758e7951dd89fc,Benign,mips,mips:2309695181127480611,false,val
39ad916f482049069fdcffc9d2aa18c42a5b8ec0bddd19b7caf9732377d6c195,Benign,mips,mips:7148104045883059854,false,val
3bd5db08545d3cba59336172a34ec51f4a8e91ff649830e38575c0a5ab920e68,Benign,mips,mips:15497870246183357830,false,val
3cba495ca884d45ece2cccc6e6040d0a3f993f95bea1380efde73494a6372af9,Benign,mips,mips:13643885279325733529,false,val
3d56bc57137cdeb83bdf7e3d692d1ae1a3923b24c30566d060abb7db0b56bab1,Benign,mips,mips:6168305256881576747,false,val
3da1d08e74541d0b0071be840f5c64d5dea3a32c5858fc90fe25094dd4e683dc,Benign,mips,mips:6822499459402390851,false,val
3e139286ca29cc37c02997bb27307586cb5182223592a178ee754ce6a8d07f6d,Benign,mips,mips:4719954592700635541,false,val
4005dd6e4417f67ff2039c0fa97081816d16ca232e81ec705cdf658163e3c656,Benign,mips,mips:7512823911126979413,false,val
40535195a462b05ba8d5fc18af1c22aaca3c33d8ea863e03c79c92254f7ce376,Benign,mips,mips:2692720354963633301,false,val
40932e912ed26859693fd63bcfe6a837d5e24a2bd5e85e4499bdf72d473c9105,Benign,mips,mips:587046354635680009,false,val
453c2365dc08dbf6b211134b044e83c818679be53a2c9a93ba7d658b94978728,Benign,mips,mips:12999106901156292616,false,val
4840ca02ffaa059f043fef107ec23b8c1c1b6aef7cfb857b43b7c3934e8e228e,Benign,mips,mips:1820176315718882475,false,val
4b5a242fdf6328fe3427dfb292c79ac3e9d4d78f97883781e165ee7867bad130,Benign,mips,mips:5020667484016049559,false,val
4b6a42ce1fd9fc9b2c763ef638b7a8454ea8a23344d5b099a0eddb0ee9868c79,Benign,mips,mips:15285655803320321436,false,val
4b762185bcd0a72a49bd617bccd967e22c60a42d6c63bcc50beb3ea23ed48d83,Benign,mips,mips:10020142696146527149,false,val
4ba5175f5d761c571915ed7fac6ba973fa8b0ee7c4155320c6b70fe708fc18ae,Benign,mips,mips:2211445958813092460,false,val
4be98dde920282c21197052cd152d8c2427a6e66105c1deffa27a3a95d7b0b9f,Benign,mips,mips:14242785347351022127,false,val
4cf6d57755d8a93121acac4ec213b505dd470892efddfea40e4d700bb26e11c7,Benign,mips,mips:14408709868848378684,false,val
4d7bdbd46f8cebdb51400e7039ddf1e8c3a75e290b57ac23e2921e965a8ffd58,Benign,mips,mips:7190509426912881247,false,val
4eaf18954081bcee6bd3c46d879cd3fddd78ddad8390d76e5b65b8645c2c29cb,Benign,mips,mips:4467536787637474874,false,val
4fdddf3ab868d6e10ae5742cd35b2203f3b80ab59a75d67c6e03633d09d10ccc,Benign,mips,mips:6445589501194165912,false,val
4fe9b11f4ebfdee4a79b0f5c44a41b8e4b86992126d37a78d523e3728dd5e54d,Benign,mips,mips:15377049537158098116,false,val
504e464c154ba9d776bcb5952d0b490fa3ca9090ac5ca50d0dfa838f94e664e9,Benign,mips,mips:769919716752569696,false,val
5071a37e82d7378f0a99c4a9b869380cbe871012c99db70e4d3dcd44bea939b0,Benign,mips,mips:540993493995730036,false,val
510aac86f56e4087bd431705dfb89e079844415639766e0a66e581f01362f9e7,Benign,mips,mips:1961764564883212854,false,val
515b8b1be22b85b0181e3edde297cef4afad34fb6d5ed274d2f6463452deaffc,Benign,mips,mips:16476862750616611744,false,val
526e6dcd76aa29534fbb82e837684c767c613925d53267e1673c1c36eb9e8c09,Benign,mips,mips:834545092007951474,false,val
52ca94e6ada90ff6dc97246f88181bae46717319469d2dbd6d90da4f07830dee,Benign,mips,mips:16028533042348132883,false,val
5430330ca7333e807ccf97a436c8bb510739c1f3cdd95c0bb3a4005fde8473fe,Benign,mips,mips:15938737629348950785,false,val
547b7b1f9c71027a04855ede174686272c4ec5d63c2ee7ceec940c5b35505010,Benign,mips,mips:13616152356848071845,false,val
55237da05ce8e6fe4a8921bb01287b5ff849d3bb08920b622966d520e35d8f6a,Benign,mips,mips:11973631893906171410,false,val
557b0383e182e0fe330ff64901ba0dd13868f2f15241d6fcb9cfaf37f41ce1f3,Benign,mips,mips:14749706328799955376,false,val
56a1450d5831219e1b763514c03b6d575c18f9d59f7c97d315b4ab75e5a5ec92,Benign,mips,mips:17400198923537939795,false,val
57b1246753df7dedd1d5f10923865ed1e5a56756f87c534237f23b23a0d7f0d9,Benign,mips,mips:14040568968456145080,false,val
5880963f4c2af4c0e9a6e7daa0c80a4b0a645d9a3559e72ad107ac969b5c10a1,Benign,mips,mips:2807797871793696355,false,val
58daa75843f894580792a3768b45377aa9c4d112450765b79e4b094a60f9af60,Benign,mips,mips:17289692701480273890,false,val
5b8dba401ca0890f3b2ab8a64cd5b32d57c96bd019aa26912f98313039113a8f,Benign,mips,mips:10310090733687365640,false,val
5ce589294f1a28b65a74f9bb2bb7cec08cfd8f8b7f7c4861426add4cb4b58854,Benign,mips,mips:11248235492472894667,false,val
5d0fe9020cbced7d0b2a6d9d7b5ec11e1c27670ac2d87d23f21ead96fe693eb7,Benign,mips,mips:16691826711388916063,false,val
5d9dc80fe4bc988e590ed1c25a6c0e325dc28d9ee62cce997e1d5c42261fbe76,Benign,mips,mips:3704092231454724654,false,val
60c3704667c8b8f944e288875ceb5203bc9398f9e77fdf878dbbf8b04e09f3e0,Benign,mips,mips:1056000690007931395,false,val
615565a4ca39fb4432c607549456caa503b54934f62ee523c3eadeecaed706a1,Benign,mips,mips:5900222178722404259,false,val
615e7e74181e49b0c1fc9c63ad08749b06af226cff91809a1867597f965583e0,Benign,mips,mips:10620363795293726175,false,val
623e2a54e561d19f14a3a0aa85fb89b39b1a535b249aee11449bd6f43cdcac67,Benign,mips,mips:5546327537105777181,false,val
62e2f64f725f12e5e3910b4e8e9b3e0a5700a71f70f4c6d5fb84a39089ec5d64,Benign,mips,mips:4715137309598770098,false,val
6347de4af5bbb43a44b757d2714692c0daf15d3ae3919e963c6f82412dfb2c0f,Benign,mips,mips:10336590354922426038,false,val
63ccccef5d6ca0f5d7b1cd8b611a218c2478a24d8a04f57af2439c906704f515,Benign,mips,mips:6895752958099429168,false,val
63d1b82af537cd2d7cef4f4763789f5840c98f0be186bb5f551114b8987b007d,Benign,mips,mips:2448511156685355485,false,val
63d8888440d104a781976b2436012a9c02d13d0ee89790a9dc154a590a609209,Benign,mips,mips:12947234144291404264,false,val
64c21a770bda1aa605d9facb4b2b38d2a4ee986c02fb7add60cb9151d9313b81,Benign,mips,mips:14231055730186202922,false,val
6512c5c8e619e1765fdca1450b95927b8b84b945e5689a1dd9891758605dcfdc,Benign,mips,mips:2361169398782090576,false,val
6597364e802ed8b1dc9ff0a64de493c877e44472df9b06f88239b8bc1cbd31a6,Benign,mips,mips:15007173015704551899,false,val
65efbceffe62b5d71601b87da2c4c91df7a1019b6b53d2c250ab7b51dddadca5,Benign,mips,mips:3347520473019305222,false,val
680c9b6f73665ee0754180f137446954de5f009db6430d494370a3b3db60e9fd,Benign,mips,mips:14077680948853224426,false,val
6cb2c3f6129d6b0d6b777fdbdf46edcc266a1755e72dc7100e0bb71771f8ff7a,Benign,mips,mips:11334607438203219094,false,val
6e6edc4e202d1b870805084d215269f0b008174432f9ef3d75e8d485812567d3,Benign,mips,mips:14338371778334533707,false,val
70f761c6a92f7d62dee9a8224dcfc89b8ce1e614d74907950de6b76bffd3a61b,Benign,mips,mips:7982274717671803394,false,val
717bfebe89196ed670eb503b17cd9e9901b98a4c8e3b9b9ba4595714995deade,Benign,mips,mips:7709872240684600365,false,val
742d855d44c9dfacb6be664a22450c45990a03d03b356c882cc2263d47e8a153,Benign,mips,mips:731437470071798040,false,val
748b2588c08e048a1bd045e14aeb7195a81c3aa9e4e7712d1030eb8ecc78202d,Benign,mips,mips:1177311759233066352,false,val
7555eee793baafd91f9f3c0e5c041e142021d9523bd9662de54ed8dbb6a12202,Benign,mips,mips:7709684354538479541,false,val
75a4da3575406da3fe610cbc7d68587d1f5474ea27b487975ce94519e2f678a4,Benign,mips,mips:16232121446978627076,false,val
75b0ff981d36b701ed53d4a8bc3bc8c7a1f40a9787ded550baed289f835b8a76,Benign,mips,mips:14207331982652847032,false,val
75e7f2696b028611018cfaaaeef0905c8c32f8a29e63855ce7ea547a43e7f46b,Benign,mips,mips:15165461999580836157,false,val
76b7887f922fc619f9d852f37e91204fdf66509d72d6015c7ace83a9b3bc2dbe,Benign,mips,mips:18199998761089473415,false,val
77d42063ae9569a6e11a86e93e09c8c980d75b16b0b3edac892d40f42bc757f2,Benign,mips,mips:11371075455675983295,false,val
77e0260e83f6b5a68d6f469e9aa63e3e5a66498ce54423cf06cb6e74b387ac82,Benign,mips,mips:18295338174762411294,false,val
7802a120fd912690773503f9b0ffc7e35b8bf0dabb69339bb602303ad20e504c,Benign,mips,mips:17471795676606911263,false,val
79b2fd341a3d9c8b0aa50033bb78341c3268a4dc95385493d726ce3341f60f36,Benign,mips,mips:14168965651695925328,false,val
7a55beb6a5dd716e966eb99669e0c34cc79e116d2a2f8af5833eae64ff313019,Benign,mips,mips:15089423486205029817,false,val
7c2fe1c8c436ad06223daaa097e4e317f2bbb421c5a2575d9b6c15d325786f2b,Benign,mips,mips:8230083353992374869,false,val
7d7a90fa1e285806a7e17fdeab9461fd38b47ad46933cabe80146c49bb836a1c,Benign,mips,mips:2768962654846792002,false,val
7d9278c50bcace3eef56726c086d5e97760cfd8a6d90f0628246ca172c07773c,Benign,mips,mips:9696559642908093332,false,val
7db0533375f9660ebe0f53eff433ab3fd9c29f983366178e80287a1320235c3b,Benign,mips,mips:3025819059360659600,false,val
7e23e768b0e7710f95e01389857dc0154a847e54aa8ea5b74e1a7216f4c53c2e,Benign,mips,mips:17806363107274544651,false,val
7e4440bc4c2e3c4a557b253fe5ec3f4bcfa2b45075042c858958eed700986c54,Benign,mips,mips:7523523563625945424,false,val
7e49344b37a1f037e5b6b2c33fa1e69c19d453b81571c74e19a61ccb63acd7fc,Benign,mips,mips:15763935752226212036,false,val
800d3d4c6bed50419e933815f8d1c8d23b2b6c5d67c02ae008fa0b641186820c,Benign,mips,mips:12890080045980242912,false,val
805c3833de1b65c1e9f408cd2c01b2b8e74f6f3c061c1c1851174043d46a0192,Benign,mips,mips:7778990468595306616,false,val
84490e4d39420adaaf4d47574835e3e806531b5a53e53fc34e995e3bf61a9712,Benign,mips,mips:17839469214251514442,false,val
84d0714b12ae41f9cbcab3ed1c7d5e1a9560640873ff3fb7cbbe2a034ed9441d,Benign,mips,mips:7339401209063413259,false,val
84ef5c427e80371417e8b78af2bcdd0ce0304d036fb1b6eecb3c747f2858e499,Benign,mips,mips:1104498950027330600,false,val
85e4a6b2b2bbb4800aa9c4e939c7d17aad5f46bf8950ddcb8cdd2779ea7d6f81,Benign,mips,mips:15927507159247335979,false,val
87f86475d08c44f0f1d1b76be6e0a01e78019de76532ce9ee491a2c5dcbbf699,Benign,mips,mips:11438257499183295711,false,val
88ae0a1a0907c82260abcef7341a4b3a74dce030a6c8a50391a6e916809cab5a,Benign,mips,mips:13293226965814295117,false,val
89ba0e5b5ec10cc47ff9b6a6ca02af7a48290569b0984ed1456f784992c1f3ff,Benign,mips,mips:1057830015280224254,false,val
8a07e33b43e97adbf0891134eb8375ca9cf96ae083b7185eda04dff2f1a075cb,Benign,mips,mips:10028445214561106799,false,val
8a19ebd1e1c0721c27b7e4126f1d5a0b5a61d82a9251bce397ce4c936e31740a,Benign,mips,mips:13212303902242066675,false,val
8a1a3e9020e908af1eb82b52a4471f1d58a4648d78fd44151e2d5c4629dc2cdf,Benign,mips,mips:11459905255816470120,false,val
8a92447615125192e42b67fd2057410d342303d533bc4804981c37f2eaa15abd,Benign,mips,mips:12161981038024063480,false,val
8aa12588836a8ec8c749cf3a7d6646366c9fb03a6569a3717046711618427f57,Benign,mips,mips:3326694431441085885,false,val
8c05aa6701cedcbc17e9eb413bf473282b42297935652c5431f4d3ec5b90b102,Benign,mips,mips:14859246681034949366,false,val
8d23ea62278d1c25c002d45fa59fd8a43ea9734f86826f6403fbfba4c6b18d9f,Benign,mips,mips:7396834287905087813,false,val
8d4692972fcae69601030cf590272fb669b74fb958e710ef79e9e792dc129d15,Benign,mips,mips:8951634377939571524,false,val
909f4c8dafa77ecae89809d193f756a4be52d4650a0ee12a1aa75101f96a8e2e,Benign,mips,mips:16299218562081039090,false,val
94c8e8aecee77c28e7efbb4754153887af5756c9c5d6b59128db403507f784d8,Benign,mips,mips:10179171427261152707,false,val
95a593e03f402f2ef801e30884147343e98572b2895bcfd1522a85440a2c7063,Benign,mips,mips:10663797598998816585,false,val
969919c297cd6d7cc5676d89a8ef4b7c3c2ed5dde54b66aa2fc76edee00f98d2,Benign,mips,mips:5550718900725170927,false,val
97851268032faf1f6802f3984d68216e5a63ac35fbd5da1cb297719573fe2803,Benign,mips,mips:11342530114914923436,false,val
9808b5cfcdba1763f6a561a2c9a98efb54877a3e031963fcc74c4d6bdd579e6e,Benign,mips,mips:10005360529514870691,false,val
99a171012f169cb9b8d5897c60387400adc6b8f69627c1a9155f0d3bc87f9cce,Benign,mips,mips:8892529798580155206,false,val
99c79579e5bb242d5e4f6cb6de15f901ca78dc43aaf984d8cafbd7f7eb26335e,Benign,mips,mips:1500238478171030619,false,val
9b54ad0ab115adf435874db10d42452ac310b020eee14a6232aa7c680b5dbc2e,Benign,mips,mips:7144839787038133622,false,val
9baab904bcfd0adff891a62d8b52936122c3ed3a5f5b5e8b14680aff6de0433a,Benign,mips,mips:16823319018918117351,false,val
9bae20b9160de116b2ee484bdfed9a90bb9ac40b32640ec03e974685f1fe5707,Benign,mips,mips:2701613990648046918,false,val
9d2815b61bbdf56986946fe9c4aac0ff906f10517724f01c8cf0a6fb42440dff,Benign,mips,mips:14045940719487531098,false,val
9ea6bf3e006b77aa9076a32bb176774c3afe0bd4b078c30740108d96da7da0c5,Benign,mips,mips:3704740123309186994,false,val
a0a7c1915a267260e39eb6d9b1e1d9c8815a802b15dcaabac976730ef53581a5,Benign,mips,mips:4694463424978022778,false,val
a133dd5bf5b9b7f4b5404a718efd572c0b6fe7528b47662df834ac25ce837ee9,Benign,mips,mips:4681447675941675104,false,val
a21eea9fe27e3476678b930d88e23e3ad4161865593891f3c1c2ab47ee99f2c2,Benign,mips,mips:9667569364209602264,false,val
a39a7875b1cdfa8d24168d1bef446f37c69128f9447c2a7fee3ad4355e56e95a,Benign,mips,mips:16302147940363660764,false,val
a44ecf5c32291ae2289a1ba740438e0af0063502363bb980c50dd2ba9e7d2a67,Benign,mips,mips:6619212278459499624,false,val
a53714a980d0f59eb1523e91808692ff4af0e4c608ba995a8a92eda3e273414a,Benign,mips,mips:2977703938088086514,false,val
a5f18ef144fc53a1dfaea27e0213672018146674bf2792856183b008b9667f6a,Benign,mips,mips:974233763559958175,false,val
a67b2a1b986d00a4e9c1f087849ff57e7666a8ef32142fc6d2e0f1609b0b5232,Benign,mips,mips:12438968244901342585,false,val
a6baf3d702190609191b63daa4030814cf48106f013d58952f3514ea7195a85f,Benign,mips,mips:14896011027213611269,false,val
a8597a2d7cacdcf8f1b2a665c076fda5c3ce00dc11e3d80b591f9a26571a98f1,Benign,mips,mips:6701511324130579647,false,val
a8a3c239a8de2dd8239f00d927e091400a6949859dc8bb40e606453893fb1b07,Benign,mips,mips:10173359431297111957,false,val
ac561d5aeb5e47bc516ea7061cb749885b973c8de38d67e715d7869376684651,Benign,mips,mips:9646650012748509978,false,val
adecd78243ab47cdc7e74bf5d2c2ab3023fd4b4978865f0cbb1a93b9ea242ea6,Benign,mips,mips:16820725541669741531,false,val
ae7437622c0d4d7ef2356478f0306cf4f45061bda8602c3c456d645c4a28d1d1,Benign,mips,mips:14769367248300277723,false,val
b06f267484b65fa2dc9d433bbbfd31dc158b40e7291aafccbbb0fd4517c5a4c1,Benign,mips,mips:14639713684135586492,false,val
b11ab123a7034c8acc3da96992df8a775f22a52446dd578236d163a0286a9150,Benign,mips,mips:3890829533067835776,false,val
b2296f7f506fe811f96c05d9bfb45d7e7f591da0eaaef1923d36f8e4f00c6f61,Benign,mips,mips:3275472318824429042,false,val
b2d5c5c24359bcf2ca6b7ad8028a6c7da61b74644fa3e1823acc7d00091d807e,Benign,mips,mips:17937703580193206617,false,val
b56c44460e890464d852b6e9c3a73f1b9bc8d0b1829fb729078fa68494c64846,Benign,mips,mips:3087331741415525078,false,val
b7fb1359c664bb98e6c253913abba7f28260e6dfea0b079e28148434481dcb91,Benign,mips,mips:15593192837332997952,false,val
b7fc8ea57b619f73af5e8d389f2072bb4190eeb248432921ec1924eb15d5bdc7,Benign,mips,mips:13472205202695421691,false,val
ba9227ab900800386f07b9df50189f24b3f9b8500b22997678c2884525e0b057,Benign,mips,mips:14399138689742875275,false,val
baf07fa42e2fa67ad8aefb7d9af35ac9110aae6f72e741630a0f5015373daced,Benign,mips,mips:9931973128604680588,false,val
bcbb2b7139e31b2d184470b134fb5c0791b8f2985e9bc5cd5c05c6a8c7092018,Benign,mips,mips:7028351510060215350,false,val
bcfbbfff762223f320e07e6a2819ea7e4a5d8692c50418b7e3c0b7b4b2757347,Benign,mips,mips:7948557901588537203,false,val
be26e248a0ade3e13c005bc8f81fff5c8f40e9f4993014421bb8bf3641801c13,Benign,mips,mips:3662946993990886332,false,val
c00c488acd9d65f7e46f018cbb153b5318054e5080dc15bba0f12f36c1053d72,Benign,mips,mips:8611162343923524803,false,val
c16398cd2653778ac5a306eb2f89dce95851bc62dfb4b1039c47dd8e8ab57d32,Benign,mips,mips:10916692411211852108,false,val
c2c6c27070791fd9c803057ef29d5899772dd64345e60d35e4f387031a8c7560,Benign,mips,mips:12769725479893458980,false,val
c60dff2e6dcea2d91376e8c47ea1caafa9797404c24206f71dded45721f5b8a3,Benign,mips,mips:7803755850348172660,false,val
c832166fcf2d225b629010e9cac13f7a8a28cff3a2f7c9b9f473e00e6bde43a1,Benign,mips,mips:1461356559873680904,false,val
c88d29410bc15595f836fe63a690392662535a051c10f3298ce9b4a6fb4127e5,Benign,mips,mips:10870054054701712241,false,val
c8bc50dd39d6763170ae43b07204b8eca14c4f67a8f25c60ae67b9e5b2bff699,Benign,mips,mips:10590047211707411345,false,val
c8beeed6d8f15f6ea23581d44029c6fdaca83c712dcd412cf3a0e2e59b851774,Benign,mips,mips:2561456355374562722,false,val
c9d4432cf2c8ecdaeafcacfd2711c764132d4f3f6dfd7a1dbbc48e95f6399b59,Benign,mips,mips:12946125962674787145,false,val
ca5938fcd4637121a0493dc9286f7b8af1aeb61643b54646380c022a3209d99f,Benign,mips,mips:16254107826064934189,false,val
cb4c35f3c9252b910cc201f2c4d65003ed7edb5b4a31dc4f71d878379ff67283,Benign,mips,mips:14996832906132200350,false,val
cb66f15fe6f256135b37f531c3aa7aea93780d6d864e8042ae89d8366235b9a8,Benign,mips,mips:5475950733843830143,false,val
cba0f90ab65615e81ab60939c5c01ab0166fb4c54e0109ed5e674567185fccb3,Benign,mips,mips:11383854337759822455,false,val
cc0f49e008f0d8cbedebe36c63ee4f2d2d9341b099589a4964aab7c61d4df380,Benign,mips,mips:14825569061071762117,false,val
cc2cf19e3af35de7d83ffb0f5bd1165dbac9fbfdde2856862bd7df4b01297b6b,Benign,mips,mips:10321744552681741841,false,val
cccb2be2cbbe24b9a233156cd8990d84e1e0d86b4f81e79c34f7be59d76839a0,Benign,mips,mips:8995436747278571617,false,val
cd293af3180661febda944bc15db09bf063a3c330188539f158d5ca8be3bc36c,Benign,mips,mips:7956712028055279121,false,val
d0d17020b27079db7f5880ef5137ee7bbd496bef2b352bcf3d670133e4d5f30b,Benign,mips,mips:18161859518095377434,false,val
d0ffd5fa3d3b0e185228493828d26a9995f21cb8e1815f8f2ff69ab28c189965,Benign,mips,mips:17324729046544529316,false,val
d26400ecdfb667211e72583bdd6c77290111139645d5a9d3ea468e575682ce5e,Benign,mips,mips:15185646354405724353,false,val
d3444948afa448574bb37a819819b58dedbe2e30778adb8b118e1df1a8e6c2d9,Benign,mips,mips:7349987923169273176,false,val
d35c404054c9e8527964d2efb7539361594669ea613bf747d33d22e94544a810,Benign,mips,mips:14994422356669947829,false,val
d3a33554655bc076d4e2a129cd93c7f56a6692234f9aca1745c2371e75ec3f17,Benign,mips,mips:14807246508469362424,false,val
d44b040a2d1f431a76b0fe75bbfe624ee00e9ae50b21b0bf98dbb40f283e3437,Benign,mips,mips:10208131328884620293,false,val
d470f0000c3fa80bbd06effe15cd32cff5e68b225203d570c594be421a0bad96,Benign,mips,mips:16548960752348878387,false,val
d4ff1efede6c5775807c2fde0922ef1915f3c630da33368e051f0e7e3457d1fe,Benign,mips,mips:8295612505197504917,false,val
d56902b70c72be834c4ed81fb367566bf3540b1edb25056456a31ef0f7d1f941,Benign,mips,mips:8307804334398176126,false,val
d6df50b4d3e11e0d116b41eeaebb87c69a8a5db6e487b8f60fbea3c3858de86e,Benign,mips,mips:16762528787476313865,false,val
d7009aa2224409153ce04fb0338eb0a510b4177ee0cf47784226bc99649b3726,Benign,mips,mips:17682548622285834171,false,val
d7ea48b7889d0c93900283513b39dea4fc51669b983dd5bc9b6c32f1088f6da3,Benign,mips,mips:17354566903431057960,false,val
d8025f2f37525639c26f45e890491189bc5c79e9bde322a0655c80a057857c52,Benign,mips,mips:2886253491535615321,false,val
d8608313113d8ce3936d2eb062d50f4b42afffc81ec0bb7e325692d67e7179c9,Benign,mips,mips:3788002648031997009,false,val
d9719c8dfcbcb6980d6a712a8079f9c7ed20531512027e81d018de38191af62b,Benign,mips,mips:14410113906575645075,false,val
daf1c4a5b202d3a4f3bc49cbe7db96e91a664ede371d45a4f911b9ecd87403d4,Benign,mips,mips:7002197031665883558,false,val
db20a0c646e3e9243ac1104d2e2b07d8a435dc961fb6fcd275a497b5b8982858,Benign,mips,mips:6127590362300339108,false,val
dbbbebc2344729ccb4a887fb8d2975929e9e23cf16cd01f1cf99ff73e696a0c0,Benign,mips,mips:10574028721898609971,false,val
dd1335674f2d7885fa4129da993875622fafce8cb609af4584d26282c67cbcbc,Benign,mips,mips:6990999967767363220,false,val
dd6c67543a31ef1826b92bb3f6d7f4572afcde8b5701a3803989772c2ef6be7d,Benign,mips,mips:3766690242326794879,false,val
de1644e0418c7893ca4be5a1baf548220cd317f66d9b95ac866425a13d281be3,Benign,mips,mips:7870231302760786919,false,val
de5143cfdee7075ce44e24c68d513e3eabde247ee0a4f58fa74a4edeff79dc96,Benign,mips,mips:1443038644287214032,false,val
dee1d030d2ab2220779ef556dc80f8f7b349cc947279fd4bd41a323a8a4ca43d,Benign,mips,mips:4187002564526240412,false,val
def42586aaca5a55c1e2102f38200aa44e1666849cb2cdd838d436baeb14f09f,Benign,mips,mips:7341910142958933695,false,val
df74d4161bf51a35a46e2bd214c2a0bbaa8ab815834c15e67e0c4761f918bd7b,Benign,mips,mips:16500332511530741744,false,val
dfc3c148d65042da6c3d1cee3a4181031aa422bc3e644ae29c5333e67977ab72,Benign,mips,mips:9517899400363883971,false,val
e09773d84a30ef14462c901bc09339cc571eccd59e3c0d12e92b0470a96096d8,Benign,mips,mips:7356951665124629383,false,val
e25b90e7f10c9df125cd9fdb312cf7fb2c26576997efd30164c01632aad9f953,Benign,mips,mips:6596550663286873255,false,val
e37d5c7f2db5aa33d4804ff983172ec88df543aaa92eaef149679776830d1663,Benign,mips,mips:7967855015760407131,false,val
e3aac7a29398bd51d42d67e21e15de86b64623fc03b79b5c6f4626d2088bcb01,Benign,mips,mips:2882048522765805679,false,val
e420b71e5772a3f3df653b78223f81d0e322cfe85b0f0ef6078764d6ebf59f1e,Benign,mips,mips:2390542756357307224,false,val
e44bce878c6e3f9d5d1653e17854ec07d362596961811deea953be29f59d1268,Benign,mips,mips:7837753698008462382,false,val
e7f5a7635caac26acb043db92ef4b5cd28d4dd4a673807cb1970538977ef0f93,Benign,mips,mips:11501513181626757324,false,val
e8f0121330cbe710ced5c599b2c587ef737cb61083722ee40755d4862b7b711b,Benign,mips,mips:15603009338074012017,false,val
e94ae0ba1b34783a209420960b44966971a4343b4ecc4a6572c17b189fae787a,Benign,mips,mips:15189129622482915000,false,val
eb3e32e94564847b48081e6edbb310bd2b5fc9f01ce2d7d49b7d34aad391d07a,Benign,mips,mips:4017264998219863714,false,val
ef2ff57f3a4e98ee9d69fdd41fbf07467545e849aeb4fae00f7bae6732267838,Benign,mips,mips:1988492640307771006,false,val
f0c8248d29fa97c8aab94e99016173c0e1fa48f6eb904462f90f0924ccc772cd,Benign,mips,mips:1750896546556577062,false,val
f10812f2f0b1f6c5beb609d2595b825c0a8b95b76c632cd6fd70c0a6be6f288f,Benign,mips,mips:15582198600546759287,false,val
f11880e2be86c7150889358f8741928dafafd22d22e0ac17fff9724d5f5349b6,Benign,mips,mips:9916890404237695574,false,val
f3c87bb3a1a49e6ab90fc4b60f55d5e14bc7287d17bf5b7bb27de7f13d680d15,Benign,mips,mips:8099065802196212907,false,val
f49866d1b8f7413626797a5fdf75c103182881090881be446cef8df68ef6787a,Benign,mips,mips:10457608562129338958,false,val
f63f58c9da892d006079d57503be17145e7eb464bd3184cdfcc3bb71a924979f,Benign,mips,mips:1165533859721450728,false,val
f85e3df86905edc06e571613e60d4b9eecbacb62a6b00a25be7a99ee99fbdfdc,Benign,mips,mips:6528170110187603000,false,val
f9908899d482c33d34fe368e4f5111905478eb7eeb8b35ffd1cbac1c2968bba7,Benign,mips,mips:1956727127747548733,false,val
fb1da0a86291a60ced2106f7fa58bf7537ccdb8518bacab5737638f1e953a408,Benign,mips,mips:1706496754546739730,false,val
fb599e387314d7a0b675e6cc9f90c071734edfbbb4de7ee0f8d1b48d505289c3,Benign,mips,mips:6007403898919587995,false,val
fb5c80e96abb848499ca10ac7d9ae57b4ddb644e8ab1ce1218bb67cf73a79469,Benign,mips,mips:6480329500612121241,false,val
fc5f03f57657bd8c687374922a26afa554250089bf008b823731bfa2408b7172,Benign,mips,mips:3526473883639854286,false,val
fd05175f2f425c095b337377efb957ec51994043636ead29b7eb71418c47618a,Benign,mips,mips:12755477891812513831,false,val
fe0c6bc847cc2e527065aac4576c1f5ef9b69e363cd8c6377c39f64fb32a63b9,Benign,mips,mips:3992756839801230577,false,val
fe22619899b3e435a9e496448a94af0d5b985608a676ac14a7ac00e6d6ce4645,Benign,mips,mips:7514470609382111912,false,val
fe712ced76d7fc8ae8417046baae3833c7677cacc58bb84cb27c09d5b971487a,Benign,mips,mips:13879631470563057066,false,val
ff32c09c09cd10d1f0ab3d19609e27e47f3dec6c840ea9f9bc548e6028a7348a,Benign,mips,mips:1131431457789612181,false,val
01bd3ded12b68c3d29d7c70b8d1bddc4b4a3934150c2a28b20d5928fe11d2f56,DarkNexus,mips,mips:128832921014611238,false,test
17d271ba2fd5bd4558171111cacf59c4333dc95b2ebaaf37ae9995b7c06ba628,DarkNexus,mips,mips:17625658524267975704,false,test
2f3b062df57cc2d9853e26f3353136286d7d2e20e490d55c0bb1e34410c20a79,DarkNexus,mips,mips:17625658524267975704,false,test
6d54f1dd88aa9a16af4013ca1cde52e9d01d5c074b7e465ab6bb9ae4dcab20ef,DarkNexus,mips,mips:3218112238736686449,false,test
72068c12012ce4df74c53bdb684ba9eccfb6af987a589cfd0a25ee29bf0bb12d,DarkNexus,mips,mips:7684371355690359149,false,test
7947412f6be799d626c8ce76d54edd9d2b59cab18ca2b21d1297e1c0c9d222ae,DarkNexus,mips,mips:15068649333623344022,false,test
7e1a0a0e4f85eb87989afbf58ac9c8e45e501cd4fa9e2c305cbbf033d8d9922c,DarkNexus,mips,mips:17625658524267975704,false,test
d153a69701012da53dd1e833225920c96bb1cb3b965204139e3d1f342717bc58,DarkNexus,mips,mips:3200897737044876497,false,test
dd6030ecbbcff329bae7f2c13b8280616e14d1953602fa109d6227bfbb1d9952,DarkNexus,mips,mips:17625658524267975704,false,test
159eb28915ce05f82b86acd181a5255f32dab6bc191109b5ab9beef4e78ad98e,DarkNexus,mips,mips:1624587241661923195,false,train
203ab86aab7c81a19aa4a319de2d8ac0fed069c21ea63a2fce70655595cedf41,DarkNexus,mips,mips:4648110569072514378,false,train
2ad62e3109c730fbb6d3e720caaa4b02d863be336d5c570c11dfd8b9630a5d86,DarkNexus,mips,mips:10644764224402809077,false,train
32940c015dfbd3a151f884021af46106e62ac0190ec05772efbed9bd6be58920,DarkNexus,mips,mips:13466558855982109764,false,train
35bd62a862c68b6219a260d4d1e84fc953db98445f198181bf829d1af3d2585d,DarkNexus,mips,mips:17868775776497938535,false,train
3898fe1675ee06514f36caa1876ef86cf76a45c103088db272eb1308a33dfe05,DarkNexus,mips,mips:3382380458717092094,false,train
393dc7217954fe6a509e39bbf7d8b2ca896a6726fb19c16b51f980f9718f5fc4,DarkNexus,mips,mips:18328258544267519858,false,train
510445cf1fa58d1cb98e3dbcef0e4aa4622ed591e8391220267c42ba4edba6e7,DarkNexus,mips,mips:6688677039270065202,false,train
581a6914c7d16e65284d45b8085b9d5527fefe3303b390097d41ea4d3abf49e0,DarkNexus,mips,mips:15793384935941758430,false,train
58529fab0c69cdf6f29e26c3a32079631c11e2a32cc3a34bcbdfff479eccd5f0,DarkNexus,mips,mips:4648110569072514378,false,train
60a840bc925eb7f95f81faf266f1bb6d53c64c442200ecb57a474c2cf8f3f950,DarkNexus,mips,mips:7941410185394790152,false,train
63ff5f7a5d402ce2501836d16b02b39a5e2febc084babc0afd1d1f73c2f2b250,DarkNexus,mips,mips:6096921232088645089,false,train
6534db4dd825ddbf22784aca2ee18608f469b5884e494e3a40003458d1d7a895,DarkNexus,mips,mips:1236334556311858907,false,train
65dbeb01497a4b6f4b6fcaec55093712181c2b7093471e47d967b24ee043bffc,DarkNexus,mips,mips:4648110569072514378,false,train
6b7735bf01df85e1e52d8cfe8a8bb235d8433afe770b003ef58cc4c493b39200,DarkNexus,mips,mips:4648110569072514378,false,train
72649e74b1d64b95e6d09b984b4c3e6c0d1bb17143b67134915e82cf8c314d9b,DarkNexus,mips,mips:4648110569072514378,false,train
76f7aeaf10bf548bed5ecf77c9efccddf48bbf3e3d0f9a38222c79a161c85afd,DarkNexus,mips,mips:2027560280186392444,false,train
7be9979a97f97f8034f0a8d3346d3d68e3256ab2639f508dbd7013ea06e39cb2,DarkNexus,mips,mips:17768542200260378176,false,train
a82941fc46f3a2e9f6f5d09c6269c8b968527fe2f0b0a07bfbc7f3daaf13291c,DarkNexus,mips,mips:4648110569072514378,false,train
b18481f62a0a7afbb250ea36dd6d472806416365af3360838e95ad9d4021e619,DarkNexus,mips,mips:8033204783645863349,false,train
b55a5d04181d93e67ca98bccf89e90a5599274af774c62e47d57e657f75ef8c9,DarkNexus,mips,mips:12091507391226482747,false,train
b7764374a87e65e33b8421cb466aff90a53482ae37a2f5da03f7900cf5c965dd,DarkNexus,mips,mips:2650683972468089262,false,train
bcc166f687ef07046e10e4e1f92fd75f54390b16689eda5eac1aea2b8b8f8db6,DarkNexus,mips,mips:10603229113258900628,false,train
c3b15aa34a3f4612076dc0527d494454f5d11f26c8cbaf979978db2d9706e883,DarkNexus,mips,mips:4492148775173532984,false,train
d00c2b4d65cce899f3451ca38a7e39343f05e7e518991fe2fbf5d408f14bfed0,DarkNexus,mips,mips:16074309269471587439,false,train
d447e3d66b8a5f4e14ea7ca67e5610fe48e49c227101d33e42fd80ae18c2a940,DarkNexus,mips,mips:4648110569072514378,false,train
d6cb6137618169f2fa644faaa39bcfce251b918d9cf3791b92ff0e35affb4587,DarkNexus,mips,mips:5558018546737929699,false,train
da16b520bdf6dd003d8151651deed5de5efcc139245d40dacbf7cedbbb9c5f63,DarkNexus,mips,mips:4821550815602571449,false,train
e6eba6a749f9359eaff89401085ef8404f9e38c9aa0b17c7ccc35f60e9290cd2,DarkNexus,mips,mips:13507833839001493847,false,train
fef736dde32327dc6dd8ff9f1e91a76344dc95db28e367d5a322571cb1a13ad9,DarkNexus,mips,mips:10858495237046046160,false,train
39a4cc18edf40d8f04024cbbe70f4a5af460a59e6c23fc895ab2ffebf066adf1,DarkNexus,mips,mips:3305158926740734104,false,val
5319ead9e93be786cc47859158a2225f034fc6dc30b1ec7ad827fab582a68a17,DarkNexus,mips,mips:2070422598991308815,false,val
c69703fce906cb68b1f8831fee4faa934b2b559cee6a02c46305a727c56da653,DarkNexus,mips,mips:9691418470491336757,false,val
eeeb8499b63874a10621f2bf98cd2c72cb7b6445f0a42615bee6bd8df9df4ea2,DarkNexus,mips,mips:7652724509528983804,false,val
f0055cc443aad3f6a16bfbe103b6404def58dbf6eabd2b7f647941bcfa7b8a49,DarkNexus,mips,mips:7202434689431690306,false,val
1cb6e918174cacb4b11b99d426007e666202dff064a3e6719b69271dd1f92591,Gafgyt,mips,mips:3624310815720307124,false,test
29071bfcff5714523feffefacfa2a1366d3dbfd217158899c1246dbbe0346a6c,Gafgyt,mips,mips:4424312475876391396,false,test
52497230b0d3fb701a51f8e7dab14879cbb91265967ab70c2e4a5fb7fc35d217,Gafgyt,mips,mips:14217647071207816307,false,test
b4388ce1ec421843624fb5be8e9efd4a8dbdfd8ff0767ab5c2d52e967c2feccf,Gafgyt,mips,mips:9665326297907566741,false,test
cd3a7048d1f0bfa12f837855d861d3f4f2f243f0d92deb157b24dec3d39d021d,Gafgyt,mips,mips:9743999169107095841,false,test
cf4f06a35548b666518724eb4069f161dfb44481bee940e14c55538f3e665ba8,Gafgyt,mips,mips:5242471121384184055,false,test
2b38f53d3420aaaf82e6046ac72fca1c7aace8da26196c57dce697fc62448bd5,Gafgyt,mips,mips:3816011775113600628,false,train
390cc6fabad477500779b56947a6afd770b3060c217005ba7e36bc29c600e6a1,Gafgyt,mips,mips:3980902954867376819,false,train
3e5fcf0f45107db9b927544775cde5a0919175363f65f65767ad6191b0d0c152,Gafgyt,mips,mips:7202179940472100119,false,train
4259f212f5219a75da546fa86c1f9e000f767d2399c7e338c3309914de2d34d7,Gafgyt,mips,mips:10214819241021836527,false,train
524991686c6d82d1b24af7e69a2fb7f3844d220e438bf700cf05c46911b79365,Gafgyt,mips,mips:10244682013786988617,false,train
60d8d2b5e0ed16822f28603c2afdaf9598c4cb2347104a227aaaf9ea888a465d,Gafgyt,mips,mips:38863634287778575,false,train
6218f2e5e67cfe422001c0167d1e90aab28d0d3bf2ba062fef73e8db301b4294,Gafgyt,mips,mips:11127030772701122381,false,train
6a0b5a7a01f93d55b01a2c3316c41384a06fae92057fb61548c1ab7745b72d1b,Gafgyt,mips,mips:6474545453999990795,false,train
8dbe04bf668e369fc242629afd4ec88e060cb351e567e22c84fc760f56729d98,Gafgyt,mips,mips:6966638477023114130,false,train
9761eecb9693e8c259f922aac789c23155e31b79f0ddc408b5ad2ebf7ab20348,Gafgyt,mips,mips:3721997214642089044,false,train
aa6019f0e1a26d7949e7ac655eeb8111170f604eb7d6859312ab9526cfc6beeb,Gafgyt,mips,mips:12886989996441790667,false,train
ac43c52b42b123e2530538273dfb12e3b70178aa1dee6d4fd5198c08bfeb4dc1,Gafgyt,mips,mips:4358707749626176053,false,train
adc2c1a5e0d2b5dd69808ca693fb583606c0b2afc7eef3aad440d4e8324cdfec,Gafgyt,mips,mips:11690376668119631335,false,train
b798bb1d43a1852e9ab74d399b5ba5b126c7ae3555f072388754665cebe1ae65,Gafgyt,mips,mips:12052111120150447479,false,train
baaef01a6b2b27c0d24baab7313cb6bbae7fcb2db607f0f1f6405cf237fc46ba,Gafgyt,mips,mips:3905184592155960199,false,train
ca36066b5c683a679931f422f8fa72851b48b69f2db622278205b8bb1f8bced9,Gafgyt,mips,mips:4048139127274556459,false,train
cccbb4256f0b23d3b8ad79bdcf45de0b3e1a74a2845cc81f3e31bf40ea61df2a,Gafgyt,mips,mips:14410774194904748382,false,train
e2d71cc1d5917e089701025952a6934459720e9b64e4f3d0abb0b95c632f9f25,Gafgyt,mips,mips:9513653036447278966,false,train
e7245f61ff80af632a25d4d2fb4f1a6e4f589f8aad51684e16089b528117eb38,Gafgyt,mips,mips:15765203460376830452,false,train
f516d24786db9f6abf2ed3bfccdbeb65b48cbd4b006e8f8fe98d00dcc115892c,Gafgyt,mips,mips:6374470621207618115,false,train
390469cb399eddd0b841bfe4b7f466ba4ceb7e16ee3358a57d96d1230226d662,Gafgyt,mips,mips:15582111688990093237,false,val
484d981d1232772d1c57b99c7f90fb34f1119ab47aabb0297134eb64c0d0cf27,Gafgyt,mips,mips:6230063080257188608,false,val
7a96e0469f53d56e7e6c88a034695d629d976685b4686ff52eb9d77e894dd23a,Gafgyt,mips,mips:8793324046372814521,false,val
bdcd3560e7ffac0f3707cc0cc4d22419cd28d520ac4cb6d86750c30cd3359fc7,Generic,mips,mips:11177651528872389996,false,train
ed6baf485cde6e94caa8326b91d323dbc53af58e954520ee55fed80b044c1985,Generic,mips,mips:313379780009166651,false,val
03fbfafa96cf6dbafdd5ef1ffec242f9877c176b5161814eaa02af3bca518d99,Mirai,mips,mips:12832135147220531639,true,inert
06718d2a3270e54e09780357856a938c85164e09eb77e0d31a949946b9060827,Mirai,mips,mips:9137279560183896396,true,inert
13764289171446a04f4907db5410350a52e503e2bed2b2656d4687788c71263f,Mirai,mips,mips:16718846434976437914,true,inert
14196302a70ad3b6bd6acd0d2ef4b10fd1b5db8024346f6d3b762fd584e547c7,Mirai,mips,mips:12832135147220531639,true,inert
145ac3b195e49df4a59007f06fe865a71ae49d7816538eda065679fbfefa7395,Mirai,mips,mips:16718846434976437914,true,inert
17a2435c7cf4685f10c9aaf54d2dd09b38524c684f4cef4ef381ca1ff6dd6c78,Mirai,mips,mips:5643128942483457848,true,inert
19dd8a29a9dfe8045df63a756a193bef6b51a7ac07da83e8b045aed53a66ee7c,Mirai,mips,mips:16718846434976437914,true,inert
1becc98e36ddf2de7613a09b1444ae445b77cbbc8e8e0956a83fb0c1dbc9a618,Mirai,mips,mips:12832135147220531639,true,inert
220c9efc2abefd466e153e3b739574ff550e67e975f3e55bb7530ddaf84f9663,Mirai,mips,mips:16718846434976437914,true,inert
2339ef367b62c71a054cd6dad02d69ea309b1b90f54194d97a825126c6eb0434,Mirai,mips,mips:16718846434976437914,true,inert
259b374f496b6400fce2180e889a1343dbb2a2752ad397109d871be44f1ae3ec,Mirai,mips,mips:14194513605206682618,true,inert
2609d0aeed9dc30ded723ff183287834cc8d00f4aca30dcdb2650515b1470230,Mirai,mips,mips:14308866886036071645,true,inert
27146a49cd7bfe02b1589780d2b41633fc14d1f32c9d7b2ef6f2b2d7ec2ef376,Mirai,mips,mips:16718846434976437914,true,inert
279a477c002218ad7a6acaff4b09d9bdeb0eb41b20fc92f3322d1b0cd7016e0c,Mirai,mips,mips:14194513605206682618,true,inert
27f915bbe23f808971ff50f2923ef7f6fd43761f377e63a162cc23a7283b6e88,Mirai,mips,mips:5643128942483457848,true,inert
2a5b147cae7a6bc396925bd46f0a01e7d1347734e6511de80e8dc6539147929d,Mirai,mips,mips:14194513605206682618,true,inert
2b9e5677617ed01d2db2aeff6b1c7d098c8654e528faf3c37448837b677b788e,Mirai,mips,mips:14194513605206682618,true,inert
2be51df9d37ea015cc523bdf6bdabe9f309de68f804de9cbe95d782a2d17232e,Mirai,mips,mips:12832135147220531639,true,inert
2bed71166739fa5cc7555c7f3cf1ddce3c25f4a6b545ac6b27a31cea996b28e7,Mirai,mips,mips:14194513605206682618,true,inert
2ea5122b02622ca36c1769f38502a9857695d7bd7a855f48a7c03abb7a22574e,Mirai,mips,mips:5643128942483457848,true,inert
312f4ad27ba20ebeccbd49794fbd204e12f92d895660bdbd838752769af184c5,Mirai,mips,mips:14194513605206682618,true,inert
313bce40a9fdc68d3d7d024e1f36beb8a13cc0a63fc38b02cbcddd4f27d5d8e7,Mirai,mips,mips:14194513605206682618,true,inert
32fc42f1cf4ec4fc5b1f8b3339280f1475ca3458316e131be7fe5baf3844d4eb,Mirai,mips,mips:12832135147220531639,true,inert
336254e715cf12bbc51e2e866597072a376b6cf6abf9879860953fa58a4130cf,Mirai,mips,mips:16718846434976437914,true,inert
36b2eb2d0f84e34cb395bd7c007f19800a4bda9c0c7fff94c13a1e4077c272d4,Mirai,mips,mips:12832135147220531639,true,inert
3b0047343460ecb4c5b076afa96f26d093ba7e0d7aa59335f511a71e10dbe596,Mirai,mips,mips:14194513605206682618,true,inert
3c0eb57e81bbe6007435606aa7f60faea00f5b2e28242b886396fd367d7932e6,Mirai,mips,mips:16718846434976437914,true,inert
41cb6e3aa08a6d929d2f274c2b44a027ecdfc796e2c4dcc5dba81f8a8cea6aae,Mirai,mips,mips:3367183448041119906,true,inert
427d3584a9d573caf39c90eb1fa275eb0045971d858588c567cb8a413c106b4a,Mirai,mips,mips:14194513605206682618,true,inert
42b230a51b8a9f76679e80bfe6b79bfe0a245f902f052c14762f5ff565b68e65,Mirai,mips,mips:14308866886036071645,true,inert
433ef997af123579c8f537cd018f052b31ce695758fe5dce737c2166f8071131,Mirai,mips,mips:16718846434976437914,true,inert
46c3667ea905a28ad184e1d51ebb640adeae213321eda95122719bc602673b2c,Mirai,mips,mips:14194513605206682618,true,inert
4aa4a540220365eace8b3acd56d6f98aaf326c25d4a2d062a1bef2c55a93f443,Mirai,mips,mips:14194513605206682618,true,inert
4e152a8df0a56f834c5618bb005a63e5ded302782848297610b31e1267deb119,Mirai,mips,mips:14194513605206682618,true,inert
4e18e4d51893b3876e2e878a6387c056ccc73aed132a055286ba002d992a5bb2,Mirai,mips,mips:12832135147220531639,true,inert
4eba3dca28936eeb8ee0c235fc8262b865f2e7ecd1baaef1b3a3bdacc5740b9f,Mirai,mips,mips:16718846434976437914,true,inert
4f0e8e4c208226d3cc4832329ae691c8d7122a58354c0ea63df294a8290d67c2,Mirai,mips,mips:16718846434976437914,true,inert
515c63de2c5d694e8062bbc00eac8fcee100c34421770d16b352aa8f75c7f29f,Mirai,mips,mips:16718846434976437914,true,inert
51d32cf9471d884d12b4b05a13bed7ce1b242bf13db815bc0f4f27ff6c180934,Mirai,mips,mips:14194513605206682618,true,inert
52594e122a4e23ca754624a9f3686a46bb532ed8765ec81cf4acb58d3cc4723a,Mirai,mips,mips:14194513605206682618,true,inert
561a7d3a1c5a0822888b66bba06387626d9e4d6316495133c2179ae9c9449c9f,Mirai,mips,mips:14194513605206682618,true,inert
597de7298b33a1c81509fbb96dadc4a8609e981d8d80d1a71415258c8b8bb1d7,Mirai,mips,mips:14194513605206682618,true,inert
59858b037795a304e81c26ca7343e7fa33269e3f912fa9e765b4d6831670abde,Mirai,mips,mips:14194513605206682618,true,inert
5b55ef860893ff814b73bd398ee9d0ad864b56f1ad2dc3064b24e8fa8daa3aae,Mirai,mips,mips:14194513605206682618,true,inert
5bc08c337b78b3c384bd9d83fe72d8bdc8c0e90a9c9845c74573058c2932473f,Mirai,mips,mips:14194513605206682618,true,inert
5bffcf1f505f34a841f628530f0a90d387ad900a51ba640db3ea84521a518a1f,Mirai,mips,mips:14194513605206682618,true,inert
5fd18da1601ba782444a75247f0790d5e73c9a33a459791c870f439bfdd41fe3,Mirai,mips,mips:14194513605206682618,true,inert
60d93c5b749fee49c03ccf7004586c8df4839ee036a809d1daa7b287eb12cb75,Mirai,mips,mips:14194513605206682618,true,inert
65a8a1d0d6ae6a965f663abdfbe52da949b71b56bb774d4177847e4662d162a3,Mirai,mips,mips:5643128942483457848,true,inert
6c1920a619e30f3a6e0e649bbebb38415dc18eb4b7a1bd28b3a65311ec400c25,Mirai,mips,mips:12832135147220531639,true,inert
6e8350ec7ce56e1f1d8123b7440327f492023475de83fb739115e8b40c18ddfc,Mirai,mips,mips:8538800158110423317,true,inert
6ead05bda3093a9da5319ef0834cd82d8ba899b61040f5cd8b91365aae343f57,Mirai,mips,mips:3367183448041119906,true,inert
707e9ec58057c1747c0ddf64fa236ff1ad5d9dc8c366e35785e3570d78bdb650,Mirai,mips,mips:12832135147220531639,true,inert
70ed90ec9dd1e49f86124bd654ea630663de1c68ad6bcd11a52a32052e0aece7,Mirai,mips,mips:14194513605206682618,true,inert
71ff18b4e483db72ecd163f9413d5aea3b306015f805ae16ede870e26b570699,Mirai,mips,mips:14194513605206682618,true,inert
7204ece3d3f14d10ae5aa891f1284e58224a4473daef342fd083ec62cef39a6a,Mirai,mips,mips:14194513605206682618,true,inert
720f9c8cc4ca221c101fe6e9d8eda4dcdb58776c4b5e59a5232e874a37d81c0a,Mirai,mips,mips:14194513605206682618,true,inert
794bbd7444fd2ff95f9b0068f76488c7cf0fda6b15c698d9b74475c6f1e04fa8,Mirai,mips,mips:14194513605206682618,true,inert
7dd708c937f33b02c3550a453de49217224fecfaf7209fa123ac839c02a3db98,Mirai,mips,mips:3475479951325673779,true,inert
80cc608e0893ed375d6226f919b247daf8b958e6e2662f069ba90c6a91463ec0,Mirai,mips,mips:14308866886036071645,true,inert
87d620cf8d95e7c83f82935579c78f9804f05104a3d66daf51a41e0ef2b38438,Mirai,mips,mips:16718846434976437914,true,inert
88a5919adf91e5b09fcf50b7809a167677c6a7eb48c386b33f46d96c8c9bb2ad,Mirai,mips,mips:14194513605206682618,true,inert
8be607b7a2ef7a074835dac5a27315b6781c360d91db3f677d546023879c0308,Mirai,mips,mips:14194513605206682618,true,inert
8e514cbb828fa86c93ff8d5ef0f774e50376d781ac9dfb5af7bf2b0b5c378935,Mirai,mips,mips:17455691475121364524,true,inert
8e8075285bd68f2f53f26d9c305e644662c2c21baa8170df04b4c81b69e08fbd,Mirai,mips,mips:3367183448041119906,true,inert
92d42276682165d856ab6c928967cd7fa6ab33d394b223a9abd1decc9977f12d,Mirai,mips,mips:7416696788241279154,true,inert
9402b6d822fa8db7df0ea1abe744756e4bdf1d501ad670aeefe880c29b5639ea,Mirai,mips,mips:14194513605206682618,true,inert
94692c98c7b60941fe49973d47f8b4cdf11708d54ff244a6f25bbff386839749,Mirai,mips,mips:16718846434976437914,true,inert
9546b3a93b460c2172fc5ddd0e3b1e0c9e2452e4f5c1b857c2d467efcf75d9ed,Mirai,mips,mips:14194513605206682618,true,inert
9829e1a0ebfe1e2b54f86df77c0e6087cecdd8000db757166fb48a3738294c4e,Mirai,mips,mips:12832135147220531639,true,inert
a2bbebcb032577a22c6b89c7e514cf497fd519b9296698e114a414ae8f67ddc4,Mirai,mips,mips:14194513605206682618,true,inert
a4a425be45fc81e76e2020e14c64a433626e80d3c24095e86bc48fda189d70a1,Mirai,mips,mips:14194513605206682618,true,inert
abc0d82fead7ae2e838c1b5571101f22aa45a421d2185131a0e3d24cf82bd7a7,Mirai,mips,mips:16718846434976437914,true,inert
acad1fba8cafd1c84e7a84694474fa4e202eaeb8c3aae907ab844ddca8631724,Mirai,mips,mips:7416696788241279154,true,inert
adf18379706cdf0f3a8605627376145519a78a0d3262b48b8c89ef12022fdbad,Mirai,mips,mips:14194513605206682618,true,inert
af4fd72bfb45f324e9ff0a4470e7136b537325d043798f091ba87f327edf560a,Mirai,mips,mips:14194513605206682618,true,inert
b07f97a329f2817c2fabbfe558893df5d8da955e2fcb603c96a914787be3b6f2,Mirai,mips,mips:14194513605206682618,true,inert
b090f85adaca5dcc3216cbacb6c65ab265796a932f9c52b09ee1e8e2fc91711a,Mirai,mips,mips:12832135147220531639,true,inert
b16cfbb380cabc47bf7c3301df38a54e924767b5762427269697dbb1416f7f65,Mirai,mips,mips:12832135147220531639,true,inert
b3af4a8e2c2f2d651b416992807823d9abaaf358048975dcf2eef929093c833b,Mirai,mips,mips:14194513605206682618,true,inert
b486180c67ae5032185463987cbb9cdea0ece4b77e7352c121e489d612b7a21e,Mirai,mips,mips:14194513605206682618,true,inert
b4fd4fbc0f21e556daa42af88fd6a92c0bedd07796efc35b2878458eaecc15f9,Mirai,mips,mips:9137279560183896396,true,inert
b697ddc0b8e807f6350c707f8122154155aac03ab7e0c854758a51d3ac12f9d3,Mirai,mips,mips:14308866886036071645,true,inert
b73c353246e538253293ccc7caf7e6a138c1c28ae07462b99910262979393006,Mirai,mips,mips:16718846434976437914,true,inert
b9725f1137aeae46b86abb6db14a65da28cf96ec7b4071fac706bd1c954dca41,Mirai,mips,mips:14194513605206682618,true,inert
bafd52e1845a093856d56c6911afd500d8ee4fd73f007e3a2b61f21ae07cbe73,Mirai,mips,mips:14194513605206682618,true,inert
bb7c3966ff3cb23c38ed4f5f677472f54e4aeea4565db9e0f611d36778c64131,Mirai,mips,mips:16475101487484068688,true,inert
bd03e07b80ee3e56888138fafa7524f8e9d6c0b64485e5f187b35c4995224f5e,Mirai,mips,mips:14194513605206682618,true,inert
c2fce8a563369dc0b15ce9db664268654e6d31ef62a3aa289991cbba0c232bb4,Mirai,mips,mips:12832135147220531639,true,inert
c358ef7e769c073e6cedc660f70656f11bce4a79b352472b767d124113b3890d,Mirai,mips,mips:16718846434976437914,true,inert
c39fa59aebe392d7a2ab2db1e576d63c356f5f1278dc6c6fd42edd464bdbbcdf,Mirai,mips,mips:16718846434976437914,true,inert
c41534664787acd3e42596e281d347283f047e6b024cd005fdd3434abe5efbca,Mirai,mips,mips:3367183448041119906,true,inert
c4f536b9c84c198360eb1b5f9f1658ad1992f608470f116a67974ae356152d1d,Mirai,mips,mips:12832135147220531639,true,inert
c5976dde12d2a5b292124d6475aa7ae217ab348992087a397a01e50985b2d61d,Mirai,mips,mips:16718846434976437914,true,inert
c7c8bb85ec624926dcb2408db2de7f3a3c569ad4588e3211627d556169a32fba,Mirai,mips,mips:14308866886036071645,true,inert
cbab4b7b54039d3abc506e8d7ef8f87f359d17f3ceab78c5943a40a2dfd14919,Mirai,mips,mips:14194513605206682618,true,inert
d0a68a1da354d027bbe39d80575a3a96c3afbe62b67bb8a4f72051c31cff03e1,Mirai,mips,mips:5643128942483457848,true,inert
e062c64823c96c2106e7b400f160d2b80542620670068785fff805c445b8fb1c,Mirai,mips,mips:16718846434976437914,true,inert
e0ebfd6fc5a00aa64e33bbb36137fe3c73972f32b3e59d47ff3ac288c572784a,Mirai,mips,mips:14194513605206682618,true,inert
e3c1d01d76e3fe48c9f24a7444b623b02176ba829af3a494114ea901011f3c6f,Mirai,mips,mips:16718846434976437914,true,inert
e41dccab88ae6e7d24543b2bd6316a5b938f68a16f262da2fdf60cdb41769cd3,Mirai,mips,mips:12832135147220531639,true,inert
eeef875fd83876178d8e56a0035e24acb228bc84a49e31f325a2238ca774f34e,Mirai,mips,mips:14194513605206682618,true,inert
efab186f15f5693a337e85331fcd8d9a3f627a73fc6dd19a85ba0b48d599b70a,Mirai,mips,mips:14194513605206682618,true,inert
f013de06156266adc75e4518ef207feb368bd5b413097d6d5d30432d089e8cd5,Mirai,mips,mips:9137279560183896396,true,inert
f03580facf72c9f5a61a3683780389ee9e9c3f4bd9c1331df96cde88be5e5a02,Mirai,mips,mips:17455691475121364524,true,inert
f82bbcbc997df94cc32356f2d1220371f8abfb73a9ee0d9b73e24b66071b9268,Mirai,mips,mips:14194513605206682618,true,inert
f83dd3b8760b2c9d11a91167085c3b951bd11c863bd5b87cec1e5519dd278d67,Mirai,mips,mips:12832135147220531639,true,inert
f944dbb87b2d0524a7b82cfba3fe48982c9fffffe82bd4a3837295d6905e4b30,Mirai,mips,mips:14194513605206682618,true,inert
f9ecdeaeefe59c2253f4256a94bc57ebad4abe1386baf44c8601fdb0d9113901,Mirai,mips,mips:14194513605206682618,true,inert
ff496e72ce1179550b0e4661979bd68827e86c674ec38996d214f1fa10b97ee3,Mirai,mips,mips:9137279560183896396,true,inert
004f7f3ab243321250f50e88b5a20b346e6ce54573558d52d19c4b66f0e33e01,Mirai,mips,mips:8158073624597286326,false,test
0291a7096cb5e51f59de6dfe07f93255f0ac4ea88ce1705ecaa181cc11d1064d,Mirai,mips,mips:1101260347249780888,false,test
03102e9e8d279dcd40d65a5aa1d78828448e178ed33dc0e09bca93850670a638,Mirai,mips,mips:7151481410649263025,false,test
0537a8f8f41d0ff2ed998fd1d1794cd013d763358a963cf97de0e96d2b8da760,Mirai,mips,mips:14727795367047849586,false,test
05572e4f590c602fa3211a521004e0a565acb36460f4ea84ea0cf0bd9a423148,Mirai,mips,mips:16665980234286534452,false,test
060e4b55531caf9d0b9529c5eb830b34e11a3f92d9f2627f15d9efcc151d0e16,Mirai,mips,mips:5309959128503437727,false,test
065e82805a82ec3fab6ee66f866a4dd47684c8d001da7df89189e5d4e7b185a0,Mirai,mips,mips:2787874174201567151,false,test
07dad8dee6b4541d436b28512f8d19000b4b7a96f904739a44c37962ae2fc6f5,Mirai,mips,mips:4827821774943173049,false,test
0869f496a413163ea915c3dc7d93f23ada4c42ed64e1dd3920ca599f79c961f2,Mirai,mips,mips:16528555311006392654,false,test
08a85a448d64c7c7e803f1335bf5d5205acb7382d3f5d65e93e6b66c6560f5e3,Mirai,mips,mips:2521950540057180938,false,test
091c781d2df7bb29eac19f530fe79d560f73b66c40cff1f59e40ac477c68aef8,Mirai,mips,mips:2980208343626186721,false,test
09a654ad3942769e510cb0fb8e2a2799f410d7705894bf803f90e08750f0980e,Mirai,mips,mips:17528407334388437694,false,test
0a6ca09b584b94fafe1f82e2dd3e13578e5534539fb3c2115262d2acb35c5c76,Mirai,mips,mips:1753149692446365100,false,test
0a9a7660ceacbdd248f1b1ef5afbffd387e4742f652a0dc1af1a8ec05d12b38b,Mirai,mips,mips:16985209865444314013,false,test
0acc431a8658dddee0596ba8eed0bdf032285c510c98951fb851067d07a2fc48,Mirai,mips,mips:4657369663696804278,false,test
0c808ead9c5d91885924c9b1f19c1ff2ed9d36a8e4e22ff792f5609b46b11988,Mirai,mips,mips:3936036589994336463,false,test
100b6aec74c449a42d9dbca00a68591b1c1512de06e0fe452533c72c183a857b,Mirai,mips,mips:16028409749476354934,false,test
112235040855c68f32e939a603d0c8a1f1647cf90c4093637f7968a01deff51d,Mirai,mips,mips:11848136461005162712,false,test
12e3cbaa3a7b93e765b15e145453048a4896f511473d14e6b66563ec1a32de56,Mirai,mips,mips:11123442844971944232,false,test
156bf00613aa53e6df0b3fa4ebbfcb40bd07a3fdffd75d208b48aabe9d01a45c,Mirai,mips,mips:11848136461005162712,false,test
182ee1b2fd5682fedf5c9f3877ec03f0b3b8de59231a843fee8225417a508a23,Mirai,mips,mips:11469168688123433026,false,test
18da3357634c9a761b0b55aabe19e79ec7f002725725e99d477d4682746a4558,Mirai,mips,mips:5631197131311275677,false,test
196d1b638ff88103f51a3431cd255a5794c868884b8a783a00195e9481fa65af,Mirai,mips,mips:6386989750109182505,false,test
197501b701710e3687b8a8434630c5c7757320ae0e90d4bcdd9e9ed83402334b,Mirai,mips,mips:2830425715793874747,false,test
19c4dceed07ead0baf859b6179daa0da3b9ddb2a5cb9a3ded40b2dc3d04b3314,Mirai,mips,mips:4067925613309207135,false,test
19f6423b4d6642b343c5517eaa59e81d439c6e4b780bc7c8f3b345a7ebebfc15,Mirai,mips,mips:12933201932696196021,false,test
1b1453824673ec149f6a992a03288cad6343d3b0fcf37af23c5c471b72d457dd,Mirai,mips,mips:11345659627867086906,false,test
1bbdf8559bd6426f0f7fb08cf661423b7fb27e4952d5df2fc40f3078ff4dbf08,Mirai,mips,mips:4221824571147546646,false,test
1c8ab761830871143cbb8e5547a468c0ce592840b533cf26b54ebe4c41999418,Mirai,mips,mips:145231768598875997,false,test
1cdb4afbb7894662f0c6dfc6a9401137329332908850414476aefdfda839b5c9,Mirai,mips,mips:12979589993769978450,false,test
1d38f176ac70caf7e174863797b6f8db30e4d38ee33baa3df02b891fb0a985ea,Mirai,mips,mips:17576403732344401953,false,test
1d5a20e7a80326657d3bcea70b720e27f4c571157c5d382b8f37a337f58a6aad,Mirai,mips,mips:9439801437279246902,false,test
1f9fc613ebe334afef731faab0bc504df0d74fefe8605d75173efa6467619e75,Mirai,mips,mips:3226830448304116010,false,test
20a4d5e7cb0821ea6d5ee3b99665927b9515c7b02efa577fdc222cbecac6d4be,Mirai,mips,mips:2980208343626186721,false,test
2162c194ce88d49a9ab9bb09d86ae33833a9698c2d6f38cffeb6d3958caae0c5,Mirai,mips,mips:6226521073851148062,false,test
23115fedfe3f4de7f8dc714525ade0c0a89ec95a7472509a559b93e833b3cae9,Mirai,mips,mips:658384164637734670,false,test
23c3ae3eb2c0a3f0f9f3a813fd98c6c9b4bb1593f0685035462d92dc9d45d0a1,Mirai,mips,mips:2977964709571094682,false,test
246d56d8ea2d06df2e412f789d27d4dff20b7e8fb7367a3691d5b644c20942d9,Mirai,mips,mips:8445743157037078755,false,test
24b0f1f20997a62387fbe237efdab594d79d4414c449ac1a59a44f3e2a10c1f5,Mirai,mips,mips:7834170556995500944,false,test
250d6ee4efde0e6f4794ab1d3dde1cd16d1fdab2b6593f94904e5e7db36e3521,Mirai,mips,mips:5682566940075246034,false,test
260657b0953701f4b8df4a2332669b23c082166be0bfcfadfe5cfe56621c06d7,Mirai,mips,mips:11793416184035700763,false,test
26147bd7718190e72287e2ced050709f502ccf14b890295c34ba1adef055e6b4,Mirai,mips,mips:2447274777063665037,false,test
265ace1283ce2e56956b6c4cd17ec5e40b60c23d9c1955e4f8497d64a3085f0e,Mirai,mips,mips:1104739428059490587,false,test
27834490fe513b539356a1ae755660c18832cd6b36b1bd884eb971b80d9890de,Mirai,mips,mips:1127771245413061163,false,test
28f5bc5351362c61ea43038f88c5842560441fee4c4caa4e146e007d920eb120,Mirai,mips,mips:11473702037507458764,false,test
2b03a01e760e6251b4d94411179b58e32566f2b67e6f4875eaffaab672d191ba,Mirai,mips,mips:15905478268546684903,false,test
2b4ca5025cd7dde82f3046a0cc44b34e75ff4e94f324095380ebb2bc7147a40e,Mirai,mips,mips:2808204863680156438,false,test
2bfb0bbc696eb1d1402578362db47dc78a9e68595b6e0d063782620ae56ba277,Mirai,mips,mips:12949056720512455020,false,test
2ddf04643c880db3a6676476809289f2234cab68c6005e00617c3dda593007c5,Mirai,mips,mips:662156916393257860,false,test
2ee2d721d2a608d9ba34a042f88f9544fc9392200c35d07707b6d646e80c1414,Mirai,mips,mips:14126688446954501055,false,test
2f8ddbfe2393fc27be5fbe7d7970c4af0d7367d6f2a135dc99787f3be99f2a04,Mirai,mips,mips:16013324719129873371,false,test
2fd62d239a2232a8391f955b0c33a7cfbc23b042ee4e2d10b1681386a833f5b2,Mirai,mips,mips:6216626231109438280,false,test
302306fce003495cb4d3346802f3ba2a5808bfc889af683554bec9d4ed6b9ce6,Mirai,mips,mips:3449885785586773040,false,test
31241db269ab1fcf284888f92a4fa73c2391f684477fc28cef0cea1d81046d2b,Mirai,mips,mips:2448043495766711393,false,test
31af49f6f5bcb9758f91b23eb6397f25614413cc9fdc2498ca89e8f4e8b92422,Mirai,mips,mips:12094385507746949321,false,test
31e981e3f5ad4e690546c0e1c731c50634a33e5279c8e6df88d5b0e05851b002,Mirai,mips,mips:10818627750202209234,false,test
342ccdacd06d38696a7900e570450109ea416e7a10a1905b2238fbd47c214aba,Mirai,mips,mips:4427384900103790051,false,test
35136d2d327e36239aafb21262124e07592659461ad6f3881ee4114797a82553,Mirai,mips,mips:12303555847364667115,false,test
35233e3d313e9bcad9649f1b10bd60d46d934ed24c7e9ec4dff8241ba26bf62c,Mirai,mips,mips:3193166320350652128,false,test
35c6407508abcd27af4ca0bdbd1c87163b10b8a281e9fc996de7534ea79404c1,Mirai,mips,mips:5664892266186514146,false,test
36d4395cfe04e2bfecf55eefb51933344e3992a69192cb27cf1f457bc22ec87b,Mirai,mips,mips:18096787266668711320,false,test
379c87952b2d0ff0eb773b4e3af2b0844de05d98f7a1ba2431c6920c87ea4c98,Mirai,mips,mips:4257025683552028118,false,test
3883331005498830c3d818af853f7b3e0a1b444bd9d556a9ca9782e739b522e1,Mirai,mips,mips:10653319719382609670,false,test
3923cb53d7c3f67814e920e429c6a3fb318682471e6faa048ee64716dd4affc1,Mirai,mips,mips:11474059704460258140,false,test
392de9c817d8addb68a32a563a6cb3f980f494e1e723f35bf8fd816a68608251,Mirai,mips,mips:1802285688177292396,false,test
3963cf0574b7628028bd763ed0523028c193838022c5d9b766cfb0073d474d07,Mirai,mips,mips:5112096493544541624,false,test
397793272322b7f2920a5be71c3f5ab7c993bf5f7d8e09e5cb6c9da293120764,Mirai,mips,mips:15003227702127098935,false,test
3a075e4144ee0c65bc9f2fb5418c53d508db5072805fe2d4bbdc3c892f92cfe0,Mirai,mips,mips:16226397369600244389,false,test
3a3c266a6cd4cb7e1ab51151dbf5a9144460dcd8ea81ff44dc00f6f267372a86,Mirai,mips,mips:8756191928995056567,false,test
3bc444538931b8bff54c2c096025015535b2c9578a9d7977b5b4c8e395ca29a9,Mirai,mips,mips:1368462040216641063,false,test
3bcad99981f686b0ed6ddd5c7b5186976c20c8e919940ba40184d2160f3c0137,Mirai,mips,mips:1047257758132952680,false,test
3c1767dd60c3c0912b109c6b43449fd12b658f1d475899fdb00e4a02d3643373,Mirai,mips,mips:13308022112110905301,false,test
3c448d82931ec416611a51425616863812f4d04224b48c71ff627b0213205ccf,Mirai,mips,mips:2974186708009581775,false,test
3d8d5c2694f6ccd38864fef05fd63d6e1e1fbb376c5b704b6dcef21104cc94da,Mirai,mips,mips:1033135927311031328,false,test
3db7eb66184f263516b03eca6f119cbd6488848932045292cf4265af80986f2d,Mirai,mips,mips:17468428142962447226,false,test
3e7cd06db3ee2703b48a22f5536bbf48f280ff32e7708edcbc84f49850d177e4,Mirai,mips,mips:3130366850227426338,false,test
3f779117adf4dd833f24407cc66fbff299be539b014b0805fa2179ec528de588,Mirai,mips,mips:11960891315739402519,false,test
41a0574067dc75c4588a56a7ee105fdf3fd08ede22016e011826c4f729d6149a,Mirai,mips,mips:17180479807537766995,false,test
429c262bb328c44a336111659a02702f2cac56478ff9bb57a0692399f8dbf221,Mirai,mips,mips:17587299639436421711,false,test
431e30bbe823cb2a4e6a6736deb3432385689591ecdebbee95dc064a2e86902c,Mirai,mips,mips:14098116606962741629,false,test
4472b2a8263f775566097c331d5c9293916503a33e4c3fb5096f855bb22718de,Mirai,mips,mips:12147532042539383047,false,test
448a974e075fc634a523f5d33e3b186e389d6d5c7aaaed9b23b4da543450e386,Mirai,mips,mips:11323401430773949576,false,test
453bd08837ed60adf297ef392b6291c54b3c039e3b4af685d902e5412f3a0936,Mirai,mips,mips:6798537408709324087,false,test
474f068869d1fe74827c66def432a4504bdeefb63e96277249efc9867c323d49,Mirai,mips,mips:16686603844899222437,false,test
476031de6677a9638777ba7cebdaaaba072874c46f516a651ef61e264feca4c8,Mirai,mips,mips:7158986896538031867,false,test
47b40143012cac1336a6ce758380d04ae68beb87594515827deb05a50639ac3c,Mirai,mips,mips:16663810252509886439,false,test
491c57f11f89f7894f2175b999a8f71365630506979e3a6e549fb7e526603182,Mirai,mips,mips:4434116714803400927,false,test
498821fa163462656d67963e43dcb59be400765354c9ab76817d7be88ec3e1e6,Mirai,mips,mips:18006256366906367368,false,test
4a200941fb8e846549f697685ae88bbc6a2595bebb0239de5f047271ea81a6f4,Mirai,mips,mips:14147383006667210258,false,test
4a96830e65d8b79869cb4a343ccdc366ec6f90dd552eb76debbbb191ded0eb2b,Mirai,mips,mips:7707107093122502339,false,test
4b9106c86bfe68863d143f4d3bd380d6fba0ca0e57e957557b2888a55fd85c23,Mirai,mips,mips:8902831621945195701,false,test
4bbe96b9d4facacbf2bb7f95c59682dadfe8a1be7c01b57dc5deb3b3a8184313,Mirai,mips,mips:2998598680724290917,false,test
4c202d116bb34484f900b1a637d3098cc7fafd4f39d82252917cf037c6632102,Mirai,mips,mips:2299489970909705727,false,test
4c4c49324796a34df2134c485aac59c6743e21944771134b1fc8a86aba8f1a21,Mirai,mips,mips:5553590948178063437,false,test
4c786a1a5abda41537474c2d2cdea8830c5644ef089bc1d693e2ca4674a66c66,Mirai,mips,mips:15009612602834545736,false,test
4cfa2c724dac0b1084b9cf8a057031587dc5f7ca0d4e2d51d9ac8c16e6bf72af,Mirai,mips,mips:5983814485233791602,false,test
4e306f56538f2fd0464246ebcb28a659362c1657e6e33f6a9bfef127ca4b835d,Mirai,mips,mips:3737302213490905104,false,test
4e336ef2ead33250b6f7108881fb0e8324af18bd75b05a78c17f038d3e1d39fa,Mirai,mips,mips:962885286448132374,false,test
4eba618da04fe4f103846715d7828a9b4af17e41f6b360b5e8c8e475f05093d1,Mirai,mips,mips:10023123830007685752,false,test
4f344ba1ab5ae62e1bdb66cede59845e0a1c01a10eb33595af3c76d3366f2dd2,Mirai,mips,mips:17077273688514603860,false,test
4f42e049f9a924452b4786708f55e576bab01990147465148d8dfa0e08e0122f,Mirai,mips,mips:47646184522983719,false,test
53f56620c3c5781e9ea5161ddeecdd21afa28fa86b7d38c0bde46c0bae8f2a51,Mirai,mips,mips:17036896392986953486,false,test
554ca092f886c1295912c8f4def235054e9e60eff752830c3f70f51c0325fe42,Mirai,mips,mips:17753216158891798240,false,test
5680cbcd088b2d32a173cce9b8c01cbab6905f7e3297092dacd2ed102e70a335,Mirai,mips,mips:5135462317241006671,false,test
569eadc0aaadb403fc6c8038ff342d8b716820be05f720567ac68fb23e256e50,Mirai,mips,mips:7128802177372162734,false,test
56c56cc486765220977087c0e0d10966b3a3e3ac583ec2c39c3458ae7343510c,Mirai,mips,mips:3532719486940787676,false,test
56dab66e2d2dc0e4b007e4ff79279943775e0864c9e623466f9cd6e3ff9f2ce8,Mirai,mips,mips:8198859148810818549,false,test
580fd957d9cda232e182645f34f6f0ee41a70f0393afd534564c1b8e0df216f6,Mirai,mips,mips:2873674202295794418,false,test
595e70c76fb099381aeb9c25dde68631fdb115e57368214b0470ff8d67fa97fa,Mirai,mips,mips:3045718863131590956,false,test
5a09c86a1d60b97dd5371fff56cd6f04ca48c82cb9e24972144f04b909dd4a59,Mirai,mips,mips:9069244503874643990,false,test
5b1831c0f8e3269f865c8137b15ebfef8d17a36b81a377d0af228fca0d03425a,Mirai,mips,mips:11796173612596457295,false,test
5b199f6892261b25aed4f7aa34a87579c6a084c3118e3d849ef85ed343f33ae7,Mirai,mips,mips:14836848150317099182,false,test
5bf71882b6d0c66e6ff0b383f55cfcd62ae89cd1c268a76075c2b209abc72b2e,Mirai,mips,mips:9594747435318077291,false,test
5c85f9d88acc9a830e4099941d308a9f4c49f0ccf818d17063f56271d5a1cbbe,Mirai,mips,mips:16686386489770426307,false,test
5d8e3abc2311a4f1abb39a9b052f3f4baa864b65fbeb914dc0259ef567d1b10b,Mirai,mips,mips:10462440934398459272,false,test
5f95480479552d4a8b01bb0fb6e177c3644315e69256e0268467f8ea84d95c4d,Mirai,mips,mips:11236229553309085209,false,test
5fca4d70ee0a34ff2bebb6334f8a115eb5d237547332ad31d8b0370af1d1e117,Mirai,mips,mips:13796296048117627021,false,test
600c334a2d0ee8442add58920aeea846966400e16cf387a8ed1428e0082fe726,Mirai,mips,mips:6728569952075367397,false,test
645af8b17013541cc6475d074fd0dcbe8739dbf2a121dcfe20e79aad6aca59bb,Mirai,mips,mips:4979954366777107464,false,test
6465ce91939c5987313e989d65e19381214de7ba027f87fcc3709f2f0adc13ff,Mirai,mips,mips:5385011351193940286,false,test
64b0702030841c33ee1d4a35ebd6c69d3f7bc58b80a3e8ca6c1f87c09516c485,Mirai,mips,mips:10157543376127686424,false,test
652564f8a7891276e97910dd7277266de2d822bf515c6326346b2fe3d2c9d454,Mirai,mips,mips:5481681454039100056,false,test
6622899a56c6470e70af56e0a8f6388abe00dca25fb4931e10ed2e10054dd2a9,Mirai,mips,mips:5597375570877376744,false,test
6666910b946f42f6e5d51c2bd54126b54da6a50e55e984c09f2a4c2fbef836a3,Mirai,mips,mips:9591264854629601661,false,test
66978be945d062169cbdea8a003454f5e4de38315d0ddfeca3fb7d8cf87c5ada,Mirai,mips,mips:11187875043305398631,false,test
672c65ecb11300ba4e872c70e6472abb72d47f029d7c5c6584e273729bb38bba,Mirai,mips,mips:4015207806369602364,false,test
675c62cbd94c0c0df33aaa221ee9912b2c32820048eac31337b858a999744bcb,Mirai,mips,mips:4397712982062193700,false,test
67b368bdec9d1ca5f68aa64a0fd164af7dd02f89f8e9c34f7a580768a4f9614b,Mirai,mips,mips:6053164185270383681,false,test
68504a94525d8f8c250c001d4904f2160cc2a742197ba149bb9bb89101e07fdf,Mirai,mips,mips:16571487597255505720,false,test
689c50df86e40d7235203f45b5cf59d1091db50202ea28c8d63691748abd89e8,Mirai,mips,mips:7147302509400744262,false,test
68ad437374b179cd27da4978938377b3b4f9f7124fd51f393f1231b2fd4959e5,Mirai,mips,mips:16630268249935937725,false,test
69cc98ca950f2ab57aa815c17214d6f24079da06cdd0bb69eabadbdb7e50cea1,Mirai,mips,mips:8644892295022806059,false,test
6a334b9f607401132d9f671d0c1f992cb9021993c637ed5d8d7e3e73f82d8e31,Mirai,mips,mips:4806189433199163413,false,test
6b7372f1aae6e5e1104834d7c49ae45349a476afffa65fe68df73b3689588eb8,Mirai,mips,mips:3954858687629907256,false,test
6b76d7dd05bc3b9e6791eb96136c60d9034040015aa709c8d5f62046ddf6da25,Mirai,mips,mips:4419402296906449262,false,test
6c15f25982009988f1a1f71cfef1f9b17069f518dcabbb4c6219511c0af1c79d,Mirai,mips,mips:706529858193361865,false,test
6f4d0c99bc33cdbe89135732cf074a1f6161d80ef63f1ef0b972a10796287f2f,Mirai,mips,mips:16428421757482042656,false,test
714a919ad533e64d700cc3397688c139683eb64709d4be2fea58e8351bdab4ba,Mirai,mips,mips:11740017505840812665,false,test
7376ef4e32065473b76a4c20a000e3170fa21f6ad3f402f8f6c3c783679c30b7,Mirai,mips,mips:3923884354577271411,false,test
764ab43a9e8852c8ff1049f04eb2a5c51d0a6cc36bd7f7b562a12a40212e1786,Mirai,mips,mips:6037287415394778681,false,test
769e7e9b7790e144bbcc2153d0dd6f755ba4b1e78f1707e2aea7e5ed3b92badc,Mirai,mips,mips:9548381837722523022,false,test
77f5771db280a84cc8406fe13ac89b8f1e97e389f6d26da645197dd7ad0423d6,Mirai,mips,mips:10444172875695337282,false,test
788c46c3c5cb3d3cceddc371ecaa4d20a5c10ad57f207cf9faa745cffdb26c12,Mirai,mips,mips:14300826455107644474,false,test
78be442bfcce88c1e74da27f64da17b676d1fd27af5fc3a09c713460cdd67299,Mirai,mips,mips:9003172486820281893,false,test
791c5f0d58dfcefbe8835aceacfaed8f2d0ddff54ef8fb5cbfc052b14b0aa84e,Mirai,mips,mips:9374986369139057350,false,test
7a1daa6418c01a6445a3b65ba18a7c041efb50937c1a7d0cee2cee103235af44,Mirai,mips,mips:674270069661325178,false,test
7a3557719ffbf80ccc3d1f4f0ddeececafedcd56844c812daeeb5c2d97d861d8,Mirai,mips,mips:673070829343981601,false,test
7da681e1cafd8dd27162ae1b1651837a8210bca037492d59005a8a9bd4d2465e,Mirai,mips,mips:1967884117541039042,false,test
806e3c64d7ecb9a31bab76e5a2aa10bf056dde53eb9f3aae34a67ed527f15e77,Mirai,mips,mips:15197846614793350698,false,test
82364cf9cbf9e38ad2ce9388ea86ff18443957b3d5b5f658918ffffa3852f91c,Mirai,mips,mips:14868732183105504516,false,test
837f4938d64ab2165bd544993a75a3f48fa79596efba211ae2dbf60c9b2a693e,Mirai,mips,mips:8142545866799303736,false,test
83a5b5b7e075e4e3e7f505914b49861e61d8e4c24ae84f6eee315d6df7d94878,Mirai,mips,mips:17153099438677788989,false,test
84aa898e09da9afe3da32f61991d792533d4edb817da5646c497155db4fd3280,Mirai,mips,mips:16034411819419581039,false,test
85269be7abd19c58c96c6420e6b90f2dc52774750d0204c9951ca7a5eda19e28,Mirai,mips,mips:14814483477200945469,false,test
87b4f2d203f88d125408e378b082fa8cea224e5188f9451baa18395b39917a32,Mirai,mips,mips:1357172503163293532,false,test
886ce6abe924422b700a6791be07d942170d2d38bde5f783e822a5375dea4980,Mirai,mips,mips:2384232838426539133,false,test
889b9b0770e4bc09b2af4f60ab9155c3f7441caee3c946b1ee59b3698ed20df5,Mirai,mips,mips:8041159911428446117,false,test
89de49ea054be21815bff1a1c816e2337e97b6aa2daa433dcf60753e2727c26d,Mirai,mips,mips:6577373156223652896,false,test
89ee58f65e4692f638ff2d7b5e3bcdc1cd9e605304bf2b09a07d7e4918542e55,Mirai,mips,mips:13215190739935641435,false,test
8a6807402fff4cbc4b99cdf5d98bad41904295d5db800c41d777d24a6abffe2c,Mirai,mips,mips:2287649407444820087,false,test
8ab4f2f7986c7c93cfbc3515f34045d755620233ef6bf233fe1551ae8d6dc368,Mirai,mips,mips:9064267140678869825,false,test
8b1a31f938ddcda95eefac5c3ccad06da085a8e55f9264033bb3456008a7954d,Mirai,mips,mips:857901267188639225,false,test
8bcb68e257660ccf1d7a32d7ff1414c4fda85803f1a5ad6c44cb7b75639dfa16,Mirai,mips,mips:885832435337806186,false,test
8cfa4ea4480c1c772c0e75fdf87020dc1b1708456e1c462a8ea6cb85eabae880,Mirai,mips,mips:11640657930661076774,false,test
91e8fff5ae7154cfadf196077bf6180e1ba98b17a14020f129267d74453c5c03,Mirai,mips,mips:15765838598847690426,false,test
92051ff22f78ec2755fb91442d395173eed639b8548fa279f9f003f3a6f40f8a,Mirai,mips,mips:10829524846069482048,false,test
936de9ba8be909a61803272f224c9e36af85befd6a60f0813e2d474affd1c448,Mirai,mips,mips:9190263136625467789,false,test
94a48644675b575dee53926d6a174457637f1cb23773695d3971175b2a845f39,Mirai,mips,mips:8506515773861760349,false,test
960f4dd17361a218161ba1b2b9af13414e7644702cd6c04296ad11f5b1e39670,Mirai,mips,mips:2860337914978232469,false,test
96e45c26c296f69427859e4372e06427ecd92519356ddee49eb79fc4f53c48c0,Mirai,mips,mips:1404592525560174570,false,test
9792363b1c755c072ef4289230e55675cf731d8f71824c274eaacdbbdbcfff50,Mirai,mips,mips:7157643440176792535,false,test
98315b800d9adee2c02e3e0bca24b8f1d357118e32c8fc2c34c323acdd458dde,Mirai,mips,mips:9051518283200395058,false,test
997db075163d6f9c5277afd8cb1c6bedfe593474cb4f23fd38e882a63bc76722,Mirai,mips,mips:18302172035705673295,false,test
99fac0074d5690538812387a68d9a8064d0140bca32a57ddc858dbfbe7d31078,Mirai,mips,mips:14230683882962996685,false,test
9b77be28356f01198e6fdd8aafdcde11ab8372f345f1e654d4c9a99a5c0b1753,Mirai,mips,mips:4801960445815070961,false,test
9c54a15c9a67e58ab6553a1a651f17a5c64a4483bff88aeb791c86bf31edf5d4,Mirai,mips,mips:5177673515317535544,false,test
9c6f54d6c9e6b49b51a8ebf6d57e67b7f5f4a078335e8581aebb19424986ad6e,Mirai,mips,mips:17785756955877399971,false,test
9d3fe37932117e2a3084ef7fadec545263374beedba03282e61b13a7419be9c8,Mirai,mips,mips:26913814445183676,false,test
9d52ea0e3e8fb9a3d34c2990b0d92b5dd3a86728d48f6215d4d6b4a4910c7f0e,Mirai,mips,mips:10641679503280438494,false,test
9e1df7ee73b6aa10f42f6adf457310373d72d2d949a635c07421f3b99b667d7b,Mirai,mips,mips:3568278110371651979,false,test
9f908f321c33b8b5fb7d739d47173b9b6d9e0d27ed4b5684f09d831a2606dd66,Mirai,mips,mips:5664901945887041322,false,test
a0453af1b540bdeee22797b132530ce631fa65fe562f88139d54932d9760de2f,Mirai,mips,mips:17540055861984548816,false,test
a15578903cab2eeebf10edf2c60155b32daf05845be477d585e89e473768852e,Mirai,mips,mips:805060583136845721,false,test
a248655ebf8a65b1397e5c4779ef2119bbc344a38e5280ac9461288a5dee084b,Mirai,mips,mips:583857755847709167,false,test
a3240a35b1509bd260e7d64cf5785d48fd37abe9f9380808c8083760e6df9ecf,Mirai,mips,mips:14432299816729609040,false,test
a40c48371307729ed2032fae9abcf5c14208e43737fa6e2650e804164a4b0612,Mirai,mips,mips:7100247201972133434,false,test
a4b12df6be8f5059d552c31aba965775404ab58de050df2cb0add0fa5bf84b40,Mirai,mips,mips:9509924497086857565,false,test
a853c58c48f23d1d2bc251ced0f4539daf49bc34216af954ecc6de336d54ba2c,Mirai,mips,mips:9697068944949610265,false,test
a8808f7c5abaade73e281775cc7335e223af8a5e61fd65971f2fa7ec72add586,Mirai,mips,mips:12405690215701683971,false,test
a98b402240c27d5cd48e3380f6d3881f4e97ea4f8bf87adbeca50e668ca0b852,Mirai,mips,mips:13342354156965268886,false,test
aa504e77a2905cb1b2731872bf596d2e75d6887f72c12cd90b2890a0f1b10f63,Mirai,mips,mips:6652523727220837617,false,test
aa718d3c5dca5cd1e3fee41ac1ef3c362d49b392143560feb95fba09e4c9b444,Mirai,mips,mips:6364678100679104567,false,test
aac70ec6229bcdf17db9ace2bc2897dc3a5748f99a69ac656f9817edcb9e3aa3,Mirai,mips,mips:16366804281096801293,false,test
ab40b61829c9f2e6a5b6a97cc2ac97307452f11dcab4cbe5e124b4a2d9d90c7d,Mirai,mips,mips:16742515060157642629,false,test
ac82ce5975d7c4e4eb809f50cab5dfd7989849bd126ce9fb36b9807b4b636f5d,Mirai,mips,mips:8971690749142909574,false,test
aefc95c1e8f61cc4e6bec2f3b2481b82abdb3e250994ae4845b33c9799f20403,Mirai,mips,mips:222247620955056176,false,test
af036819e5ab0703099912425534f85809d644874e70b89db36ec19510f0f408,Mirai,mips,mips:17756168832995716738,false,test
b1b6d8ae4b798ee7125c8851fd2cbdf0011f28397cdced5b6dc6ed771bae8951,Mirai,mips,mips:327610860154029696,false,test
b22fa5b05553f22f8655c8a049af0f98c9e686c4474d0616ff5ca64cf823a42d,Mirai,mips,mips:15145800226752706010,false,test
b2332be93a00ec56d29d5873fda6707cf89d9b7e8541e214aef23205ed899c03,Mirai,mips,mips:17462419556890443733,false,test
b37fe514718bb39f6a4a7c141e02adbe28689d1553403d0f6a4711e1e4639b76,Mirai,mips,mips:504693367625562007,false,test
b4048e2ff08d95dd21c5bd10a8ea827ded2e9edaf799d5351b83156d251f578c,Mirai,mips,mips:3809023036878528763,false,test
b428d7aec246cf38b53f689c9ec7aa3bbc4d8ec8cd73f43140fe58cea2ec064a,Mirai,mips,mips:12909372123692698173,false,test
b4496ff2535492bd308d9da6c3f9127677330dea0603d20dcf9599eaf1758bca,Mirai,mips,mips:18327794923224375105,false,test
b7db19644f04d34bdb02e5bafd1c01f504271c682c6427dd0b86820a6b11f55b,Mirai,mips,mips:17663316025333800960,false,test
b8f3b511902b4eb5d1072dba07d7d415fc4ecccfb34add02f0ca87d0dc70663e,Mirai,mips,mips:164193359878272872,false,test
b90269a41ea24b72e917d7fe0e8b8531647ee96539942523e53903367a242a08,Mirai,mips,mips:4866354169722972601,false,test
bb97a0ae1ae30e10e1bb1bb00d602e678c5af332c953d257f33e161b1f49c7ba,Mirai,mips,mips:9344367363944182160,false,test
bc5b4e126187cec64972b0fcb824506b4ef792838bf7dd361aca49c1fd36a02f,Mirai,mips,mips:5356538152515362726,false,test
bd54cbdaf0d3df903beebe319bca533586727377fb01a486731b87b90894c652,Mirai,mips,mips:6295790487542178659,false,test
bd6b22ef602e4a1d5035e7c34c61fbdc36a4839a04d9d09be60da85caec56487,Mirai,mips,mips:3051395666582968686,false,test
bda06eb86512ee0d72fc59048b0694af331442c4e7e703789b8f00008cef592b,Mirai,mips,mips:2044397157832297136,false,test
be10808333633868eee8482f1ae56673d7928a397cb804a9b46f2182e2802d7c,Mirai,mips,mips:5617570836438608976,false,test
be753311de9cda6c3c306494d16edc2a64a41873dcfddacd7463e0031e3e885e,Mirai,mips,mips:10015143020452810193,false,test
bf176c6fda0b4bd505de0c040d7cea20ce1f57d8bd5c445a995e4c8814d5a1a2,Mirai,mips,mips:14606328126228301587,false,test
c09f3f5dadb76331c6214f6f4fd523a352e6867cf72dc332a64e079f20c061e3,Mirai,mips,mips:804478674359745887,false,test
c0b0f3b102707bdfa644c3de32352a55e0addbe339394dec5374cec056f6dc74,Mirai,mips,mips:5436048917488124265,false,test
c0f32715e525c3edb10c7e3c9f81357f6b12096d3b245d79af0fedacd6634163,Mirai,mips,mips:8570354749037901953,false,test
c12deecf8c662daa0afa2a6a270d8a064b6d3f5543b5693da3b1c0577bc23a2c,Mirai,mips,mips:2523282626628806446,false,test
c21c7ee93b5d37c2a25e8c058abcb413bfa6ad2cbc040d7989de5282e7481ab4,Mirai,mips,mips:8967912315344151473,false,test
c291150d44a9910d82298e1bbb656eb83d234328caf530a188c36e1ae4d1b4e2,Mirai,mips,mips:4934016504933451779,false,test
c3164255e9014c55de551d011f0eb9d59dd0f803857af56dae22edbfe2f462f3,Mirai,mips,mips:1104332562679779948,false,test
c4c34bb5c1c58930742d7982eb25311792bf9c58f2df9d2accb8cbc56d6f66a6,Mirai,mips,mips:10673276636398666920,false,test
c5be64f819b3e3a27a151b212a8d8d51639d04ff50da6d55c6ce700fa5e2893a,Mirai,mips,mips:2586668868241904864,false,test
c610a5f8655c9d7230d8ab83b8a087fb88f78e2044ef7d41bbebedf0bef7605e,Mirai,mips,mips:17902488344188310752,false,test
c6dfda19c6596ff66f91728c090ee47c2981d58acf7b1f7618eb188625ee5523,Mirai,mips,mips:2745746338761409996,false,test
c86c7c51ba58a79e34fad821470f98aaada295b6bd2fe861099d8689d0ab2a6f,Mirai,mips,mips:10076889286610590550,false,test
c8809af228d0ddd690aa02c5eab9d9f3a6fe835c7a33ab25cb1e838f8c132d6c,Mirai,mips,mips:12526324947155108930,false,test
caa53b955f0a321876562ce413985e216249db6510fefa8a91cb21edea60a2ab,Mirai,mips,mips:15633449174532100966,false,test
cae478ac5cacc7291e3a85ea3f8ec9cc1689dbfcec2f699757bd39519914c011,Mirai,mips,mips:5587388247930053330,false,test
cafe007bfd348f2f186d7522d1ed41d4b6b7832f123d281de914e8ab4332a53c,Mirai,mips,mips:8864449826844613299,false,test
cb224cce7dca9d10414287313b5ed54587ed6d83ac7fcf388c8da3aa22701a04,Mirai,mips,mips:3195140387408652432,false,test
cb90b4ebfec7ba30702f15cb5d696aa54ae83c14ed4e6192aad7776435219b98,Mirai,mips,mips:5262802031600988130,false,test
cbbca681df63bcfb376bca07b1c3e529756ef8c368f83261bc30abeb27ac7e12,Mirai,mips,mips:5386120210156684701,false,test
cd16bb524f28a1b5a45dec1f9165083b79444e33323ebdcb63b4e76d2d87d15e,Mirai,mips,mips:609030476090168292,false,test
cdac1c73786e278468c9816356108a397786da1bc88097d69bdd66bc0f604720,Mirai,mips,mips:10636723381484107634,false,test
cdca4fdf1f67790f9f7e1f6ad6680b7777609a52be2cea2970f97714001d27c7,Mirai,mips,mips:11509375086696499963,false,test
ce523e97f08e985a308a8dcca4733c6d0a7daa96b848ec4be6e017b8723b2548,Mirai,mips,mips:12298163702268329659,false,test
ceee6926860de1a1d54e00ae8b68e6034a97268081fd527fe0c2408b87f0baab,Mirai,mips,mips:2378617779023908786,false,test
cf64d5d1e6894cfdc1e1863d3fb2c2dd74ac7597be0110805fde4b6f977cf724,Mirai,mips,mips:2390324065626122210,false,test
cf83ef2e7ea5b7ff53175acea7a7f9b11bafe4bc371ddfc9060be4b5ff6b017d,Mirai,mips,mips:5037241148679438447,false,test
cfdcb6144166661453fb99994dd7f8d8aaa376e6772f13121184c129c69867a9,Mirai,mips,mips:3171018801666684637,false,test
cfe3bbea2bddfc39b486db6f190d40c023a2bfeb96b379683cd8d77c56e19f4f,Mirai,mips,mips:419104349694613724,false,test
d0bd65185d2b14d220688a349bd00f20f5e6ca9b8bf6a11dfc597fe058427a79,Mirai,mips,mips:2070506353579107095,false,test
d193921082760e7c64387896677ed24cc36cf72bb864b24e556b2b3e70d6cd2f,Mirai,mips,mips:10377875250419195092,false,test
d2b0d2fb2dbbfda4b5fa223a68fa070d3235ae0d8aebce84402b0ad1ee9c3b2e,Mirai,mips,mips:10147989430033468259,false,test
d34d6267fe26cde1c7349a0970a1cfe0e0e505c9517260035a185063cae40ca2,Mirai,mips,mips:16495276982074821289,false,test
d35d7e8101a3101b471445d9c88d61633d1c84a942a1d5d5e131aea70db6e09a,Mirai,mips,mips:3181285947659458755,false,test
d3665c4400ba1a88bb0bb7366a35b0837a431ae4524b2db62af5385ad80fbd25,Mirai,mips,mips:17389475229153914353,false,test
d4aed91eec0af14a4547a94308a58d2498307c80b6d8f2a02362cb14d5db5235,Mirai,mips,mips:2980208343626186721,false,test
d50504ee3c046f359d5e75d673d94c3b7f7ae1a7deef7bad2658a48a8c71376f,Mirai,mips,mips:13826178363194729332,false,test
d57e56c2cd8b5fbc03538b4da57c961fdaba41a05733e4f09cec6773a10d9600,Mirai,mips,mips:9199137710437102930,false,test
d68e2e64db90cd7c17fa52910a53b88f1eb06d8414f1238b52b99862a75d13e1,Mirai,mips,mips:12369391508564205286,false,test
d6f7c6dff9634485f46e6bec6b4f8cd0dfd0c04ad13006473a7803c49aaffd8f,Mirai,mips,mips:10958854437142678499,false,test
d7544b8a975196998ab7353e5b8fb4b03f1e28e884f6b46fac091011d5f9bd8b,Mirai,mips,mips:13613580915748527370,false,test
d82c258ee7dc3b90492cf507f40199fd1215b937c4a4a556a101bc59f526a944,Mirai,mips,mips:5121437762117574267,false,test
da00b6f08a1e3e608cdd7ffea1d92adb12d4da9095d866ff282d01ceca0e6774,Mirai,mips,mips:5682474418854138145,false,test
da56a7e252bafdfa55d903f292e9dd485a5dcc57758852c5c0633f58244db50c,Mirai,mips,mips:17862758209772613851,false,test
dbb2c747e06a83283d1f6c3679a5c5371929a731c8369a688434240d5a06d0aa,Mirai,mips,mips:10848698817274436408,false,test
ddda03d1bafb51a022c12125380e9a216ffcda0c4e8736b410b1a058cb75d040,Mirai,mips,mips:17144465876799663521,false,test
df77029fa3d22bc8a120f9050e5d3c5a863bf9e573edd5212f93e1e97b1790e0,Mirai,mips,mips:2440526083166026760,false,test
e06ad6ecea79bb5fe3cd5e2799bbb24ca7628e82db210399a5692405804e6124,Mirai,mips,mips:2885765012258283126,false,test
e0c5ef93cad91bcd61030af6dd3b07cf39233ea87142e4b7bf2761c37e93a080,Mirai,mips,mips:6150640071470487492,false,test
e24882fc5966e426fe069774122273f6beafba5b11329149817e29a987d78e10,Mirai,mips,mips:7530387704096350277,false,test
e280dd212fc30857661e6239d6736b1cb916b1db331aeec5a14f2228d857235c,Mirai,mips,mips:8879656406283655352,false,test
e3072d36fdf3600dfdf6f0042628dd880fabc935d8aef1fcc3b39f4a80275bef,Mirai,mips,mips:9404440122054373764,false,test
e37e342854c2985e80fa1fefd2cde9166512b8ee02138e912eb2e0a90917566e,Mirai,mips,mips:18109085754013566115,false,test
e3ad9863b84ce70dcc6c7d6f38b7ca358216c4a0cd3661b4ad7402976bca5ef5,Mirai,mips,mips:14649468338863659005,false,test
e3f484a24c1549c0dffba00e7329c0d527f3604b46f5812f3f6bcedee778699d,Mirai,mips,mips:9642931816791389666,false,test
e4062e268f8aff0c55b0f687403e800323db6362257abcb1eac2d75f99215bee,Mirai,mips,mips:4969110204559704181,false,test
e4364fbecc5217f2183d0a6f8f41dda82a46263511115f860dc6199036152e87,Mirai,mips,mips:10008682769555634906,false,test
e446189b4aace60a68b7154f86b7c2514704382b22ae40f00bc11b480dbcad2d,Mirai,mips,mips:1356974105212453420,false,test
e59af4e4689fa92d9f45bfca330a13642cf59cff6b73c4a07faed8c6e8c66229,Mirai,mips,mips:1636288552347460150,false,test
e5fa58facba377bf06cad90b146f81230fbcfc85fd19effc7a9c2b69fccb8004,Mirai,mips,mips:10224280985989144523,false,test
e69e75183a47a1c40afb9b7c1b1a77419d49686f4a3d68832fff16bc51276cd5,Mirai,mips,mips:17439195538925729799,false,test
e89b3c1fa6b6bf04e011731ea27b1353087512693049c890ec4b9ac4c0a83032,Mirai,mips,mips:783179575298856388,false,test
e96cbd0c03b773c1874be8db88f4bb2584da19b5e12f001f4cc796ca4c377193,Mirai,mips,mips:13145085574169543039,false,test
e979ed19465dea2aa29563b7869771b404636392bf0c55e383873ce04841d38f,Mirai,mips,mips:13427481894475926347,false,test
ea0b01fd6c1ac57a635ea670d630f5c62a69b79016cdc617499154e4bf4fe364,Mirai,mips,mips:17417720932031972448,false,test
eb08923c3da1e17c8eede6d0c32ab76e5dadcbc6266bc7e29128020163cc491d,Mirai,mips,mips:11678871829893592461,false,test
ed14e4d7f7e31e7b96f2b1b1cc97245366b7f6daea88099f8d3c61bc20d0f3d6,Mirai,mips,mips:9169550400975111989,false,test
eda758626ef4032c265da86fde48ed22f7f4cecc6e5d0d6fee3631e09b2794e5,Mirai,mips,mips:14688094352429556422,false,test
edddbb7259fa9a630f029a1cf7b74fbefe322c3429de7fae029ed50627c22316,Mirai,mips,mips:14099480468508399380,false,test
ee2514165ee184b03a7dd566a461bdb892a3518d8b11f9f3fed5dd1837bc5898,Mirai,mips,mips:1615196444763006893,false,test
ef22dda68d73fb4a1ec51e090405f42fcc6783affb661825d5fbe48931faf733,Mirai,mips,mips:14770992693100160975,false,test
ef2d40d10f5f3e4c9aea2000a1c695e65a8d53f6fc354743bedbdb86bf9b8776,Mirai,mips,mips:18250614159788295229,false,test
efa613a32c26aa25870e8b4cd4c5832b5d1fdd7870c24c1ff71dbd460e3e318e,Mirai,mips,mips:16624005252966080783,false,test
f08b55be18adac1d933af7e27695e23a832f69c113610b78961792ce3acba993,Mirai,mips,mips:7288854948492530345,false,test
f355e92d7e7f3f3c77a4c85d449fdc46066d772976354d40b80678fc0c7e8aeb,Mirai,mips,mips:11685106090800869062,false,test
f3bf4fcd2d75de38545b33f8a897b95e56e7d0652205414b043a36057aadb951,Mirai,mips,mips:4079572472767101460,false,test
f55cbdd63986e9380db2c1077e773c5bd1726c045fe272809bf970c00cd5c7f8,Mirai,mips,mips:15767438600817906036,false,test
f6d396e6782b1cb1e4706e9b2c4e3c7bbfcdcbb8bd0ecd02798457ce00da2821,Mirai,mips,mips:12738278236807588918,false,test
f8a71156351e8c9a9f9d12e9416c435980864b9fd7c7700e6b3a2d40189eaf4c,Mirai,mips,mips:8134663630542601643,false,test
fa0523d3f6cb6dfe9e86f1b60abc174d20c99c28cad950ab5ede21eca27c5464,Mirai,mips,mips:9130532980492810719,false,test
fad9d2f9e9bd0404851867ab0609784dcde55788e388a592e3c6ec508d478e55,Mirai,mips,mips:17856807972621893865,false,test
fb06e7aa24830d9abfa278235d746296169495b91d6e9bcb06a4662e1e781c6f,Mirai,mips,mips:17931707673999094864,false,test
fb6e64cc7b44b09d6fa84d538f62517ab8fc208850b725fbf8c5cfbc9021f9f8,Mirai,mips,mips:12296828617794947204,false,test
fbbda0872603afd1b380a582ac4ee6a3626b297dbfcf5fb29cbb9bac338f9550,Mirai,mips,mips:7021235550025222288,false,test
fd47ac5697fd193a1ba1a5c3fc6f1004a033ae0e9e71cc0538405376285c8873,Mirai,mips,mips:4335711446153959666,false,test
fe01f15feddd01e2a58ef9917a84b1cf30d0cdbd7ce2f3f60d15e694a85f3356,Mirai,mips,mips:18385296620758963715,false,test
ff86e994590c08575c66ce87d3e0b37a5e3538881e1fb6ecdcf570c6b3bef8ac,Mirai,mips,mips:9173778366301924202,false,test
001e5ef7cc01943bdabb8d4b6c95a666b074757dc2fc05c0c2b9eb9fc6039816,Mirai,mips,mips:5372582485226645064,false,train
0055b2920e014ce3ca26098c419367bd21cbc370cb65065f00564aa2c11fbace,Mirai,mips,mips:7035338146551203316,false,train
00b1bd2146d08c032b3bbbfc2bae2bf2de29057b541c3e575a986605219bc4aa,Mirai,mips,mips:7835929536124588163,false,train
01063ac902ff5128d74bcf3d618e7ac84f2a12ed945f8eac7871330f00ca8e71,Mirai,mips,mips:15920207437160354614,false,train
012268e37720944d479bbac5833502ddb2a40c3cf9a7bb6b2dfec93359031cb1,Mirai,mips,mips:8784110084416550159,false,train
01233770592ad499b26a6981a8bf2698189084591212fccbc84b70c5789519cf,Mirai,mips,mips:9827202875933547766,false,train
01f83c577f7dac3364e65f65ce6eb016f5105517773619dc5b0087fe414322d3,Mirai,mips,mips:13932312276035605156,false,train
02411bd0db40486f6d7a807f7ee68afa5c45ebc0ee2c6df4eef89ab3e4011074,Mirai,mips,mips:17466550726339113247,false,train
0253c6808e47f70c92ac7ba43b3c8b258edbe80300d9f0631e181e3335f75428,Mirai,mips,mips:4695121649717463665,false,train
025736b7f74f444b4dc51cfc57ed8ab883d9113a59e9a7c17b0438d5644137f5,Mirai,mips,mips:8736344435911986562,false,train
027959e78811e921ee4fc402c85d46e3cf0b9d3902fc38cf2053c04283abc3b5,Mirai,mips,mips:11769923411215649565,false,train
0285af502b15c6ed186cbf2c7e5ca64c23394373e9ebef3b7103d6b7c5dbe5a3,Mirai,mips,mips:12124458622659447549,false,train
028e9c594525d62ad3c24c200e715706c7598952175915ef0d397866c24614e1,Mirai,mips,mips:17705941796415057381,false,train
0317513fdcc75dcfc7a86f47ba02eb050addf2c958de13b9e0793f61e570ec46,Mirai,mips,mips:18325072636778180160,false,train
03ac5b6966213558121b7857aefc2ff4e0ce8f35f4d3328fbc866a320dd80a7f,Mirai,mips,mips:5637740021218521716,false,train
03ae912612e58b7eb1b1d99b8a40f52a6e8b5b7e7402922254ea2c57752000c7,Mirai,mips,mips:2428228699396843011,false,train
03c6e4afb1aa6e74194d70b49d2e10037ccbd794fca0e63eb8e4ba1f4133a9a9,Mirai,mips,mips:13888000681821595200,false,train
03f4d720c23753736ed66f414f9a194bb8ece50ac538dbebf5a71b78f86b68b7,Mirai,mips,mips:17836446541873786540,false,train
040f469affb33754566755397a6600bfc43517643e4d5255acb42dc231988085,Mirai,mips,mips:17632426660422744603,false,train
04520f8b115a7d624338a88ef42788140e678997ee4692cb9c92f79afcfdb5da,Mirai,mips,mips:11855611946339226220,false,train
0492f9ff53ddf0e449f5b15b786c3d1effd7308a061002766574b010a557f188,Mirai,mips,mips:17578771757331415500,false,train
04d45349815eeeeb9db8917501d68b743db30c1f6437de449957329d581ad858,Mirai,mips,mips:14010114313521527671,false,train
05281980990544b12f03fee1bcdeb2be7bc39d00faf8efa6e10b47249f7997e5,Mirai,mips,mips:8451144951629217252,false,train
05473a7946b2c2fe7ebca0498ddd166b7100bc668dd0998a5ecb39b0c1283705,Mirai,mips,mips:15793025235978297164,false,train
055801a583017cdb09c093f780e7581fed95b0e7b7c08ba130ce649a4217d48e,Mirai,mips,mips:15832599628933204658,false,train
057c312fa31d1b1e799b110248bd1715f6e025d4a5e4566af219064fa8224c5c,Mirai,mips,mips:2680976439025676923,false,train
05a49901b0dc0fbc077ab304533881dd5c5bc2563005be9a6f5a039dca441e35,Mirai,mips,mips:644116456415468727,false,train
06091921c3e17fa464a9396fd11e23da68792a376adff9b5fa39289317ad8047,Mirai,mips,mips:11266298157229614308,false,train
06550dc4ccdcd1ec57eccf6f5f95616888a612f46405213cbc65cc43ed9fd60f,Mirai,mips,mips:8768030904218106196,false,train
0683be18ac693fc3f1e5d2ed04d3b6bcd842f35cfe5a20e28bb47cffd561a019,Mirai,mips,mips:5048064093479631260,false,train
06f757d08a6c91c7cb54de0a02560308efe13cc5c4191b77780a917f9fa2f8a3,Mirai,mips,mips:9368673405430125422,false,train
0734b52c751928dfbff7d2bbfc51b99b75bc32227625965fa1fd0dbb7a00c61c,Mirai,mips,mips:3148834913478034349,false,train
076b3e992ee1e67e8d9d6f4a3e2e9f90723b33edd319abbc3e9ae9cb47467c51,Mirai,mips,mips:12578774093111872003,false,train
07a0192fce82c7d1609f216237ae40381d0fc392f8997c3512388b890a09ad90,Mirai,mips,mips:16245263077115778354,false,train
07ad000dbcbede565cb4a6e9bfd169f6fd696b5374ccd0d5b6fd84cbbaed5e4e,Mirai,mips,mips:10296850191304758305,false,train
07afa31bb86c2acfd0e66770b856a13e8e917419ec019fc2c63ff83b240f37de,Mirai,mips,mips:7174545513178921836,false,train
07fde11ea5832bda1eab22c64f17352f27dfd86d9309daf89d9b24f421e7dbad,Mirai,mips,mips:9525115511915648071,false,train
0810d8d7d9f3186d58500269a345ccc07abf2440bdef47cb9e5c6c2474c6da76,Mirai,mips,mips:7465288300799541029,false,train
088a1236fe2497a4d682b202e1a92979d75aa65dd5dc753a5bba19379c62c0ed,Mirai,mips,mips:13787303510937647567,false,train
089c9d48e15c3feeb101f914eff1e18065664fa6323564aa2a44c6e83e87c0f8,Mirai,mips,mips:16149582863815931282,false,train
09a3d2201c4f244bb792553933691ff4e307523c149980dd4d12710218db490a,Mirai,mips,mips:13932526417979822635,false,train
09aa95c3357382bcbc7cb026875b73704853e251b29c68084df486b91510c661,Mirai,mips,mips:7188242357848572612,false,train
09b7cea73ea71f3b131bd07bd60ac0da78fe4ad79252ed2ab34b1a0618b9c4ba,Mirai,mips,mips:3698292360787508525,false,train
09c58dee3fe6b11bcb46e52d8f940f9a39b7d8ead9f88d934a0caa964a6f64fe,Mirai,mips,mips:4764428433129365099,false,train
09e90abd81641fe8c169b5edaf0ac264724d97b2bd4475f5ddb31bf8fda98f94,Mirai,mips,mips:16845549067948080776,false,train
0a0e5ddd80c80c22ef44345f0426f818351f295aa2ea865ea8a57ab532c594ae,Mirai,mips,mips:17185441356560376641,false,train
0a16f035cd67ca785102451eeb3a19e3f0bcb30f6999b1ed84f8a7255c34f7e6,Mirai,mips,mips:2342491174662275821,false,train
0a1fb86805ffe53cdbb639ac611b748a870118fe2733c731ff01507bf6db9a4b,Mirai,mips,mips:7997939133663662696,false,train
0b202000f26ffcae66caa9f477863b13243aca74d9cb11214708751fe7f081da,Mirai,mips,mips:5421246903727992641,false,train
0b7a541f28b02a615318ecf81e9ebf84aae6cf74cd2692435dbb341952a0a2a3,Mirai,mips,mips:5354638453234144300,false,train
0bf59073e75d3612667160b8af9873ccdfd260f87621123008cea743b20ca2c3,Mirai,mips,mips:16841083899629223575,false,train
0c021473f58d2fa5d91a291a281a6e09b764319cc202e9dd9de2f2eb05b50e5e,Mirai,mips,mips:17315379152202618218,false,train
0c465a51240dbf901d0ca230025e5e7033aad2ae12f6f6d9177636c1cfd6128d,Mirai,mips,mips:6442391179559372890,false,train
0c7b1bc887e02c67859ffac4bf889302841f7925197592d33936b431e30d7ca4,Mirai,mips,mips:17800512277611058057,false,train
0c9a907eab08a7b857d2d9fc1fda5655aca3e0dde638b49c87bbf8a765b36856,Mirai,mips,mips:3497924439565541717,false,train
0ce71d2c64d43a2a4b3c2ca6df3fd847e3e294e9404d29f3e2ed57b9502d410e,Mirai,mips,mips:7979830491706064869,false,train
0d10eed341f3508384127d09369904d7a8c33a019a19d994adfdf04bba2fbf98,Mirai,mips,mips:15987944242882293209,false,train
0d41b05e155f1cdef618467dfa638c09ebcf5ad70416fa30db32ced0c7e82a84,Mirai,mips,mips:13859389761865364079,false,train
0d6e4055e91a0feaca2f77fa84c179fa1f96352d09a2ccd8c2690d3015053642,Mirai,mips,mips:1957090954017839,false,train
0dd3bd2cd7ab6941134b2a85e588957852bdeb9520a6b71122b215cd5d543921,Mirai,mips,mips:7499972007881325134,false,train
0e93e54f6e9cac9cf6be1609f9e9cc3a3429f7716f96c3657c15a6afa94849c4,Mirai,mips,mips:15079179570689691019,false,train
0eb536eadda56b7e10b7a9d29cc1aea1c3ba44d79b4714b128c71351c09cf1c8,Mirai,mips,mips:10947159894587067115,false,train
10013495acd442632172b37809853a9f904c93d00616fc0a79e96194a6e7bede,Mirai,mips,mips:15900740830846576511,false,train
103507697a6c7c5b06735f96e9e9a333cac1181f0d72f891ad72c471c10ed827,Mirai,mips,mips:134560440843921020,false,train
103910b67337be655331d4bdc0a39b4903d585724dffd00d91d375e01d859ca4,Mirai,mips,mips:4240589585027653244,false,train
11301d048ac0d3c1a28607f99b71f2b45c0993796bd2f1a7ec63205dfa9dfedd,Mirai,mips,mips:16647638247277465077,false,train
1177b770442a2e5a268c24cf3f8697317efb18b2c7bdce22c819d7aff7a2b661,Mirai,mips,mips:5913877971604305988,false,train
11bb98c1f9d41e0ad7ec68cf6ac863501cef8c1781f7edf08e554ca97cfac021,Mirai,mips,mips:12922109174692848096,false,train
1233ac9ef4361f7eae6118ba9542c6b332387d790e06fdd71c0bb932f0e160ee,Mirai,mips,mips:14014832287713092252,false,train
123669e07d21ab9b39d86698260651a72f24b9235f99fcc803ff4dbbf554bf2f,Mirai,mips,mips:9427748040955218586,false,train
128bb00621f999caf530bcd4062fa1c5eb13057433b73bb0b0af1339ff434a97,Mirai,mips,mips:4036481147661179856,false,train
1297059aaf7be8be655b022084620ca00fd4dba156b63487efc5b32d5bdc4d0c,Mirai,mips,mips:15194136826024108045,false,train
12b32f968b3cce3e1ae5defa1bd523fac2165f8fbe112f63d041901c6156736a,Mirai,mips,mips:14508115039524387335,false,train
12c300d0bf57e05e094dec570e4f42ace565b5ee2c6a404346d463ecc003d51b,Mirai,mips,mips:15755509526812304218,false,train
134dfd0bea49e95bd69b750a17593a0283cf71be19970d9ba5e4a7a02e0458e0,Mirai,mips,mips:17113070822044980008,false,train
13be8fd15f85c2103631be629d6b1ea1bdedbbbb0a5254f3b0fc0237a92e1ba1,Mirai,mips,mips:10526521550996227846,false,train
13cbc5126ff521616e934b2050bdbad0a58f88c1d5f71345f9a1c050b3052ba7,Mirai,mips,mips:2433884870546454442,false,train
13ea75e9198c600e774b968a48e3cd1b6033f6a6abdd42e0aace7ad9cadf4d15,Mirai,mips,mips:14010862326638653247,false,train
14048a4a7882dc8eae102fb042f5c4a1dc3ef14a99737b47ef2c16955aef5cab,Mirai,mips,mips:2904361987541672699,false,train
1429cf0a77abdf9b7168c9227951eeff0a15210953112cac250dbcda740207a3,Mirai,mips,mips:9538714631910315265,false,train
1458e15bc3fbddfd6e4fc17ce941c967c7f7f6d1288bca12c4ade06fed868de7,Mirai,mips,mips:15096528584493552511,false,train
1484c4654365d7626abfd2d350e7b910cd06a6ecbbac34a477d9c3e8badd1d2e,Mirai,mips,mips:13188965639620161933,false,train
14b5a714210ad9239d3fc3c1d871fd28fa183297574695c5d67f763a04a0bcef,Mirai,mips,mips:5367112122384788253,false,train
14ccd005b0f141c4930d1e2f65fcedfbaa699dfd89da05ad638c9b2942b93517,Mirai,mips,mips:7922184533292782268,false,train
14d6462194bf28f3810e1c4e43c23a7a0d9b48125537c86d5a876f671fc963d7,Mirai,mips,mips:18297422329263228243,false,train
15810771767da164952e697eb930499ff99e869e11bf17e72bef8b137f61632b,Mirai,mips,mips:15224197347196641270,false,train
159afe404ba0784a5197e46c574ca7af10f99500971f6fc95791685231944eef,Mirai,mips,mips:16451562524016080933,false,train
15bc7865654cfb5ba21ea601e549a072c015f9d73f2d0299f87c880100d0523b,Mirai,mips,mips:2321859483297817262,false,train
1669d88f9a589ab3edc36c3983da75c0b03c0d764a048ec0846e0280a6b06e11,Mirai,mips,mips:17652021087633170426,false,train
168dd33832608e27306180440084d74cc033394c2a46d4f845521353dfe7baae,Mirai,mips,mips:15697707380477212233,false,train
16a2538819ceb85426693e5b943becf7daa7d694c9bc8ae6b9eb67edb91c209e,Mirai,mips,mips:13228448103326433320,false,train
1722bf2ef484b3568b8ba3aa89a41509b3921b04f27f6c95417b8c94a4647fd5,Mirai,mips,mips:11639603472025936185,false,train
1731ad02c2797ea1a8a2b0ecd565a67cee510c0ab61c9965dce8654ac86c851f,Mirai,mips,mips:10879821181946956108,false,train
1742a7073ca29bde8bfaffcef223143b9f3623aca76deefc7a9eaac1f86ecdb3,Mirai,mips,mips:7430892575621391662,false,train
176c337a62932d40aefb262087f48718c37ee2ab89bae1dee96400f8a16e236f,Mirai,mips,mips:8161887781698342970,false,train
18ec1bca820f76e7078595799fa2b8ccdc4e31b315cdf40d1c5a9a6b5d173c28,Mirai,mips,mips:6943337675258264478,false,train
192fb957aa1932ca14eda11d2216e2e6dd1a9a8c8be235b79cfe12ea0158343a,Mirai,mips,mips:8312616062210372082,false,train
1990c464b4e1c1bc7f1d638e47d723b39a74d66ab11a60e4b705a20e477b4605,Mirai,mips,mips:1452202825095719982,false,train
19c1fdbc570c91ab641c42e142023ed2f598662aea1c4c769bb4e5f10e1a954c,Mirai,mips,mips:16484109193289269326,false,train
19e0bd2c89d7548bb8dc850a443b7702076972e5894ec2d566f73557202fb3ff,Mirai,mips,mips:2623492930044942108,false,train
1a2244213fc48a7788d84fd8dbdbb7c9c1f2359062b890f51cfcbcae10a61c0c,Mirai,mips,mips:9738090774501184403,false,train
1a511ed17857b3e4f59ffba35a92ec44c242a1c3d558bb2828c23f3efc06a3f4,Mirai,mips,mips:14360349550691388441,false,train
1a8a783f9a82cdc67d79449cf4ebe3697cbc03b1087ed3090d562f6f2f0ea990,Mirai,mips,mips:13677563117268687475,false,train
1a8d84742364203d933395392c3672aee8cc1ebc77fd473671b3caa21d1395ce,Mirai,mips,mips:12737605446718020604,false,train
1a92d0da6e1d590e5d602b91d0e09e58911352fb3afb3e83636d216988e0a6ab,Mirai,mips,mips:1392645583248315695,false,train
1ad8609114a99fe33d2949fc4ae3636c47b34a614195bb9002387e47aefb91e8,Mirai,mips,mips:16195027916147074052,false,train
1b3cf6d8c0cc6d0ecbf0d7db54cfc797cd5539f11bb024fc5f234ef1b27dfd38,Mirai,mips,mips:4032284427088289341,false,train
1bbeaf73a244ccacb7f84b68e2ce85fba2aa6d890ad8fdab51eca2ff15cad33d,Mirai,mips,mips:15547447405424087802,false,train
1c5990172988c0310ee230667159b68c2bf8f4cea0630b91c5fecbb06ad9dbae,Mirai,mips,mips:3459744281815043543,false,train
1d58548510002986581686c990d8129a2de80eaf04cadf26387e2a2a24548314,Mirai,mips,mips:124689751356163157,false,train
1d615b5dc28f0813d51217a1221edafad446c69910f94f42793a8e17242fdbe6,Mirai,mips,mips:9149446858058711214,false,train
1ddc163a3a0e1d2d83035f96b546468985cee9a8a0a04d39f1e7a76caadf30df,Mirai,mips,mips:10579849976265716194,false,train
1e0579ce621d172b5d016b608dc67c6052604fd7bd8146de6629624cf18f932f,Mirai,mips,mips:1171028632683976679,false,train
1e5f96da8cf2bfcbb41eecc50e84c519a603d10b052aa9ce4a7ab6203bd6ceb7,Mirai,mips,mips:15421544110899300,false,train
1e75ad90a6b49cd011f089620ed30cf80fcd89e8b55fe4b4e90af9dfe4d180d9,Mirai,mips,mips:14673785950545766250,false,train
1e938bddf7c357ba8436e9ef7c7ea4e4983cd49e74efffc0391d5736d330fc96,Mirai,mips,mips:9640159466781117679,false,train
1ec9c1bfe5e48eb6b1bca9dd50e9e54ab706a2c35052f135619315bcb320009c,Mirai,mips,mips:15612882494914979994,false,train
1ef3dcc7de664a6d02a9fd1d5572ee36600adfb712b931c5cc150b9c683b3a44,Mirai,mips,mips:14298662326122712198,false,train
1f0f967f89d8cca3e243abf5df6b37343f582765d5a50c4d901c52a55d43fb3c,Mirai,mips,mips:13170054778084847551,false,train
1f385dd4dc0abb4aeaf4d7caaee64f5229fa1883df01b228deb9501ed48bdfdc,Mirai,mips,mips:3284955268727594609,false,train
1f3b900438fc4e815ec5063a345186d2850ac84ce38ee4206c99bfaba130d756,Mirai,mips,mips:15223349641717311311,false,train
1f4c7c813028284b76919e0680eb23ab927add97fa6eb5fe218757f3793843b5,Mirai,mips,mips:8828380769462894500,false,train
1f9657bda59ccc9eabb1669bef5eb0dde092db2493966c027672e7253770f9bf,Mirai,mips,mips:8656490459950338631,false,train
2005348bc31fcab3ac381cd990cabd0fc738ab3f8b64e6f804c2a7127a5f00de,Mirai,mips,mips:18037960526659629211,false,train
204f66c5895790fd73f9c638be46997d6d51565dcd93ad007fcb9e81dd9154e8,Mirai,mips,mips:4106642655583623343,false,train
2062014c8e14c9fccbc3fa2674fd081477648b3ca317375c30ff9ddb10a10a40,Mirai,mips,mips:9220735003783456224,false,train
20784065b69d985b14f5c1723fd5a66aeb81c7dfe7814ac2546167e2a3e9c7d8,Mirai,mips,mips:16365266783518513207,false,train
20d50ae6762b48f16f3538e5ea4734ca0bbda2d9a4b65f35be1a2530dcfa25ea,Mirai,mips,mips:14119329417148546322,false,train
20da6f645874e1557922a00ac407683d84c310109487d3a963ba4012708f186d,Mirai,mips,mips:9256827142829099110,false,train
219382a6169423a1c2c68075b2a34eff771e0231c5156f1261285e3cd64ec924,Mirai,mips,mips:1245464880388387317,false,train
2197996c6c4b4a1beb9274391d2b649b90e5f200a6cca021a3f6f68b37a2da27,Mirai,mips,mips:13752862540746425583,false,train
224e24969d2156a84e53eafb27679f5bcd10aeabeb10bc894d0f0004472de408,Mirai,mips,mips:9470441142205046795,false,train
228989d233a2e33c3f49b181cfaacfc2ab6ad393bc3738080e08f6a0c791d42e,Mirai,mips,mips:4624393360233507373,false,train
22b2c0c2a27cc5b9a96cd42fc8d5d470d50be8af346ecf784a03b0400a721326,Mirai,mips,mips:9340954961692890904,false,train
22ffd9027ec7dc88253393b83f2aa9d22d3798ef17a71b9e0815dfb031600785,Mirai,mips,mips:17660749668820875463,false,train
23125b5947209f4586767c82c397ef3ac01a354a45108187ed12c77990640d00,Mirai,mips,mips:3165387216421215669,false,train
232b0a158157932eefe4b1bab6d8ab59b0b79aed3e8713c0cd6ed9e21801814f,Mirai,mips,mips:8153101727359501963,false,train
235c600742c4fa7a5e6c035537697c191b66d789ce9b9e7cc962fed160e9c69f,Mirai,mips,mips:17826586135751554510,false,train
23a838a75ad0caea8a6877c7f5bd8f3693cc30bbf1cfe5f924ac3580cd5d517d,Mirai,mips,mips:5287772470195874013,false,train
23f2c00f12c334f22ea23354510f2ff1c5cc47731ec5351ceae736cfc741d31a,Mirai,mips,mips:5445624085981256827,false,train
24060a7eba20a6e6cdf4f7f6123efb10383142ad5d3f6fe3a1b9c4375c26dc22,Mirai,mips,mips:14425922027774777634,false,train
241a19378791a38c952ca7108a8b9238a3de998f9fba4911b99823d32819477a,Mirai,mips,mips:9229324301957482227,false,train
244403b6a6e2118b71c4723e1552330ea99c9ba255ee55f60817aea4dd307d61,Mirai,mips,mips:7135958974291238601,false,train
2483e8a6e65cbc18ca48e3cbb19632f19dd935379aa455e196d5ce079e3bbf08,Mirai,mips,mips:3674784597958335093,false,train
24a807b4e8e8851c0f1fc761178ae29361cb17115c76313ef09ac38772013a00,Mirai,mips,mips:5218530062274551407,false,train
24e7b9e4742b044027f81c94e68d2907cf9dae31de1a49f91a787279bba8e720,Mirai,mips,mips:6804186487802666879,false,train
24f0d7b989984810419353e10395913923cc87e71e2321c7be17ce5cd260de71,Mirai,mips,mips:14728232950312850072,false,train
250ec2f615f1a9e5b414692a95928308571224a4908327104e8a69c06e987a95,Mirai,mips,mips:8486213263664985310,false,train
25109d280845f149bdff9722345d405b030ad48b0b29ddadbe2e44e36404b8c0,Mirai,mips,mips:6286293194299383832,false,train
259383bf5f05e2085a803a7a5e7efe069f1c6770e9b980da2ae1bb20b0b9aa3c,Mirai,mips,mips:12348465564686632991,false,train
25ab8dd7ac88468b456c9846bdc6e86738eae214d7262c25e2ecae80ee1a2abe,Mirai,mips,mips:11300952451150413996,false,train
25c61d53d712269a6e5c5dad5b198708edb5b8ecb68deffea8557af862e432e8,Mirai,mips,mips:16591328978510592504,false,train
25f1069ad86fe9e21c5bd098142cfe877c86a1ea06f49c7ba141eda7935d8347,Mirai,mips,mips:12237189705148131079,false,train
26698822003ac8a7c3e28f52f3fd3f0dfae0c5a174a67e08e8b65e7cb2a18a97,Mirai,mips,mips:1097877274012334588,false,train
266b62f9967d233a499ecbd91915c8ea9a5cd79690ee65ae5d1da65d2d0967d5,Mirai,mips,mips:14728232950312850072,false,train
26aad25a37ca18d9dc51ca1d9cada68289dcc74eec1b014a767eb123bdb44093,Mirai,mips,mips:457662183543618611,false,train
26bd66f84022c2717f7bac2687b5dfbb2e3536247959ee5361c677bdc4492728,Mirai,mips,mips:3292972526981436929,false,train
26da4aa9d9427cc0bf3fb15a2d3b2a80a5d3655ace8b5c36b77724d3d9ac38ef,Mirai,mips,mips:9464616785385895108,false,train
27195ff171229a86790a4965a2a684c7b29d4ccc6ed31cbbe478f42cfae61fe8,Mirai,mips,mips:9555428764898216080,false,train
27ace3c6a063b65a338c2e735af455c11a45141d1c708d724baa878b7ceda88e,Mirai,mips,mips:16097254583271349978,false,train
27f46aaaed605161aad529819ec8df8d5fb9bf340f01ae38fa487e3fec7f8520,Mirai,mips,mips:1316955983947677096,false,train
285081842448cbc22abc059b8a9d70be59c77bac1f3632579e1f8980149ebc04,Mirai,mips,mips:16548730789313224032,false,train
2901785eee5eb4e5d3abc1460fa609a371f20e4bc5dd001fc0bc89878527fb79,Mirai,mips,mips:13235602154948886344,false,train
2934cabfabe971253e829c7d3ef8621f8f62948bafc779342c7cb5d562a9295a,Mirai,mips,mips:13554303952037658418,false,train
2941bc9f4c72601e72e872cacea75cea0079c64c32f7f701b80106f4266a1a93,Mirai,mips,mips:18310598699254922137,false,train
29c775134d9ae3023884960fb8bee562b220881b27655701b1a38e7edc6bf2dd,Mirai,mips,mips:18050998292001800555,false,train
29d59016ee3ca57dd46a6c8199e96e4e8671cc285f9c7e2cff3c29d1f259b024,Mirai,mips,mips:18377705386041242227,false,train
29efd8ddf62663ddd25fae6f169bc090ebdc53464cf379d19edffcdebddec797,Mirai,mips,mips:10585229073593425512,false,train
2a4dde294c3bd23e6d46d48687fb82350f57a319d39d717a19382c5f702eafaa,Mirai,mips,mips:6047294666059924925,false,train
2a6343e166c748ac4414c3201c7f10b71b9ea72b5b9ed0f562d0bcc9bf9ee774,Mirai,mips,mips:485555960933246981,false,train
2a6bc7c935f99d26dacb7937086b41ce5b9c1b8e55909093ccba8d4324f8ce81,Mirai,mips,mips:4339911228212195655,false,train
2a9355f40dd7ed92b513f0716eb43cc409c504bf1f4c0a7baa33405afb18bb51,Mirai,mips,mips:9658979899899644819,false,train
2b795197ff3518100b275fd37df65ebe29d0a613c2877d1f1b4b1b1416968034,Mirai,mips,mips:693949271441406878,false,train
2b96466717c515f676e70dea5264e9d071a7babeadf4343bd1bd1119b1d20687,Mirai,mips,mips:11370652971627694077,false,train
2ba35f86e859dfc8026357df4805c0b91f416e6c4c5d0866a9e7209574169aa8,Mirai,mips,mips:263822985560144166,false,train
2c0f4452d807f04a2010665004b3aa651719f90989c039578298aa6ff3562a3c,Mirai,mips,mips:6940430071659457245,false,train
2c8a1a2d10cb10b8d496e3105cc8e13c7c2e9e1cea117da7c10c9c5d3d895acc,Mirai,mips,mips:7390649205548615644,false,train
2caeb149c201c02c3bcfd77c654f24baef802ba4fcfe58006bb346abae7c8d17,Mirai,mips,mips:9673551225964982521,false,train
2ce2c17ceaa03a1cba9fa19bd5e8e04ccb94da804c418ea520782afe485c0988,Mirai,mips,mips:11043710717891597917,false,train
2ce68d02a3287b8f4408b1acdd27a050a52508988ea48bd2f96ca64f43877c2a,Mirai,mips,mips:7956641257650244322,false,train
2d428779dc8c41eccef43685587d052318fcb5bffbd297d006cf0545cbb0a043,Mirai,mips,mips:14844726907010572940,false,train
2d6afeec8a37b3182b719dfcd6d21e39b7a67afdf3e33d499a477a11bf6baec9,Mirai,mips,mips:12383624315447983312,false,train
2d9dcdc5f66fc728ec229a33dfa845c6b8217d4a34bc916c6982cf3c97df03e8,Mirai,mips,mips:7370907708082000607,false,train
2da76ef19cd79417e563e4ccc4e9c706892b1ab0ef28f03b1c054b48a0ad6d38,Mirai,mips,mips:15629470242395855191,false,train
2dd23ecfd744acc0a4deaf36ed8bf0ee205c55df71bc0aed7e573faf19334351,Mirai,mips,mips:4013345782980505195,false,train
2ddec617507a71355576093b1c33b4ceae7ec9b99fae5e106e60c1bd9343106f,Mirai,mips,mips:6323207223239507399,false,train
2e10ca5ac544077889e1d4d9a90c418151cc8742637a18619b002a05b5e6b07b,Mirai,mips,mips:12756336144316918225,false,train
2e3e1325834aaf3ed4a821e7e3a834374959a04c0ce863195f79b8feebef88df,Mirai,mips,mips:16960154994415253817,false,train
2e5cfb8db22eb96fe5588b440ff2d265e6f8b59e7b34c1d310418d1cf64f975e,Mirai,mips,mips:11740756653672178996,false,train
2e76b4ea35802e8f0df5a963c6a615a4183fe9ed377057929ec186540df0971e,Mirai,mips,mips:4404602091925797424,false,train
2ea00733d5746eabbb0f35ae4955a193736fca8ab2d8e4f7d81e8323e1722acb,Mirai,mips,mips:13936908832803986221,false,train
2ea3ad4210f20ad1472a6439a37327a948e69dd73a79950e6ada08eb82caa799,Mirai,mips,mips:18304451828759442368,false,train
2f3c2f911dcaa206ad1a54abb513e45db2c631f2d2c58ba9d73449ca5bc0db39,Mirai,mips,mips:14728232950312850072,false,train
2f92039b2a335e2687ea071f2c8336260e21f04779a5729326bfc43c42150336,Mirai,mips,mips:15512710841953160701,false,train
2fc4bad167b8c4c80cd24d07e3424ab90638897a3a3cadb641b8cd2683ec582a,Mirai,mips,mips:4296780863822953666,false,train
301ca0ae0f00af14fc4398f2287b40130a4d32f3f666496c83a9fe41d4cb341f,Mirai,mips,mips:8436783550791273771,false,train
3030fb455f8b52f55e9110865784dcf0d5034e7b0d5c7684b92093ea745ebb82,Mirai,mips,mips:10113574489773341753,false,train
307891de4efdcdde8e872b87ed704ae697bc828987e6b565773bc623c0b16843,Mirai,mips,mips:11448642986732092492,false,train
3116b20e81e504b968138c142cbc6de5ce06b573a777cf4e606f2ef126832516,Mirai,mips,mips:4974697750992112432,false,train
311c2a27c53878b3365b3c1c52aa304691e1d54c82c14942b9a221c4fdec5779,Mirai,mips,mips:8946174387988786425,false,train
313d6818bc94b29b9956fb18384395534d570ce9832428f137ce90c896ecdff6,Mirai,mips,mips:3625794972024650868,false,train
3161a2ed40d797e67b824827de2739a43af0a28f30a3fdeed926af54030f29c1,Mirai,mips,mips:259682495407236468,false,train
31671f737bf52fc1c1328b8a2dfb89efbff8ba7794a19a718fe8b53b5c23db13,Mirai,mips,mips:3184707657030456387,false,train
316b7906411467c7b6734416231f191fa5b250c57cf68967413d3edbf98d04bc,Mirai,mips,mips:14728232950312850072,false,train
319a5a8432d0c1d1202ab0259169cab856d75e37bf931c530ee5813f84f5c6a3,Mirai,mips,mips:18213055148478696898,false,train
31b18676098f987c9a46423e365f8c67bfaec7539f92ffbea799b300eeed68b0,Mirai,mips,mips:14814213268923279490,false,train
32293e35ee46b3aaa6ca49c36a8e6ca12439d96311c2a120d934c67841fa9398,Mirai,mips,mips:16167507922307817345,false,train
32535b5e01c6b4b4807d957fc32e28c0f84cc6b9598bb207a5ec7063d0349ddc,Mirai,mips,mips:14799193376575159134,false,train
326c4d325a2fd98ec9fdd399c82b903570dc576a35de0c90ec76ef04fb1284f5,Mirai,mips,mips:10101918373845339485,false,train
330a27117ee7c2d0f3ae47f08081232fe2a902f4959dd3b371053e154619c939,Mirai,mips,mips:489312886949443051,false,train
334214356a9f7798593842d7a28259a5f30e170914803c56ebfd17383406e4ed,Mirai,mips,mips:9978188524339297116,false,train
3392121b235472915225902d404e7e8aee0791c9f8b532743276f1c913cb0a35,Mirai,mips,mips:10227946429066906319,false,train
33a85bd23656ff4551d74fdb0d786d617ea1d930f5690cd8580f41bc1c075643,Mirai,mips,mips:2547803213511076301,false,train
3429b634d18ce22d25c3d477f0f479eeec71be9aa44fdaea57475e1c4026d685,Mirai,mips,mips:10850664906404591517,false,train
34a5d726ea29bedc67bf434748de3e2ba1ccf5fc09241f4e0cc24ee21b1f8714,Mirai,mips,mips:15228741371241892631,false,train
34b73463c4ae48dc8949142b49d677e7295a7a4f1864d56d62c1fe41bb25a16e,Mirai,mips,mips:16742005657371757218,false,train
3588f99909057c237ceb6ecf6c221ec06dc6c307d0b6e52cfa32155b9b954121,Mirai,mips,mips:13198618395536347113,false,train
3670502dc786ef7b8a6343ca2cf7eb5923c0164cb3ef04f740fee47c0b54720b,Mirai,mips,mips:9721009776200934908,false,train
367b8b6e4e4c8adc8e973e599e40518bdc560a4a0b99ec506a74723f34631dea,Mirai,mips,mips:11480685308348877769,false,train
368d51207364fd3d51fb207706ee54d3d65fb4bbc6d4d6118124a1abc113f9fb,Mirai,mips,mips:1947323877301556653,false,train
36c05973aff51c3ae6b8dd66107d353d3edc88497e995234bc4d760d8fdf74de,Mirai,mips,mips:15822316489586505439,false,train
36f345989fd5ef132809e2b392a0644d236069432e49b67d16ab0429d595774b,Mirai,mips,mips:17209843073969343417,false,train
3797301fa2b17483d3c37258a924509dda7ef38c121ed6f7c0254eca9837b46d,Mirai,mips,mips:10941170413525435472,false,train
381228c085cf585582c9caf8f53c7b5d7fdc07fbdbd0b995738fdc87e68a89a7,Mirai,mips,mips:11596223815990229916,false,train
38489e2a4b9f806c1eb7ce0bef969ad2f0c58b9c9d7bd8f031cfb5891d5848da,Mirai,mips,mips:15812027044203472534,false,train
387c4fcb6f663f74b9dda4778bbe48aadb98e8a97aeb94adf244d3d4ba62c3be,Mirai,mips,mips:10919381045448712828,false,train
39100e378877b0d1d7ddfe25e00aec3a530157ba8382e2781562c6ce9659f625,Mirai,mips,mips:13415104252473593058,false,train
395b5ee04e8cd4fcc6b4cdbee52f3812705d4d04bd59bbb56ee1580f40af2a9d,Mirai,mips,mips:181016407357839294,false,train
396ea3919991eaaa2b66910c7dd3a051c21ca2387194b7a8ad5ce8fd681c64ff,Mirai,mips,mips:6087500025646023340,false,train
39bc66adaf917f7efee8fa98227f5239f369110fdeb7c79748cba915edfd2629,Mirai,mips,mips:8126640896639806290,false,train
39ef6e5ca8e8495f32efcc2e6d7477a2bf9e7524c7a7d9ba59a0fc9966dd472c,Mirai,mips,mips:4140904325390229993,false,train
3b3932ee80e9c64b74994969bcabb246f91a98dd0352fde869b77be64fafe25c,Mirai,mips,mips:8863997782784917935,false,train
3b94a2511aaea5dd1949566c8941c971a0b462866481bcf9c9a2f16bb1081479,Mirai,mips,mips:5961802393563366335,false,train
3bb8cf7e38f992ff2fa6e351154fc6a04de8b6162784c065f148352da4e70a4b,Mirai,mips,mips:14487075442093914909,false,train
3bbb5da22494a776781e0cc8904c3c4f288931f30a17fb74287239f7c9626c97,Mirai,mips,mips:15384496376782157157,false,train
3bc3d173693f64469075a0b43980c501f38458fe710a60e4342351339644905e,Mirai,mips,mips:6311842455007530390,false,train
3c215f919ac496e6c77c740c61a5b85a704285d5d33afa88339d7e931fac217a,Mirai,mips,mips:10198147846674306899,false,train
3c30f951ca803b2eaef9509b8177bf58309154f11ec33668e43ad189cda09cf4,Mirai,mips,mips:17879933824372713531,false,train
3c5f742b21c9fba5fc0f407822f4158616c59458d28817543364f3d75e673417,Mirai,mips,mips:952065538957534184,false,train
3c75d9d563af3c33cacb150fd64e2f89a1b46e13c3782453c5e9a7814ef9ea37,Mirai,mips,mips:8981497686154171603,false,train
3ca974989fe15f68cc4e3e6af87dfd33c4e36fc8d5030ab29db128b6f8ec2e33,Mirai,mips,mips:17962168895691283066,false,train
3cb35c0f1fd9807fd22569b731dcb8ca24665a3772a2c252c4e1408820243aa5,Mirai,mips,mips:5831394551961876234,false,train
3d3192de1605f832eb22ff73bd750598dec5a9052616b6e543b4bfcd76581069,Mirai,mips,mips:1901705029836779424,false,train
3d4db8d86e83c06b199acc487245f571449ca6510d242e7decb5648cf7e225a8,Mirai,mips,mips:9024197040726747509,false,train
3d65a2c2060ee956a311d4c32282b1555c87a30d3fcc13cf02d6097e229f058a,Mirai,mips,mips:12793592816392859983,false,train
3dac84b6bf52d2f3015d5067753f31a812cbf25e5f5972ec3cca0e879590f7cc,Mirai,mips,mips:2523098277296355973,false,train
3e6dee9889c69f4f837dd3e92b36dc378e6d29534e5e2c5e313ef0ea99c8dbf5,Mirai,mips,mips:12710944225978598512,false,train
3e97c0bf45b8e566d72a26b150ac45ab147860a13b3c1a6b39a0b946c868597f,Mirai,mips,mips:13670332616866265582,false,train
3f1907f076387c199a079b11451eeead4bb04993b898176b3023a12d764c623f,Mirai,mips,mips:8297999640531635549,false,train
3f9385c411d26bfea8c1e2693a51e3b0de8d20c1009c586125d0febf2d830e42,Mirai,mips,mips:843637532631133957,false,train
40072148613c7fb15f3564f7d93907190f4bfab7f1634e8c8b4cced63cc8c4c5,Mirai,mips,mips:14297715589890906018,false,train
401806ba3bb1425d32cac9e6d34c65cffd542687f2d3b1af6258030fef90ad7e,Mirai,mips,mips:3395796522135266657,false,train
40ae9eda77af0d9c8708a8fc1d3ea2ec6970fa33d0be4d16ed4d2909126ffab0,Mirai,mips,mips:4938749071221571716,false,train
4141dc409d86d4a0b96a9c956e0cb412a5d4316976c37deae1ab45fe5c1acc7f,Mirai,mips,mips:3525677393603913819,false,train
4179ed19e57c454a69255afe6199c4224cb7ad7565ee4b402f491f20621bba74,Mirai,mips,mips:7378330079083866831,false,train
419ee62307e8b2132adfb9e54f93cfd9c3010e96d2687db21b501037be2a4cfe,Mirai,mips,mips:14012171773997784595,false,train
41d398fc5c0d7b293dc25f06b3d7e1972b992f67398e47db4f00555ca7da260b,Mirai,mips,mips:9796045542174416641,false,train
429de71455e0ce1242116da2f720dfc49e2ea32880ef0fff22eccf8f9e3c7bbe,Mirai,mips,mips:4624393360233507373,false,train
42d2aea33cca03bc057725ac2c2dbb70a81c80fb64ef3373865175bf31f64e7b,Mirai,mips,mips:12985248944282994611,false,train
42d8e22706d7735bbb222c387077e32813cb3f137e9716509960d7cd6c5e73d9,Mirai,mips,mips:10511709336152115677,false,train
433655f041f1d3d5e09f49a85c1b8e9a7416f57256ee2ab0f630929f17faf964,Mirai,mips,mips:10597372856103356149,false,train
43396209720e8fe5983f8ad0ffb60c70fb2ae3bbcb71bec2cba71373091494de,Mirai,mips,mips:6105288925282497167,false,train
439d8e5bfa72ec60f557b90cf4125999931a82149575187ec425c5b310832e1d,Mirai,mips,mips:2414073647164067808,false,train
43a17e421fe0e456d1482ccb199ceb874fe63e5548973984f43ff572b49e08d9,Mirai,mips,mips:2387697734457605963,false,train
43c67a61738f4255f64433303cd31187dbd9acecaa336804f8fe25314bff2d3a,Mirai,mips,mips:14361865174757696319,false,train
4446632cc53a439acb7062057fabcb8f3f497cd7de47227f0e9fb45c7e5fad9e,Mirai,mips,mips:3487228626385801310,false,train
44a4ca8c62d13335fb8d0bad92b91efd413ab1d5fa1d1499b400941356dcfa60,Mirai,mips,mips:5857708637718537256,false,train
44cfb6a0707475ab207706c1904c9a66b2a9dfb199998d657c1f7cc8ca9c2928,Mirai,mips,mips:18055314379110145503,false,train
4507137a95fc199442485c0275324ddb842dadc040620c72b71d7e655661895c,Mirai,mips,mips:13544133942832920175,false,train
450e2e29cda720d568299d646cb0bd908d7a9e0e8434739f30a98976e64f49c6,Mirai,mips,mips:5662946820310559960,false,train
4570859fe4f615c1d6d83b1c3b03ee46f21910a15c4339dfd6afcbbb58b76de9,Mirai,mips,mips:2871781955510909780,false,train
45992b91437e9dd3c2b6119ad069685eaf083843b3f1bae606f26ac5e72c1859,Mirai,mips,mips:18051542257149450959,false,train
45a959f89c91a4672343e1d9d0424c085eea6c3dbf1bf82a7cb715643ce09e76,Mirai,mips,mips:13260185683200218357,false,train
45b3b9add731796524926f59547e03904f8829a6cf2a1b1ba3fce211c02c0e89,Mirai,mips,mips:9494884409800855875,false,train
460fc1e26ac38e34a1005b2125e90d8df70aa1836a3c63699f6a1f6375002622,Mirai,mips,mips:4768736875411008511,false,train
460fdf16f636b2db869bbec6fb306ee6ebdcbc97516bc89bd1697f1f58d3dd79,Mirai,mips,mips:5075492539443873208,false,train
4616e4c72b48cd56db0f88951a206cc1dcf632d5831e210ad88433a0f1d01288,Mirai,mips,mips:4143945160270155015,false,train
4647269af79dce0413086716572554e82f1d4baa3f99ecbf572ef06bfed94a18,Mirai,mips,mips:5395320562948291239,false,train
46877dba68eb361a457b0ff00f6352a96c8708cb3a78cdf506cc4e557d56efa0,Mirai,mips,mips:1624042592997487596,false,train
46eff732924c5db6863c13a01a0672b5f4e09a97087d5b295826c6a9558d8095,Mirai,mips,mips:6754448327173743706,false,train
472f3f6b0f4f2dbbe1af76ad64d0fed8df5e6e4921154dee7f594c031de1bb02,Mirai,mips,mips:14085634811118975364,false,train
4785510c8cfd4ff2dfa3af60bf4f77ef3406594bef3e2c19e5116e7391aef0db,Mirai,mips,mips:17474149951252940667,false,train
47c55cfdb2112b3c611312d813d0e2ba41d9ccd8dad0bce6f89e7bdabf1505f3,Mirai,mips,mips:9840244172669567819,false,train
47cd52151daee57ca8052f6edff48fe69c5f6d12059d4215fbf1d9e8d68631b1,Mirai,mips,mips:4807840919756244281,false,train
47f3c5ef9d13f552800dd26853c45448d046f959988fefee4d99fcc00708a762,Mirai,mips,mips:13776286864779285424,false,train
47f3f806f679e8375f7af068e30120b272a4d1ef8e2e441b5babb8da21a35bfe,Mirai,mips,mips:7593604396726281229,false,train
484cb3006368878fdc2a01ce398c7a6e4da0992a21976679908cb42d6a5fe1cd,Mirai,mips,mips:2244944966494996195,false,train
48b0ab1307149888fe36fdf66b48d226ded55be3581edfa5d2a2f59b4117bdc5,Mirai,mips,mips:12357990454704897338,false,train
4954f8eab4230ee39b39eef236157a229ba966262b4d36f80dad3a0717c5475a,Mirai,mips,mips:5425541471255318918,false,train
499ba22f3ec3f557cb2713acb1587e1fb1de34e3e1adc26eab5b60b2a1529b35,Mirai,mips,mips:4624393360233507373,false,train
49dbede4714fc2dc63785a030e5acf4b465d4c2867e48af495600b99e78b4755,Mirai,mips,mips:10683143003061748200,false,train
4a0712341513bf85c27c5eb1f970d2224d122641bdad50a6905253f68b78fdd2,Mirai,mips,mips:15909713215703581020,false,train
4a16dd3a77f0dec09933295c8b4eba417dd1d9883149389b82796ebd3fcab24a,Mirai,mips,mips:8998041487599604871,false,train
4ac25309602eb8d10fd025f70081f238647b21797eaf6575d0e6d8d58c3734ed,Mirai,mips,mips:11328982255976323102,false,train
4ae40005b095b33a00d6d77134033b6ea4ef8b7373083708a2e5aaad000f9afd,Mirai,mips,mips:15581820998048045842,false,train
4b13503e21e4f9496d03a920b22a66bf3326e84f81e2cfa6a4b7428121c6a3ab,Mirai,mips,mips:16244191487692773939,false,train
4b51bc4da1f45a3b33bff07270ceba0194b25338d46b2d47d2e88e43217914db,Mirai,mips,mips:7205396172736849138,false,train
4b6cf4c2afb2b73a8888742b63f21b109140be3dc879a60753e0c0a2a57fcb7c,Mirai,mips,mips:3634781597666954425,false,train
4ba88e56253cddd14975a32ae36119b9d16e635abb2fbc9d396fc1b9eaf8886b,Mirai,mips,mips:1364706450692223142,false,train
4bae2f1d90f45133093c46185e8ede53ca62f932162016d59ed8ff65eb7a9f5d,Mirai,mips,mips:11073372476886693664,false,train
4bbef6d75f44d25be2e5f0aee8c71693e507bd23b203076864cd4170a2d274ad,Mirai,mips,mips:16563884102648018566,false,train
4bee7a31766503ab7283bcd614f33258955eded7cd7f55208b15f3bba263c615,Mirai,mips,mips:751255058717343374,false,train
4bf85b8e8d6390f2053ed8939b4f7d542d9c12cdee844fbfea3e0ec02876954c,Mirai,mips,mips:14467336606570215850,false,train
4c699cc9a11922131d95ed08cfcf9533f0f6c63c9e0ac0b55d64902e95ba2874,Mirai,mips,mips:16547664828924026155,false,train
4cfaae35d401b2d32aa038beda11cd27443d01be4cdea8d1c9dcb7ddc50b01da,Mirai,mips,mips:1577397100568311479,false,train
4d954d7b860a6b8ddf1ef4bf987fa280eb06496088e6b961928c9fb76d498c24,Mirai,mips,mips:14994563705583420641,false,train
4de44634805aca9d9c9d85614543936c6d205e966140d96ab83f5c98f3fb7bca,Mirai,mips,mips:12231408439525924698,false,train
4df4a0813bd7f14be2230cf220bbb4a9bf9a4506f4b376f06480fa718a61e2b7,Mirai,mips,mips:13599584220280061752,false,train
4e26d978601900d8c1db3e8f4e783086cffa51e61b3a35825d1d28b2adf4b1d2,Mirai,mips,mips:8321849804797838560,false,train
4e589892f95fe0035dbda7f3c189adee300dd94ee2de6bff873822f450080696,Mirai,mips,mips:2081906588596389721,false,train
4ecfc05327f23f4f8a680dfc5b5824bbe9ad5593344141783b2ce8cee7f9a857,Mirai,mips,mips:14369773180810901444,false,train
4f02fd8a5be31b9a458df8d85b0511f92cbeb8725e81869c84c90c81486d31c9,Mirai,mips,mips:5789805726850152082,false,train
4f5d24bad0144e64ef63b2a8b9fd471f9fbb5c30f51a10989daa2791e6a7d1d9,Mirai,mips,mips:14779548797455124052,false,train
4f8c540be1e9ae6775dc5efbfc25ee26fd2b23d8b9b6fbd405d52feaf489c428,Mirai,mips,mips:14110214523752868950,false,train
4f8dff3c2e887ea0e10c0ec5c332306f38b710cc6f5b4eb20102fc97a8ad6bdf,Mirai,mips,mips:8860945967952531549,false,train
4f90120eaabfa61ac2995702506e47bde0515fe784f839b6fe949cbd4359ab0b,Mirai,mips,mips:18114753648323466370,false,train
4f9b010493756b9aeed830bca7103e8c83067e1c5c85a68d2b054f82aa193873,Mirai,mips,mips:1414592709445563876,false,train
4feafefb0cb9048b47f1fc304ba10c4e14a28428f1bcaa1b8b0c69caff3d1dc3,Mirai,mips,mips:11323803486192001125,false,train
4fecede6a6302ac3d1a69fa2c9a44f6df00cd37db030340d964eae0721fa50bc,Mirai,mips,mips:843655700196045868,false,train
4ffdf5a5cc9da9c01cb96e0b8ec6f05ac921c3c9257471ef4f8c0209d4714e19,Mirai,mips,mips:4203893312281477095,false,train
502101a473c579cba80e4329db83a6ffe5241dfc8a2fecfc60fd511a53e8dd27,Mirai,mips,mips:6057454168695264128,false,train
50737fd850cd523bb6fb82b23721c14dee50166beb9c7a7dc02dbd5415a8d8ae,Mirai,mips,mips:16924548045766578903,false,train
5083585adada941958d62737b92abe7068c790f211cb616046fa5006843a6fb6,Mirai,mips,mips:16752487072820256509,false,train
508c17695598d4b47ff952b2ae6d006be3d0a5fae09ca368d922620018e6c770,Mirai,mips,mips:4306635173556665215,false,train
50aace72d55d3270c7ec6aed7a1379f9449346aa90ae74ca581881bbcbd84b8d,Mirai,mips,mips:5137693090043391982,false,train
510161b1cd558ee0ea310086cacad6e3c4a270b5255c773750fe9b586e97d08c,Mirai,mips,mips:1754924950646681737,false,train
5109608dbcebb0d3d2b148e1b8e9877a241e091dc8f47c9a4d5a1a1599b0c264,Mirai,mips,mips:876042144282304734,false,train
5109b19698450edabd0b1408691fe1105cb6307c72f2bb492fb39bc415b94da1,Mirai,mips,mips:1641388399675844115,false,train
510f5edd7ef0cfe35adfd0aac15483410d50ad7fe65985731264fc4c43246b84,Mirai,mips,mips:12065304178687154509,false,train
514c938468c47c027695ab6e614e1e159eadae37479408e95b7eaa80dc04d956,Mirai,mips,mips:17761899155901963460,false,train
52972236f0a8dce7f94628b252a06311a4943482b69de1b55600957739dd1584,Mirai,mips,mips:13458935131501917215,false,train
52c0ec6c7f0a96af9cd963893786eb31f50fafc457b01ea4d3b375616cbe69c1,Mirai,mips,mips:4764428433129365099,false,train
5380a6024663209b61dd9b366ae569340bfdd258433b2f500b44fa307fbc2e1d,Mirai,mips,mips:15993574504898919805,false,train
53dbca84303edfa81221d5be159be88d21b9c5d2cfc59806b257d5e222678837,Mirai,mips,mips:15981346192192151826,false,train
53e998e23683610611ce3ab48d7943dba3936dc1d64c3d0d1667bad6a13c04e5,Mirai,mips,mips:3988138415329600455,false,train
551cd69f48413fda86530927f8623403669c5ba7cf515a03aed6854163703708,Mirai,mips,mips:7573941743396828479,false,train
552cd4a1625719a87e57e7432325e1dbdb424fda3f1b17b359a22e4f06948a23,Mirai,mips,mips:11359414888286880141,false,train
558b3a1ae70926cca66c234c9fd5cc5659f9c19d19b0efb45bd3710029823fb5,Mirai,mips,mips:5678029146171751493,false,train
559763a914b9bb61e0111c1f4d5e519c5cb163268234774e794390a754b6069d,Mirai,mips,mips:5487993782490006322,false,train
55a739d9f50ddd676c0694bc025a5e30d76b12399e9ea7a9483c747643f88119,Mirai,mips,mips:12061756827566798670,false,train
55eb1d23b344989dd4cc0fe025a2f73d9432bbae106415074759c2e9fba1f5da,Mirai,mips,mips:8750995229281394746,false,train
563876e5ea59f5a3216b895d01543904bec3a7b73cec8896d7d06577db4d2240,Mirai,mips,mips:9396099617006499429,false,train
564d6d5fb9ec66fee319e808060f59a0601dd42a9a3ce3c4b35c9b8698fa1ab7,Mirai,mips,mips:9465831004818137595,false,train
5650e0e86242f659f8733936a92c0feee2b746a57dc7b11777642e7f9e60a8e1,Mirai,mips,mips:15301160181707991538,false,train
56af0649a81574ef23df4815c73b916e27d203a7410e7115c0440fc0fc6ee358,Mirai,mips,mips:5388592232038208890,false,train
57075c5ecdb73bf36d5844db31b4f9ff8470b808ac9437f8d1d1f82c0e86fca4,Mirai,mips,mips:8384702230459763285,false,train
5747c7aced5d2152e9ea2cc4a3682161f4b018292feb32bb6f1029d660da0ddb,Mirai,mips,mips:16478858051663465715,false,train
57533061232e39bccc0c7c6214c41fc30bbce1889ce2445276f5a2e7f601610d,Mirai,mips,mips:1752624706208244928,false,train
577deda648fa9268e6401048db45e22ad107321b52cb1e912936047cdab3a53b,Mirai,mips,mips:15707620250455085952,false,train
5799ffe6e04d16efd07b52cae632188afa80141f77ac544ded453e6cdb32b3cf,Mirai,mips,mips:13657845809045748831,false,train
583a086213dde2f3462261e872103eacf2c11655e9cb7541fb2b17f4c61de5b4,Mirai,mips,mips:5179991579653392136,false,train
592717dc4a1af009c479945462adeed60081bdcd8fe406117a1f384a34e5579a,Mirai,mips,mips:8851582190399866133,false,train
5931f6b24743d24968dff25d4c2971ecf3d680c4254d8e4942ce948f88f428f4,Mirai,mips,mips:8445036458677078559,false,train
5959646de6081042bad8182e5d7c1363397072f7d9f02048ddf1214f52b48663,Mirai,mips,mips:9224500937483016525,false,train
59cfabe5cdf509af8e91e911dbcee1ef88de51803a3b972c756417ba65c5f9b4,Mirai,mips,mips:10761415401227117765,false,train
59f1668f7cf797f7b3708fe4e6c1c56199c26d3061c6d0d92dadf4508bb30824,Mirai,mips,mips:2462191781246815695,false,train
5a36f14a0e5772e7f1cc19b0aa1215460ab2698c89c9160482b81a2288033431,Mirai,mips,mips:7263132291275115503,false,train
5a7669317682b599c4de30b06426ea1b8f7ce2396140353fc146b8afcfb759d8,Mirai,mips,mips:14861565717156382609,false,train
5a9826cc39ceefde5d49a7d69b36892a6abfa41557a4682cd0d311b8e406a840,Mirai,mips,mips:14874013148652865811,false,train
5a988231b547f9fc8e599924d38e59b07141cfabcf57469aeb3fd151052bc780,Mirai,mips,mips:10540122959021211012,false,train
5b547d1097475206f4488e7abf55af9d980cc46b49ba3500de36c10b0207af8c,Mirai,mips,mips:13962429777245335381,false,train
5b5945e2a06c4732f3932838dda5019c2a2f6c77164a7128803d054ae4fb4cac,Mirai,mips,mips:14794079613066646904,false,train
5b62e159f5eec32d608bf20c293f1ace5a97a0d4b2606bdeea88af9d853a335e,Mirai,mips,mips:9857107027927818512,false,train
5beb03dd871f28e623b8e64426f873a24f91c5eedbc752a24c1fef3506fd94b5,Mirai,mips,mips:4907438900987379295,false,train
5c178bb25234168c8b2ede8906076bce4b404deca7e2bfd26fc1a074f012c400,Mirai,mips,mips:8325079749157447270,false,train
5c1d6bcab8f99efded58840c9baf8004680c03c012c55196c965d31180a62777,Mirai,mips,mips:4083939184604209285,false,train
5c24bd5b09bfec83f2cc9064d3946b7e0f8c70f33f88e53cc2682f639b1bcaeb,Mirai,mips,mips:12792348165581647103,false,train
5c25178b775392e99ff5436401722ade916642504c5bd739c6fd60661a34027e,Mirai,mips,mips:1859898047536924001,false,train
5c264da5a1e92ef9109ecb9ecd4f8a50a2f605671e44fc85e2af53d1eff61d33,Mirai,mips,mips:5176650309139500323,false,train
5c2a8884938a0036485ecbc814af758cc6a7bf3ef1156ed49b0ee211c43e1493,Mirai,mips,mips:6082983564051427499,false,train
5c592a3a0a2e68b26f40195e29633ab3b2dbd7996c9da7b888d4150c1aac0904,Mirai,mips,mips:17171344084532133216,false,train
5c92eaa1e9a95d3afba2b435b0d4a68fd956f40d088d455769f1cbd4bdc83155,Mirai,mips,mips:7972433089221716299,false,train
5c9b8a3eec07274bd27d4f9ca4750333a03318e873bd9c3de72d4b878432221a,Mirai,mips,mips:16230051227821445113,false,train
5ce90df5f0f40b0b54ad2d2f64dcea9371b4b7b202affb0fe1553e955c25c623,Mirai,mips,mips:2499840999270187367,false,train
5d35e494db951afc8d81db2868f4782d1d4d67cae23141c980f6580f588c801b,Mirai,mips,mips:2328734980844241830,false,train
5dca2a0717df229a089be4bb605dacffacb69964df14eca9d63e3cb4ec32f7a6,Mirai,mips,mips:10490905778425926380,false,train
5df8818f7b5e8fd8e818cccb800d8e57746bc48a1f1f5b8dd5e3fc40a9805ffc,Mirai,mips,mips:12600370375711934917,false,train
5e0d9231c610f3f0c3cde36f9e4930ece8dcf27627f836a528ccb2cb538a9540,Mirai,mips,mips:13185675548677923283,false,train
5e14f82cbb495fe026094b76de54f308322e30bf59c458ccadc032e551b989ce,Mirai,mips,mips:14728232950312850072,false,train
5e228013eb1d7e4913430522dc1654cf22f306b9eac879f696b9b4632ade79ed,Mirai,mips,mips:10898504943806372279,false,train
5e3e84e9dff030c5abf0bc9cb83c299ccf2e4241a1c3b728d7fe10321b76b415,Mirai,mips,mips:10261626162578778660,false,train
5e9e5d8ec8be59d3c85be83430730d94c9b90d8302ba4e49b18e6411a7fac6ff,Mirai,mips,mips:18267072123505530817,false,train
5eb1504b1d6c037e74eba71c4f2bd5459cf3ed6bbd02e1baafa552718c031b59,Mirai,mips,mips:10777861247118436455,false,train
5ecd190121d50274b85739c173f4ebb5af96d64cf08326fc6ebca1473aa7e388,Mirai,mips,mips:16492575945250901898,false,train
5ee22c1597b85e46952de6541991968f11bddc6570036dd61f8080a87d83479d,Mirai,mips,mips:17846625534633612449,false,train
5f0af1707cf3d5ece86e9e3f26efa54680affb4e2b1bfc9784ecbf6e050788b5,Mirai,mips,mips:8018892294455631845,false,train
5f155f243d9220f1b192bab3b91ca34a5000c4958fc823c7dac184c3b69642c4,Mirai,mips,mips:11049296864688496797,false,train
5f55941a26489e3b839004f525d0e88b94d1007a7ca81ecb9b0a18cfdf318190,Mirai,mips,mips:4816527594971643626,false,train
5f6dc8999772d3ed8819c17fa93a9593bf754b23f2d45b13b2088c4de7c02266,Mirai,mips,mips:15536974275758832943,false,train
5fadc20691c0a6e18e69f582e10bcf78be165b8791acb9e8f8802e222ce11316,Mirai,mips,mips:11945302423858722462,false,train
5fbabe73a8caa6ea5f9f50dbc2e2c9e493bc45667d09d51c25bb64ecf8fa0e8e,Mirai,mips,mips:15044966426196651617,false,train
601597a0f525c8decdc022896a2bbf298528da25c6cdbf7462a2d804408195a0,Mirai,mips,mips:3591239330068196807,false,train
606d278b2e75119296bf48721ae72deec87912742ce4d9920bf565521de4dcb0,Mirai,mips,mips:3834269616157547169,false,train
60b8b747ff600cba5e0f6128b9e3043534deec7ae3f766746d767883056c6780,Mirai,mips,mips:15187270879073428669,false,train
60bf864502e7288e6b66c35da235306f9bcafa9e747da4f80df456fc39a31677,Mirai,mips,mips:6792457536383804070,false,train
60eb3d703459cfbbe5ecb4614c7ccaf5a972144f5e959d9db617b146f7cbc27d,Mirai,mips,mips:3238407852083020854,false,train
61004f53fcfffb8cecc92193d8c0e52636fc303523aec6a42377d362521de667,Mirai,mips,mips:14641552374243623156,false,train
6164ff86c6a5b6f0e8b6950491c2701f2e3e8fb9b879184fb82c6e2f8cc368b4,Mirai,mips,mips:13879437978785390631,false,train
6183073ce24c5a37bd6c75f2b5e16e638645a1c8cf7be1ece3454d1b271ced2c,Mirai,mips,mips:12564967299482841780,false,train
6232e235ad94ff4dc460b0a0f31eb164aa0bf1c0c1171f16c63a048571849bc3,Mirai,mips,mips:4501058882284951567,false,train
62b9355e5678c869b8b66f7ca4c4468d7be7fd551c4e239f4cff0e6da3e36c6f,Mirai,mips,mips:17778863264848551449,false,train
62c166a38eabb8b826e200ba31891efc2bf71af717af764b79ad42c12dfa3c47,Mirai,mips,mips:13014127604393831581,false,train
6317324ec23f764e2871fbeff5086330132c1c6ceeb12cb5a241ff3ec2f3eedd,Mirai,mips,mips:8161197252778358387,false,train
636cb703fe46db9f2caa1fcf66e5c86fb8638240ac2d018c5cb261a8172a80e1,Mirai,mips,mips:11066450417770337859,false,train
6398d85d9b7cbce4e085d2e820f0e9066af329c0ae94d636e70fd46d045c66d1,Mirai,mips,mips:11384589309679979677,false,train
63f655261cdc0fd2a5dc55c3458f8fcca604ba08906bda4666e3c7cea29d81e8,Mirai,mips,mips:7806591563685546098,false,train
64511470b2a9395855fc14fe3e617bab82ebd54c134f87053a8b3e24b2c5c346,Mirai,mips,mips:5070121658221782569,false,train
649aa8058e8f8c9483421a4993e39f7be73d35f32ce6d9bff9ba97a5b5978dd5,Mirai,mips,mips:5807022569123053260,false,train
6581b325c28f486ecb9bb8c43d4274dfdcabcb400eda9f63f2770644e967bf1c,Mirai,mips,mips:5776112280221003222,false,train
65e47a61d09dee76afa39912790e830ef600ba31368ab595d111601a9be32f5e,Mirai,mips,mips:5038055709035389495,false,train
669d2987ef5b780504b8ac3e24e87a7b5372af11645075ccd8e05709b0bf1ad5,Mirai,mips,mips:5452906002241618095,false,train
66a4f4d22d072c5de6e647848a48e07aae1c4d5d680e6e0b3c917f65e1dabdc5,Mirai,mips,mips:12600370375711934917,false,train
66c1128d79576a46cf8b9da57c9d9ef2aaa9ac196861ac475c6f5fd2761344b8,Mirai,mips,mips:7282482268518266908,false,train
66f407a1c56f7dbdb7f1a190f249f60a2f19e2039b4cb84e2a3140400e851004,Mirai,mips,mips:3054706788231838190,false,train
6759f4539f7a9f897d159bd346c9142cdf944070bd202176ae23d983d8825143,Mirai,mips,mips:12385966758644868524,false,train
675c15e950125a70b7dc2358c0d4ff02ccda99a3afd7a437676b04bd5d2297c7,Mirai,mips,mips:7072261884796168351,false,train
677548496e7a8d4be872d8dbc8389d1bcbf01d06c5a36b393a7777358102d2cd,Mirai,mips,mips:4891020952320453060,false,train
6796653617b1a3b01627fe3869a16852bf1cf09b4dcc00cc6026f745f4d715e1,Mirai,mips,mips:908108575164077431,false,train
67d229bfb40f3d4969d6533f8653e7d1698463ed6bd63e8af59297dca1c90083,Mirai,mips,mips:14716793079348036379,false,train
683122d96afcad65a07ba4976950d821287351da78549571d077d0756648be5b,Mirai,mips,mips:17788164261614966066,false,train
689191ccc00c2d6c627c03f87c7f3f383984ae1dc9f9f34bd283598daff38ab4,Mirai,mips,mips:4122157097590808344,false,train
68b29b87bf03b1954bdf895e658022ae8b785a720dab89ab516714d0d58f1583,Mirai,mips,mips:11841122193439194328,false,train
68cabc057e17133aa6adfdde68cda712b3b53881212fc03b81223a915d6ea38e,Mirai,mips,mips:1442582593071611061,false,train
68d0c6f76509069a61de71c87a815ffc69bb9fd89646b06d583e4f0107ef85cb,Mirai,mips,mips:16048461201161794147,false,train
68d47f51000500047a5f6beb36cd2c3392961b1b93047c30b17c80da4bcf4c1b,Mirai,mips,mips:15042479231749260658,false,train
695f7f1810cf36022e8233ca188ab2cd4a3847f564452343c34e2f3f6d550c18,Mirai,mips,mips:8735703864090539157,false,train
69782cc94aa36835640811b52bdc1022ffa3e51ae501d2c0ac0ba0e35427c506,Mirai,mips,mips:17350893231175769946,false,train
699f6a3ea1a22dd7a39500155fdacfc80ba702c70a95d87af739b424511596fd,Mirai,mips,mips:12154273576191049126,false,train
69f9efbb20d1ca23f31d218729f79f73db7d69b4e6611cea09933428145087e8,Mirai,mips,mips:5667823378691817685,false,train
6a140aa96e7219f7757b9b37a8b653c0374bce5399c704279e7b3300351e3a28,Mirai,mips,mips:3480655439465596195,false,train
6a169dfeb6e560fdf1e57581dc87a9a773ca928ab08106725da56e40d3b7df53,Mirai,mips,mips:14497057860471671966,false,train
6a2367e5f15eb80f232cc52a50e22a9389f2143995057eef4aeec592581fde31,Mirai,mips,mips:13734970061209628397,false,train
6a6c687968443c0086a0c201c8089150ab897a6e5942ea595e7be6d7280a16b9,Mirai,mips,mips:15743996167213658362,false,train
6ac142a26b036ec1e411c342342d374a700d78fd3c5ad2e8e13f8a78d869cf11,Mirai,mips,mips:987828328980181802,false,train
6aff61c75eff84582b61b218c3a3637103fff1a0b2945bdb48d9a2b70fbeda9e,Mirai,mips,mips:1820134248549447578,false,train
6bc42bab411d4298330ab6422a57359e0325aa70431c2e8b04292377e92c796e,Mirai,mips,mips:10911210816227429616,false,train
6bc66b522a3670aa9bf2e83bbeb50c911787900fbd0a323d3429970aad37a308,Mirai,mips,mips:230654376231774652,false,train
6bdffa47f1fa3c69a0b73a907c9e620abda1fe26ab28fdfbb39e5e7997ef4a9b,Mirai,mips,mips:12532190989998045692,false,train
6c0e43ba8bc49b263168707b6986166045b38616b8a6ee13ff56042a6224dac0,Mirai,mips,mips:17562908841199436624,false,train
6c350e6ea7e193a38e018cfd6d6a7dd8a6c4e36a6f50b43929432de5bc0c930e,Mirai,mips,mips:7539525438290723828,false,train
6c3ca7a5187a6f12061579c4f50307644c79485dd1a6e389ecf24d4612242982,Mirai,mips,mips:10238276782325381626,false,train
6c56e2d495c242311950a2a21200900e5d5110fc237196b766cf499b64f3ca21,Mirai,mips,mips:12187461350425228977,false,train
6c698b985c2350115c61987d67c8f31435da821cdd079d5cab5a752604edca35,Mirai,mips,mips:3705190706810626711,false,train
6ca9151f25daa53b9fab2c6ac2ca292413937709b99e5a88a74d456fdab01562,Mirai,mips,mips:6343451335216568938,false,train
6cd369ae2dff5bb88938301813148b16550814ed494e3899d8fbd396e3792e6f,Mirai,mips,mips:9380686396855184305,false,train
6cde3e411e13db3e45321c7e8e4511eaf5d2e6992e671dd6666ede1bd8581dbd,Mirai,mips,mips:9568568026397817885,false,train
6cfc3a1908b8bcd6d456a44ab1c58971df0d3ce1b2f30e0eb9c697728b21c9fa,Mirai,mips,mips:37439257132317503,false,train
6d5761199874097e0fa9fdbc75e62f17d2afd624249ed167528988fa9fbe588c,Mirai,mips,mips:16870312213584859484,false,train
6d6a1df1809774c0fa406e92d446751310baeafdb6e57436eee185fedb0b021e,Mirai,mips,mips:17617537297373817842,false,train
6d9ba03c102b4c4056e2479cc5170ed2e1b95370b6f6ad3de6f5695cf1abe019,Mirai,mips,mips:4768736875411008511,false,train
6da39f58f1447d245c307695a6f9b3b6818cdb014645a6c81332e10f0ca5d0e3,Mirai,mips,mips:16475985776638076881,false,train
6dc7dab4cc06636fe620f35d544e16d843e055996ec294ba1606d59b5d850e33,Mirai,mips,mips:13923342836392825112,false,train
6e3213ca042c421faea012d6f4c1ff996f286fec4d17c0dda01158178b0b0215,Mirai,mips,mips:14788321657167656093,false,train
6e4ccaa1a9a0eca942df5b3214cf120feff2fec9f8e38c9f4228df4eb46162a9,Mirai,mips,mips:2304582725298554334,false,train
6e4e94e7f7222e562adb7c78bafee9639671359598fb7264a275fff1fc01509e,Mirai,mips,mips:2921943657869618485,false,train
6f1b9eb03d1e5a5c9e7f0686c1e4d2018760ce8c3f2d92974956015557571d40,Mirai,mips,mips:4624393360233507373,false,train
6f438c7a369574aedfb303125754d527d9d454ab133a97351a0bce55c492b925,Mirai,mips,mips:2954194026298467828,false,train
6f60429a4fc4e887855ebb7ff63c527d9394b58c851c79def6bc6100726a359f,Mirai,mips,mips:11858782922070256640,false,train
6fba65853c66aad9b200d9791a33064b973b6b93b530d5c0552078f29b4ee21a,Mirai,mips,mips:7254529498133602826,false,train
6fbd653265cc7f69246f348c7940522714d8ca292da4b81d4eceb0c32d5f73b1,Mirai,mips,mips:14698540440695094518,false,train
6fd04be72172d1e69af39a151906cdc327fef032f1a2603e520cdaac50c86748,Mirai,mips,mips:1282428694861002756,false,train
6fe6c0439ea834a4fe7ea64cf5a241ac26863d1a69fac9a013ba02b7cf18d8c8,Mirai,mips,mips:15350900023108012262,false,train
6fec8075c0358579a6ea8b597560a44d3d635f865b6efbbfbdb9763717563787,Mirai,mips,mips:5623002994746701102,false,train
70067de0467002f35c75449178aadc7f97912daaf6d0fe3f4a9a6e6bbe1b27be,Mirai,mips,mips:12600370375711934917,false,train
701e7b1bfa04d06863af5c91d7845b98bc2475374833162e538f0c5a2781fa4a,Mirai,mips,mips:14683631325581376957,false,train
7028073463244122060d6d6ae0c94e6850115f5979d46f1cb27440f5d0f23cc9,Mirai,mips,mips:2046624647197237712,false,train
702b13890420337493a5d779553a3d120bc9d7e4489244293f2de922d57d9310,Mirai,mips,mips:10852235465205539483,false,train
70530321e0bf151286e54082f295c3285fa36aa42515391c6a93d6e74ccb6ec8,Mirai,mips,mips:6363700267854811341,false,train
706ff0580bcf1ceb2286aee1345c532114bbd86b60d97fcc5edfc2b85f6d6cd7,Mirai,mips,mips:11646038821202413389,false,train
71011bcbf7fe2b7a6d4e0781a33d19872ffc7e99ca686bb1a526714ea8be3038,Mirai,mips,mips:17122939186547112756,false,train
7130e3a03e071881c42b6e56c0a4d176d4071cc719c5efef27981f25155567d2,Mirai,mips,mips:18187016319532976311,false,train
71fe972d19c86ed615733a624b2af095db6b168f2053f078d0e0046da9e0b23e,Mirai,mips,mips:3233300091183230500,false,train
722491ef189b2260e0d5bca40978f470fd35d4e827874b7a92f42310ed79a1c1,Mirai,mips,mips:4759469816376493381,false,train
727dd20e7c3e84bb8e8b32231c39934b3be18a29157fb60db9fdf4b27fd90efd,Mirai,mips,mips:7642388625415420160,false,train
72d3f16e76891784f1816d5b495e6e4e502c1765eb6fd3298df69f303f3a027c,Mirai,mips,mips:8386686670426135176,false,train
72dc2e4b49a74afeda70067830de44475a7ea476462643e42041113f792df75a,Mirai,mips,mips:7955477847424004420,false,train
730f350e0620e53d3780fa1b756c006ec2303f91bc6dfe8afc81f0a6b0faf02b,Mirai,mips,mips:10819396455668309583,false,train
73301f0d387037516a4d3b16bfb70021986814d195001d7cd0cba47374b09368,Mirai,mips,mips:14138248435630487430,false,train
734be14161273ce22ba8bc4c5b02058f0d618996ae33ae2c8148b726c1341229,Mirai,mips,mips:10755135945426968294,false,train
738c37091f3dcc1a0bda17484ece3391ea2ecce7d6286fc373a0b67509cd5cce,Mirai,mips,mips:11781802718823641742,false,train
73f58ec5b0437a5ac03ed11b65359d2f2c8c8a7b1254b9ffacb711a051782dba,Mirai,mips,mips:4307330861518982574,false,train
73f7375064f5e78312f6ab73aee8bf582087b2554047d16723fdd9062f297db9,Mirai,mips,mips:3944159645296207628,false,train
7448ce8681457730e1cfb01d05b8dd6c8ca15510ecc61bc2e17aefbdd8cfb13b,Mirai,mips,mips:15904672191576495077,false,train
75441dc9bdf6f4ffd8d43b84bf043533a88e08b8a379da1b4a1240d06f402e45,Mirai,mips,mips:3021273961292885784,false,train
7562b2ab41a952e7af60a2a7241c628036cb77b8bdc1938bba2dfc283942bd08,Mirai,mips,mips:11258942757330969772,false,train
7572e4a283ef20bf274f3df0ab1a0372ecf08afbb093e2dadbb75b1a85edd162,Mirai,mips,mips:12491851175418429133,false,train
759da31594c0c95f0d9feb38404190953d9379867162664ba1968058c1155dce,Mirai,mips,mips:3352915089161984463,false,train
75beb94a4c5479ea4cd70df69d8f6fa3e7e853bf22928ff3c58595f0d3d93961,Mirai,mips,mips:16018600571227755527,false,train
75c4cb72035d52b6e58dc10c49316f60f0bc2456b5aa3511033a6fe2e68ecc83,Mirai,mips,mips:13904224263527262319,false,train
76386a116dea8ab1702f038271d71fcaf9071944b12a254f8536b604d51338bb,Mirai,mips,mips:14889963934262094585,false,train
7643149f528039e22cc40d529da4d77b5c4e8746a26bfe4d853e8a62465fbde3,Mirai,mips,mips:16045610045583641285,false,train
76d304c3174b1286c47034bcf12f6b1c73bd09a7e09910da1c9726c5af1aa6a4,Mirai,mips,mips:1814869138461371195,false,train
76e9c2115399757c05d9870751b1541ed5fb2dcec5bc0779343aba809daca41b,Mirai,mips,mips:4787631128779100971,false,train
7710cccac59bc5a7968404c854368541cc429acc3b6dd939bd7265a0ba873340,Mirai,mips,mips:16743167311815423816,false,train
7746a0bb4560a21fd9e7a124c4eaefc8ce58b54cceadb2c5ec26ea55ff5c9557,Mirai,mips,mips:12600370375711934917,false,train
77a4375eed97af7306f56201c431578adcc63a65df8e82b96f2ecdef4dec380a,Mirai,mips,mips:18165023245533014181,false,train
77dafa9bbad87cfd140e0f994f5047e7acc04059e11c9486b230f3a4e758643c,Mirai,mips,mips:1416098341753923111,false,train
78348dad56c40ba0e75532b24104195d7fdee13bf408ca7cff9e6696406cc1f0,Mirai,mips,mips:10781613631440301229,false,train
783664c7b9392ab82e46e1bc06570be0db2203a73b6650742659ca6370899b51,Mirai,mips,mips:3927701348298618868,false,train
785ddddc4d83f84af760b5a0b5943a5412543f73136793151af5166fc00664b5,Mirai,mips,mips:7714178099510091609,false,train
78ce3c03e4ef57c3df3c6ae65e088c29cd071d76dc53b71a11151050fbc27fd6,Mirai,mips,mips:17418843918253042669,false,train
78fd92c07733e98c5584bfb24532886e4f3383efa0088e1af0d362354dbc512c,Mirai,mips,mips:14571586517614959149,false,train
798012fd301f734a93c3b5557b4c8508ed340f4a594c792b1d5dee6cd26c13ed,Mirai,mips,mips:6389302505288681434,false,train
7981adbce5a0f9016ed1d6f9c18096dc1656be8227e82ea38dc1674d44b7925a,Mirai,mips,mips:12145096158904492852,false,train
79b05b775c41e06b18ac02097e8dff7e5e6729123cbd08091efb73d93a382d45,Mirai,mips,mips:12311298336774298708,false,train
7a07ebdbebe566bb29b9b6eda85db1bee9dd596420f41aac49deedec1788f9b8,Mirai,mips,mips:16988036357045778795,false,train
7a326d9de87678da5935eee185a7bb06da85d702dd2513feb71a0b4aae87eb3b,Mirai,mips,mips:14949974989331793703,false,train
7a38e83cbed48b11ecbe065088224203208122797fe4a609e20d7853fd60c98c,Mirai,mips,mips:1790937628585639528,false,train
7abd0d4e709f76dec1e6395421e31ed84fc6b2d7c2a9d57f6029e3b61510cf28,Mirai,mips,mips:1167325757182167543,false,train
7ac88c3f996aa06d8ad81756aec2d241e4194c761ae5e98dc9b2ba3216b60365,Mirai,mips,mips:18135560782347643123,false,train
7acbb56f702bbd10329226ce49bb30dd18caddf7d2f376b2be405ccd962f119b,Mirai,mips,mips:12085891358234364470,false,train
7b0546bffe9830b3af0c6dbe1241d1234e124bd6baf2a8c599ab7252ab707c20,Mirai,mips,mips:8005807659025504438,false,train
7b1e14620e6bc2bae04d37b6e6ee44f171df89bd9079ae80717ffcbf8357efdf,Mirai,mips,mips:17692742542660344337,false,train
7b618f7c6bbe81c77492d48e3dc458666157290027b2776b9643c9ce32575256,Mirai,mips,mips:17506375116456350350,false,train
7b711b45903f64b28702ebf56f295f27346f5ded18a7bef5ab6390160f4f25d1,Mirai,mips,mips:14296368062882507887,false,train
7bb6865c9089d6332c694c803422deb2b972bbb99aff554882c92567cf3937f0,Mirai,mips,mips:16096733225318272330,false,train
7bd09c678e8e52337bed34c8a1cbae0d2828dec60c2610e2d69024937e4eb68a,Mirai,mips,mips:4603987167205217472,false,train
7c18a8bad0e7432b14f259bea83a5fd85285fc8aa1506b891cef7d0bf480a546,Mirai,mips,mips:15898599608606919012,false,train
7c4f87bdf6ed15306a19c781c4e768eec7f8e4d5694cf1ff04a24b7200808153,Mirai,mips,mips:1276814000771426633,false,train
7c6b818deb441ff69d4154ef9abc445f983af1b68224126eb291cabd2585c239,Mirai,mips,mips:11015859375709839099,false,train
7cebf16fefda693255d7298dda33a21a63fb77fb798bb7bed475912c7aa2ce6c,Mirai,mips,mips:3635695530758226744,false,train
7d19ad8a8e6d0a8df6637bee886f8b2a27d3e034980d6f8ba03cbce84abc86e2,Mirai,mips,mips:4445007075308770380,false,train
7d9e6c0a4fade744e96601779bb07e185eb3d863afd84717dfd7938606e1bd03,Mirai,mips,mips:15188266631759561277,false,train
7e205848fe35b2f71cdea34ea05a5aa887a9d1cb41142c9b8851a390db04d0a2,Mirai,mips,mips:10879138248799716986,false,train
7f33bf8549a2c339f0601348cf49653e23dcb963d9a70c27070f98a68ed4f219,Mirai,mips,mips:8252414368281913893,false,train
7f4101b08d29a43d9affa9264f02c3879c74503afa69407cb38d294da9c22291,Mirai,mips,mips:8902128912808471680,false,train
7f69408535b23ad4a0d453022f08b27dc02af79539a5ee6d57f9985786e9b71e,Mirai,mips,mips:12065788445512876653,false,train
7f87680cade27ed911dfb5ea6d0e24a2b75d53314b6cb05f968797d72ea2fe54,Mirai,mips,mips:5504666762081664454,false,train
7fb19b3d79597813a0080e0620c8d1b2c99fb1c2281cf6f233e6daf71768dcab,Mirai,mips,mips:240636463594887768,false,train
7fdc738d1510c531ce5087f983c868e0f23e24a132f1949d708d27696ccceced,Mirai,mips,mips:332402418026778918,false,train
8070c7489f5e0ccc2c2412b44c2965b9066ace9ee4e133070a8b2e64bc6e23ff,Mirai,mips,mips:601738715954619073,false,train
80c24562b6fea39895d18ff853c55d4b354d42145f7553d8975a43bccbf4a97e,Mirai,mips,mips:4443586679605212599,false,train
80efb5602b07bbbf995071194d78d94c8f23ab14faba137c962dc990acf06c6d,Mirai,mips,mips:8918750082256346923,false,train
811d99da38fa91667b490b22e0c8882a367ed2940b1679dad2b281816d540c17,Mirai,mips,mips:15468579293904761658,false,train
812ead05501a6cddafc58594d8359c220534548a117a30fd83a34db2df0650b2,Mirai,mips,mips:6917752751844298178,false,train
816e50401021c6edb36329213853f4ed6021ed9e7fcb1e0f7d3369caba7262a4,Mirai,mips,mips:8691107060753339132,false,train
82295c705af9073417d3c3061fa8c75aaa3619bd1b86b13e00aad4bebf955fb8,Mirai,mips,mips:14288806581174060640,false,train
82401439adee3c1d21bb6aae9c96bf32fcd541b04bafb1e42e114f68cac14a33,Mirai,mips,mips:13514148759426479366,false,train
8255634e9fd2a6418a4ac3325834499595b3c6959fec57722b32fa13050377b1,Mirai,mips,mips:17415861031299697767,false,train
82637cd3eb5639c473e9125bcf6a029da278201537c01d2d81c91ab60c7d504a,Mirai,mips,mips:2502143740487545899,false,train
82a0a7b52d6d6233f8bcbb00a857e190ed1da115ad76b20302bc619159822f35,Mirai,mips,mips:17153532218430473546,false,train
82b736789c7b24c5f7a60e263aa287cca7659f570f973671010bda9ff9f18384,Mirai,mips,mips:4256462233637267435,false,train
834ffd6eaf4ecbf48fcdef29284d275ff52884ca1153e74079ed7962a2e80590,Mirai,mips,mips:14374048550965144923,false,train
83a87b2c4bd10eb1ee448c85dae45b2e40f1a948027ecb9d8d2ba6ca672d4423,Mirai,mips,mips:9253475275460393122,false,train
841b20c3ad530e04823629a9acf607374aeb28910a747628bf81f5f01db34272,Mirai,mips,mips:18221697883409078580,false,train
842bd8bed26870091a3f370630d979589376f1dfa31a1f9b8a5dc87818565f55,Mirai,mips,mips:17378665430298003424,false,train
842e0b84e44a3b81bbe7885892d03e2c1b1a85b778cd551cb23608e91b86b593,Mirai,mips,mips:2100392393067881270,false,train
84d149505892f9eaa8bed70967370946cf2242b52c3f44b15e9b5d5374761041,Mirai,mips,mips:3335208806026778596,false,train
851aae8a205b1ed293cc0a67b0a7c19ffc9cb1c1731678cee343be373c19ddd3,Mirai,mips,mips:9063431884867795495,false,train
855eaddeba4582bb77bfb56ca7192e5e38a7c2f6864f06f96c7089be477efef5,Mirai,mips,mips:11239121477716009657,false,train
85645cf127a5262c15044cfd2d45a0909bb4a9b14e549bc90e60c37eb5c451a1,Mirai,mips,mips:15017969536775341332,false,train
85fbad7165c960489927ba65f08b7f09da2fbefcee8ca6326d5345493f6cf7af,Mirai,mips,mips:8841812449264014842,false,train
862f62ce97fde807e7c9f2bfcf46fe2519b171c700e1c5b8243dc453d95cd101,Mirai,mips,mips:8057614495999564707,false,train
8636696e31408784a176c437dbfc874c82ec131e100ba5763ec6d7e8962f308c,Mirai,mips,mips:17410372193486595922,false,train
867c9a95f4824f0997b2f4eb93bf85e149988068e3cee4ecf7b55433c15d0b8c,Mirai,mips,mips:4200023776486461379,false,train
86a48f304c5de2896933d6e9c212128f2122eb350650f7455635adbb54877493,Mirai,mips,mips:11719140052398115228,false,train
86c70374e90ea8970f14433ac5ed628f217fa3b8e43aa4089ddf26a968c21f99,Mirai,mips,mips:14751321248242903798,false,train
87bc8eb0b8e3bc4fcb7e26104cc0d6f8f479bc2ad04fc96462f7b59248c46151,Mirai,mips,mips:9613051033489653204,false,train
87d176e81e4a47b54598c23bc45d2ab23d377d0318a438f0e19d5dad11c44270,Mirai,mips,mips:6497111894031417122,false,train
887b3242499df727f329d5135c9620e83c3b2239725a274605477ca6c252cc4c,Mirai,mips,mips:14456863850229790919,false,train
887fbc38b2d838f0b30ff59bb568be678cd7c0813d575f2c395d60a5b68812c3,Mirai,mips,mips:656826891883506844,false,train
88821c106791e3cf0c1254c8e2ad1abf62029a3f8a7cc3419e065cc7fe37eb15,Mirai,mips,mips:15713885162938953861,false,train
88dcbd8ed7adc37e8ea0d23d45f3479b8d95747ba06c4e357d59b76fda4ae309,Mirai,mips,mips:10854132243096808785,false,train
88f91e424e7c1c0ffca81f0073ff39780dda6c67947c0ed2532372fa46dc4871,Mirai,mips,mips:5255578924560331232,false,train
88feceea31903fe6b13b31fc775ee5e3b907f1a60da335b1c879fb0fa8afe380,Mirai,mips,mips:9382191872474620393,false,train
8996f2c2f038aad1ec0cd0d2a3e7f917ed8193491f73a2752a485806d7b2f734,Mirai,mips,mips:1820284271212216052,false,train
89d51bf28c72bd7a3af2e6f5c7b39524896730b4c9f4eaae805314e635fda07c,Mirai,mips,mips:8512785669779582821,false,train
89eb689439ce46bd1653c904755dfa1e3a4cc3a070b3c9bea6795bfa52186ccb,Mirai,mips,mips:12496218035159786905,false,train
89fbe8a3d0fc7f2794e5c480d5f28e5871437a3e6e3d666f5212430853d1ac79,Mirai,mips,mips:9269220379896183316,false,train
8a3055e89d345eb9a945bf5c260bc3a8c8c75f8839f549b2bbe2fa6f12fbe08c,Mirai,mips,mips:6524788658703505455,false,train
8a57f2cce8a919e9f08adb7afe4550d8c99a43e795d044baa1fc2523220aad68,Mirai,mips,mips:13974226252348972916,false,train
8accf2800d59ac2538b4cde8bfbfaa7edea05fc889c90cf2406b91c5bb08ed3b,Mirai,mips,mips:4004969212731466445,false,train
8acfc2b5e8eca777064e016a07a17345dfe21767500e1c0e3218bf08a201ea10,Mirai,mips,mips:7165450034128468224,false,train
8ad93762de17c4181bbb6fba881fc947ff5a397c093b3d9eba51b5390ad0e39f,Mirai,mips,mips:17317131384406896647,false,train
8b03e641a4e851eb91bfe661628b6cb17a5dbf5eaf926c8e244c7e12973d1bf4,Mirai,mips,mips:14606654942306718973,false,train
8b3c343b492b980d9a9dab1831ed3218f58dfdc9e292496f2d16c288c733d77e,Mirai,mips,mips:17526384951676126310,false,train
8b9e075ff341c12bfa0c345a9c511cf1686a4dc7d398c459124f510d916fca8a,Mirai,mips,mips:8939459298451985444,false,train
8bcc08e669a1bcc93fb8e4a607370db64c8243897bf63ca99dbf2649fe7cb6d0,Mirai,mips,mips:8787585235804772972,false,train
8c4569ec065c272c72de4e967087c53435b2694cd0173d850627ef501a3b32cf,Mirai,mips,mips:11707983450181662728,false,train
8d8521bd9db6f7aad3e2d4d1300014e7b5f2a0856c71793450577c908e660b80,Mirai,mips,mips:16563970792277746144,false,train
8db44682cd7d4b64922e44e9de02a0dbd661379d48c23603a694298a168aa165,Mirai,mips,mips:4717709930136821293,false,train
8dc918ae776bd4f9190fbc880bd305e4cccf6bba264c0982fffd4f7bacbc9bbd,Mirai,mips,mips:14497057860471671966,false,train
8dfb263b9936eb4c12eb53a770fe355ceec90eb9fdbeeccc42ca8d0f71443dd5,Mirai,mips,mips:15854419987634685657,false,train
8ef9015f6ebad4e9110bf71007a3a650ed1715831ccda68a5115d09ecb8f4591,Mirai,mips,mips:14232015417749185121,false,train
8efabf4512ae7a3099f8efe1ed7d2e3e612d8a9871851cff55ad365f75309687,Mirai,mips,mips:469952692980002921,false,train
900c5c1dc0f4d7f0e8e2f2a61230193cf9575f28da10fa8128b14d6c2d6cc0af,Mirai,mips,mips:187475013858351288,false,train
9043d2ca5deb93fdb0d1681e659a70184275727eb769254494b9efb165e99fcf,Mirai,mips,mips:17632426660422744603,false,train
90923d434f7d79a1ae71921dc124a5df8fd5e4516a208947d49d559cc1691110,Mirai,mips,mips:14199673420962780423,false,train
90a2dfe8fa71b90aa1a2d64182b08dae7e210876b7a0be56a6ccbb12f4647efb,Mirai,mips,mips:2637000824462337543,false,train
90cd55c61f96120fcf0d039a2eac79d4ef5df5278d060724c87694152383ff9f,Mirai,mips,mips:2002347151944952478,false,train
913e57291c5053932198f4d9f8eeba7c263ad0d0cef29fe60a387fb436b4c4df,Mirai,mips,mips:17045076519802974449,false,train
915b3bbb3d279d49bb5ae22d68492460fb5ff31456de28f505f4dfb5da88c069,Mirai,mips,mips:3268939224783970686,false,train
91d7c516976097cab54dc2f7ab7a25ed1d6013c64d50707fad1fed40a6e5e2ca,Mirai,mips,mips:1909913333795668375,false,train
924dfdf413bf7da54f0441bed63011806d96424f211dab2bacd0d49cf343caca,Mirai,mips,mips:4764428433129365099,false,train
9257561f23c184b48a61597d56ef9e88dc2495d8eab9d0a24ba6b2a336801e69,Mirai,mips,mips:3619618220725945449,false,train
92bf0312b5035f2c5b4bead0987eba2e2e6c88b97d9563c44cef92d2e055f75b,Mirai,mips,mips:5949158025461450661,false,train
92c3d58af72b35d04fc6f86045deb29a8d7705643da04c04a4ab176097a115b5,Mirai,mips,mips:2105258601741833878,false,train
932b22f787e7b165fbf8956ef4838ff8bb9dc18441cfa4daff4ccbd303131156,Mirai,mips,mips:16531048010187399981,false,train
937dfb6af0e868dac58fba659768cdf157b6dfc3ef5ad4fdb94eaf479f8f00d3,Mirai,mips,mips:15007369342356257970,false,train
93c6c4b2953b904d10133d2fd6cb555a8760585f150e05faf311c6cdd730a287,Mirai,mips,mips:15327879929080853705,false,train
93f8687f3afad4e190b970a643c89c89766911817c91f53b3d68610637c5a013,Mirai,mips,mips:17842358397133294486,false,train
93f9950797c0030f06a98e64fecc2ed75e54681ab9da4b79e0e4581e6bbc6c28,Mirai,mips,mips:8120132588706332859,false,train
9429b9a4b214132e10b56027143408edb33031889321bc32d5d105c745a920ec,Mirai,mips,mips:5976562917502519422,false,train
944bdbb400d21816e48cc1060f1e198406694e01e3871d426fc86da4e95923ab,Mirai,mips,mips:16863763362625360815,false,train
945a90c73d4423c2eaa2d2a1481e066221fc3601c317e7496ac95d4fcc06dc8e,Mirai,mips,mips:17192411393665956181,false,train
94917f5b7b7dbfdc419235dfd9095fb06e6b92f10c51c0b5104ab8917c6cd065,Mirai,mips,mips:3679498979494567533,false,train
949d4bdb2fa9629a923ab2ca4c5f8bac7ddaf2b3429b64276fd3513bdba1ec6e,Mirai,mips,mips:17786712019922301116,false,train
94a426fc241056d23c724712623dcc4119d4918f2f4b9bfc01986fcd5dcc6aa0,Mirai,mips,mips:17303237463249482217,false,train
94ad6691edd1ecd1060f421825573be41ac0ced84b125ff8ac691d03f6cd72ba,Mirai,mips,mips:12389916364624394503,false,train
9518862803ca03026266f28983d623fc0e3a1bf710e727c4909b9e1157e7b48f,Mirai,mips,mips:4570147747929725461,false,train
96038544ecb96eb8929bd33c29571b74d4ce9b66843a0b7d46779c8eaa64177a,Mirai,mips,mips:4123848606694396105,false,train
965a8e60dd6aa6f5422fa33e9bc605ef4f2d31dfbda0cd8acfa1254907dfc01e,Mirai,mips,mips:10652649069332413635,false,train
969f923b227986163cc4c905b1acdf3fc4072a468be72942f79e6ba8b2494983,Mirai,mips,mips:6427409766254265326,false,train
96b3934cfd42f0afaa379a5dceae46c6008b168b20cd71dd0f218770ac66c303,Mirai,mips,mips:16432947114926426229,false,train
96d29456d2a35bf15938c956b5ea2fe431c09f3cf4abd412078ef8e943ce3b31,Mirai,mips,mips:5658290568024022064,false,train
96e478748c800f59382b11a94c83ee67539d99916897059afdc1e9f66a27ba49,Mirai,mips,mips:2011190704068012911,false,train
975a64d3c329da3309e060de108c88e0cae8b2e9bb69de65a0aa5cc1324dc0ed,Mirai,mips,mips:2498270855494940665,false,train
977092cbca8737c24f1ce2b77b8d6a78aa4ae7e1b7cd14a140603504f7045a9a,Mirai,mips,mips:10507556528206281453,false,train
97aa37151991e010bb7ec5e31d66cc93579cf1ad0afe8abfdfad344c53e22c48,Mirai,mips,mips:12446662872665628789,false,train
9818a98a62f68729d01c98f5e2c38466186788f3edcde480fc31a3100873643f,Mirai,mips,mips:2812363789230137155,false,train
9851bd2f8a79d08d89170082fbe5e707de037506f569a3f47c827d6575c94d47,Mirai,mips,mips:8286520894237526890,false,train
988a3475b4ddae489df4098cf119b9b4f3e959ea0ccac455d5ec5c9c2c8d5f56,Mirai,mips,mips:1521645822456251225,false,train
98c1df7ca12a34a97c69312ffcb00f63bff67a761fa3c35f9365dbec0419a60a,Mirai,mips,mips:8887406741298244247,false,train
98dd38fb8f0694bbf03b67c0bd88204d5067c3d833289ec894c4c4088ddd59df,Mirai,mips,mips:6735794937095328459,false,train
98fd865d11103fc4c053105e74c52957491bcf3f3964eeb52b8d67e535d07fe8,Mirai,mips,mips:9223519642801924467,false,train
99269eda93ec9a283a2932e5351a4bf4b8ec906d98106c037b277f6d3943b171,Mirai,mips,mips:4988004612899362175,false,train
993a827bc98c3e78fdd9be4e0d311cb87ffca3ea6cf8a9620cd75ba650b5fc6b,Mirai,mips,mips:12230313219565383743,false,train
99b89211de870231a67b1b7ea9502e4b384203cf71e50b5657765773e58239df,Mirai,mips,mips:14669539886214740977,false,train
9a37486e1e079b8976443bc7d419f33cab0d2821b561b106c048a669121b434e,Mirai,mips,mips:2013045889097239387,false,train
9ae34c5b3def5ed0706f22fcb2afd60a3934effa0e47461229aae9b52a8ae3fe,Mirai,mips,mips:3011637129035316093,false,train
9af53c44768cc72627e54822c2c71cfe06c6ec0dd95ee745b9f8f9e1d046bb91,Mirai,mips,mips:3343501478624085804,false,train
9b1226cb7d4b09c4b9db836af6a917b27f2f411bdf4f919c9d4b5d7848a4ddcd,Mirai,mips,mips:6254086042135408230,false,train
9b1f59ef51b01c8cf3f6c7c5cdccec149e26e31380ef6198fff3ad2cbb8d2be7,Mirai,mips,mips:14316685672276310579,false,train
9b794e7fd39102bfb2812439eb71bba8454fde351572a46e4748621aea0e9913,Mirai,mips,mips:4837422652819577970,false,train
9b8494b98e641e2452392cacbc189d58bad19555990ac51fac5099d3dc1bc50b,Mirai,mips,mips:1808708210536907389,false,train
9ba1d4d8c30e150c4e9fa79b4db1eaf200b5bbf18fb2835f37ccae3420ce8272,Mirai,mips,mips:15515538955614883099,false,train
9bbb902d817db252c8736c04fcf4edec813f61df276b7ade0b5fc6be68dcb275,Mirai,mips,mips:14125963440243110856,false,train
9bdf44f3bca76fd05ab9d0f908ff1f67891d0ae5168a69044cb11d77f49a1a12,Mirai,mips,mips:15138613842129121908,false,train
9cc4048cebca9e52b4954bf6ceca70580945c5fcdeee247b475a33ca0958ae39,Mirai,mips,mips:6260353155182976851,false,train
9cc97ae4aa392fd3fb832f871be7551b034ad3190968cb127d5d3877ea42bd6f,Mirai,mips,mips:9614434151626179507,false,train
9cea75983f9c1bf309a222897b417a5269636eab1f75e82859940e630f358a66,Mirai,mips,mips:1459002650407609241,false,train
9d4c62c8a59b4a0605d1e142115ec3e47f1142108d028ffc12341441fd29e656,Mirai,mips,mips:16624243932889083936,false,train
9da83556bdec69f5bac7ac3eebdf1ecf9cd7da322c1b41305846c21d5043e529,Mirai,mips,mips:11883638209443000460,false,train
9ddd28759d291726fe345e6979f5db0e1171d392516c43c16e85dc4764afbaf1,Mirai,mips,mips:7265471468675062582,false,train
9df048d51699aa64277cb09080106350e718549837127e4bc68ed32156ec057f,Mirai,mips,mips:1507315293147586270,false,train
9e44c55ae60a28f80d12d282b19839e49309de7adca4d6d47b966dae1b93b88b,Mirai,mips,mips:7707815983024934136,false,train
9f0974c0257e7f0f87c0a8b0f27e698b87458471100636bf41409138296b9935,Mirai,mips,mips:11199663893049742744,false,train
9f218587b4e201ef3d3795d814d82cc61d748e299cab37bed31b46c841fee855,Mirai,mips,mips:440821124337685056,false,train
9f56b7fbf8cf28f74e13ba81696f6c0a6a284eee18c010fad7a6ae9f8664bf1b,Mirai,mips,mips:12053481732723153321,false,train
9f6761688883ff57021ae5f7ce661ac60f5096c0a852a214d0acf74c52d0f040,Mirai,mips,mips:13231757340989361109,false,train
9f89d8664e1328e2ae96883ab0e24767531374231890c542023f11b9235692f7,Mirai,mips,mips:14509145356555475002,false,train
9fea97ddb7ce8489033bc0bd36af9b4a94e49c079627b16f4f972ce9ba7ab5e4,Mirai,mips,mips:7894348554436554612,false,train
a05a5c24264cc2ed874bb2125862ab379e536362ba44401d07ed340d6cef5e75,Mirai,mips,mips:1222457166292961085,false,train
a0e85c1674d1331b21a690e7d3cf51fc3ddba85842df58b8ba827a6fb3ec0b55,Mirai,mips,mips:9577973007259538011,false,train
a10e53de4312cec68cb810bb2545518f5fec95e0d5074f8c7a55ae3f74d4a76e,Mirai,mips,mips:8500508979530228125,false,train
a1320c256aae2d0fd1924387d87f60b7e03eb5647ab623a5d2bf1add5eb87b5f,Mirai,mips,mips:7522411993672931559,false,train
a13372f4b0a05d7200bbcbfbdd54bc6853c7b7e0780e4d3746edbc48a7f5d2c9,Mirai,mips,mips:2392688879178867264,false,train
a14652d6257d73c62076ed2a4c52f1250f4d6452c4dfe258e06658cc535410c5,Mirai,mips,mips:8560953939330078738,false,train
a147bcee99015ce54296432108d0fae0ca7dae20fad0530909fd65f86a48b14e,Mirai,mips,mips:6998371344858903316,false,train
a1710ad8d80f496ca31183bbd62898928f785c16af6b07c78888cedd1d78dc87,Mirai,mips,mips:1814869138461371195,false,train
a1c25f715fcb0d2661c409aa39ea9d35b1d91b5e033a1fcfce591a13485c43dd,Mirai,mips,mips:7856117961018501487,false,train
a23988362cdf4f4751997b3cb6aefc1578c0cf4b117db24a973ee1aa3cde8edd,Mirai,mips,mips:12546768841330227084,false,train
a277acbbdbf3ff9b2c5d5f91908ed445f6f2adaeb71bde8ac28f7f2c56772954,Mirai,mips,mips:13621454194089793714,false,train
a2d6c42b55a99f16fda85a1bf5eeb17f93d0874eca579036f8234047dddba469,Mirai,mips,mips:4624393360233507373,false,train
a2d84ec18be480520eb558f057d032fafdc9fe5e3af9baede8785600ce488ed3,Mirai,mips,mips:10900374463490555882,false,train
a35707aee9cdfc499fb9ee24da36f58aa35f74827618ef2bab215ec557d33aaa,Mirai,mips,mips:5616041144966463662,false,train
a3781691d44aec90e493543d3c502238eb60004005b450528ad5a970cd1e8eed,Mirai,mips,mips:6575730035694377667,false,train
a3c0441e597065e71c96e4093414f646ac0294e7033f34756884a570b7ce8ff5,Mirai,mips,mips:5852305711931035591,false,train
a405d5ef65794168494f7c0ed4cb88f7c9d58610c9e30d33a3c9e87dc243f151,Mirai,mips,mips:4722773189515626973,false,train
a435063d031bd8fea769e4563f98334d82d93d288c1e583e33e1cb9e024fe8eb,Mirai,mips,mips:1170776797418014589,false,train
a499a394296af52eb4c761b1c647162160242f6dc33e973bb741aa94798e21a3,Mirai,mips,mips:13552174721965254296,false,train
a4a8c200bcedb89d51316eb9ebbff9013398afd91516af2cabec768ab7b1bd9d,Mirai,mips,mips:15327879929080853705,false,train
a4b3c8604ab3f644bcf2575c86b0e155e6352e431f331e99795784391ec05a78,Mirai,mips,mips:8697242864261535472,false,train
a52b77754bdb8a4dabe555f8635890c1aa0e0ea60a6a9745ddace7b34a2f70f0,Mirai,mips,mips:12600370375711934917,false,train
a53bced743cc63120279a85fc5d1d197785cbfefaf32ca8a65ad26ba657e847b,Mirai,mips,mips:18063132612205774983,false,train
a5bb050a409235c52a43c350fd643b47914fee05f842ec5264a2ab9d71614eb4,Mirai,mips,mips:14699823749914309808,false,train
a649d11b86bc417ce7da6d301edbec894d0c915b6daccd8c938bf8a7862034dc,Mirai,mips,mips:15654150580433913865,false,train
a65bb1b1aa2f16b9b8e1c907c96e32b0785480c05b6c3b20ddd9471a829bbda3,Mirai,mips,mips:8622307834287972587,false,train
a70c9d78481068a5ffb1d8d6c467e4e81a16d2874b19509fba7b8bb6c18f96f5,Mirai,mips,mips:6733850974992606753,false,train
a798b66853ab462be0c2002e1b6f5491039aa99e441aaf3975d6467c967c9ef3,Mirai,mips,mips:7433393616210464168,false,train
a7ad324f9e5656497d4e3f1a081e2e983b9058d8e6a3720118e2db8bba2b640b,Mirai,mips,mips:11151116896946916683,false,train
a7affed7a346847bc4b0192784da409fe4282e4b300cbee3ed458a1111327a86,Mirai,mips,mips:14849283530797600955,false,train
a7b943d797ddbc79832eb8109c3dde992b65fc2e2daa399c74cec87f6f25b967,Mirai,mips,mips:7237484196674005106,false,train
a7be9baf409c108bfcf778fbce4abe708522ac1df62a53ba5b544de26e31fb64,Mirai,mips,mips:6056466756030700209,false,train
a8e4837dc0d09f5d4ffdb1b05f0e8edc274fe409af08add7bbf6875c71a167f9,Mirai,mips,mips:4624393360233507373,false,train
a9978ac7c89b888eedc81ab477205e95d3877a49eb02b1c71c744f77d24628de,Mirai,mips,mips:17685454042398411448,false,train
a9a9ef834552e7e41e1e6171bd99f2b2baa550b407b441fd1e29409a1cd3624c,Mirai,mips,mips:10731134122254536390,false,train
a9b79b81d75ac52f36f6d658f6f6a8d914142d0e5d66205bd81e4a84f7bb067a,Mirai,mips,mips:4867045780873133677,false,train
aa17d8d2907e578de18a0484aa800c687945b326177c351451e27adad2ed05bc,Mirai,mips,mips:5602766509537519143,false,train
aa62bdc2cbd7e54b77a755adb53e8927cd35d526b6d3e0e175746ef342884b89,Mirai,mips,mips:14092626090743522833,false,train
aaa917c94a6d9592c5e487e5e69f1219473a6c83c95e9d82550242d485c8f77e,Mirai,mips,mips:15737817751787090271,false,train
aad21dfdf2a5eb5404cbe996bca619c16252e42c2f092f65531f9258d1fa6284,Mirai,mips,mips:7974187872611345153,false,train
aae6eb40ca092e314d5ba1e0fc51b79eb3d178a9d0e8f6c81d3006e26623b85f,Mirai,mips,mips:13237897396291001522,false,train
aae6eb9f8b14008059f8855ef066784cd0e7783b26110eb2fce803983230aa04,Mirai,mips,mips:4276888473053755414,false,train
ab0786fb43c357c2af7f40838c119d6d9fe98491904c53f934286a7dd211b666,Mirai,mips,mips:16518656619568858079,false,train
ab5ad1c76aea1b7b3f031534dfdcd87f6306843dc816b3bbaa5df2346a1a40d7,Mirai,mips,mips:3827371310546920338,false,train
ab6c9f3620bbe992c1fb8c605bb831fbf1792a6a7b27e7c7b40da0647648c0ad,Mirai,mips,mips:1079029904176064514,false,train
ab83fd687495ce7398866848b4afacac82614c48095cfd91945bed4bb8ba14f2,Mirai,mips,mips:4124329134634176209,false,train
abbd4e2d9c0e2912d7bbf0f4a6568a2a0ac56ad263d899b32bcd0a89433613be,Mirai,mips,mips:18053203003002424855,false,train
abe7e2ca6681700614ffbd5a71fbf5164e60d4cc6fed704e0e300ee362e30995,Mirai,mips,mips:15309033842374490413,false,train
ac0e04a0f619ba6634c865d052e1e7c5696bb014a51a1cae188a2eec9d50a216,Mirai,mips,mips:1595805697422220953,false,train
ac55c1ee9b90630e2433312a4e8e95e152e69a7d73997188eb01a56949bab375,Mirai,mips,mips:11396910593067124577,false,train
ac59aeb6f937eebbd286b401dc1d6ffa7c9889e70fe4d0dbf26f04a09ecc3fec,Mirai,mips,mips:1812655322118004166,false,train
ac8f6788c563d2ed453097300383b8af10cb8f0f542956be2c435337e8a8f253,Mirai,mips,mips:15700502842966541117,false,train
acbc68f75fba99e1c6e5cb2bde4862746b584ce2835c51508cd6b1dfee48a643,Mirai,mips,mips:4565577580627601586,false,train
ada98f7f93d61eb2760956fff9b4af962dd184aa0661354d275bd3afe08176d7,Mirai,mips,mips:13666616191420326475,false,train
aec2f370b40bc88bbaaf9523d19a361980e880bc93e55e3f35c3d04d65c52be9,Mirai,mips,mips:17068063637015412836,false,train
aee40d63b8e204811758fc41ea29d1395ccf6012a4766bf9078c87a9c5065b55,Mirai,mips,mips:734819137182751313,false,train
af75fa4cfe2dc96c36e7c4aa8a7b7ce5aaac74f9cbd746f2a4b35815c551176a,Mirai,mips,mips:9868214814725202118,false,train
b00a6a6368408065a526865c5ad3ac5f23c7dce51590a401fe1aaa2d7dfab8b8,Mirai,mips,mips:10230443202571105286,false,train
b03336b3860d0c19b866c0ca89edd43053665e39c875bf1d82749122c426357d,Mirai,mips,mips:4154393621327763285,false,train
b037963e52c7feb067e0333d79bad5e4cd49bbb8e92bde5fb136f981b2479f16,Mirai,mips,mips:1951033718670553797,false,train
b03858410310089b85dc53df82635e41d465b4780d9192409de01662698d15f0,Mirai,mips,mips:16840948672679943398,false,train
b088041e381ab53c2d50c20da36e737af30e688472e1fadeb9064cd154d16841,Mirai,mips,mips:11582249374772183784,false,train
b0a356340ebf775e6064cf0dced1c290176beaa06cb0066123f45dabb2ea4fd9,Mirai,mips,mips:9218442038392627447,false,train
b164ead55d366910494151fb1e1afc5a1d30f4c598a792e6fca526a5efb752bc,Mirai,mips,mips:368621430957296165,false,train
b1a92085bb612a475c006048f933e8055187b1466da843ca5e9a7a6e1f4b26ec,Mirai,mips,mips:14500131025710148839,false,train
b1f461a1740135a10eb16d66f45dbc2bedf4a522ca14cdac3003427b7ac8c38c,Mirai,mips,mips:7618285273619063387,false,train
b210e82f9dd1af6465bdd008a6e3eb2dcd7e1441dfe7884975563bea373fce35,Mirai,mips,mips:6374634970927332865,false,train
b242dd9eb7461f05b99759b420759039bbd2894ca83eff51d19c12576b8139ca,Mirai,mips,mips:18327107405485483549,false,train
b24dd52eff7da7ada72037619d8adc261ccf6fd0ece96d233090a5a290baf252,Mirai,mips,mips:4768736875411008511,false,train
b32e51515b690a43780b47b3b0ef617a2650f7b3a24f4bf8ac7abb815bf2056c,Mirai,mips,mips:6569580389677846253,false,train
b35e53f3bcc3bde3a2ed40ebeb3e17d1bc3e1203e35bf71ed91b6eedc2eb5c87,Mirai,mips,mips:5058920306767608208,false,train
b3886ec1a8515d7e1d2fa5195d92c9b87a17c2490d7fbecaf9790ac760993d8d,Mirai,mips,mips:11653384644577217026,false,train
b412e6342b787818f4e4c098cb4362f7319c8509a61527a34f475c03b1192f2d,Mirai,mips,mips:163957123965682742,false,train
b4146664a091c9ce13a5e77e55c51cf7c65786a38289e93987b72043c8f8b852,Mirai,mips,mips:8878855619979792036,false,train
b46b7a808e5df359c66b633b64f1b4a69a77e18ab64f50f57b49c9d360367979,Mirai,mips,mips:12452823121129244151,false,train
b5749aacf284d65673f70344c579da104c8c292a473d886c2a079e2cd0987060,Mirai,mips,mips:18149435661016625027,false,train
b61255ae981861aa115a547d93b8def1724893aae7d2a47a9a7b55b47174986e,Mirai,mips,mips:13504395849606430095,false,train
b625d550d3fa9c04f1181665dfb282946822c3bbf8b7facd19bbdf30e505e8ec,Mirai,mips,mips:12817839323285884913,false,train
b63f5f2b8c488dbb72e70cc8b3ddc66f1ad79709deeb6426d6470044c981c89e,Mirai,mips,mips:4331929726137568018,false,train
b6987b897a9558b205a397ef9a1a8db247cebd7bde4b7626f4288501530c5e85,Mirai,mips,mips:12470024180104019275,false,train
b6e78e5bd5e82fc64e761ea7a4368e017061ba6d11b465848fbcc72b3c742627,Mirai,mips,mips:10427915147231730927,false,train
b6f62b5fe44492ff995f1261e960dab8f321e94a364830ba87be87e57394572e,Mirai,mips,mips:13124984867722050789,false,train
b6fcbafba2fc5cecb44fa961dc9e001120c938b46ce4f786963f71ea5fc86a35,Mirai,mips,mips:8459347462875560215,false,train
b793c39e042dc25d0fc90372a4fee5456bc2992492e56f408a1b457fec84fda2,Mirai,mips,mips:4881200616962126726,false,train
b7ba5aa2f8f7781d408e87b2131fa2cc9b95cdf3460f9778229398c9e851772a,Mirai,mips,mips:2309604408570978336,false,train
b7cb2ed2d06666dce7f6e33a225c5f06674721d69b8124fb48f4f34697122789,Mirai,mips,mips:10067756390429826220,false,train
b7dc6b280e2f079278e91616e1aa3bb2a0144a69356903a700816257ef9c817b,Mirai,mips,mips:10444959358905459691,false,train
b7f4503679fce902392f8120ffe27df304044c8defc94043f7a9f0c8c0c17f17,Mirai,mips,mips:2806119450540193420,false,train
b84fde88dc8de37772df70a2987b106048b562c7aecb11b4f0be8aafdd30c7e1,Mirai,mips,mips:6701114134773892661,false,train
b891547a62bcc2582f34c1962607a52307f772ef1ece314117921201ce0a75b4,Mirai,mips,mips:5861832908341926072,false,train
b8d1a17b16dfe6b6ef5c7214926b0f76085348ea8c48b060a1a95c9a43909180,Mirai,mips,mips:4218706845781112171,false,train
b92d4db35f02b6b55dee816364ca35308095e1f8d42e69774da5a12488491303,Mirai,mips,mips:7187400695905965732,false,train
b95f23a7885f6307eb20b1b19d0127abda552bb2d9c91d7a6e6da5f168a84151,Mirai,mips,mips:14854609892368929605,false,train
b990b0c4d5e3584eaf383e662b6180f24d73f69f59618b02e00ab9debce12d8c,Mirai,mips,mips:1980749839842299701,false,train
b9a6040ea4d9da193be2a1149a5cff4a4e86094c5d4d584b5940c4aa980c77c6,Mirai,mips,mips:15536974275758832943,false,train
ba0d8c2db0d2b522ec0563a5afdf6c21f85c0c9ea8756d13712d7ce12eb79c3a,Mirai,mips,mips:1020119350001666059,false,train
ba33a0875b7b2d15c0442f5f11859b8d96b96a62366d357f5883bfb1fa6d128c,Mirai,mips,mips:11553046604284477852,false,train
ba6b000e6c94857cdefb745262567b8543acc4d52a1c62add1442b7d77a3b321,Mirai,mips,mips:10968628144743109756,false,train
ba6dbf49292fee602400742ac17f108c02358f6e3d33c2f7816b41faf3f13e76,Mirai,mips,mips:13307860827986201839,false,train
baf901224541e31743795a9606fd65a5b1704a04bde6b1cb8d7348317970483d,Mirai,mips,mips:4266171563170259036,false,train
bafe0b3864283edfc1664a8cf0cefb3e557f3db339c69cb11e7e81a907543ca9,Mirai,mips,mips:12763709071302100130,false,train
bb7a308c2358f74919878421906a0287bc65b4eece8a31c3f5149c8f79735172,Mirai,mips,mips:17739577108718231036,false,train
bb9e2792bccd38df5a835aa036464aa916cba4a1384512bf94f9fe7d9b128dcf,Mirai,mips,mips:9136065401916121580,false,train
bc6a826592e5669cc6db56be8fdaa71e0186046a2b2b646d80299e8b1db41589,Mirai,mips,mips:11390227691555365187,false,train
bca8a13fb6b8c3e434c718e5d950219da9497d272ca443ca7aedd23de3eae0c2,Mirai,mips,mips:12260963033688907517,false,train
bcb0844c5235c7a5d6baf2c08e61e0f2c82667c2cd194523f78579320da9080b,Mirai,mips,mips:54157806386462739,false,train
bcf7891c7ada68532becb83b5ece1f26d9d66564acd0c673e72040369a2b4da6,Mirai,mips,mips:14432614559332977567,false,train
bd2bea912dc540e964739798cdc866b23db7b0ad94873105919bb406da56a030,Mirai,mips,mips:1876342255078975548,false,train
bd2fc1b69c73cae0882a30b5b2ba747efb8bf36e3a9fdf65da8ee22d1fdf7a1d,Mirai,mips,mips:12600370375711934917,false,train
bd7ee6e2205c4fe5d47c4d80f60cdabce76c89941a4a7d6eabe7818a68e82abd,Mirai,mips,mips:7302474944582924206,false,train
bdf50d293e7038e39f9f460e8c1e07ad42fdc893755e6c80f95079ecd67f8b41,Mirai,mips,mips:3222844822452041286,false,train
be0e2eaef0408939b83701751b96ea62ffdc7244486aee9247187b26564164a3,Mirai,mips,mips:10143992305388061806,false,train
be7870023ae84dec286e4f011c981cdc714c5059ad84c0ff8dbce3d28a167b9b,Mirai,mips,mips:3375582625933305184,false,train
beb4fe535edb12bf363c85d0577a2af7d3774bff79894b6c631abbe10393d17f,Mirai,mips,mips:2695110602683536335,false,train
bf7560abbafed2a2ec1a81c9378204f5995e8cdcf5970ee66366e6e4f1771921,Mirai,mips,mips:12604274493489015148,false,train
bff2eb9185a300e7f16cd851c7ecce7fc9d9de07b047387260def877dde2c4a9,Mirai,mips,mips:14490296879933685746,false,train
c03bf90a375f8447e5fd1dcd8c716138fc3748ac07bc9a5069ec29d36a875303,Mirai,mips,mips:11838141446675422103,false,train
c1a5c3447a38c9070d3079a29bd28d658094c947037dc9c6a533f3c41c5bd9e2,Mirai,mips,mips:17869051162390070570,false,train
c214fb6eb7fdf122d87f214570c548d2cfa3555045d5e1dabbf9d43958f5d802,Mirai,mips,mips:7385963895392062436,false,train
c2282fb08134db8c15198391e592e39996829ea12d03b9f2e3525645c5aa70cc,Mirai,mips,mips:17973980491324368294,false,train
c247f97ad7457bd46fcb5afb0ca625f5c64e48a839319a1df70faf0c89a169a1,Mirai,mips,mips:15852010929639370988,false,train
c2694bb9ccf3f088659f53ad107affe4f6470fcf24a56524571723eaed89805f,Mirai,mips,mips:10604264936161043970,false,train
c29083a7fc0f7bd2e5f7882b39a904e053f0391ae9547f6f5c0d5e7156423db5,Mirai,mips,mips:8695380451395000858,false,train
c2b8ff42745c762470430370b202a41af1ff909387c822beb13600575e9b4d3c,Mirai,mips,mips:13477823790512105686,false,train
c32412f422cc62cdee606aa1b47128228e6639a5395a21adc68de740f2f49ee0,Mirai,mips,mips:1872261679539158290,false,train
c336f4a71cfb312df534a63999287fccfff9a9261403632b7d95ffecc2bcbabd,Mirai,mips,mips:17647251916471440967,false,train
c337524889e79105d9466083f83546dddc454fbe90aa2d9c6d860041438b5156,Mirai,mips,mips:10837294599233925271,false,train
c370c23ac320165fee1fab17ab81016d242ab8aa105ed4e00803225fa694f1e1,Mirai,mips,mips:14939912814378931226,false,train
c3be8655ea0110552d177cf4a66ef4834016fc0cf38da0261c4dd9fcef773432,Mirai,mips,mips:18286784646462439885,false,train
c3fb297987d418c1876f90b69c6e899ca4b22dab1f08bcdd81834fdf21b63c81,Mirai,mips,mips:6750354622736628879,false,train
c3fc5dc399e902aba34f774bad9fad47ac6c155c5aa12fc7b2b47ef6451d6243,Mirai,mips,mips:16822685198916174715,false,train
c41bf915e67da25deca9f52e225a71205958bdfcffa9de4af960af914bfc7d0b,Mirai,mips,mips:5984554416564889437,false,train
c42507b8d8d7fb2d2afe287586d2cd5fd0bf27bb8cee2a8288e29e076943766a,Mirai,mips,mips:3604276022047960096,false,train
c468a305df2574243d05a2c4bb4d1f5f596b40646b02205d265aceb15773fb97,Mirai,mips,mips:13310793240196505483,false,train
c48bb9ebfa921aeb9996563f22b2fba614d5c821a8c764e8e1d463de61caae72,Mirai,mips,mips:16568449768824832617,false,train
c4a7eee6fa0f25e9c7ecff7248cb5639daba9445ec16f559c61c72836ed0a23c,Mirai,mips,mips:10663708450750463142,false,train
c4ef7589665ffba4a7b989d02d774b8be9eb5e254efcde186e90b5071ed6d29f,Mirai,mips,mips:6839839488430031176,false,train
c5184d125d847cc38ecc5e26454c035e94eab9262d1de2d06ea853e29bd28777,Mirai,mips,mips:11768401803531363601,false,train
c518f7a0edaed2089bd5d852b293f77633298dde91c1a0e8a81c71023f2e36c6,Mirai,mips,mips:14728232950312850072,false,train
c53c91b98ac9bc9f69dc623b8d751fa66cc7a69afbef014b34accb7ea8c38df5,Mirai,mips,mips:6588911239720680704,false,train
c57dc7b6fd989684aeb703d3c283d23abdc717a4d69664a223de2a7a0684cf77,Mirai,mips,mips:13538029198753364169,false,train
c5c3cbb08a83f9b69d8cc354dafae0a81fae2ae69a86245a52f204e0f7319775,Mirai,mips,mips:14336632076019576677,false,train
c5f1a53cbc1dc0055c0f75bc613c0d057a0db4492eaa0e09dc9ed9b206050202,Mirai,mips,mips:2716595132386385844,false,train
c60159be94f5bb318afc48ccf75d5ff7af65ca6c722ce25f7a4f3ea50a4b23dd,Mirai,mips,mips:10836927536355728367,false,train
c61a1abac3cf1e838081bad248184dbdaf33b72bb792ddcb7ba70780110e46a8,Mirai,mips,mips:6712590870406329859,false,train
c67509603146c6f9b47d4492372a127092c6229b863c051d465dc9a4abadf81a,Mirai,mips,mips:10446433104013016282,false,train
c6f2a4cd54f19dda6bb1c1a70b001e960abf76bc747027f84408af80431a482a,Mirai,mips,mips:347411735135747161,false,train
c6f74ad42b9fae4a40689c2a05891e3d3f009275b1275ab03ab01b3d67cd61c9,Mirai,mips,mips:17652021087633170426,false,train
c73d1730c4ef0077314e2f706c7def4ea0ba6d86004ef49b67acaa74def3a09b,Mirai,mips,mips:4256462233637267435,false,train
c748b00b3f4c3f623952cface6f469edab594ff91cb179cb194f3867f3ec3744,Mirai,mips,mips:16681722442900963548,false,train
c7507e909a7b2d57bf5e024a6d557504a61d87e7f60b4ff0805a8ded16d6ff35,Mirai,mips,mips:6472316803932202548,false,train
c7b0a9ac9435eba726a574c5b406b2984c6cd215f004723d6aa0225e30de8530,Mirai,mips,mips:4678827991147484569,false,train
c7b3cc1838e221e099b5403ff14ffca543fdc04cdc2e6a4ee1d064d39eca5f4a,Mirai,mips,mips:8190144806075974427,false,train
c7c2c592e043331891651622b1d8047274b3ee9170e9ed240c243da75812f13e,Mirai,mips,mips:4283354577509353530,false,train
c7c5d4943ab308ef1f6924215e21b893e3f0d4d0a41215c365999a1651d85653,Mirai,mips,mips:1481201703850673760,false,train
c7fed2f09b2768159bc984d490161671ddce18cf16128f8829ef5fdac29557af,Mirai,mips,mips:227608617171689444,false,train
c81757893acef0c8f309f498d0ff9f1f8978c71a9a5419a05c5a2fb5f729130e,Mirai,mips,mips:3777442452745083110,false,train
c82845713a4b1be8a43252ccaba2b42ffb19da06de409ffc605936ef4ad49d38,Mirai,mips,mips:12343007295460838498,false,train
c9508e3cb9e6df06f31d6c2240d8bacc5983da5f6f0916d3277549503cef6903,Mirai,mips,mips:5796687624306725430,false,train
c9a963822cfd02feb39a6057522b82c0e9d7f17e869464cc8d98f43bd5ab0662,Mirai,mips,mips:625309259520074484,false,train
c9b4d9e6c69e9a31aeafb7ff62114f4d1957d8476cd5b9cc967117a142d1bef7,Mirai,mips,mips:6890977087481650029,false,train
c9c3f526d65b4898150d45ae4b94bfa5e60c2be69a920d3d2e62cbf04b30faca,Mirai,mips,mips:11639126735557376287,false,train
c9cfb9cf5f33c82a6680b9b1c709ff1860c75f6fdb24738ba4ededff1a17bed8,Mirai,mips,mips:9640587846505297911,false,train
ca102c1c1d14026e1829884589e4078729a68c70d83d5c3ca94abcc670e12eba,Mirai,mips,mips:6699680233094892841,false,train
ca327c02603967be9782a41bb07ba959effe74d9f34c28c16629647b9134e507,Mirai,mips,mips:13885198728535860494,false,train
ca7bd6a9c9a2e4666a7da1aed67409395fca1c15a9fad579b89b66867fc88073,Mirai,mips,mips:14514136233492414185,false,train
ca9730ee684e0e863a9a560669219ad6d0936c2d7a4d5f8accadb80bdeecdc10,Mirai,mips,mips:17652021087633170426,false,train
cab0b25a0850f92971e93c3e9b14310d9cc8e6bf2ba0334fc964affd58f4d17c,Mirai,mips,mips:9739378229983950702,false,train
cb1169f41c9effd7fa2e04adfb690431c7c11e2461880f1ea1576a3f33774bfd,Mirai,mips,mips:4600553666708141323,false,train
cb480923c3af799f659f6834c87ef35757b3a29f1f270e1d4d8203323b5f2192,Mirai,mips,mips:4482168902251669602,false,train
cbfcb828946c56c8baea10251ab7f92bda9a0af1e2127ed26b3a5534b10236ad,Mirai,mips,mips:11547963578165057591,false,train
cc00e31b1470d96b66261f854665e601c672244d6c781bfe378ce679b9bb5e3c,Mirai,mips,mips:10385377300508522832,false,train
cc182fb8940f6b52aaf7b509b5c218fc2810719a6f3f2b548ed2d118fbcba261,Mirai,mips,mips:10509257665566779190,false,train
cc2e323c00ae667d24d31dde058e84adfeff94be50365d7fbbb3b162cc1d1346,Mirai,mips,mips:11222782123839319240,false,train
cc4392c9fe1e0e2f3a8f85c9c9c3e2af8a5b35416b17f4acd21c8718b27e042e,Mirai,mips,mips:7834908865355023045,false,train
cc850958952fb2bfe6ea5c3d3b8bbd19fad5297c0132daeb0b08ca611cc20950,Mirai,mips,mips:16634224878566887000,false,train
cd6b9c3508e61e56d3ce861c88915f880373c9570b4c84e0abd482e5b64ae749,Mirai,mips,mips:10584045420851389240,false,train
cdae2f7bdf0b74d6d5258194724c2fd901f3c5ec7a8a280e06ec8628269c3f4c,Mirai,mips,mips:13733928757210475419,false,train
ce0d1f676b42aab7d4f63216a60cc1ded5bc2ee2a64b71898f2e80a1d7602c21,Mirai,mips,mips:10838893837702691414,false,train
ce22f70cb53acb45623053855896b72c2ed0be04240178b8b7e9bfb4eae778a2,Mirai,mips,mips:17432393542970661001,false,train
ce43653f9e4435fe59d6f681651a3ce06e713b13d7a5a295c66568978e803ffb,Mirai,mips,mips:11716360019770898093,false,train
ceab0fcb8a0d38293d113a4d8002d0ec594c896571eeb69e73d198c1c0ea0024,Mirai,mips,mips:12153165551237382642,false,train
cf7743860e4a2d2cee00bbe6e8b15b2df7e0173dfcfca9912b6b4990763b7580,Mirai,mips,mips:2925284661580379139,false,train
cffa3be8b728e6706684c939ec4db9384b4fc641d5d0f129041273a69f4be9ab,Mirai,mips,mips:8112466902209177637,false,train
d0396b583b9aec97db5d07552006af9e57f1cead0c11e30a8e60af27e4e7b482,Mirai,mips,mips:12591902844954340774,false,train
d046cf645ca27f3e0a9beda3ec9329c3b7a836c86bcd785e82b113c44ddb9bad,Mirai,mips,mips:6485446089366408840,false,train
d062906450822ccca6e54a66052893cf84b0fe1b88fd83336261634982aebe10,Mirai,mips,mips:11163784954835594392,false,train
d089b1771951ae9df259e242056b03566268e44df0a3dd1b8bf35af6427fe01b,Mirai,mips,mips:5608580142053583511,false,train
d08e39b5ff9b8cab4a9001367bef4bbd5695e87604904cd23f00b689d480949e,Mirai,mips,mips:11443544379924173042,false,train
d0bf815e18b02ba2f9f8a889cdb86dfaab3c81a2f657f756017186caa15e5084,Mirai,mips,mips:1731984813455804270,false,train
d12dc40e567d9d82fd3f383da0395ccd2d3090a2c842d0917ceb9563017bdeb3,Mirai,mips,mips:8372349203727563239,false,train
d13e6e50fa6c285fd879c15b18a6077638a09bedab6689979fa982278c72df26,Mirai,mips,mips:15251447649344839657,false,train
d16629e75f16ec379b4b2fe6d3777add5af4d292e405353ab48431eaea52e00e,Mirai,mips,mips:16878739847586561948,false,train
d1a6a0e073ec322308ef5e0920cde37902c21ced6eb55f02f6492a566f49c3ed,Mirai,mips,mips:8447211284821113982,false,train
d1bc5d1f5ded341c2a8afbb1af518389133377ba1587f8d4a43b48d958c6ec98,Mirai,mips,mips:14025753635049580886,false,train
d1fb2afd46e3c931f505f751898322b73e025df945915b676fa9503cd091dfd5,Mirai,mips,mips:17991410866488407225,false,train
d260e7880f2ee675b0fe9135f33438840f9ac9b9e49a9bf949c6d034beb1035e,Mirai,mips,mips:14064167917916776731,false,train
d27cbf89aa22ea13ad1bce7b81ae19cb681addc1283bf3c1de0b1d5838e7ca8f,Mirai,mips,mips:16828519854989969099,false,train
d3051d930326f48f5920290da5657648fa1c4871ccebfb8a244791f7dafffb35,Mirai,mips,mips:5991614970993746041,false,train
d3db94c7aa1e9e132aeaf8f69bf34d78362216f15460326276d02a66627b396e,Mirai,mips,mips:8828380769462894500,false,train
d40dadebced28a4549ee51c7a544c67132323504e0b91af95f8554308b2c1f27,Mirai,mips,mips:10731913482038321821,false,train
d4833ef19a48d638384516f36fe0a8d71abf79898eef4d8b5482675dbd3f517d,Mirai,mips,mips:18168181559316860141,false,train
d4850a34246ebdffa30e52776fd8f76ec50ae6955efaace8f818a946f0bd5675,Mirai,mips,mips:16455674570397181663,false,train
d4bc773e337db6023cdab30de1cd0c53241c98920a9bac3aa9425e16d9fe7467,Mirai,mips,mips:2108715383214546103,false,train
d518a1d6bddb0410c9a0d2d986eb762a5be4b620d7fc6585334b9f391d7d44d5,Mirai,mips,mips:13527372951363747320,false,train
d5198a4eca0267349bf54d61ab67ad8f37d52a7042ab5152dd0ba840eeb5ccbf,Mirai,mips,mips:5929905624081825875,false,train
d51e08d3e6216a1f975a594cc15793e1f4f679f0ab728767347e3588131a84de,Mirai,mips,mips:6213731228707953845,false,train
d5491f9c17f43ad1c180c0c6c8746f0a35cbb54c6bd83a9a19321735cf523bcf,Mirai,mips,mips:2296978814901375893,false,train
d5beeddd526ee1b5e82902a9b72cfddca1acf97752ce62219f77002e1d9bcd2b,Mirai,mips,mips:13983197215911242331,false,train
d6628d8bd3d5e95a5a334fc8ee8d5b6e6095c98e22451652338884f0a9f785a5,Mirai,mips,mips:17027711540237954247,false,train
d6b345f30b12e7701f1d28461c27da372aaba8c7a23fcf062303cd292b37a9bf,Mirai,mips,mips:14425821611422022996,false,train
d6d8857317cc61e0ab84e9bf69dbfe0ca8c863db66a3d7d121ac5a682c1296f1,Mirai,mips,mips:4547532660553404197,false,train
d6e1e467648629eb9542e78de790ab64203cfcf563775cc7f75bbb83c89172ff,Mirai,mips,mips:12944724212320033727,false,train
d798ec57f57f1e2e7b7066423ce1ed8094e3e3817b001ab774a0d73dbccf285a,Mirai,mips,mips:13286329098075340091,false,train
d869cf2f731d8458818a34e10798d9a442358562ffddf0eb0e407be074f9d86c,Mirai,mips,mips:11048154828210286049,false,train
d8a072506e29bc05c91788f1ebe2d130ef423d806a8b385d2ee099cb459ee361,Mirai,mips,mips:4945426338681350049,false,train
d8d9d29e72cae5feaf1f6fa9b7218172ec4a2be9219271909085ed4c204bfb84,Mirai,mips,mips:8995315642909876532,false,train
d90deafe3ff34aa7c9525cde946ab3d52f9711c68a1c5a3a9a947e942102df1e,Mirai,mips,mips:9727511125614877411,false,train
d9650209bfab87c366c47c311a89d4be25eb4a5df01139840439cce7061b4bf8,Mirai,mips,mips:10970368804954922773,false,train
d97a639a456dc26b7f7a2579c3b867364542306a5247a8dc5c5ae5b4f4243fd1,Mirai,mips,mips:3523266206075001230,false,train
d9de2086f8d80c20c635afc61326e5708a2d31f1455268cc9fd282074af97ab5,Mirai,mips,mips:11622122975053889204,false,train
d9e28419683c111030dfec6be1cb85fb5f0889ee68486b2d1ba9f6e56afd5860,Mirai,mips,mips:13927147949251164974,false,train
da038bd553dcd6a00706ce00cb0c89fd4b34e737cce30a157dcb6afb41b81742,Mirai,mips,mips:8872803099986138741,false,train
da7bf056a0d9e9f1a11aa1b41bf0ba7c8e5284a22604a746a0a1f1d3a1ef55b2,Mirai,mips,mips:10678569031499453431,false,train
daa04bfa53cf798bccdc79325e012ff7c98048cd3c8c5b55d1c39095144167a2,Mirai,mips,mips:2242979512303361825,false,train
dad2fec3d7db486be32af2db40dd06dc7f04a2622e9f72e9f049782c94024dea,Mirai,mips,mips:3684636993707474131,false,train
dae1f06840514750a4f7f8d08dc994c9f9facfe448a017884f5868c262e3e40a,Mirai,mips,mips:14170499278427213483,false,train
db101740afbb2eaa6cd3d8ee3895e0b822189d25cc8da652ad537f4c70973c0c,Mirai,mips,mips:13527447645772924640,false,train
db53a16ed81586f1b799b5de91ec8acbd855e65c3c1ef94843b34acc6c714015,Mirai,mips,mips:18044708870743091477,false,train
db55037d0cd26ed4fb37449a1bf08431376ee6a950e63f16a059b26459fe001f,Mirai,mips,mips:3558005994942463994,false,train
dba362d2ce404ff407ec746d16744c5ad742e42ed978b696f1c93c97b60e142f,Mirai,mips,mips:8129046482790427649,false,train
dbe30704086dc0a5c2ad22a0692788cd99b98ead5e21dc31608c450673b3a884,Mirai,mips,mips:2198035398668941631,false,train
dbf734f18a8b6bd25d248f4ed4eac2c2120063007cacc94559bc70b97e9422bd,Mirai,mips,mips:9115499745739317693,false,train
dc707a24ac4dded0c599efe2729ddcf03bbe2a792b9632676e19f8c107fa7eed,Mirai,mips,mips:15950292181510294406,false,train
dcb12008968cf6dbf4c39a9696f6c6a486c06d5ab6d9e51781024f8e722c9c76,Mirai,mips,mips:16996153433359826068,false,train
dcb7a878b1a756795060c0e681b324ff32a6545932b6667d864719dd991b454b,Mirai,mips,mips:11512096976224883341,false,train
dd03e904d93e210f00f625664eb39944d1ab7dd8b202f11473f48205a17f5442,Mirai,mips,mips:8892637972423484237,false,train
dd31782b4aaad3f1c6d70d9fcfe8bdf9ea4c2ddca43bc02d07b8daafb50ec934,Mirai,mips,mips:17621668961336171436,false,train
dd6bef2204952adfdfc59b2e24630ad315b7e7b903260cfcf6148c7e55962bfb,Mirai,mips,mips:6902528787460195360,false,train
dd7bbf770cb7ec417d05c78da2f5532baa4678a12fb1e67643f216d593240ce1,Mirai,mips,mips:2984004418782175202,false,train
dd8f83b655744cacae4fa02ac5e2a73997ff04bf249aaaaf93179efead8a4e13,Mirai,mips,mips:9603484157033738702,false,train
ddbe5a3092899d18a40fba6b49209b0b07018aee065e4923d553d1f7ccb8d19b,Mirai,mips,mips:12803192254946021334,false,train
de10f8886f12142c48ed2738de0e464645f0ab382795769f77ddd0a39d6a62c4,Mirai,mips,mips:16361465672460852272,false,train
de52a31c91456ea3d54c4b769007e34c03b80d086d7f9ae0a2b21a26e1647a94,Mirai,mips,mips:16832150355253587452,false,train
de9d12bbb5a7b284776d4fc398535b9b8e848cb2653d446983137239edc479ee,Mirai,mips,mips:13667963861287638196,false,train
deeded52dbe9d57e78a5a5bc2522aeb3cc2f94b8a0ebceaecc6c4e93c722b1ec,Mirai,mips,mips:18013054953048169496,false,train
deef0a7413dfaadebfc14565048d2e8875363e1caef420c8a5475cd54184cdd5,Mirai,mips,mips:4501030468350539766,false,train
df35711a436d270b0abe4bd55a7d8eefae62766a259d77d0d6bc8543798995c7,Mirai,mips,mips:11671326345001544101,false,train
df70ef9f5148b70a7d01691d1fb60477833611956d27170922ba51f35211ac28,Mirai,mips,mips:488209341444759324,false,train
dfb08e3abb6e16d4d5f7158a695b2dea0ef4ef23808a58cfebd9156c0b0c9797,Mirai,mips,mips:12914284695181852528,false,train
e008f182f5ff0a9b998ec9ff5c7ed53ee3c45aefffeb0d287a1b839f6cdbf5a8,Mirai,mips,mips:10238158087650627841,false,train
e03a7bf18b3d36f3b0f87c43c2271c9118afb20f159ee1949fd1d69fa841fbb6,Mirai,mips,mips:8745044344752393906,false,train
e08e2b9d6e5b806edfa71c63627bed97a014e7fd93f2865d4cb0400983d88874,Mirai,mips,mips:5671105334985392910,false,train
e0beab0e4342ee289d5c52eb8b3dca7f69a17e0e6c36d6311f69fd11e7466b48,Mirai,mips,mips:11629830461497513350,false,train
e166af800650393713343f65d17d772fd92eb4dfa112f50837a2702b3783f3a8,Mirai,mips,mips:2769019198882234497,false,train
e1ab1f8f7410899c9d0ba918d7b6216fd37a90984f44aa1df94207f69e80178f,Mirai,mips,mips:4896180717944197661,false,train
e1b1dad78fdec2b5aa9054d0a104ef71323bbd3f487c5793772b253a33891932,Mirai,mips,mips:9023445398789134002,false,train
e1bb8fcd790b646b4bceeb31c1203eb29e8b6e2b60c3dcfac1b64f490c428ec6,Mirai,mips,mips:3717931500832674608,false,train
e1ca513aa99ef2e43b07f6d1ccba2916019841463ac203700d60f1a132faa6c9,Mirai,mips,mips:10394852038458641401,false,train
e213cabfd3d1cf05bb4eacb2f3b1338dc1c14d65ed3087b9f03795122b6e4ca1,Mirai,mips,mips:9332372437132231085,false,train
e225f53958119330325d918cbcd578b00e6ee790d77e774d5761b79eda2d5c77,Mirai,mips,mips:16635545747681623046,false,train
e2462bf19f5985d2b74cd4b15af5abbbbce096e9c954e0584c04143739be4f41,Mirai,mips,mips:1859818358425748363,false,train
e25cce7d474fcdb0ec70cb1c947b3d1d6e6da5a0bf4c6bd95f1624fdb61debe6,Mirai,mips,mips:241149377861607167,false,train
e28a887342b5b074a8b6289404b3efad5414415a58e3eb0ca299a77057c91633,Mirai,mips,mips:1730695279255268534,false,train
e32fb1a2046da329f6d433e704cb4b28f66d43c18ad918aa7092e39a5bb893ef,Mirai,mips,mips:8405701762245107876,false,train
e39bd5bdff9a69438c32035767ba92e2cd360d27bc775ff039fcb1e1b2cf6413,Mirai,mips,mips:17008001352831742047,false,train
e3d466565c68efe584009c7962eb1c3db50174952a1224ef169b2acccfb26629,Mirai,mips,mips:9232193183044798932,false,train
e3e3ac4ca6199c0899d9b77392420673ffb88645fd75766f03e48d6cb28e2281,Mirai,mips,mips:3189564459144956557,false,train
e475e64b9eae521fbfd07e11a17940057f5594305b2bb049be63d19c72726899,Mirai,mips,mips:8697348520011675688,false,train
e4a18f0909b7fb3229004bcb6b8de643c467cca5f52bc81af6528784134507ae,Mirai,mips,mips:988047038126376198,false,train
e4c2104365c59b4eb4dc0d85fc3e54603d7c6a25fee1541a05e466a63d3458c5,Mirai,mips,mips:16490821840740403069,false,train
e4ec1c84f56921422d84599061f5717fc91dd66e42f91a7b409ba4df788b5480,Mirai,mips,mips:7348282926745787366,false,train
e577260c1ff8543a7e6fdc9e944551f921246cca28bcd6947583459cffd4ee21,Mirai,mips,mips:17186212943453445390,false,train
e57b2e3dd45cc825fc3c9bfc8c2333b9a1950ac672b5679fde8d98e7ae3b2ac6,Mirai,mips,mips:9292886138127464793,false,train
e5fb47efd1c24ccad80198021c7a745f88d81886d8596608becfb23931b6ba42,Mirai,mips,mips:112099226353356647,false,train
e629334def73be9e166ecdd9d5d73d6be97ef7f7d16f05383892332acb324b73,Mirai,mips,mips:424583187102201778,false,train
e65beb0820ceddf0a6f898b51b2958a3f48dacb243654bb348e5de379eb42e73,Mirai,mips,mips:14502829231734933363,false,train
e66034e1b1561cdf235279f54ad16b3e1fca5bd2c6eaff1b8fb137678ff8ce5b,Mirai,mips,mips:12914575890963412518,false,train
e68bbfc0acbfef0e98435a09d79f67a9b2414ec7ea11befb5a2812c6518b352e,Mirai,mips,mips:6735794937095328459,false,train
e6b1cd019d164491b7440640d2ace08986e61cfa49d384b6832593501b12b833,Mirai,mips,mips:17647251916471440967,false,train
e6b5ed003caae26e04479ee34e853238d28f24cd820b9b5e201dd1c0f6151f62,Mirai,mips,mips:12087860869684423206,false,train
e6c13934c96fb621252fe2901f0c882131d100b6009282118caa9ad10dd68438,Mirai,mips,mips:3429171655090897364,false,train
e6ce9f5da9fb38b23ad9549b03affa168ded4009d2288c9b98828d3a9c1d9f73,Mirai,mips,mips:13186896726637353969,false,train
e6dd57f8a53f89bd3a0698f2b3ad81e37ee31679f50aeba50d83949b7207fe74,Mirai,mips,mips:1754386913476701257,false,train
e6de28642762093227cca14520e935a3dd3b66fde347f6e906362851b3d2457e,Mirai,mips,mips:16397266787849710995,false,train
e6ef0799c03eac1aa17649f1377b8efa579fc37347f0132875b1788b2bd51e2f,Mirai,mips,mips:11406273706064379638,false,train
e6f4baafe19330d3df82725ca5677b90618e8f7ada03a57a630c4648fdd667ae,Mirai,mips,mips:8953755184821201471,false,train
e72af1ae07aecfb6aae53bf8bde9b203ddc3ccc4fdb3f6077837bb871f39d31b,Mirai,mips,mips:5595390617458871280,false,train
e74f91cd9ce4bcfabba47a54c86cc7fb34a8714582afbad444530b7b6c66818b,Mirai,mips,mips:9290285627045056322,false,train
e75223700f64a8958a0a7c96ea7fc4a638175bb2a2ded41c38e81694294bf4b9,Mirai,mips,mips:15315169632654160254,false,train
e7832c4c7da99a5bb6207f28b709da15a7ffb92e3bb940438d6bfc8f7d200626,Mirai,mips,mips:1187672799103802404,false,train
e79d407d5ba2ec7b41a4cf5dbeb14961f54f1b63ad4aa4e233806ba79b9f945e,Mirai,mips,mips:6064689590389406573,false,train
e7e17d874fa3f84ec20ce9d5105c04de375cac96fcd9c8b535be40dc511558b1,Mirai,mips,mips:11849080266733256288,false,train
e7eb255afdf2f5c27f3e9c77a11c53c5d14e0d5529038f2ce9339f3a3cf9b9ba,Mirai,mips,mips:61518379348920892,false,train
e7febea214cf6c2612d2fa3d2dc5c196db22d701a6387cebd346fce96bc291fd,Mirai,mips,mips:18309101719728502723,false,train
e84244b749e451d081d1b4d596291c51d9f0779b2b4d8a5837b68443bb0632d6,Mirai,mips,mips:14991355731571841420,false,train
e8888e487847e9bd03a705c0aa5d171c19799cbfbb28e30cb803d344d1fe6c49,Mirai,mips,mips:4206395119597388099,false,train
e8a90b79e6e15278b197741de3e8738cb9d3478dea09558f7bd10156d260dc12,Mirai,mips,mips:2766952533165602185,false,train
e8c748345db14aa3402342df32e2e944acb617613c835e6205547a0aab73aa65,Mirai,mips,mips:15524648468790882016,false,train
e969f859f3b091c784ef1f65b32f4abdcef98250e7cd38f9dcd00f0f34cc85a0,Mirai,mips,mips:1496911010143913743,false,train
e97d11f3d655a82a9e85afaadaf1ae85820d8e7a3bc5ddc8cb53cfee22a16f94,Mirai,mips,mips:17657438982750011015,false,train
e9d3b2d05566662d5480b4bc9e04247f3ce169bb44a664aa3ef579b84dbf79ff,Mirai,mips,mips:7613924568166208298,false,train
ea34a9c9d090186ecb5a015c0de7550cfc1c29bc686690af66c6373496c3bff6,Mirai,mips,mips:4589336402907185461,false,train
ea5f3268e83be88aeb5dcf4b0db0a358542a66fcb14d08af6494ce56d79e04d3,Mirai,mips,mips:3129822388911846792,false,train
eb04d9d11266a52fbea67b27a21ac40ebc6bb24a91aeefeb848b3a5d6b463ddc,Mirai,mips,mips:17560145418395643361,false,train
eb758a047b1e2d2c8b7f30f6b3d4942c86efd8f7370621359e347d956e7d7080,Mirai,mips,mips:10921826613742418467,false,train
eb772a3093293314b5b2b3ace37e86323fa411218a26fe7aa08d20731084d40a,Mirai,mips,mips:4899866666443069558,false,train
ebdd2d93f3fa4fc6198fcac8263e7164daaf86bdd9faaf5f2f2b906a0b51bb8a,Mirai,mips,mips:2401463817137646842,false,train
ebea3ef80fc20c1981c3b31e14b799ec1645409d10767c1fbbb327ec3dfa435c,Mirai,mips,mips:11813878818135882712,false,train
ec74f3c396482cd2d953de283e437c8f1cd0564b96f7f94094d245ccd7c64e53,Mirai,mips,mips:16547664828924026155,false,train
eca8bcec2daccfc6e332bbe887bdc768e5a797f0c4f190714cfabe92149e8e2b,Mirai,mips,mips:13178779890182709339,false,train
ed1f7f858c36d83e61a17529cf5cc7ed63604832930de878b4c3a12f92a7b0ec,Mirai,mips,mips:4397559485838465443,false,train
ed3c610160acd1442cc3310e31b36629b6d5d3de0afef286f85f2ee2e13b37fd,Mirai,mips,mips:8202533396598855430,false,train
ed45089bd1fc09bf7cd05864810f3fa09d454364ac4b298fbccae90b7aae856a,Mirai,mips,mips:14724862752366377774,false,train
ed4558fe1639f7744d0cf8412985fb577c7a1275f34c025af2625a632821afc6,Mirai,mips,mips:14925171632790763388,false,train
ed6c73e49653d97819c560e6ad0d7d0460f343d580abe871f27ff5e70ac9bc0b,Mirai,mips,mips:1566140713327893214,false,train
ed77c3b9a0bc48b158a1ea167a27e013ac0ede192cf8b48fa5b7196b67037ad7,Mirai,mips,mips:11711398467708660539,false,train
ed831d159126e9960bbe616b1233ed59b886523c50c22229aacba70a150a8129,Mirai,mips,mips:234723894396700138,false,train
ed8639c88af1ed3eb786a97f27a6236598d5d3ca022559dab2f29cf4a4ff0447,Mirai,mips,mips:15388564595632958591,false,train
edb61e146696d99441fe2d435748fd40413969fa81acd07134e4813818eb704a,Mirai,mips,mips:5383604529826686059,false,train
ee239da764f5da9c01522892ee2b7978965f86527c363de4fffca4725c89c28a,Mirai,mips,mips:11788724893585554843,false,train
ee355fc801fde335423ef6ada005c92ae775f990b0f782bac06a9158bdc5c43c,Mirai,mips,mips:8619081768433204427,false,train
ee47e8fcb0871cee2dceec4a266526575c6a232767ea9d327b25e5d34ad1f9d7,Mirai,mips,mips:9967805314750630519,false,train
ee5e82b012f03e24f400435bbae549648b30a1a015898225099557066e6a7e8e,Mirai,mips,mips:13553785193500033043,false,train
eeb1088d46e4f3dcec9d98861c8144f368f438e7cee0ef1f433edaf18129aeb5,Mirai,mips,mips:10256494698955506956,false,train
eeb2f32f71b25dc780286f0937006a2a26a0c8b873fa67532e3fb423a49e0afd,Mirai,mips,mips:6933748108511719369,false,train
eef6b60c38877d89c92617b5f270b4145c379b918704a22a3f64a382ffd93840,Mirai,mips,mips:1689818684399687617,false,train
ef5e4c1303a88e910e752937c4cbdf863f86cc71b4bec29d7f59c8d840b10871,Mirai,mips,mips:13067736715890335879,false,train
f05161f6eb9730f47cda444874802070874ac768a4dfc3da8e650bcf5fdfa397,Mirai,mips,mips:4764428433129365099,false,train
f063066550d22ab408b85605e2209fb4dd5c3b97d19b9230b51148f1b6558529,Mirai,mips,mips:14626999366475485066,false,train
f0678541b90661e204cf7542a9c19e72716955bd0d538c42641a82a27dc7630c,Mirai,mips,mips:8605786298466609187,false,train
f0dadb2bf8e3088c0ea12e81ea630fd81644a5c8596dd462d0be5841840a793c,Mirai,mips,mips:4760474577712998903,false,train
f0f9f31a7c2b89718477c14b24acb7478b9c023040aedb7782e8fb7cb0e4470c,Mirai,mips,mips:17705941796415057381,false,train
f11d4ba8d3fa8db5389ebb0c2134071864bc35dae9c58a70b69876eb96dc3264,Mirai,mips,mips:4419701655618041337,false,train
f136adc15d38543f3c75c11d09796a81185abd8b0aeadab823136bae036605d9,Mirai,mips,mips:1027821009070769814,false,train
f14056beb8d2a4af5e371f119c26fb780240722f1af1a26ee87348658e9b1b1f,Mirai,mips,mips:15396526108011879578,false,train
f1b6d11da409915f764e7260028f3a4c48103363876a42c94a5ae8a301108b3c,Mirai,mips,mips:14632572910930069876,false,train
f1c8fd36ae4f55a2afa02f9b0acac2a0ec95a55119efca094fbe0e8c9f8ff3fe,Mirai,mips,mips:16172819760529448348,false,train
f202fee7c5112e4d0954fcf623fedbdb1a88369296c723384f197f31c33b0d33,Mirai,mips,mips:1297093956005520658,false,train
f21880b9393c01ae26042d042faad9eb2411723cf18079894597c07b49a11138,Mirai,mips,mips:5497463374066948105,false,train
f29745c51ea43cb41a40d06c33d338fd7fe6f1ec7b851a65c5601cf1f6f6d967,Mirai,mips,mips:2859483027619792022,false,train
f2a9eff57cd909a92e29397a3c7f7b9dd11c4f1dd18c6523cb41a6f3103d7160,Mirai,mips,mips:12504137223882608015,false,train
f30127fd6217858111206bd4bd0e49ef845cbf6bb4e5e7c8c697ea6156cbdf35,Mirai,mips,mips:16636750733954163061,false,train
f345fbc1a0cba51d455e16a9fb2f00862a9ce174d69cf98de59379811a5a2c10,Mirai,mips,mips:8258052390052569061,false,train
f355a1ce951ff43569debf2efa547199a4f1dd579962d4ca23f5979ae75fc61d,Mirai,mips,mips:1726160446687692680,false,train
f410c1c2e58dee966bc495ff2d40da4c2798bc54bb1041dcec9c1c9f8f3ee00d,Mirai,mips,mips:6042677857241598574,false,train
f462dbaab1a1e6ac4ddbd660297d2dc85045bc5e9aa975f5d47aeec6a88ce645,Mirai,mips,mips:2603238707353722058,false,train
f5460d294795804d479ac6cf26fd8a2a165ea943477a238f198474a7ba413b78,Mirai,mips,mips:9469699754584508452,false,train
f5a63f415ca8ed49be976de3e813e306da8cbd7fd979153804edc8b25ac62812,Mirai,mips,mips:14663731162865100825,false,train
f5d503f042cb8929834ea5c970556dacb3bb4f99ad94324d545104315ed68a01,Mirai,mips,mips:6178070802458354304,false,train
f676069c0e0cafc96503b4bd8faead1778c699362e1943b088cf1c778d2544ee,Mirai,mips,mips:15536974275758832943,false,train
f68cb2884c10b198d6a40ce33382268f0b94a1a1e325140472fc01c26a837702,Mirai,mips,mips:8074717969579496558,false,train
f69e6916277191fa4e5f558a95f17f10b3567d856fa6608d541c6960d9b203c6,Mirai,mips,mips:17945660686564025681,false,train
f6ad291ebb1ddf8d6cde30a52cb8deed3f71c7b299ef38c251b15b8d3e61b33b,Mirai,mips,mips:15836182001134039397,false,train
f75cdcd88de960e32773f98efbf875e1a8e4810a9b7f4fcfdac4a35ddc341152,Mirai,mips,mips:11131057384530655073,false,train
f766dd60cfddadf09ee9aec3995c3cf5a240c6a139f61249cb10d99c382a4ba6,Mirai,mips,mips:4986298416634024608,false,train
f78931e6232855eac97c45b720906147d5b35415265ee674efcee15b20a3bcc1,Mirai,mips,mips:1405678975782267415,false,train
f7b556d9708a9d247a1aeb1c4c5330e1355f1393a8c3286dcadfe8b6920652b8,Mirai,mips,mips:7282758671969402952,false,train
f8151a196c392817ea90eefec05ac89931345968ab6285bb9b3a8cd5268f522e,Mirai,mips,mips:17696388155944481393,false,train
f834ea2bf5197f6143875c2d61075d99e2a42ffa22d1fd0f60e5f54adeaf5c3e,Mirai,mips,mips:5902172010960001066,false,train
f84b1c245048d7ae4b37bb6374e73ce91f2f42063a6343b479d957f21710d06a,Mirai,mips,mips:11235100393421923441,false,train
f88ba69af4867911a35939158e335aafacf24e951230e3c69ebe8f674b2bb4ec,Mirai,mips,mips:17652021087633170426,false,train
f8975122f73e5e8116f511023da5af3142587cb7d5c74a91f508f5d435c4d348,Mirai,mips,mips:15702020065729359621,false,train
f89b470bdd7ca36f5d9faa2b74039782e7626142cbad4ad7f55d0eded4bccaf5,Mirai,mips,mips:4181433663309002973,false,train
f9455f9320666612b3b5d790f02226c4a82971fcb3c17c848f0b9abb4e5ced05,Mirai,mips,mips:4762807718395889475,false,train
f9edd918713be58c07d4fca85e1d3a3837d305ae2a237ceab5a77ac93d7134e3,Mirai,mips,mips:3464172047306809078,false,train
fa495e326172489c3d02c9884c7ab86bbbd89ab5898110c2307cc749f71b8eb5,Mirai,mips,mips:16084445664533567107,false,train
faa6c29c97a11ca8c6b229b76a87decbd67d011cc13be74cc31133348df0361e,Mirai,mips,mips:15371857844720462212,false,train
faf063ab538ced2c23a09faaa05890501e55ad6311bd87ab76051aec8fa23fed,Mirai,mips,mips:2614439802246339248,false,train
fb030a01aea66da259ef2b3514a58bc96ad7cec71db88c01e2fcff38309f8fb1,Mirai,mips,mips:10962344699898719083,false,train
fb0630fba13a65f83e0badaaa873a363be348b53e31235ae311e06bb26a7b8f0,Mirai,mips,mips:4093779667515580209,false,train
fb4016409f68b3d50d5fd721f1ab7e84c2d7b5ab73b1d41faf4a86e416d60ef4,Mirai,mips,mips:59803559310348952,false,train
fbc9ddb202d6d439906951a520945144fd42dec4fc0dde0cfcfb23b8358b7ad5,Mirai,mips,mips:6067153240016672557,false,train
fbd3a3e6fd40456ca3bfe6b8dea1b84cdd59fa0f87bf094034d192c6c59dd659,Mirai,mips,mips:3905140970316356611,false,train
fbfdd5c4db7200c33da170ad216d0bfda1483bc7ce98dfe4d9f21ee7714bc85d,Mirai,mips,mips:3771849470536281410,false,train
fc113051d304859da2e58a748707ebdd52d19d69de847b489d2a0ac39346e753,Mirai,mips,mips:11345730362232929628,false,train
fc29524626a5c6eb491cec7bdbd91a322f369f85bbf0a6cc279aae74914a41c9,Mirai,mips,mips:6047638215422276680,false,train
fc4c9985f37da533be17397e5c9835a207394663dce688b490325e33da55fe4c,Mirai,mips,mips:8235301967304119404,false,train
fc4e51ae1603e204f98a5132df185e71b4b56e2e22831e7a4883e347b3f42640,Mirai,mips,mips:12121472612016821540,false,train
fc5ef4e148642ac62e0a0b97ad689808b1fee17a11eb75eb20268b592308d234,Mirai,mips,mips:826742856768695863,false,train
fc7875fca1d69a03be30972caca55bc86e805872128b8b7aa3fde52f744847e7,Mirai,mips,mips:13155393109228095549,false,train
fc941ed95e6a7d166fa2079d7feba2a222962487dc77ebc0ec6f8ba83ac2abd3,Mirai,mips,mips:10723078084984943083,false,train
fcb47e2ebce88f14480bc3ddbd6eb623f7783a4e0a3afcbb2741dc1475e881b8,Mirai,mips,mips:10937583951658708922,false,train
fcc26a4d2a55343342352d1d2bdedfd8ef7a7dd83ed14a2b7a6ed0170a705458,Mirai,mips,mips:2572755608110713902,false,train
fd013e45302c63d9090fb6b5ca8ac996dea60008f56055f5d5419dc0c1183a7b,Mirai,mips,mips:6028833206495505192,false,train
fd2d6821e1d01fc098244f9a99664a139d55d071db5a7d2385714ff08b62ab88,Mirai,mips,mips:8334664349778773555,false,train
fd2f82e5fcbe32d05980c3cc245a4db4ed87fb5c44d29867fc383c7e0963e89b,Mirai,mips,mips:8553782942986075645,false,train
fd3b81a5cc56efc8183a3041cb7438823c99e81a094cbe6e8305355c46d6afd1,Mirai,mips,mips:11638067193451140955,false,train
fd89224d8f091965f82eceaa2d869fe84a6a43677aa09b608f3ab32613ef233a,Mirai,mips,mips:8986045271077117033,false,train
fe55896fc46675ec379465a8a827be387e4d7978640e37772ccb49b17077bd32,Mirai,mips,mips:14359761943617935728,false,train
fe8eccf46b7c8518b5f85ad82f7e3e598f2eba4af1fbe05f2bd7a8c39d042d13,Mirai,mips,mips:1829702418100759855,false,train
fe9bbc1d44bf43314b1e8ad7345985098a94cff88a4448673ed1f73d1dbbbbff,Mirai,mips,mips:2078606996768542320,false,train
ff063aee5d1d0caea7966c9bd0bc7a4ef0991113a1fc27504853fbba89a610bc,Mirai,mips,mips:17867210208420189681,false,train
ff2f7150f4613f0d7ae866a3e283b1f3090ea168f4e3c2ac29f57a89923774db,Mirai,mips,mips:17652021087633170426,false,train
ff3f8e369444b1a0a203ef33bf969f96c6e1831d2afffd45ce9888d09a324d98,Mirai,mips,mips:3705462085253287603,false,train
ff63d46850bbba817ccb4c4568a75e70f344333b0da9596da912322df1b0b816,Mirai,mips,mips:7338295315081479742,false,train
ff70d268fb9b7bd8f39ef5458d221fc8d9874b3cdd67924a31c4fa4e92aaad8d,Mirai,mips,mips:5038779630976635229,false,train
ffa138adcf465ce8811b574e5c137350cdb214638ba481f6bb93bf93fb198043,Mirai,mips,mips:18244452101232899129,false,train
ffc223bdfe7d1f1947eff62d7a08778c53dc415d20d57fe523186edf70ed1734,Mirai,mips,mips:1818031099921739402,false,train
ffd86098f986f6f69695ae8551a006cf7cf2e7954ecfeee79e17ef424dd160c3,Mirai,mips,mips:3236085039122199295,false,train
ffef9b83cdf084dd0689275bb8f1e37d1e61df8355c02d6d01211b2d82c8b9b9,Mirai,mips,mips:14834961470584815817,false,train
03144593d36ad6433d5e01ef128c33e714ace93bc8147a11e89263ffb002c64f,Mirai,mips,mips:11833856583201813442,false,val
04a5d8f6e86cd925e90195474d254f29ab5c1e29c0902a09cd5e2c1a34ee27e6,Mirai,mips,mips:13368796918328793987,false,val
071644dd4cb68d4b7e5f37ddcf54692c73bb758aa2f29a0f5497349190ba48ec,Mirai,mips,mips:364310565727628629,false,val
0755ce6aab2844fa0089eb76fb39bcf5232ad7ddb36c2168445afe2c437716c1,Mirai,mips,mips:4654842310297745149,false,val
0919cdec927d06891d9ee0dbfc09cb33a7c708b36fb23c7a7a67e84a7e1714c6,Mirai,mips,mips:9615387889619413344,false,val
0bf1434b4d4f5205c97f7444731d1b70ad04f37fa2e1873c08f5705ca1205e92,Mirai,mips,mips:8278739740781857104,false,val
0cd2b9a5c87581e15873f12a0e318a514765fa885f0520024625329d7d63f59d,Mirai,mips,mips:2610240738004473376,false,val
0df8c389bb70128608018a60eb6d7803108817ace5a77a15c7a418c83a124290,Mirai,mips,mips:7762885368252368250,false,val
104136a1203210a6f450fc2df169179aea7a5180851dabe467b6b2d76964ad95,Mirai,mips,mips:1200232699025772046,false,val
14a4c55f935cc2d43f06480148b4952258cfa9479457bccc4bb1bd89e0a7f8c4,Mirai,mips,mips:4720247385991754437,false,val
162ac677c0a3efb6ddcdb8d611c4a0bf7b5283870fd08d251a8385772aba0d00,Mirai,mips,mips:12655656254361319427,false,val
188ef6d331d821e386ff636aef538b06746eb0a1e8c395df805c0afa7713aacb,Mirai,mips,mips:14418592925671258949,false,val
1940efc7cfca09b0c788600f96791030950b9a2f43d0c500d5b5fd6df3e3a0f9,Mirai,mips,mips:18037463015263816671,false,val
1a9b73963df1a20a401c81b0e965e30e576234029c24865a7bc7aa63dcf0660f,Mirai,mips,mips:8460212609847130936,false,val
1cc02a536d682bc8bdfa240aa0b6d1566200777db13a04f1b190cf40e3da3082,Mirai,mips,mips:3754138741257824523,false,val
1d81fe858ff99f8ea76bbf19647d2dc69baa6b26eb31209677b877a961a46885,Mirai,mips,mips:2371229813039332166,false,val
1dc5350c32faf10eb36e9a2703cac55df6ff9fc70a5d1157835eba9eab29e882,Mirai,mips,mips:6696228131773113074,false,val
1e0ee34e5eec521eb10588e1c832194f0091d2c7eaacf27a584f375f2535f60f,Mirai,mips,mips:146157386704468941,false,val
1e6258d2bd2f332a908ff42b6745323f46a9144c720f4ffc71f2d8d3d1bb03a5,Mirai,mips,mips:15989556111700151743,false,val
206edd5e96015fb0dd8d12e75c17406adaeecc4670d2f66719e4dd57982a009e,Mirai,mips,mips:13605885511979204942,false,val
2074487069488777e835c320724fd68b7cfcc05b21713977e8006a53ed017895,Mirai,mips,mips:15666789401471092954,false,val
25b43a64beab7af5221a871e3dfc06122d179b6def70eb848a5526506df9e1f4,Mirai,mips,mips:5177628046001178782,false,val
25b4543674dadc8fca868cdc37301ff5a34ba10d53ae4949683ab429dd5ce44b,Mirai,mips,mips:15614171972459002270,false,val
267f9360c348e87301749fa51020ffbd2124ac62dbc7d66f8483eff4ebe389b0,Mirai,mips,mips:1274395604250866756,false,val
27d9e111bc5e40038448826bb4aaf7f1445d55e79d60fe3c7e9160357865876e,Mirai,mips,mips:16543905486585126952,false,val
28f267569f564c86849ac7554352ce980eea667a58d29b6f1c82f3561fef877e,Mirai,mips,mips:14809478904824840707,false,val
2a9a5f4ee2f992de33e673bf1ebad1101d2be9b0fcd11479586b3c30f6bc2d07,Mirai,mips,mips:639830310191969911,false,val
2c4cd14b6fa24b5e1407884accf7cd5342e244c9b4ff7ca72a49f30a87e5259b,Mirai,mips,mips:7617601403589847072,false,val
2d50494ce3e51fa013963c2e3806862e71578b7f713008b3453919b005b24a57,Mirai,mips,mips:9442361246394044952,false,val
2d6af26164dbb034e9ed696092138444633dc01ddecb03d5ff752098631c9cf4,Mirai,mips,mips:18146088618093429221,false,val
2d7cadaad70a7ff61285f545ccdac7e3d263d7b14ffb9cce8eb408c9246c8512,Mirai,mips,mips:15134499454663282227,false,val
30a5475535327c08f9ac2245b143e831de52f52e17b606b608d2c6a2b0ddffb3,Mirai,mips,mips:17547353014768373157,false,val
30d94ecca93ea380877ab12c1822fd8152b76bc21d887181fe9b062a41f35647,Mirai,mips,mips:17675020780864926773,false,val
31c3f55029a7128996f6db16ebb2ff3eb0230b1e70f23282653d54e5f3c3dc15,Mirai,mips,mips:4779433376245699133,false,val
32e73d113019d360f048bb63e02b9ccc798bc8ad962b24f01e3d9dc969ce0114,Mirai,mips,mips:9330189715605858445,false,val
32f18c49476901fdc42d1edebbdf7369bc27919ecb12812b76a634688b8682c9,Mirai,mips,mips:6176020791113938288,false,val
35d144c79fd23eb6c2838d69df2c8b280ded497516dfcdff038ba39ba4ce973b,Mirai,mips,mips:16073909600494537427,false,val
3674643201654754f96cebe45f447e386d5c6736d5d414483debf163039749c3,Mirai,mips,mips:12558466642548585235,false,val
36ee5c69972fb5eff00790b24449721f8316e27712edd685d69b18bc243c1bd8,Mirai,mips,mips:13751925269692503854,false,val
3dba05f06239da605efe8b154664949cb42132b6aa1d99498318f88850d2b169,Mirai,mips,mips:17473788014525883523,false,val
40a04efd7798bb38389614fc1176828ebb54b061bd6d9cbe5a8594972514f4de,Mirai,mips,mips:1940334073309226338,false,val
41b5e7d673af3211e5376aecdb97f48387f0b7dbb1cf9ef222090ff90251481e,Mirai,mips,mips:9814488567316470862,false,val
42b69037cea93a35b509a80ae40505a65de55d6b6d06e9fd11507eb84d70044d,Mirai,mips,mips:15493058776554682290,false,val
42ead2c82ceb38b96a3ea8cc2e9ed0911f24a68bd133c33f26d56eecbd8d902d,Mirai,mips,mips:4195944513152058841,false,val
430bff4cbfe8122ef848553774f1e5012fc7534ffdcd6d6174f9d7d8c6b9d2a0,Mirai,mips,mips:14879409023869144550,false,val
44bc2346d0dfaf8b15cd9200e033f35c898d91fd8213118c058daeb40714396c,Mirai,mips,mips:8689491518331814895,false,val
45a3a3dd368b1d3f1cd3321db2c10ee5d005a282bd1f2f2b4753f8c252cdc86b,Mirai,mips,mips:12681867069663414542,false,val
481d176ccf60bd78be977c95fee9eeb066627470417bc5113babcc2fad0e8071,Mirai,mips,mips:12275064902049103555,false,val
4d13be60bbada2f7ee6241825fb48c0c84850273095a51877b6927c887cdeaeb,Mirai,mips,mips:14868334847908752133,false,val
4e0e011f9c2509f5bb6fbaeab7097c35207ed908f3b2adaaebd250db9f7ed033,Mirai,mips,mips:6466535240647219426,false,val
4e88e5de664f8a0e29121520a8124e7c5b0f527bebe69a1b46a89a3d88b171b5,Mirai,mips,mips:8246068977534299368,false,val
4eaf31aba143895520b9da2e917146dae8777ccd2750679969be590608a0779d,Mirai,mips,mips:17531803952229214954,false,val
4f3f0d8d3ecd5f0e890a4fd732117283f5f84065734e6308b31838af6e01f802,Mirai,mips,mips:16828583366710218200,false,val
50cdf4150af1002b719b120a79d8f6654e4632893c563a1fe8c64481635f8972,Mirai,mips,mips:6644137212548744434,false,val
558047676b6621c278f955fb5d4eac71cddb6a08927bfee960df63e153810a9f,Mirai,mips,mips:10069290631350505823,false,val
5859ee8cfe94ca54bec86ff72c66e8d29192124d85dc0dabfff53e7408b892a9,Mirai,mips,mips:4692956206771881637,false,val
5e8579e6eb9ae73768f5c5a68b4f9f5ca8ae9f9ddf1256c5bedd85ea843050f1,Mirai,mips,mips:13605885511979204942,false,val
5fb2b3784043f3f4dea319c01f45dbb5f8abfbe6070e68977f31e85af926aba4,Mirai,mips,mips:2763989818408892790,false,val
606ef45ffdf145375fe458faf01e5cfefac0fbb24f0416f7f8af12a0a8dab821,Mirai,mips,mips:10770312427802055535,false,val
62b07e1ab966c1d8e2ee5fcd099fbc3d9b56425ffb7be3b94820ae9399825877,Mirai,mips,mips:12806666203637239041,false,val
643c118eb48bebc87e415f10856ab005b085f25b877a45c84a35349e873f7e9b,Mirai,mips,mips:3740484581143954092,false,val
64eb8a8d80caf936f2dde7e5e2f86c7c535b0ccde8253fcdc05996d9a3c2b325,Mirai,mips,mips:5594258504639555144,false,val
65f8ee87a63c054b8efce36c0c2e945fbd5840a6fe6a98665ee600ff977db6e0,Mirai,mips,mips:3488931225720436473,false,val
666e00ebb34107254d6330068e908047162444a335639ae20e04b6bb119c21b4,Mirai,mips,mips:5622281002253952189,false,val
69410c97229a463b73ae61ccd296b21da2406e4eb7aa8ab9ece85f60fd7f4964,Mirai,mips,mips:7168155251321967523,false,val
6963b93ea35b991a027e8a8d791bef490a6da83b68fe375d21cf34fb1a84f7a7,Mirai,mips,mips:10471366444923621884,false,val
6d2525f5ebbbe91d1fd8df0c2e541d39bdc8254fbebfeaf810e67205574aeb50,Mirai,mips,mips:9417123165081827948,false,val
6d54022cf8480b0bd38e8cbe8a183bd8fcde6f54bb008d3067cc5856815cbbdf,Mirai,mips,mips:13795771809644079959,false,val
73098edd3b448d787e7521ee503f1278540346602141b3adf7d2e6c43a703c41,Mirai,mips,mips:16915626360483142443,false,val
74728c44745b8834c23f942d7739e39e972a30cc5e15fba0b59df7bfde2ae0e6,Mirai,mips,mips:11749298465755431879,false,val
74aea232003664c8dbd512a1a861791bb4f6d0e1045d5d41be948ba581ae79ac,Mirai,mips,mips:13024549394304247816,false,val
752dd963bec8c6f2a84e9da1478a15c8050d584b03f7b7e8aba90fcbe6d07249,Mirai,mips,mips:13656500876242627525,false,val
76927bc7b76ae880dfe24535bf22c60a768d413ec085c4e3efb5ce99a2d0c964,Mirai,mips,mips:546390672969802428,false,val
77090d6fddc784b846595180cd2c4649e6ff3df10965280f19aabdb53007f36b,Mirai,mips,mips:3248973973521421302,false,val
774b46dcc38f9be2e5c6413bba0306b3e86c95ffaf78795f2a49861eac4341c3,Mirai,mips,mips:12336799243280690841,false,val
78b3fed61a3737ddd4e751f7f5a651e5793ac3f636f3bb0dabac0cc3cf9f7bbd,Mirai,mips,mips:6530316998274323515,false,val
7b1ac4488d09e2c1affe78e64547e9fd07bd10e532a102b126542cc838ca1710,Mirai,mips,mips:13179722429906051678,false,val
7c9ab5684672607a35460979707a754b4d51da02f4c1d52f1a724d137914bb91,Mirai,mips,mips:2793202857909565488,false,val
7de83ee4c46eca88e6028a6e2a0b2773a6944c7fe92f402568064e727fda1fdb,Mirai,mips,mips:13927695571446548489,false,val
7e610c036d95d534fa6fb43342735c1aef1507a386fb6593782c8d5ec8142d85,Mirai,mips,mips:3333366017374676921,false,val
7f4288aa88f01b9f03a5717ef6503c7b773c7e234c7c270eea07b56a3f68cca0,Mirai,mips,mips:1350025739714260497,false,val
87212e45c21b54de15be18446ef5c90526553f1833d2a220a3ed34dfa6bd5285,Mirai,mips,mips:8997184702680508862,false,val
8ae33a1129e41460b1fb5cd53767c984e8f909ecc1386ca03443df1a55f330e3,Mirai,mips,mips:6432161411825709221,false,val
8b07a1bdde4811b87ea1c73b8b199a326f1ac96f60b991895ffb11c61cdb4f3d,Mirai,mips,mips:1480232000988528053,false,val
8beff0bf5e3375ea68052502397a120168bb3b6bf18d8c523d75aac9675940fa,Mirai,mips,mips:8246068977534299368,false,val
8cc4197e2022c55eeb30fef38ba0be272f74e38bb498bf2134acc18e4f8dae1a,Mirai,mips,mips:2545663658653276752,false,val
8e345deacb3fa39f4870e2e2724005cbcc73d41564f9ec081995e7cec03ae548,Mirai,mips,mips:15493662746513698015,false,val
91e8d225440348ba067183d695457bf885de923957b945cb6ccb15be15623ceb,Mirai,mips,mips:15437281714747771557,false,val
943a4a3a83a6ca7fc93fdecbe33dfe47906924ee6a726daddb917063494e34b1,Mirai,mips,mips:9238696840175568700,false,val
94e3c28ef083767a378c172c3f03aa436d7f3e3867ac26639ee2b6d12eeb1e82,Mirai,mips,mips:12538450280568432996,false,val
951f11b01a3c2e0139581c9d4573eae25e30eb56796431a13b8c50873c2471f4,Mirai,mips,mips:4054913434278762619,false,val
960937ff401b61a5858916d353f9f147cf1cf6ea9514e82a7b7095b781140cdd,Mirai,mips,mips:2147177496104623272,false,val
96d1de31e32147ef145e71e39bb76f43c707ba50dd09c168833b2cb5059dfcdc,Mirai,mips,mips:9186878737486419913,false,val
974f937ac9f4a80db41a11742fffc2763230ad23ce8a40681037dc4c956bcc4c,Mirai,mips,mips:17979651832782550204,false,val
9778dee94bde99631c57db671bf5e8c17c66e28ed33341f88b8660b190920ac1,Mirai,mips,mips:3948439530931707728,false,val
98ebf1056fd0fe965c85a91294ca075670f34d131363d00036c54ff199ed083f,Mirai,mips,mips:17567028235279817864,false,val
990277d35031d6c90e4a367d6eb32b34cbfd135336c7f7267b23e613da25a39e,Mirai,mips,mips:9861081547198819773,false,val
9aa6c500b3f2ac4f2b40d33a94e0b6138ba4b03e84b88fccd39ad270d6e6fbbd,Mirai,mips,mips:10960087310187950711,false,val
9be3ef67577415ede64043d0b549c86c9e4e454b38607265d7d99d61f8c1b805,Mirai,mips,mips:16631174489817668084,false,val
9fb79c84ce30b4ec2cc6fd1993270d4919796b022eba7bcef7aff90768778d43,Mirai,mips,mips:876708074898213538,false,val
a03e46a2de763fc23843e434ed4855df08624ff946becb4b27ed46fe4d903b68,Mirai,mips,mips:9638184037020162036,false,val
a1d712f495331e0dd5ed62a0ae71ab7790152c31e1d07b1ff8916d35326ad092,Mirai,mips,mips:11440955695836443055,false,val
a2115a06b54cd0b0a2eb627c0035fbb6b05b7ca9219f096151f2423247e1fca5,Mirai,mips,mips:5589308993876949756,false,val
a875c814aacb1787fab839da91d087f0ed64974b8927279b161232374ecebcd9,Mirai,mips,mips:12512299970081039145,false,val
a8bd7378e7ccde156a97ca9d56e5f95b36066b17bd5bdc2a38fbadb71fc9faff,Mirai,mips,mips:3313315184609896396,false,val
a90d973ba4eccebb95a31473e04b8cea1bf4ce4a3ca643dd169d2251a05d00ce,Mirai,mips,mips:17767909888421407380,false,val
add11a11122202e1b750b31c288e3fcbffc11a79f584ef21cddb2d32acb66f1a,Mirai,mips,mips:2610240738004473376,false,val
b0f297caa025d48a627eb19d2118ae4ef6851a306083d06b872465ce62e77473,Mirai,mips,mips:18315799157074550126,false,val
b101a40c2b23cad1d7704e4e3fb1be0d7b5ce09b544f3726b0e21d1c549844aa,Mirai,mips,mips:10718406645337698847,false,val
b1a3944ade9c63fdb269bcef5812de70ee3d64a5bb24f2be6dd4876bec6e4e7c,Mirai,mips,mips:8529942730516043791,false,val
b1fb1b77fb00571c681ff54233c35568144dfa849aec452584f83d979c3dca9b,Mirai,mips,mips:14529856247796795639,false,val
b4aeafadd7140aeffa76c46ec17f892cf240ae15e901b898c228b224f2485ebe,Mirai,mips,mips:6851506108110960759,false,val
b666e0c5f2c504476bc2579c23f26cbe98325d8ba3a4091e13216e55f6cee990,Mirai,mips,mips:13925397983549479272,false,val
b6d580474232aa6089e2f9583649503cc320f9b82f9e80bbec705652f528088b,Mirai,mips,mips:9741245800558544910,false,val
ba7ca8ce7abb37fd35c1901bec35faa7813e9efd0739d6cc29233e06f5e5c577,Mirai,mips,mips:5974392146948878202,false,val
bd5b573a36573fdcd47a13a1d4dd1f7ccd55970b3f38e528484ab874e54e47cc,Mirai,mips,mips:9283132060848654338,false,val
bee536626b99803be8a72011493607bf3c163ca7b7476a0bf34a2a0a318a5bf1,Mirai,mips,mips:1431184461840446774,false,val
c088711e14302b8eed98e612890208616f616fc98afc3a39514b40fa70f6f5f7,Mirai,mips,mips:17481540896975800013,false,val
c2d4a057fe7f00d8782e42434395a6271b9b166f4595470c3103c2a0b405a0ca,Mirai,mips,mips:14524756650977646655,false,val
c5668e684581d9966d77be2553de6efdc2ec481a3d1ef99b879b3e998928be04,Mirai,mips,mips:9257930769636448221,false,val
c56dbf836e1afb32e846527c0486986012266f46e21bdabe275f1f2dda05eb30,Mirai,mips,mips:8148083485391282274,false,val
c68930a1e4ed348542b9b579cff8af83f5d65c1eb1cb2c57015a1f456c57714b,Mirai,mips,mips:5412204276498948639,false,val
cb2a94d0d337d8e386cae4991974c01f9e9eb539eb1426760348e19df8d0d8ea,Mirai,mips,mips:16229580934017608312,false,val
cb5208c21a5a1499723f4f51dd8ac2b02b5b7486d6beb45f764e6eba5db19661,Mirai,mips,mips:12612566952924647833,false,val
cf747d68b40b0d9f999abe9ee671fea4946cc0db4a8f55bf37b393bd80c69beb,Mirai,mips,mips:2385850188776518619,false,val
d0c2225fd2723397359b7f29af86b81568ab647f9b1d34fd7d1f4430e2219c12,Mirai,mips,mips:11897705792550862677,false,val
d32e77230de33a345582b761246ea58643b0a416c0d4599bfc3fe001ab132929,Mirai,mips,mips:5184369830964771986,false,val
d361066fd077d9d277ee33cd3b8441f75e8d96683081d4efa0f2b08e4921bb80,Mirai,mips,mips:11540427658653151253,false,val
d482cc508d120bcfb8f9297467eedc0ccb7260852a583106530a186abc2e16ac,Mirai,mips,mips:3740484581143954092,false,val
d531ad01e9720469cac206d2923ef29fbbfd095ae85f92dd030ea0b40c4b3770,Mirai,mips,mips:7377820811732132448,false,val
daafe7913187d4315a912f87240f9ad844fe598af0b48534c15d1755c609f1b1,Mirai,mips,mips:8732659423552461117,false,val
db556c6da09278c5a3b54f32408a164487f21f5fb048c12bfaf79fc437eef678,Mirai,mips,mips:554230077474270399,false,val
db73452969bfdb19188bb8feb2fb4e320b275336ecfb4d3e4d743d4207dc6c72,Mirai,mips,mips:7455976831760614818,false,val
db940a2753d09c395738ad01a2a25e52b7a196b5166da6c3488edbaccd65ffbd,Mirai,mips,mips:2572185911835750656,false,val
dbcd9547ed55f3f9387d2828af9abed62731cbad968e2d22a6d0947de3d63ffa,Mirai,mips,mips:9483959737413939229,false,val
de49e29cde6983ab615c278d53efc42f064974a8c97c2b29edaa057a2299372d,Mirai,mips,mips:1306473126856365544,false,val
e12bd211ae764eab63212093e993f9b93aa3933972cbb4f4e69f33ce5e2c2bc3,Mirai,mips,mips:10368714448316008156,false,val
e39b59d495995ac656233ec1ce8086ed7bc446cf37afa334b6e03994b4dc6130,Mirai,mips,mips:13110456912558379402,false,val
e41138b0f91474dcf4dbd8809c7c62b7921e58fe90bd17639eb5dec2a2b6cd73,Mirai,mips,mips:6619979665585578600,false,val
e6adb9cfdf2d5912e5db235c019d1f15e9f22ef2d4dd96a0de3f77bdf69627dc,Mirai,mips,mips:2445456783004908534,false,val
ea25b872d50d04c79d56ced4f8e27952051b8c6fd21126db7bb90812a7c04735,Mirai,mips,mips:9508498958765232099,false,val
eaa5c7151c51e269e43881948d8a298c1b6de9bebaad517a02960ad4f769e049,Mirai,mips,mips:7846323478679874228,false,val
eb52c003b3a858def5e6cfe8f4651ce4abab6ba78cb15b907491621065a028e8,Mirai,mips,mips:2658559148822545323,false,val
ebf815d084bc1e9145be9ec80531580b7719e8d01e28a9bae03967c031c23ccc,Mirai,mips,mips:8821762898640399531,false,val
ec96433fc7f5980027f6456ab9c10ae692ff3351ac7b197a0feb07dd9315c0a8,Mirai,mips,mips:367132090678800866,false,val
eea607d352acc2a926a260b29b37b48568f7308a154194c4ab6fdd793688ae9a,Mirai,mips,mips:6413915599125040943,false,val
f29e6d881b90418966267e6fda6ffb1c01065b9c8fc8d9e8caee73dd4ee4dc61,Mirai,mips,mips:12275064902049103555,false,val
f365373c290e55afa985138f5eb046c7b58e13367337716d64ce1c9eb6c213d9,Mirai,mips,mips:2221556418157206600,false,val
f6b231670b76cc233bd7d988d533ef9ada34fed7696c63db840e59c6eae778a5,Mirai,mips,mips:5893665152089869480,false,val
fb14c2da723c29c34a19ffa0a284f2eac9772cc80379d14452046ff61fbc85d2,Mirai,mips,mips:14583455327110168889,false,val
fb64997f1267c91581319d499d08e32e543f523b961edd6ed423e3df7df0b33b,Mirai,mips,mips:2534330196566793149,false,val
ffa86e2dfaba2f6a297b672f9de3f1759a42ce2290d6e1d062b941c326fb15fe,Mirai,mips,mips:92103861972137863,false,val
