Hash,MalwareFamily,Arch,group,inert,split
0c3b6e686986126b2198369bd5ef987bea361185e858a2f93e77927c201c4ec3,Benign,x86,x86:10082246295832720737,true,inert
18ba84d665c20a631d850981d00690c87aa8344bce71bf98c68ef7d502500b5a,Benign,x86,x86:4972174284827616654,true,inert
1a1645488ddc0a57080e00d92c632de912edc88a309418c3e4d8255c1d8aa1a1,Benign,x86,x86:17058385394256616117,true,inert
514005fe54cb20a251de90346f25294e9a3f4570ade702a7a33e6ec9179ba4a9,Benign,x86,x86:7437510834172461823,true,inert
520d38a9b9aee052f314eaa0d5b821479177c7b0ef2a642cd14bca5da2ea1557,Benign,x86,x86:12008529798270526198,true,inert
b3d5f312c4586e8904c1d78775bdba4d4be07a8246aa4e5343d3639e29fc7738,Benign,x86,x86:16610405704185262475,true,inert
b6d0db298c776ab8991d0475fde96901c159ba3b56d617576e7690587d11bf09,Benign,x86,x86:14828580070715583433,true,inert
b73974bccafdbdbe365f65112a904c1fcd18e1f61758de20de32361b0659e812,Benign,x86,x86:18293018738868179886,true,inert
be9155232c2315c6cd6473a7b2048318b6355acc84e26d618801209715a3c7f8,Benign,x86,x86:2452888596828315372,true,inert
c4437a492e75725177bdaad8bc5962c176762d94c549e1beb2c2b5d1e6e029d9,Benign,x86,x86:10769926660406609521,true,inert
d51a379e405a0a3a356593472626d46cf942c587539466c067fe1587e420c68e,Benign,x86,x86:7055122135016833807,true,inert
db118c200a263a9cafda70fbdcb129959e2e5822a81e60c8f031eae77ab39eda,Benign,x86,x86:13544899427379713314,true,inert
dec3940736b2acceddfd2f49dbd622d03cac08e033a8bd995392baf2ef8de935,Benign,x86,x86:15500306737674703170,true,inert
f5050e399ee2e8eb237b8c9b3db6c25bb52418db4592357d33ac0f2d74c1cebd,Benign,x86,x86:16637817022594344814,true,inert
f751dbccc15daeda6323237548682b36449d9ef6b357dd629e7e44f78cc56ada,Benign,x86,x86:1770686913467594096,true,inert
ffc3f01b6b9e4cea77914e406a7600d1cfc389ff01f2f7ba4972791999e924b3,Benign,x86,x86:9120513474170795571,true,inert
010004367da878c030cc7c9675186ab0f334ffbfeb6308cc2d7b3fcd985b5d9a,Benign,x86,x86:4670308960220108300,false,test
01d4a6e314778fab084a62fe18c3cf0bbb56a185a0b31180f00d06f7c4c5a87f,Benign,x86,x86:5814237132688970802,false,test
02813212e1fa2a99e7be4b7c0f82813008a2aac0e04d7188de675de7465d2072,Benign,x86,x86:2676572458806487681,false,test
033d45974bc7774da1b9d8ae0dbe077e840d088ac97a2e6ee210892b19ec9edc,Benign,x86,x86:13576266312882034355,false,test
0363fc39d475291e299226e500743dc1a8b59f6002640f6259ff4687de15e887,Benign,x86,x86:14253759493464395672,false,test
03f4881fde89ebe53aeebbcd402241b04007dd19455fed36b142ccae2fdb2b78,Benign,x86,x86:12217314751522927132,false,test
0419a4608379e3a2dc07661f795dc1a1ddd6b5b50cbfb7b0f5c67ee758aada2f,Benign,x86,x86:1999639587956402429,false,test
05cf835df17482ac7ca21afaa703608800d737a3106fec220873ccee9a5e10fd,Benign,x86,x86:6628678343210469855,false,test
06612cb0dc022e453ee8079a972a0a506ff7a4d0dc424d07c5e07aaccd99aefb,Benign,x86,x86:7831833069484153351,false,test
06e967bceb7e31e67a6505e16ded476abf6806c886e3ad451390a89675ef3eea,Benign,x86,x86:36161069466205038,false,test
08095f52a35bb13c83d60eef5e087681176df95130f04e809e51a66d0bb119ef,Benign,x86,x86:9996481333343368630,false,test
08698a2a0a57062f8474f8c79ac2e95cfb2ad3eacdcad6cca5755696a950ab0b,Benign,x86,x86:4605414662279762436,false,test
0a49248881e86bad12aa2c5975db71a11af8036363650e82d2c958dbcd34fe37,Benign,x86,x86:13085393929146307427,false,test
0a56c570ddd13d4f30e6cb7c9172158a6fc2a01aac497faa44c1382a4b6a4a0f,Benign,x86,x86:10711549247067388477,false,test
0abed5f195f2d73dc8bc31643f2cfd85f8f85f3baedf24f1f97b4d83e6210508,Benign,x86,x86:16912549007119883359,false,test
0b187f3e6b2e665e4f0efdfe7b8d46fc1f01fb71015bae3758059b4eb886a481,Benign,x86,x86:15231598105398018046,false,test
0c1535f4c45079c942dc5afb4468213b7838714c28677a9efc1ed93f75d97d23,Benign,x86,x86:5310657344190075149,false,test
0e36a0aee962368b3ae22ef2149efe274a813afc83e754100217bd45918468d8,Benign,x86,x86:10965019409404772725,false,test
0e37bbdb989e80c3c044ee1f6dbabdf05ac343f796e20271c609e466209d064a,Benign,x86,x86:9703974552785260452,false,test
0e3b49c8cf804028d1cea52cf54c9d7f7ca837b49573c2c2082b0f62155d8758,Benign,x86,x86:15828839699216814054,false,test
0e423a4f6217321b0869cae39a4f72d12d5f32ed9ac2ec0fabe8b9b1e22ed93c,Benign,x86,x86:15998287336077442338,false,test
106221062829789252bf9dafc36fa5ef783f7f18587a8bc900d24016657c43d6,Benign,x86,x86:14390864074442265951,false,test
106a39e10d91e2fa063e620c46e324ec48f08f2f2507aaf2c1d9b7fc01e8b151,Benign,x86,x86:2298110532327469529,false,test
107b1af402cf55f417595cbd12d6593db900e9732ba7fb40c643a795dcacb8ae,Benign,x86,x86:10521969780599514682,false,test
10f01f608602359adcf27ce03a7dfe2c8399227ace5a02217b942f4304e76b1c,Benign,x86,x86:14841553218927402785,false,test
113cfe8bffd7185d1b2115068bddcbb27e8f1eb147e3b37bd47febed6d3cfd58,Benign,x86,x86:12544462757751359578,false,test
1197440cbe85d9f6a00af5254e655c79b4f15fb0ee817faefc009f7cf785756e,Benign,x86,x86:1277628628035708157,false,test
11bc88722c7115a0d5fa8ca72b2ab3b841df9d11625538cf5a9e31441880e0b4,Benign,x86,x86:4272805811232051281,false,test
11e17f43eb308ee50d759aa32f72d89cfa7f279f52e3a7e15b054a5182d7532e,Benign,x86,x86:18275275411858928196,false,test
12084d8580070085d37f767076483cc270c4d0362bd24c8226a63b9f3beb86ba,Benign,x86,x86:5158874465838568643,false,test
12c3f7362314ba235893af9aab4c368875d2a9e6d8d8ae7a1cb7492bccf7c9d4,Benign,x86,x86:2461860411829084131,false,test
133ff11ad39ca70cd8e827ee360ca5b51a1a8215b6987db6471b55087b494105,Benign,x86,x86:7363426687211428316,false,test
1381c632b1c85806c12de3089756c7858758f0a8bb99146a45d3a11cef5f6dd3,Benign,x86,x86:5082922929375003998,false,test
138c4864e3de03e99e1ead99c1b924a85d775402ba0949174e21c6d582157fae,Benign,x86,x86:13329932415851885624,false,test
138d7cc223b0d98a601df29bdcd39bf4f008c49466406577b82cc00c29017782,Benign,x86,x86:6656744273538961064,false,test
13c2fba36fd1bd365a51c498ff59b3690ba26d9b68054212fc4e10119468adec,Benign,x86,x86:13165090625947640124,false,test
147618688b23a26f3ac238fe9f35427e451be021f77e850b6eaa5d00fe45256b,Benign,x86,x86:2008425230663384201,false,test
1584263d1131ddea90162c0cd4b5734bf31598a49844c6714fc4570623f8cd92,Benign,x86,x86:5751139917454187190,false,test
165c53ef4255c1de958cd21ca6afa225340a0e8c9b87541c3eed46fa799bcc2a,Benign,x86,x86:6062380078867643352,false,test
170ddbe2cd9dc6261fd1851b7e915ce7dc10ea806c0a9e929fe8405f6acec2d4,Benign,x86,x86:5042460292378968734,false,test
170ef06fc844b12a822befaab5f0fe9c4d83866a4032309ad4e1453268a8d46c,Benign,x86,x86:5228996056370154960,false,test
17c977372f6dd5a4a0e8b7a52d5f2e00e4e2299dc282d5820e6879b0310bc6e7,Benign,x86,x86:13577935235344089799,false,test
187bbe3c14193ab56326c6894fe9d758fdc78b426373b58b492cb73a49aa71aa,Benign,x86,x86:6069025269977450722,false,test
18cbe9c03ce123d37968732c221c470cdbd90ec401a3224c85ced7f07e68e214,Benign,x86,x86:13965180103892769753,false,test
18ddc606ab50c482afece495a57679062a61094cfedbda765b9ed13bed6d3a3e,Benign,x86,x86:15720838738191503453,false,test
193f7e73b0b48ca7ef4dfc0d5f96aca58fcf3ed455d29114d6857ab11b30f9cc,Benign,x86,x86:2191583920469758738,false,test
1990bd2de39030a4b83b2ebda9cb95ec46149f69001530b48bee20ac8da2ad19,Benign,x86,x86:2788526755813185145,false,test
19a3cdfcfdf5a23e5546a1c4a76698501d73726212cd22b245a6ad8a4fc2eec2,Benign,x86,x86:1909208036481958864,false,test
19aed21f4883c3f83b693521e49deeb6807b20a6950bcea571a4876db5ff101e,Benign,x86,x86:8213338963512337921,false,test
1a050438a08485e6d440d82d0f2dfad602e2f45a4dbf6835800f343a7037960b,Benign,x86,x86:12676058441932243056,false,test
1b0d9b9dad20a80b55fa448b02b7b5779f54bbdd26f74c70c9f9edc7419940ce,Benign,x86,x86:1952411788446389961,false,test
1be6d132556a74434a883ac0b2330be5a57a4492bc01af4318345f046b2ac4c3,Benign,x86,x86:5888550482776638301,false,test
1beb82aee2a14c289c5033dcde636720e9b5741d0ddf59563a4c2e7a4fdcdad0,Benign,x86,x86:14572800962741300052,false,test
1c272ca543f1477d5d2f86dbb0f9a3adc1b58a78161216f4a06118984f73e1e8,Benign,x86,x86:15199910343646445409,false,test
1c96a0fc234c0c8da52f3c1bc8f91bb1a20837138dac8b48b64bc3a5da6814a1,Benign,x86,x86:14864838312984884805,false,test
1ced98c7ab161823eb017fa237034612ffafbe1f03bbc7446268202784ab1d4a,Benign,x86,x86:4533330449181553362,false,test
1d4ad854c597b958a8c41dcf65ffd5881bb3a0988cd9b462bd3bfdae8c1d6de2,Benign,x86,x86:2064098487022023241,false,test
1d6e018c56b590f85d689263a50700f26e9b80085b6c9903862bbfd57fb0ca2c,Benign,x86,x86:6746815501478794970,false,test
1dc7d1582d8c2b59b0b796ac434993d3f794fb6bab8ac7cac9ee50281e1da053,Benign,x86,x86:16495382930079192592,false,test
1e06488fbed2f851cbf669b016558bcd6899b237f16ff3a4663e083ae036a6b1,Benign,x86,x86:9638780350417492281,false,test
1ee9f054537a8c61987a57724eb6e3a745d5784cd8bb6515cfa751ed13310905,Benign,x86,x86:2036302309266489125,false,test
20666a3d3fd0f2d14fe8f74b46dd91a343e3e6513252cf4d43e58b48925779e8,Benign,x86,x86:8738378186504707406,false,test
2124e58db971cbe4457fd8d4b1442cd6f4a037cf371fb8cbb706e8cde89379e1,Benign,x86,x86:1784039730092993357,false,test
21a0ab51e12b45df79ac37b0b4b2576741bb2e103b3db7352dafbd5b33c1fd34,Benign,x86,x86:6416120778004460936,false,test
21e3f33fcc9874ba152d84cc1d8faa81ed4e95fe50045b34ebcb98c6e58d83f8,Benign,x86,x86:8217344165797936126,false,test
22133078edd9054dddf86150c1a233f6c49a3fca4dcb097061f3f911fc969a40,Benign,x86,x86:16699253533552230706,false,test
224093a5250e0452570d09d935e1a5ccee98e4a7537fa0b9ab2d4e1be60338eb,Benign,x86,x86:17428520163676677857,false,test
232dc11669d16a34d05cc6f29a8a2c1f78f57afcb94389e1ae94ff97ff0d642e,Benign,x86,x86:3904710429872589291,false,test
24b0b7762a70be3c178d51325e5051f102490358653c56ca0253664de8fe33d9,Benign,x86,x86:15789415734088887858,false,test
2559bb38c15a4073ae156389d42a245cca785d7a016cbd734e7b652352004d78,Benign,x86,x86:4883674142801092539,false,test
25629e813ba2f1dc36965885071b5995087a2fb6b18dfda6ff0407973d6f3b43,Benign,x86,x86:11633133439156409291,false,test
2563014dd3ec41a70709021b2c846e8b7f20ac1da16b63f2a1d07ca46e914d18,Benign,x86,x86:1244668238254398861,false,test
259fa8decfe9569289ee7ff70b995ed98fc1a15750d8d6aacc456ff33a66fb82,Benign,x86,x86:10517954230568759322,false,test
25feadf7899452427cc992a47e15ba4b587bf38b89f05839dc9de711957b6bfd,Benign,x86,x86:13163668290470847822,false,test
26e2a2dfbe158c6cd315f946ace5ffadfa50324e461a0f32e94fbd5c37f62024,Benign,x86,x86:6080428896491329092,false,test
272c2a83677a6526da50526b71aec79c47235fe540ce81fe392d3e09fd4e733d,Benign,x86,x86:18278066385135532507,false,test
27a81f8b4221a708a98dd766ff14f5cad57d8b7d1a2ce5ee7aadc23df0413123,Benign,x86,x86:465026428665901754,false,test
27e007bb4f54d0ebec6b3b6b7c2d3effd5a567b350f615fb3e4d5e3ec29513f6,Benign,x86,x86:6187745275746075771,false,test
27fb819e13dcee89187b24c6ae29aa39359c73555002713dfd097b1cd3b4caaa,Benign,x86,x86:15882406827662752607,false,test
280892e2aa49c6660c5250fcda0644fc79d51edf136fe6fd766cf75080529de6,Benign,x86,x86:13017311487153001665,false,test
28498ac0b161bc718a4e964f1c65f87700cd1cc118aecf64de06f87470790d15,Benign,x86,x86:14738327068171229103,false,test
28503322e2ad601b658e63ba125c9d336c13e762d8fb390e61766801619a5040,Benign,x86,x86:18136425551741950999,false,test
28a61a0829567ff0bada75621fd1400a2a5bd3512103baab76167b45f56514a6,Benign,x86,x86:12778907270379150014,false,test
28a6d251c723a843bd01674160c69958ce205785a3fd62482e2527c55785f453,Benign,x86,x86:4522717632415872701,false,test
28b102865b6f56754e23716d78039ea36189172892f1ff9b7f5042dd1efde4b2,Benign,x86,x86:3137398422524847032,false,test
2973fb98e7ffc175868db3972282fed6d483a3cefa386f161be8cfdda64ebc0d,Benign,x86,x86:14616015172543533929,false,test
29847ffc9a15a7deb0efc098392a6c332cc11fe6212ad070e727be370e1289e3,Benign,x86,x86:17054193424864719386,false,test
29956f646c523c6ca158fc5c8fb356d7dfbcb96cd77c0c33f1e829850a0ef25c,Benign,x86,x86:7872526439825982356,false,test
2bb02e9aa5a36b8e8b47fb3d0f5b1cd2337a4b19b75ebff042cbc6e24e303f75,Benign,x86,x86:8615812634218410217,false,test
2bb1c95024d03a9216a4ee43a17b108698439f2708e12e6dba1c2b007fae9a1c,Benign,x86,x86:7505288319506415790,false,test
2bdbb6b0992c04a28f8704c16a53e9393f4a225df58f08dc8936e16d72f57ab4,Benign,x86,x86:12528130006415751375,false,test
2c2b90d2f8045aea4b537a92f608fd965818a9ee5f4251619cfb8b7162021b68,Benign,x86,x86:14449323061543542571,false,test
2dcaeacb13b011b6403aef36df728f987678593f5625005c067e0835685edb15,Benign,x86,x86:5619382079626894998,false,test
2f96f3a823579c8ab5100743cf853d7ababc5b1abba450ac8d86f975015259f0,Benign,x86,x86:8178853130570016174,false,test
300742a5a87bbade495f4f5e245287e3337a3c6755ac44c7b1af803ce4d0b402,Benign,x86,x86:12072613021293488066,false,test
30370cf510019e4d3a1a2c18dd335d23c503f538961101338d0c320cab8860e6,Benign,x86,x86:7338399225994298989,false,test
3054f21de19b26c3653f495edbde333e1196a39f89bf9fdd6bf80b2d3bc21575,Benign,x86,x86:13019413623655826558,false,test
3086827a81acfd2949b63c4d87aacea511a4ea847339ab0e725de8205c731341,Benign,x86,x86:17481978512330255905,false,test
30bf75304ad25c042443958518f8a4129b2d3f8335cc281c37b1acab72a03087,Benign,x86,x86:10726557355900831342,false,test
31a85ccf8e35eabb85a799f18e816c086f5d9dd133fb1726ae7a7e1f853ce3a1,Benign,x86,x86:5364369920698200055,false,test
31cd6ac9f35c06a99e169cfaf34844a638ba4bb57e7fbb8d23ccb7b612f9458f,Benign,x86,x86:4645532393162519350,false,test
32935db3cb6ea2f4411fc651902e21323d3a2ac3f17e6155d6fc06056138dfeb,Benign,x86,x86:7334422173112501338,false,test
32b49b44a672d7364d1062010df4ff7c41c636573f6efc0a43329ff7fe8cc844,Benign,x86,x86:10268903867553788358,false,test
3308912b3df87047430c7bdd286afa8b8944be48c2269e14d83715b996a5ee85,Benign,x86,x86:5360153702130359194,false,test
33986e669b08e4032135450cf7a44052d95c0d7ca1d5c699a91072706e338546,Benign,x86,x86:14958130063547406685,false,test
3399141cfb7d6b67aa7357cd77dce2f9977efcde34e1739cb414d583696bd2a4,Benign,x86,x86:13698295919692418170,false,test
343a8acdc4e95a1f1b6b689e5c37058a7c67e576a45d38da724354df9574b0aa,Benign,x86,x86:21119465026866007,false,test
34e2125499f1cfe6e6e6512313593e9a2f41f00a8a4936cedc22cd278cc0be69,Benign,x86,x86:14770246163261287847,false,test
353f287488721bf738d59d698bd812f57830717e45bf1201817de2d928aea383,Benign,x86,x86:17694476845411990672,false,test
35d19f692e234534350977add34e193f36201f1fc58294c50844d34f2ba5d56d,Benign,x86,x86:11253675759917776802,false,test
35ecab9ae5eff6e48979f0f312a82a2cb9992d13ccdc4daf2222157d3a9878a4,Benign,x86,x86:10928155736174143188,false,test
367a53cba863d4f1963d0e37f8f0b791e7f4d045168390629768327bc1de5dab,Benign,x86,x86:14644889416408485331,false,test
382c7ac7c7a8a0b91e75136c8318a9898e19c16605d0e4cbf3e82835004dab85,Benign,x86,x86:15790858119507625773,false,test
38e0a93510ec1a148e6b6865c2a6a1663c9daa29b27c7eec3bfbc7886c1c4b86,Benign,x86,x86:17238860737764400863,false,test
39060159a13fd44f7a0157535d5eb51741d7f4a440085bfc67347a4082066ec4,Benign,x86,x86:6949685109577127041,false,test
392ab801429559016246e4b53cdfd3be4102a166fe33ec4b1cf07078c79db67f,Benign,x86,x86:12368341451071903377,false,test
3993a468b8292d69507a80803bd30f02c051aaed140f7703d702920c6b3a59e3,Benign,x86,x86:16205328885396901817,false,test
39f2cf6648bf2501d323fca93935f18404b2510b1de3533a7845b16a469eac9f,Benign,x86,x86:14503165466631012044,false,test
3a3a0e0bac39b810acdd79105895015c30cfd1d74ccd628084280f51abcf783d,Benign,x86,x86:10607274837522402674,false,test
3b229005356052a31f03d4977d78868af331d3c8eaa3b0cec3475f4496b596e8,Benign,x86,x86:1118651527582617044,false,test
3b67f39c9538931c81fe9da31ba1a4fb43517e6d0bff965acad3530624bbea82,Benign,x86,x86:6364565116472209657,false,test
3b9fa27ef366b49dd3fd2129b7bb165120bd724b876fe7b853c0399395fed989,Benign,x86,x86:9139993461636471512,false,test
3ba81c003ba31529c33186aef141ba63d0b5b4a302d53f0f7f7a28f2198bde19,Benign,x86,x86:11849909972314658765,false,test
3c49e3464786f9ff56a1679175c1b86bc4ad5d1c38ee771d96cb9df5e80f47e5,Benign,x86,x86:3484689600710720218,false,test
3c8c7f81b98e83c742e3d58e2477d3a9a0c53f4f8b31456d545ec0bce30a6a49,Benign,x86,x86:1646021045390813409,false,test
3d219abe61ff1f3d608689c2a2bd79cf6e2ceb29d5fad329c2d6dbdb9693097c,Benign,x86,x86:2053307377144996261,false,test
3da7495626b780f326d74bb43b82dfa057c53f1f348ed7bb0f8dba02976f0d49,Benign,x86,x86:2816008488795960640,false,test
3de4f95c1ff3cc308ad4b31de88123d09a852621343b5598d312cebfcbd5b6f3,Benign,x86,x86:7666384321609522557,false,test
3de948d4566b12910f43290677fbf7ccf0306729620ce2cc8c18974902732e8a,Benign,x86,x86:505877960701495301,false,test
3ec940fd6ab16a7658378ba1f2fec7a153b378505160650ba177293ed75d4690,Benign,x86,x86:3354447382568378278,false,test
3fa1eea3e32f1f73ce01423ac9af5c61c350c2f4604e22f4d0540853e1ea1c53,Benign,x86,x86:1840843313598777215,false,test
4028f9bcb43bf915c1b5a420a7ca7a363dacc246abc3c464185e742a3d4d3537,Benign,x86,x86:3175402153808342486,false,test
40bd80a320e9cf269c55cbaff8c6b37c0670d79066eb8a7e4f02e3108201c82b,Benign,x86,x86:3994985491837037387,false,test
40c60c8b501d6beb359b31c5fffcacdf4e0a0a4cf1a52c0dcb08beac9034521a,Benign,x86,x86:7342403813589389966,false,test
41c0b210ede9b6046039ace7a3ec9b81a57b05bacb17433f9c011a2ff52dd1f2,Benign,x86,x86:11772196203610264051,false,test
4231f1e98574ece70a3461236f0ec8b6a5bbf398a7ffec7db26a9c6d19e73929,Benign,x86,x86:16586083204410728386,false,test
42883c24794fbd374081c5c54fe9d87e40b87103309c8c42007f2637396205a7,Benign,x86,x86:8927611549488416463,false,test
42b377690cb9521c3d29b40e9a6d30216e8944bc651454441dc4f1f3a9c1a9c0,Benign,x86,x86:10278088309613402905,false,test
4371407efc58266191dfefa7a4df9af7bee561e53e8e6c643c009c9971aec977,Benign,x86,x86:15806921467222395123,false,test
4378ef92398925ce10cd32e88bf493a4c4317c1038af31b494955cba928b0e07,Benign,x86,x86:6493437983222257190,false,test
43a91b1be742ed56c05ae883d00d0c8ebffab2b08f330660610b4daef1cba7fe,Benign,x86,x86:5747371672114879486,false,test
43ee3f193d9b785a30c3a74c8997f3522f47e64e88f43a17854d8fa4186503a9,Benign,x86,x86:7469168481517810474,false,test
43ee7c755ced76165700b7f696d46500f8c9c84ac8e5e82d1e36ce66cf197898,Benign,x86,x86:4100906642273205887,false,test
44a961123939286a32f03c15775e397af40bc2f6280c3dd9402cbfa13c18d7f7,Benign,x86,x86:9804812789438275865,false,test
44cf6e90ae5e4ea9cbaa3a6704ecf781335b8eb227cfa5db88f4ee87773e8b72,Benign,x86,x86:7841527556057071463,false,test
4521f0bea17022ab277809a3dd641d3ededde63e905c2e21fbc12a119977f8d2,Benign,x86,x86:3075316833946644261,false,test
4673b8e27da05152aa226819a5e08079c14628e1fc0277ae543605cd4aacc315,Benign,x86,x86:9009578443072768422,false,test
47279f2538f29580163babab9662c8c3c769d4a449afc23295b842d3fde486ce,Benign,x86,x86:7635951792044651285,false,test
4785981d56f8c8d6b8086d87629a3641add3015f431e7acfea03f769db31161f,Benign,x86,x86:5177409738533027183,false,test
47a60450027a047156dada5093b09ba5d042459ef77e77f9df037fc8571724c9,Benign,x86,x86:16672306312317325827,false,test
498b98ed4526f765f7757d1f814ebd1888816c4b4948115f121f71c13bbcabc7,Benign,x86,x86:8289909849661844774,false,test
49f4cb8be257bf00dc52e430b316571eaf5d805459b307cec1f654ec14d68f23,Benign,x86,x86:5260230356072029450,false,test
4a0f23b6cf73cd369069b752ecc1c9b9edce264a22fd3371c113bcd90bcc4823,Benign,x86,x86:16417306334087037860,false,test
4a8db521690bc9e9085188b2b0968c857b452af3469a6c25cea0304a8cf30287,Benign,x86,x86:1175550017624354646,false,test
4b003e54c94f9cc5c60d9b4530d4f13649bc7ff061836512999babd00800a53e,Benign,x86,x86:5382837091141522914,false,test
4b249acd01d446657717b3c0f2e2f4387a44205267e03d1d56a6d4b1d0081496,Benign,x86,x86:16137920962724796018,false,test
4d3c735061683f76169f60151d49bf79312f4d5fe5f85ca6ff57255dcfca688e,Benign,x86,x86:13801875753173473331,false,test
4d67092334aeeb1a45ad206f2a5fca020d099bbc3d1156663e013f6f14c7f2df,Benign,x86,x86:12745832583548044240,false,test
4d9e08c5def4ea91c3fb4556a64a6b001dcd257766ac2bf5195ec6e9f6d3bb5d,Benign,x86,x86:17399490689034629249,false,test
4dd8d08263a3a4ddccae2cec62087ff781804d3960dc7073d66aa8bc252633e7,Benign,x86,x86:7077588193047849455,false,test
4dfe1da1468573030981c7b8e4e991445d64995554bca9d10621b2b89505eab9,Benign,x86,x86:15175917673395157924,false,test
4e189593ef64a578d5fd2506fc43882433739c63d61f504b6f42fe88dee0ec7a,Benign,x86,x86:8356106536292097457,false,test
4ef2c5cc2a0795d2b6359b4600213914dece1fffa6a93140bda063fbcb415c1e,Benign,x86,x86:12246678828148639545,false,test
50709c21ecfe00bc293e9b6191c13cf11b1a949465fbdb4b9db1996cf536df09,Benign,x86,x86:7805648402250983021,false,test
50a368969bd7284dcc193c3be12f03fcbb90edd6bc89f1c2a89fbfdc99a97be7,Benign,x86,x86:1625980028353195961,false,test
50f743b822d7698884d4bb050b1a2f1d4d5be1052ef6a10efff36c2456e727f5,Benign,x86,x86:15239301510314060733,false,test
511c106373d7a952e604e323b656e737de20f56927f64a7b1bd80dbeb054a83b,Benign,x86,x86:4212049329163244450,false,test
518a2c628eaad965e893b1ff37eed7a785971896599d7264e1e070214582a921,Benign,x86,x86:6085159814740952106,false,test
521ae53dde10bd07769bca92b821aee269a08c18b4ac77cd908f076d023a7bd8,Benign,x86,x86:4361936188894169246,false,test
52b4cf8f16b01d0f2caa90fe420793e3d8549b4847a59e7e0d2cae5a8cba0851,Benign,x86,x86:10269123343439282291,false,test
53618932fafd26143963d22fc535374d05ae3ff67a4747ffae98a50a6ffe12d8,Benign,x86,x86:15923051360412024057,false,test
5392a3c63fc0eeffc227a8a6eba576dadee8f059fa639db9e64ad22bcd7d8113,Benign,x86,x86:13711302068841356261,false,test
53a0d64b83938634b1edd6617ab910895fd293fddf706da90b1084e1e694a12e,Benign,x86,x86:11415636161866676995,false,test
53fdf65389402da6abe37f19b7e29583467af35745ccbe55c13c8179d9ddf21d,Benign,x86,x86:12496592450605937540,false,test
541977c5f6d60c3eabf7083f929faf5bce76b45ea1919a800637a0aadfcdbcd3,Benign,x86,x86:3358401437152453442,false,test
5459d6c0d31485d84b64be9f371db61dd1e0c7c3906042232d34157dea6e6f4e,Benign,x86,x86:876206668153095793,false,test
54d8291c1f48567e7714a1906beb008805c986406467b4f5ff08f5d08be36319,Benign,x86,x86:16085369031502750024,false,test
55182b04632524c97ea4159e271ce539f2a45ee47e3a9fa99d03519101fac1a7,Benign,x86,x86:9855457088921671414,false,test
558cbab75cbb0747450e1f66a6df320b5c6726ebd84a124762bbe5711252e272,Benign,x86,x86:637947292373428376,false,test
561080bce9430136290fd9bdbd6798ae3e154497ff326d7028d02878421b5741,Benign,x86,x86:12882260152854349017,false,test
5664703be5705da3317e32907bb6b9e5c432e1ac354488dff69f88b9e708538e,Benign,x86,x86:16124048697278768638,false,test
57dfee65a7fee916e0170bac8c119844320d1145042a256fc098352a86ead8d1,Benign,x86,x86:11192375320462783898,false,test
57e75eff826793024e110bb06dc87d1b535aa3c004c684881607931074d8d42e,Benign,x86,x86:157072451345446193,false,test
58289bca02b80d95ba57700014e6c3ceb101aaf641408c84edf778576288b217,Benign,x86,x86:12388403318085218108,false,test
58bae623eef5a6e1510b3b53c278e3107876e04dca7ff62cde69a0a40b045e10,Benign,x86,x86:2928688573434856040,false,test
595002325729ee8b7be73d37646d026476bddc138bdc5a7bb6841db286ecbba5,Benign,x86,x86:9644649368863757142,false,test
59c4f173af7380e4aec5a854f9c14e2c0b0962f42f6d3cac57765b324c8911a2,Benign,x86,x86:6590418041968495741,false,test
5baee36f665ec6f9c5aa24974f38f2544ae8a887ab382155e267925b6af21af7,Benign,x86,x86:1268741560168585271,false,test
5c466ff5075652db94d12ddcf3a17f62380fbb56140e6b3f7cd0979da9ddec0e,Benign,x86,x86:9982647501096181686,false,test
5d2a67c88e8979bdf6109c56f3b818270ba5ae1a853af9d9cbf9b4cd5c7134e2,Benign,x86,x86:15091800915362347900,false,test
5d7770b0b6496a920be1266a567c2db7d53bbab9332f448b0daea66d55053107,Benign,x86,x86:9663857560131136015,false,test
5e04ccfc2fa2680a6beedc6a3523622831c21517244d31479cc7def37ec0c964,Benign,x86,x86:7803634012659298746,false,test
5e63d305f060d18ecb42f192ffa6c8bc36f926da6477f9e1ba5ca1e0220f9620,Benign,x86,x86:5935481805896742447,false,test
5eb7ac61949abcf0c3876b760720b7cbef7e524546485efafd846ba6a544791d,Benign,x86,x86:11473228658996351307,false,test
5f6a47593a167423f6e1a3d9a973577c34af31c205f69f27381008f21b8735d9,Benign,x86,x86:8332442098718959451,false,test
5f727ddc800f4ea98f6c856b30356ee6c7b3df137d2eaaf24f3e3af9eee44cd0,Benign,x86,x86:15555425448355058511,false,test
60a5aa5615c7dcb7ac63a859da7bf8a7ac5ec0dba085129d34940aa04102875b,Benign,x86,x86:763460103420816259,false,test
60a6d90f0c136802ae743c1a21683dcb13799cd0b1907327edd6a20cd72de3de,Benign,x86,x86:14103897473492268868,false,test
60dfd50e1eda56d33798e237cb787120581d714c15e32be41da010e8eee2cd51,Benign,x86,x86:16773826736164531636,false,test
6112e92c2339e0b09e74a3cbeb8a0512696438bb2129e648562accba0819102d,Benign,x86,x86:11122626593368764337,false,test
6117d7a875f93346985c9e4d5938d7fe146131e68309a2ab284ee8cb4ee25fd3,Benign,x86,x86:4982634870215292301,false,test
6152f4204583b4192f167d55fef564c9502a6d146775d9cd5808ab874679b8a6,Benign,x86,x86:17582442557242276125,false,test
61968d3ddafefe47973ec4a5b662b3e5b0591f8941048a940ed2f462cfb2fc54,Benign,x86,x86:12923469696357304340,false,test
62031f27004fb0cc988038d665ce0a3c97568e6e8d185c3156cf0c6d984553e2,Benign,x86,x86:1662956363761491550,false,test
62da71de6817b50f269e582675d8db8c0d639594512a0859a789f0dfd98f5b17,Benign,x86,x86:16917349691607858264,false,test
63b043700961eb8b9ea1cd1a5ce7225b516d3857aac1be488cbed095349cabea,Benign,x86,x86:54553884966637502,false,test
641899e31fbc6d45b01156f221638d8f142ff14ed83be877fdffed6cc8768b84,Benign,x86,x86:15539712106799116731,false,test
643cac4cb9617b11220e97bbd31654790575e94982003f53aefed0416d6a8d73,Benign,x86,x86:11742887790295485969,false,test
6548d4b6e622665e5f6b2561bd85d81a57f096175d314edaaf80d7051173e6f7,Benign,x86,x86:7881523403250688385,false,test
65988ccd570cd2efb9665df81b42efba0631063f3d4ad65ec77e8e02a84a9622,Benign,x86,x86:17249826004739202797,false,test
65cf46e667c6890886b4c1a270cfabf6d1715346282e9fec75b2787da653af1b,Benign,x86,x86:8223529301744134394,false,test
6648d89ddf5c5a9cc74e440a770e83c5f06cdf2866c2a9091596da652c3027e0,Benign,x86,x86:2140891834904551320,false,test
6663a813eb68cd5edd6c3cb85c7875972959dff252e2dd42037866e8430ece96,Benign,x86,x86:16339828638163976582,false,test
668357e5106176b6535749c3be81f44573a2baf7bd387815b20cbdc34aaa66fe,Benign,x86,x86:14592346522492359496,false,test
687f2f2795d07a6f76d529055e495a3e10df5a983422a9bef02821ad86474321,Benign,x86,x86:17264713992066866584,false,test
68e4dd3e9ebea8b2cb28703f1c24e6066d8c7ba6069fe9cf36d3603bc4ac6990,Benign,x86,x86:9939901122406376962,false,test
6976339647e26f1250688ee056a2541bb2ec1645477e58002addf258767f1f26,Benign,x86,x86:5099241743814283701,false,test
698c1f95637ef32c4a7c002827458813d697945c66727681101d4fa5d85277da,Benign,x86,x86:14596142300273364943,false,test
6a6e624358ab32d3a021116ece46d7f79cf8e477ef7ffb2fd9dceb471faa5da6,Benign,x86,x86:9063677156786494397,false,test
6ab1450952d98a2a2ab9396880d27df44dba0c9e92e0d5c7d1f171d6f23cef92,Benign,x86,x86:11450459627498181315,false,test
6b3b9440f7e455bda15cafb62cb10fa3ae04f2678505438afe3bbd88b9cfea75,Benign,x86,x86:18429371461807981467,false,test
6b46cb487adecbce3384437399aee7f1cc543abf729f67decb8f7ca1793cbce6,Benign,x86,x86:5574759895395156125,false,test
6b5776d13db70da2fd29620ab197b5e35f59af5aedfee9b9f227844e154c9857,Benign,x86,x86:5668403181324378847,false,test
6b6fbaa780f66584e460f64d18391bbed4b17d20a3fbb2958238c089d62b03fd,Benign,x86,x86:13650478205831680033,false,test
6bc1fe4bfe5090852b57a7a877af4a0dc1347734675352d23a4367a0b3a7da74,Benign,x86,x86:2881113231472874883,false,test
6c1944f88eb7e81de134edb37484ef924bc179d2eb8bae9d32352bd265754814,Benign,x86,x86:13928579527436003104,false,test
6c3fa8407520b997400caa137c9c6adc78f67a3aa5eb408b584b3871de8bd9e2,Benign,x86,x86:3973933299624250205,false,test
6c75c573401c67ff78265099bd11dc518624e92141c14b3427ded8f332a1702a,Benign,x86,x86:10622950860385609286,false,test
6d22db957f7caea3b163d0fe53889ceb869746a2a871418717c520182d5fc5b3,Benign,x86,x86:15446261454742845831,false,test
6d501a13d50a199ad98b09cd3e495c25859e9735c39f83759f71e52204618867,Benign,x86,x86:5901338764205780442,false,test
6d65468034a68a2c8a7ec9de2f31452a85be90988dcd37d1d6b3011daf63b960,Benign,x86,x86:2749901286400915651,false,test
6db7f863bb0666efb8a23c78244278a156d435fac8e16f236da653ab46392ab5,Benign,x86,x86:16683333608285487903,false,test
6e348baf4503d8500d401b82b092478a47bcf32c638319acc2265c213c146fb6,Benign,x86,x86:2455356263098331791,false,test
6e3dfedf6123299ecfcf6f2dfb643d10b6fc0f9e17dc5da4bd3062fb88fb5b51,Benign,x86,x86:2941644245484863372,false,test
6f2edee7f3fe803163ea35ad8086cfd0d49d9fe20216356711a41ca69666db4f,Benign,x86,x86:2253453182784824931,false,test
713b4a5077ae316fd8c5373a7c675b6d26e9c360b21507d265ae35e5f41a8ace,Benign,x86,x86:1369419665700094764,false,test
714a7aa346e5b5d8a1a15c2d67d35abdbdf211dea3b641eec4f789b2f4b55738,Benign,x86,x86:1197311728610107710,false,test
71afa43fb41f7a71d00b7d3892b822ee6cfa2a3bac24bbf079f65052d0b8d690,Benign,x86,x86:9939040086554224363,false,test
7242f9524443bb36d44b26febd0c933eac3a213a9d77bd50923c0f19bd3f4747,Benign,x86,x86:15148399973529200205,false,test
72490fb929eafcdc40356bd345df23ea81046bd565fd47cd3a17f7c7d580307a,Benign,x86,x86:13206099970711372510,false,test
72fd27d0a9a667246ed139dec3be67c7976bae9f581ed31932d4b1401eab21be,Benign,x86,x86:4971688974289295459,false,test
73191d1bfddc17601819fb3d51d1483d0e7e06bb73b8c274d478b7f6dd96bbfb,Benign,x86,x86:14456932430977869187,false,test
7376fd34866a2fbcc671ce956de7479cc5babc351865844572ae3b61d0feb37e,Benign,x86,x86:3984425445835552858,false,test
73cb13ecd7b3a8eed211c355339cbc0b3e6cc043365fbd23dab2d30ae5f53605,Benign,x86,x86:8665566323404568849,false,test
73dfeff9cde8896579907aa4e646826c872bf8fb2befb535512523dfea57e26e,Benign,x86,x86:15002136095820925669,false,test
73f80476c5e52b488b970e185f039dea1cd40d3c660ff3ff3b6655cb1dea2212,Benign,x86,x86:2749138319534605086,false,test
74f369b4b7bda412a54ed1197b36f9e42ce428b97f7ad4ba7f7ffb1944175620,Benign,x86,x86:9250661442300801782,false,test
751f2067d493b4bb13d0ee74c92823d94626fb5124bae598009a6af18923328f,Benign,x86,x86:1611899039651851372,false,test
7539091bc1968050ca9d039e863c06fbcdb24b23152b6ce59f1a399e4506376a,Benign,x86,x86:9369005239683902559,false,test
7615ea92df6f527758df51ca2c4e47f743dc2e37a6b24f66e8fd990647a3e928,Benign,x86,x86:3460940521660170884,false,test
7653c417d85cb0d2fc9912c1ebc04aba2df19dd63f8aaad7573f465874f2d71e,Benign,x86,x86:14859850307938717401,false,test
766f54509befe5afe9901aae1f476e8a0dfd80df871db9a1070fc438d8be114e,Benign,x86,x86:18050876591983213154,false,test
769e5791cbbf3a369f6bbd1644f0281a54c14900b23372cc966e45fd9fa8bdaa,Benign,x86,x86:17281655320735166031,false,test
76a4b44e702be19e3be2baddb7b652d15b195b3a3c79d17b488b5183700d112f,Benign,x86,x86:10352660067238694444,false,test
77ed6f304be583ae67b1192b2f69ba6992471a18074700bf894d992e18939fc1,Benign,x86,x86:1467087197345807079,false,test
77f3c0a4841ee314865d425764b11359f9bfd2be1fa6a4f220ab7fc3b768be06,Benign,x86,x86:13692866880841664267,false,test
77f6c94d8ad1fcae4f44b38b91324faddf5f88eb5c31e0bbfbf7caf9d91f1bbc,Benign,x86,x86:16235497304129321007,false,test
78cc8eca984a17cd6e1da288161a92cd9dd680eef1775559e149b447d7c68257,Benign,x86,x86:618450636487890488,false,test
78ebaff7750bc48a2a3921c7301be2e9d7ae4e56665a36f6620d5966b86cf4de,Benign,x86,x86:6928828597354742308,false,test
793295982b047a0bc7b6cd30170b84731cb49e682efcc00eb4d081ce04e6e637,Benign,x86,x86:5008335011828292365,false,test
79b0b8e397eeb87fc13bf886b6d0685755d0b30d0657662c76ec73977e3b5ac3,Benign,x86,x86:9625333869668650127,false,test
79c211622d902ecec51e91998678e6676a85eeed8c2b2ebb4d7c3ebb441c9b16,Benign,x86,x86:1836558670332119287,false,test
7a2b43bdf6429fdb1b68d075aebb10e0c304fc07de4b3d9fe6d030beaab262c1,Benign,x86,x86:12600711065205770934,false,test
7a2cfb2c241d2a81d7d0967b6e58b66a3553e4a840d2df184073ccad7179072d,Benign,x86,x86:17517048234312921879,false,test
7b15548f32c6216cd72c38519a54c2953bc62b28bba497da6c7dc28edf806c77,Benign,x86,x86:12022709473890603757,false,test
7d9528f2ecbfac65bf88b635b64b9808e405aa623a10896ffa1039fda2591981,Benign,x86,x86:1243531329927701400,false,test
7f10265151d317829e22c9f499422a0631e82309f1e366312db7f6ca18f4a7b9,Benign,x86,x86:725581221646837013,false,test
7fa172c72b6bc7d63509498974bcc4845de80717a4bb79c9c8488a511b9a8c5d,Benign,x86,x86:17050963583593637018,false,test
802df3e550c6cc5c2af7afd7228a4b5857a9a61fb4afaa335c095710d3593e67,Benign,x86,x86:15952115881961981973,false,test
803916d273b8902ef9ac3e1d3bd076979d7510571a17b586b015f92304303438,Benign,x86,x86:8142567111613938223,false,test
803a121fad5a34f0b8ebd355dcfa1400e084872640d88bc9d11dd332d818ada0,Benign,x86,x86:2101674413772665211,false,test
804485fa1954e453e737cb4374203ed41fc9bae389684b68ad26747f0246c3b7,Benign,x86,x86:12839159587094984719,false,test
8095e1cf92939f411acc81f046d00e5a5f7309d67699f804f40d58ebcfc4aa83,Benign,x86,x86:8737883795212621704,false,test
80d9f9e25666ba685fe0a2231157b8580d095184df60f3796378740f9f8f5bfa,Benign,x86,x86:11780205133623961503,false,test
81c749687cbcc0351a29c7120e7235f5a3e6217a791585284478aff49f78b9bf,Benign,x86,x86:10463085806440015523,false,test
823fd22ca315fd364bbbfa2b1fb1d77e5ab4c644724940b73ffa4623396f2f45,Benign,x86,x86:12680157988605189172,false,test
8274b765d57dfac1b7ef783324c76b3ce31830597c0e8a61eadde3a2af965c85,Benign,x86,x86:6737767995877400075,false,test
82a3213b39be271e75d2a11482c39d885da124df2f7d8590dbc5bbd478f2fa78,Benign,x86,x86:7041362363266985952,false,test
82d51eb710832f9f86e8c2d8613aa5aacef96af6e32103196ebaf7a8775bb30f,Benign,x86,x86:16637922936459215293,false,test
8353e3b42a013d0e101b7ab22e050edfad485fcf032684f1cf682ba069e33947,Benign,x86,x86:16391575354642346507,false,test
8389a6a772b49aaa655b4ea9a130782eea7e0718fced82f537f538fa153806f2,Benign,x86,x86:2889867006245981052,false,test
839e8a99885e53d0a8eb77f07e69ca29a3f1749a36359ef046e54d7ff3bb7cbd,Benign,x86,x86:9047961849265878652,false,test
83aa6abc7143d1e253362eda9f2787b966d45d2c089fdb6f1430a464c6dc3b95,Benign,x86,x86:6891776479834545711,false,test
851390bc4bc11082570b3dec118791dda27a5e7884cdb760f02984a2fc68225c,Benign,x86,x86:7969831925576573278,false,test
8591e35b409f034d93566dc9a0960a2d049be2056f7b55ef10f320b6b830aed2,Benign,x86,x86:9437900990531259665,false,test
85f4c8ed3d1640f8b9ddc5722b225eaf4e75f78d43b7a31b41a5e81895de143e,Benign,x86,x86:18304938713854692610,false,test
86bd90b2981b3d687100cc1722364a98cbe70bf0d1871c571277b8344f005dc3,Benign,x86,x86:758068184804348818,false,test
86c272b287fb7a0244f96c68be35160ce2793507bdb27dd7ffcac6f3b3aa7f45,Benign,x86,x86:12616919721324391172,false,test
871b8806c47d850612786cc00d51f5fc441d94e545b4a6f5e5dd000d5a2dd03d,Benign,x86,x86:14888366498900653133,false,test
8768d39ec6a33e57a80c99127aca40886341b8efd7149e64c5b1cddcabcef044,Benign,x86,x86:13651807397454899434,false,test
8774fe4bc12be6f486998911706c5fa8006d381c66cb31d4a76f03d9dfaef8ce,Benign,x86,x86:13934901022261185555,false,test
884be18178c45c191d7ab0455e0904fb577c99dc701d2c31193666fc6749720b,Benign,x86,x86:9412884471277188224,false,test
88b62282e870552eeb70eeb1d6ab871d2f51d7a0643a498a794fac357020d8f2,Benign,x86,x86:12708512303244802430,false,test
88d41b04274d6906338ca03ce8854c7ddfc4c2164e589c5ba89d893997f07d7f,Benign,x86,x86:16388349525472527677,false,test
89199db9325fd7852796b66e0c7ea17c158630e934360d85d83c3884e621ac86,Benign,x86,x86:2401813579561810270,false,test
89cc83e17c5e031edaccab4c1663f43443b471b8acdc30328f20e9e474bb30e7,Benign,x86,x86:15873425223242920406,false,test
8a1ab517cec824817b0f9c7a72ea3549e2bd2b90d7e34d117a43f46112a25fcc,Benign,x86,x86:1930978388520476553,false,test
8b0956a637e8ee96daf58ceda68f45db5d9a67f655bbd1aef9e2ad7d005413ff,Benign,x86,x86:9736141361152429190,false,test
8dedf9f5fe599cebeccbbd987c90844842ac18270931104855f0593371434c6e,Benign,x86,x86:167580970402786999,false,test
8ebb06a4af5a9c175df196f2c2508f104adc9776f3700365714bf66b4a116783,Benign,x86,x86:13036889561605906553,false,test
8ef6ee990e7de46af80abfd72298994b1b27f62a8718b9b1bca1ca9806e4d18c,Benign,x86,x86:7549788019070039464,false,test
8ff7c7cbe8745004530a6e8f94afb0893454b0a60cc9445a539413efd0347560,Benign,x86,x86:8767500642045543550,false,test
902908fd8480949279eae7736286c1a5c434a76686937be8be35d939e90b5372,Benign,x86,x86:13731835613217952282,false,test
9030582b0bc0acddf00ae2107cfb53b9093edafb16cb93a837c8b5d2d2ce7187,Benign,x86,x86:2240692901931132921,false,test
906a681ef79462fbb14d7f3512cac3d68b82d1007d901ea52fda934a1008e4ef,Benign,x86,x86:850126067944413119,false,test
9215221ac6b7669a783ea37db1ec9fc9a1ddd218ce50afe15f47f71cbaffbd3b,Benign,x86,x86:16582238628749522082,false,test
92621ed63b1188b314b769bdb3e73d849a8171be8aaec89c2c1cec9e66e4748a,Benign,x86,x86:7182920217959969546,false,test
92fba5010942324fa418f418eddd847b815936e229924044011d302bde2bcc6f,Benign,x86,x86:13095596550112088608,false,test
93be6f323649d82c4ce6e50d425692f77a9e4d563093ab5669aec53351e5c8bc,Benign,x86,x86:10400126077759409109,false,test
944072fab0522b61896e40a72c1133e8658be8028dec6756bbc1a0e4341af503,Benign,x86,x86:8347832213672374386,false,test
94d7632f5b37db9613a08b096c308e69a3fb479247b4a8fd2ac4b1c44adbed44,Benign,x86,x86:17974320286707479463,false,test
94e141b6b61a5747f9ba6adb3f4f3bb35976d2f6ff34178beec8651cbbfe6914,Benign,x86,x86:9571606135583067455,false,test
95c7c62ede381b76d07979e207e08ce0ae26ea5d4498198a6c578ba77d2539be,Benign,x86,x86:15410248059197215645,false,test
95e084a5bf16836f8b0fc216d0e80283e0ec7970150cc22f78b6d4fd6a904c73,Benign,x86,x86:16171799536064390848,false,test
95e5b931213be750e67fb6e49ab78d246dd93244c5973778b258d5a36bafc4aa,Benign,x86,x86:10678491990407009699,false,test
960c9a8b0daddc7a4d29bbedae602b563310a07b9954001e0d96ce2edbe87f74,Benign,x86,x86:6186502725602045974,false,test
96536a2f48f64be78a1e03f13755a1125f85773cd302182d47bb225bb3f58126,Benign,x86,x86:16558562848354759037,false,test
96aa492bd4b8a4ff2288d06b22f8e0a180c8c82466555219d857d879243d274e,Benign,x86,x86:2359293807133608256,false,test
971d6085271a2d331237216031cdade6ce221df95779a55cce99554913121afc,Benign,x86,x86:9926872303419917300,false,test
97b79d30af8a08acb97e79070a65c50da9909766f625a675f51dd74cd1f66838,Benign,x86,x86:17938374690997081674,false,test
97f8d4d3ff75511783ead2020981e3e6aafbce16b9d04f000c66849fbf5e69bd,Benign,x86,x86:13949568472615631309,false,test
98720f8f8ca5c8fc2904fed6a5db43b44cadd2867c09938a81a85973b917d78a,Benign,x86,x86:15843220976722956059,false,test
988056c7c578beef67d02cd0a2071e9f65c416134f566ed7a2212c80ff5945d1,Benign,x86,x86:12812114245173750670,false,test
996a4fe7ca1f7509335c65a317f686dca165458f78d6d679c8665bf6dcacc185,Benign,x86,x86:4096826962921142009,false,test
99f930672ef09e85e61ce0a3bdb49a7a2cb833fca532e18b4cc33986c439e82a,Benign,x86,x86:13967548816254736289,false,test
9b4322a67b2081b13772405ba600f973c04a0fa23042a48252e38d218a5535b7,Benign,x86,x86:18034863843198952103,false,test
9c9cc64eb643b6c2d0268b9ebfcdfd0f1b109d38de612b2d8c04d4059b6fb835,Benign,x86,x86:7210011319033683565,false,test
9d9ff5cfb3c3341d1edf9d31629fe46d9cdcbe32c170734a56a7bbf72c639632,Benign,x86,x86:5746224624996915174,false,test
9de63283b9df0a1108fc2668c28f99ac5e86d15094cfb12be1f6b5e8059be775,Benign,x86,x86:8858756342861286808,false,test
9e24f5705f913fc0ad0a4baf0a0a4f1f62f8727084a949abd0f95da2f5cd9e18,Benign,x86,x86:18203492492624205073,false,test
9ea6f73e0dddbbedf93789bddd03a319fff2fcf63628de353d556b33be3daef9,Benign,x86,x86:4199306345610413604,false,test
9ea91dbed46a09e615e66b10970bdb9ffef309cd52b1897da7fb086b66862227,Benign,x86,x86:16136552989721405445,false,test
9eabf6c7ca44e234f815cbe931668ff3c36fc29054f53f0b5a4ddf2fb9c16121,Benign,x86,x86:15591089915574478192,false,test
9ebe6fa13308a7fdbb86ff2d8aa623152b59319ed8cbbe929f6b54fe69e6913d,Benign,x86,x86:5790238600046062835,false,test
9ed95dc9cf4217028a1895c73b1b9ddf1772190028ccade3be5e619ddef9507d,Benign,x86,x86:5291376875857049952,false,test
9fa8f3dcc2aab390b0bf91e853906d0f2666ccf0230910877feb34b2c84e1f4e,Benign,x86,x86:9615535306935796397,false,test
9fae06494ce79213c44cee6aac924b7d8dcc31478d03817ace6b6a2c99325bb6,Benign,x86,x86:10436778641851046919,false,test
a089084324af9beaa3c6b4eab7978dc1fee12539f775b19abfc44b2d39304d90,Benign,x86,x86:10517705702419558911,false,test
a0c1d140c60222e92c8faa7d5eb4f7c755094b7dee669f0bb6308ef25162cd8b,Benign,x86,x86:4518411868058518047,false,test
a2112e33d4b6211067e2e64507ffd771d92be4a55a85cf9b7f611bafbc1fc774,Benign,x86,x86:753530573282937041,false,test
a25df29e2a210a82251c72c675e03178a91f087e20c10531739e5ee1821eb169,Benign,x86,x86:6361599389934738102,false,test
a2d91fe93e28e6572fcf836ee59954bfce2519d8bacc199bf1df26cb3856dbd8,Benign,x86,x86:2234675874039543626,false,test
a3d4f661646d10bda36355d89aa0077e51ba4047d49e8d8185c892cafbca0972,Benign,x86,x86:9018565315908953119,false,test
a3ffc1239314a9714d4641a6831455c5bdb74a1f9d93f8f9c1ac0f036be9910c,Benign,x86,x86:7253084553508004757,false,test
a436a9ee0c61421ae36c96d516760918fa23bbffef57ff7d7483a21fa1668854,Benign,x86,x86:15761086736278205454,false,test
a4661f13c8d9557bcb4b45556e25c16e55de0b2f58bd832184f670376ec17468,Benign,x86,x86:12499989097786545813,false,test
a4db9bfa1797e14c97952cd65c2670bb2fecf7644736d95bfe1f6b47eeddcb28,Benign,x86,x86:13653768380070549080,false,test
a58ccca58efa393a3f8bc5f05ee5ad5aae32082045a3e403b49827a3427e70d7,Benign,x86,x86:12939865152997961372,false,test
a6b139c4dff50ba2b8cafbfcd7e79e12065cb680bbb9e00849075ee96e492762,Benign,x86,x86:3433261491275450537,false,test
a6ec4bf4e8efda639c88e9c641cae3048274629c2bf9aaa6681051309dc82fb2,Benign,x86,x86:6651893253023114524,false,test
a78afea2c0463d1c4ddebf2bb0397fe971c77c27342d114acadcfa5d3e7bceea,Benign,x86,x86:15258767356748825698,false,test
a7c6376472b112c32146205693771fa85bac244bec7110a8e4089c7136f0a30b,Benign,x86,x86:16448228618363293537,false,test
a7e84fefb3b2f7ca6841b462bdfa8eba97fafbcd296d37ee6d30fa84892fc39c,Benign,x86,x86:14843058239336508714,false,test
a8e0bdae9fc708690653863421e3dc9fb0d8181cd3af70dd8778ad1588f49a90,Benign,x86,x86:18183173436958613809,false,test
a93540e541421e8620fe42404560f72a1ac7fa23b7d0caa8ca76801c52d94166,Benign,x86,x86:1792489271004742480,false,test
a9b7fd424251647e4c90cc74b3214d570ca0599fa6c536a2412cd4ead81ec6f5,Benign,x86,x86:154019785760774963,false,test
a9ba1f1ec59245ed56614d84fec51946a239dba456300cf94087b448414b5936,Benign,x86,x86:4702404248484242314,false,test
aa391b0dae144ebe48554db364cf6b559928d22200ed46054f98962310951bb1,Benign,x86,x86:16017829383170596232,false,test
aa5ad081fef26af23b4d39c6d91fe98c671e72d9c671c35069f0a05c7868c72c,Benign,x86,x86:18154267872910842557,false,test
aa87c695c1ca4c1aad3be2dd5dc8adfb2e62c4c3eb2f1e0bce9080761592d470,Benign,x86,x86:9966608330958430153,false,test
aace00dac04cd9943c125d5d10115c5bcc93c216389f6be8d3380adb09b69ece,Benign,x86,x86:2299083206940751321,false,test
abb76b616b221269e5948cf9daac56bc65fe46f4eb48cc496365358de327c55a,Benign,x86,x86:13409792085285397680,false,test
abd392fabf59f7107445379ee6db7698999450102f6538af4d22578500719742,Benign,x86,x86:15671636561942144407,false,test
ac8158e954976b4f2c9d89557ce0983665730642c11291d8cc875c6c938ef46a,Benign,x86,x86:12132141142472571342,false,test
ad0b45a967d9de21e4bcc94872273058fdd908900dda430a268697bbc5d85f5d,Benign,x86,x86:11294805727342149669,false,test
ad31fe68903f06ce74fd26ece5eabca28cf6a5f847ccb77bf015701de29d5ec6,Benign,x86,x86:7252377842414242079,false,test
ad4d78e31f1cfeaee89a751ff307bda395987c873a109172f44ee6ba3bdb4115,Benign,x86,x86:3920718370681275614,false,test
ae0512283d227cd1dc6916b6698d051ff985993d56e338b2155b8092cda6268f,Benign,x86,x86:15470021223425116129,false,test
ae3a554d9682abec7ac4eb388879a5b4afad8a0e1ebf9a0bf42e52b32400f0ea,Benign,x86,x86:8312808208505700973,false,test
aed19bdaee437f066f8cb01d33dd9f7a8e21ec07c6c85b29eee77441ad6a4dd9,Benign,x86,x86:5996063692509562598,false,test
aee66be636acdb6dfc0ea2d79f1f9a4163e0a281dbc4cb451a833f70e38b0c98,Benign,x86,x86:10789832651630670834,false,test
afa84ff49f25a8cab2d266087453bb0d73eb1c65bd3eb7db3dacdd8dcd79d707,Benign,x86,x86:3224141089871231628,false,test
afe13a8e52455616ba11494c6057c6c3b941f4f5ec61ab62c48154d07e6247f9,Benign,x86,x86:5403465842498699048,false,test
b115c32bdd05affd04d4bb65a632991f254bfbbd5f3af83d0caf1ab380fd7585,Benign,x86,x86:11432973656461324931,false,test
b2297c713980ba2f7381027312aa25c3d481b2d62440c6bdb3a93f1791cca831,Benign,x86,x86:7020279998052482053,false,test
b26d9ee63512af36fdc4be2a240effb48ed4022923cc2574002f1a4d99857ff0,Benign,x86,x86:13077732471248234853,false,test
b2d1988dddf5b2b6a43a5a8b5a7e1b2fead5e47dfed4e5bba070aaeed5c148fa,Benign,x86,x86:16207110931378104407,false,test
b2d5e3aac95e833d51938662a1c7aa825db3b096073c21e31c9af216abb0f8c1,Benign,x86,x86:13550194171171421371,false,test
b30c2a3d3e7a5d8ff6a6d09bccdff566f66d24f042119a4213a68ef153697d04,Benign,x86,x86:709381321364174791,false,test
b388b3eeb4a1cfc29abef956b69225292a0764fea6761e6f04edf02a301ae465,Benign,x86,x86:13706519321910228318,false,test
b4073d5146184a50f69e0336d8658cca5e613f0c79308c6c3646624b74896ecf,Benign,x86,x86:18327231437787572134,false,test
b4dca8b317649be2a76eff39066842c3acbed0cd6691aa63803568a7906be151,Benign,x86,x86:18203550340621130871,false,test
b5f2b917b3d63d150a834b9fe1980811cc5f809baf289c8b1b759628bd400e7d,Benign,x86,x86:6597554330163231831,false,test
b6116bf6ef5b6744261bda8e746e71a1b1c124b8c76e4237aed8f4db7107de71,Benign,x86,x86:11872475059437222499,false,test
b9ab74a5c3f7840d1336dbb2a46aefc08954ba384112955a3ed69c3be0248533,Benign,x86,x86:2189637983740175885,false,test
ba0a1d5060c9e4cef8d250dbffc43e458902610068a2eab54a3241095a0393d7,Benign,x86,x86:15378818326215643501,false,test
ba37c76fb91f7857e45bd673b3548ddbf01ffeb68333b8523f84f17c8c4fc960,Benign,x86,x86:9742091472552624281,false,test
bb40c10c3daedb6f494eee43e2948ff9ba3b4c250bf8b0c77de26a89d9dbcaa5,Benign,x86,x86:12641418187269454779,false,test
bc216d2f9b4a90dfd34ae7bae40bfae4ef745aa643f671881a8fdb82da68981e,Benign,x86,x86:16208947643607552908,false,test
bc460991dc8f5dded66a731f54b7174a283fc383df6abee390b2ad6f919b7d63,Benign,x86,x86:7190978201414097385,false,test
bcd9ec0cd364ce9ca7c9f07e49e054bbed1651158438bc8b4bf310cc9372f005,Benign,x86,x86:2422680379430571480,false,test
bd4d688a4420dca5559a876963b8308a43b94b03a347dee22357c031187b6517,Benign,x86,x86:3034230873831471630,false,test
be5fd679f07c9b229ef8e942d02b856f4c4f4ea25535a9b3b78e6088cffc9f16,Benign,x86,x86:1723192868717710321,false,test
be6c9d14a61c08eb523e256336d51e0ab4486520fddae4b58005f6c13ff22c22,Benign,x86,x86:2134580960213637771,false,test
bec7dcb5646cf07cf0b6e4ac8fa68cb9e2aea5f8ff3d38da13926bb1afc7c7b5,Benign,x86,x86:816910326438350638,false,test
bf37533739a1d28d3c3e168f8cd298863d4b98e6e0cad5f26f5945ea8cff1282,Benign,x86,x86:11287766335151577894,false,test
bf63ed8b751bf21a783ec9052881aa7b98891d1cb41ae34529bfd6504e95d8e1,Benign,x86,x86:589634302741763421,false,test
bfe244bd7a83c7208e6a90f62866cd74f2741603842a5d20d8d72da4ecb506fa,Benign,x86,x86:9080035507028464332,false,test
bff5c78281d0f9d288327be78f300c18485963f93558a9a62a1047bdc147fdc0,Benign,x86,x86:13257789060435536021,false,test
c118e6cf6919a589d610cb79b6018855de25bc2f1af1c2b37b26781a0ed42120,Benign,x86,x86:3413148420485142040,false,test
c1ef4d5a16127edb6850d2dbd631231f7766d3b5685ede365ee372af120fa658,Benign,x86,x86:7014178344568501873,false,test
c287b0ad87850ada29f28712d0850da1d155e8b221c2e11e0bc2079448a870e2,Benign,x86,x86:12113428163779180062,false,test
c308328f44376e93eabfc6845c0e1fb5e270d6b525719b4a067de229cf5cee5a,Benign,x86,x86:5835836499548766766,false,test
c32a76d24c8b3c3e777ae9902f34868d9d000c8be5cc7027fefb25d05338b4a1,Benign,x86,x86:6482523617477090297,false,test
c38c10c08059960d14b508f0e1b5be4abf5a61f30b77ec38bb2a4775dbee7512,Benign,x86,x86:11616614066009983829,false,test
c3bfb1787e9f70ef30a5f8168a5762037fca0a992200394190cb948ed12e09c3,Benign,x86,x86:10204609604033050182,false,test
c43418d808fcd0099b6c75dbbece878254a8338523aefc4b9327882267595a3e,Benign,x86,x86:5493329165448281874,false,test
c4be16fe6dcb84b59aa786b5739474299b0fc8da0ffe0c8e73deb589f6441d2c,Benign,x86,x86:9101349731060354715,false,test
c506e48850338680f7870476517f642591a416173782f6e75ec0392304be4127,Benign,x86,x86:18045232743003698523,false,test
c51c73f0a02423ebd81b94c75f5c07978b8812cea30d13c1f2e1124d29a4ff33,Benign,x86,x86:4009751267645856599,false,test
c5c8ba1f7510052ef1b6f6fe4b6cffc2245558016ebe8652178c7e17e917cf2e,Benign,x86,x86:10605131040534961520,false,test
c5f876031c5d8bbf3a5fac88108f8dcdbe50153504a2b27778fa7449c9a91e79,Benign,x86,x86:17798351793877597633,false,test
c7b258703e57ebb59ae2b23f57cc052c72cb9f3eb230be34be49dacef1aa3230,Benign,x86,x86:10856894602737964827,false,test
c8f510e9ddf223e568a2d3543ea4f1f051b7a74a335c635ce217702331d04fd7,Benign,x86,x86:6459885522328406447,false,test
c917c0bdde41a550087264a6d4010cb02d465b0ed94208046ac2439105eb96fb,Benign,x86,x86:7161442831229853318,false,test
c99bb6045ad4f54993ca67b1c5fa8176788ffadb9268d6d94b41720e7676b1cc,Benign,x86,x86:16533153669270740743,false,test
c9bb7fe0d03e15b61cad43b7efcf6f3ab13d02b57df027e37a163fdd3c131fac,Benign,x86,x86:6111944198597965151,false,test
ca1d24ccbb9e93680ca790cf86f369258ee07c778a7ef24c6e137594bd9ed9de,Benign,x86,x86:13475964990528393760,false,test
cac3645064e679a552717c22c4ba9c94dfa88b48058a6c8af65256fa4e346b12,Benign,x86,x86:9649684093204714699,false,test
cb7f1e7229681ecbc53e9dbf43a60370dbf3410679ee3261e98f3caa0d1d02fc,Benign,x86,x86:9140301821752505424,false,test
cc2538b58996bfda365eeac32fb4ecbc2eb6769e823f47a4f30590dfaa68f1c0,Benign,x86,x86:17360900630955903851,false,test
ccb314c32dac5439e08487286bd2ff415e90a40e0e1d82863fbdd7f700f4e708,Benign,x86,x86:7280001901637944743,false,test
cd4168f2ca91534e33dadd10b8452d614d7b81f7de23a7ef6d44f1ea20390799,Benign,x86,x86:490668371300730318,false,test
ceb41426d75ce4a809551b30491f46025222d33276f8b2e0f1b1f01247c4ebb1,Benign,x86,x86:13814584177637064907,false,test
cf663992b46b94b3bb7a15cdd046f050d28b09d9426c6acd16e7dba306e86c5d,Benign,x86,x86:5036800851007839562,false,test
cf81913e0b6bc009c464d4286dd1d5fef2e26a158dedf53ae3d9f40c01d473f9,Benign,x86,x86:8071852152824730555,false,test
cfdf3c983a79a77438bce12dc2205e7ca3129878f9ede26c43006d3b0efde0f9,Benign,x86,x86:8007538720648196253,false,test
d0a3182454290707836d133df3a48b0e0eca731549ed7cf4bfa600adcf8d79a5,Benign,x86,x86:16735322132018071527,false,test
d0d2184e482e2bdaa68ba59f0aadf77f84b920399e6a0eeac934eae85ff0ff16,Benign,x86,x86:12950957744764920469,false,test
d1eba3cb3315f438d1fb2e07aca974f3729f1a3e9272aa1b7ffd300df719c4e4,Benign,x86,x86:9417171051429105508,false,test
d3ddedde1befa0b8cfe6d62e128024aca947573b109dd8be758134dc2ad721c1,Benign,x86,x86:13268314876397768489,false,test
d4e5ae51cfedb87e19fd9c251bd94a05f6e38359ba9f618096ecf6238d0a4747,Benign,x86,x86:2388641850772318958,false,test
d4ee24b6419dff88630f313718d7da1d8dca0f89e55c524f9b007d9202a1f32c,Benign,x86,x86:15863335843388764099,false,test
d580b91c92dff67c4ef47d4654253b4ca249f1e38d9089665b618aecf1acef44,Benign,x86,x86:4332886681271290890,false,test
d5a1afea13ff1bc2b1d2b43487f9dfbe364b6874f371c1ccf26a6d7168e9a8fa,Benign,x86,x86:3721120821635873483,false,test
d6d0170e5603452dc19ea180efed8d47081383a20382e835236c6ce4233e8440,Benign,x86,x86:12485878588516331103,false,test
d6e19100254bbfc112e6cc6f6c7c82173d7d156267f16f74c603c8cb0a30ab65,Benign,x86,x86:14431139148570081287,false,test
d6f27318e8bd7f9951058679a19402497d334158cc2fdf6407ac195e146b7073,Benign,x86,x86:8931954178944440297,false,test
d7c522788886605acdd9cd76c55804d9493fa7ec50be8ebb3d18ce58b8f3665d,Benign,x86,x86:14089644395091950320,false,test
d806d9d2425549a4065a47fb759b5e7c4d36a4a2618c869e562caa13c3f5b484,Benign,x86,x86:11542004978759890366,false,test
d8143f8f5fcdb3c95502cd47b1b6c8b40f735062167e013fc06f5b7c98e08176,Benign,x86,x86:10777603587907579379,false,test
d869a4d015cbf37e784a5ccd9cd293473c999058fb17c4c8cc9d9554a53cd1bc,Benign,x86,x86:6759034134603877071,false,test
d88361598fd72b2d778e9cfaa62ec42c4b610f3fb0388492e1fb9b913edb0cc4,Benign,x86,x86:14968940870626399501,false,test
d8fa5d0c0ca22e601fddde82db68892928c521a58c13c9816a5a01f9634a51f0,Benign,x86,x86:1341384249195785465,false,test
d92b45fb4847ebfafaec48d8769e05d31105469a83696ad4c5f5df892797054a,Benign,x86,x86:15552974624628481209,false,test
d9880acf4693c9afe7ee69462b279393e8f8193c2beae18ed6b21c1385dbd8e0,Benign,x86,x86:17562073724052258265,false,test
da6165bb9bc4afeb1435c6e9f99e6019bb4e5c0bbbaf56356a218613486b0185,Benign,x86,x86:71901086673524017,false,test
daab49c2df421746b7f86773cb6172e044b949464040dc7a66c4c1dd5ab404b1,Benign,x86,x86:18105770539944872761,false,test
dab012c36c953083ab4497b9cd838f006a68dec289199117a06509438d201d3e,Benign,x86,x86:14155841228505700563,false,test
db751b5cd72c8f001c568519375e2141f3881797652723f3a982862d5d051f6f,Benign,x86,x86:11942196769747767260,false,test
dbbf7e5df8565f93d93097d2b26f7390bd5b8d4fb3593805ec056e6459326151,Benign,x86,x86:12103879344405401763,false,test
dbc0fa35013bdb331a755330327d39c027388d91d07742aaf4ce1d1b4f611317,Benign,x86,x86:12014785008334735846,false,test
dcf0939753b4b5c9474584b67e18b74cfa1c8d93f7e59a5f6c06f1a5aadaa42f,Benign,x86,x86:7710613428224240751,false,test
dd3f7c914364594a40a9f609bb3f778a0a2c727052329bc34bf8d33d90bd97ed,Benign,x86,x86:17874008720324407243,false,test
dd85235e5dfc42369ab511277d7e1c39a18728d588de1e05cb21d5e3f955645c,Benign,x86,x86:12339147463401260722,false,test
dec1e60e7a937ef7430c3e069b6243f4fe5a96384672369162e975975e33a1c0,Benign,x86,x86:6719937420156250132,false,test
df60391dc4c9ef0702b8e3c37394b958577224b68554b1d9e2bcc9ba26fd483d,Benign,x86,x86:14127224786787176042,false,test
df76ca52e9df542cfe80452d59ed3b0a85efb44f7b542a2022666d07bc305349,Benign,x86,x86:9565843027971439623,false,test
e00177d37adcff6b2c6761b7fdde19787c8a893fdb8a9d3040adbc34727ca8c4,Benign,x86,x86:4246839598777878841,false,test
e076f3927d24c41f91327236a9766d1c1c61e54b0986e32835fef993286e1358,Benign,x86,x86:12861437721477087115,false,test
e0f7b2e064fe29a77f9501691fcbbf99a80c0e5171c5c15001d4346214893bd9,Benign,x86,x86:2855501454244329371,false,test
e1c6baca20bae11286e855ee379ce0792e564ca2836c7f03a47f89b0395c623f,Benign,x86,x86:4760382239413835811,false,test
e2ba7453f764812bc766dceb38d9f4ef067a76e6e744220f44b6b74e135347d3,Benign,x86,x86:17634175495561498879,false,test
e350753fec8e0117a11bdc3bfb27c6271c2f9561d0c2d66947c27969e03a1858,Benign,x86,x86:3882681629812076457,false,test
e427a5e8c0a88acdce87a3a4143220c69ea12bfae9a9ff27fda86954969174db,Benign,x86,x86:164503125791942745,false,test
e491a8a5f3bcc1ca30c403e85b983f536abbd5d36c86f9ff6463be614316990d,Benign,x86,x86:3154964867905341337,false,test
e4ab65eb3b41ec2f2de345c663c59bfed5c73ecf78b50e183190e3b0b9276c15,Benign,x86,x86:12220626968640420982,false,test
e4efa5027414b157c020187cf5c1448ed7c8e99eccc257d204b997ef0584bdbe,Benign,x86,x86:9534451055540075505,false,test
e6195e81960bec79986837ca46feadab9be2b6dcec4b708bd4886f548cc19d75,Benign,x86,x86:12960061052734568735,false,test
e6203b7bc44ca399d4ca81c8c5e450274c3ff6df515eefc3b6a7af51cd91859d,Benign,x86,x86:2996673941927304497,false,test
e621b9dd92977a090cc0fc6355afdf94f70a382b73c4c141458e96d07522a023,Benign,x86,x86:15297690887365160604,false,test
e62e1de9cce7952b889336619e17a6afd8fda241be70c70fcc2143ad056c3b02,Benign,x86,x86:1658296161665929359,false,test
e7f6aacd033170361522e06a47ab8446558e0a24f269d1040faf54532bc2b1ec,Benign,x86,x86:13236926234186681380,false,test
e84a28cba81f502268fa2bc6b54dee2c71d7186c2e4f2106d4ec19b03c939171,Benign,x86,x86:748339009448190469,false,test
e90eb8281340f77325017e13487094fd691bc447120813db24b0b6310196f472,Benign,x86,x86:10908238307850799888,false,test
e9d00c4d0f2fb14f38a163ac63a2bbb2695e0779557338dd3af926cf0e3cc831,Benign,x86,x86:11524245074269526071,false,test
eab86bd251b66e1c93de7a37285b20d7000216d57dfff7beb74e0fe92216e2ef,Benign,x86,x86:2711006055179297975,false,test
eb54521e3b34777bd9307a62094ffc9ffcae7be6c402b8383715b22e02dd1fdd,Benign,x86,x86:11615045919305319248,false,test
ebb87ef1d745f1a5de9f19f37a64e6b0b0c6cba103fa20c08bc1bb49fd9a13b5,Benign,x86,x86:3891061932421346,false,test
ee327a957744a32c4ca265e93ea072e1027438d6aa53f631953c9a0359b194c8,Benign,x86,x86:15329697936255914380,false,test
efd37cf26806be54f0167895542f9f0b6ffc4e62891dc5cfaec1e52ddfc2cff2,Benign,x86,x86:5490155171372536046,false,test
efdb80e58406445ebc0770b81017a6a311ef8c743305b98d841129f34ffbb575,Benign,x86,x86:286669348162357197,false,test
f079cc007a62720729046c5e41fa1d6ac785123432debaeb489862cd075a8f02,Benign,x86,x86:4509354151603276862,false,test
f091c4f756bb6347740f0719baba1d5710bca2091247ef0e5aed3efd36c71b51,Benign,x86,x86:17481444239407655969,false,test
f0acac84b5e99888f1f88d3dc079dcd6897ac5a67a29114c195ef56d990a8b3c,Benign,x86,x86:8835712322604274524,false,test
f0c588b84569057b258dbee58f0f7ab68a4c338cf26631c21eb6e38cc75a6380,Benign,x86,x86:11498637665906865327,false,test
f0ebc5db41b765ba96c455908298526a5456d3d4aeef72b896b1e3caaf4c4868,Benign,x86,x86:11533112032798808427,false,test
f150d31c0d3a5583c6429d21cd5d79d5015ac6870b2058323da6a3350dd089d6,Benign,x86,x86:4506001826053750874,false,test
f15777ff7f266ddacb6bafe18e51fb89b5eb1415ca4c4017e3ccac932bbd2d2f,Benign,x86,x86:13363231674358734205,false,test
f1646d9a820d72b297a34dc57d0cc69abbbd7472b56411b17c4f29e6eac3ae99,Benign,x86,x86:11743723838275273029,false,test
f17564bb8e0aea7a7889d5438e45505e87a70d13e3aa7b9321867bd3d0cd87e9,Benign,x86,x86:6949967645725633442,false,test
f184a3be61a2b21584d601d2b9d147894ed8b5d93b63e764c214ce8e682385bb,Benign,x86,x86:8641893004983164932,false,test
f4257f7258566f08f7dea3d26ea845cdccb6b1373b1d32ede81c82d2f40d6602,Benign,x86,x86:3613192463273995282,false,test
f4c09ea8038d045262b116ac786fb34bdd0ac7ff4ca06feaa6f63abcaed6d2ae,Benign,x86,x86:14787037680752838477,false,test
f4d3a72ff74430218de40b9977d6016d69000edf5db8aa404492b7dcbb2247cc,Benign,x86,x86:16746641895237188637,false,test
f508713220931e5452d3a1354489ea8b02b5189d34b69e2bf164f7e0e28a93d7,Benign,x86,x86:7328043841997556714,false,test
f6852b47e699dade7dcebb8ac47903a3e7dc9564f3146e466df17f7de9bcc413,Benign,x86,x86:15231145742286105959,false,test
f85f6a384d890201325572773d300264e74ad8892d0ce27891370cb7c83e210d,Benign,x86,x86:4357282906774242823,false,test
f89c80df9d561aa39d16924e3e1fa6a62483cd4c345c042338a9fc59c2b17f9c,Benign,x86,x86:14995939381395024017,false,test
f9b00c38b8602b8f3aa12488050089e53ef4f733c7d7ded7502c9d40fe409af6,Benign,x86,x86:2748871733223109994,false,test
f9b6d1074050a997e7f7e1214d518fcfaaa4ea5b9668b75180c5c117509c6e79,Benign,x86,x86:13198951535083733095,false,test
f9c088c347760a4e05d6d55d5cb4ed664300efa20e6fd6b93c7686c5bfa38a94,Benign,x86,x86:11354220941728007531,false,test
fa95df93e9e21ceced4482eacd021bb546ae703d310526474b4f605f203c2071,Benign,x86,x86:5319847844494476683,false,test
fb0eaa8e70c7403fcd61f917d3f8154e70afe3ae8bbfff7c3115737e22fa0375,Benign,x86,x86:18094272242241988844,false,test
fb48cf0b09a44f98ac62dabef6a3b73ff426667fb1992d54ce844d92d2f001db,Benign,x86,x86:15585585165791072495,false,test
fbd70716cd840c657ac009134b49649ac319e4cc52621a7a9190bab300dee8de,Benign,x86,x86:16510271192869802844,false,test
fc9f842024bfedfc51efc405f6edf31de6c31c55b527122ca449e3b8bb193478,Benign,x86,x86:4636683959075150787,false,test
fd9c39904a7d459a47590dde425e7c0b9e6fc39b371b6338c3ede635b06d7400,Benign,x86,x86:3005678782247750353,false,test
fee35ce718e581bfee7250b0fe71b40dbff2465fa27b3267162c4e9459040535,Benign,x86,x86:2110127465059642371,false,test
ff9ae43b0c846dc7789922d0bb787548acb86196e96ef71d289597def1daa33a,Benign,x86,x86:18356099792945901626,false,test
ff9b0c8f5f2b72f56b2c2e5c7e186cc9c9eba68e71c6ad4b30f6b3b03c100a80,Benign,x86,x86:6218666781680834377,false,test
00c8af84715ee58ea217ad852441ab76d006c96d7ab5ce70a07659cf8a315880,Benign,x86,x86:15690144574766018844,false,train
00cabfa80c11da8d9dc5a9af6c67552eb4dfa6c9543ebec678f2bc7497473b0b,Benign,x86,x86:1268353570822728588,false,train
00cccbb02dde5b17861775c500a08b17b801eca6d87da7849176d1f53a6ba9bb,Benign,x86,x86:13303195642679539733,false,train
00dc338af8bd6d29e7639cbc27dfb223950c7b62a350dadbe4a182a208684740,Benign,x86,x86:9530017166694041353,false,train
0117b7f09955f18bfae9ca685039fd912cf9b623560754947ca0366fdf8e5c4e,Benign,x86,x86:12610463215848222056,false,train
018954d626fa130a82b56abcce645e43db500efbb93928b7931bd239bb1967fc,Benign,x86,x86:15256819719576906946,false,train
018b37c82a2989726c1f64c2a92f308700042ec8f5c5088af77a82a5e8cde518,Benign,x86,x86:16175494027999547641,false,train
01bac67a76587e92d6e9859a4b2d12c3f74e43eb4c9975293a4b687a37aebbdf,Benign,x86,x86:6586056087138732348,false,train
01cfafa9de1106f348eb1f7122e13f3c95598180bd7587ac31dfb6379191d4bd,Benign,x86,x86:13655822944489238423,false,train
01e2674e45561abdd5b16aba8790a8ac1e6bc4f212c2b39f298aaaa3a046e722,Benign,x86,x86:7980348884714552932,false,train
01f3811ad3c291bc548a33de6cae4d65822f30d4649e307f2c525ba951a1bda9,Benign,x86,x86:825786274942137729,false,train
0247698852e52aed30e50e3784699ff0d7b88ca24c3ecdfe0b9a8f78fc0f2041,Benign,x86,x86:3983055577783019732,false,train
02a16eab978eb0ebe5a2443b0105ba4e7ef9a4faf825ca1ce436faea268aae81,Benign,x86,x86:1523338060762841772,false,train
02aba82a9f40dd2158abab63f2af61f196c07a4417766ca225512c16d196fcd8,Benign,x86,x86:8502007057831837800,false,train
02b40f92b62d0e92b3606c0cf09b9821117e6822790d87241feb07059ab3246e,Benign,x86,x86:1231731641576858753,false,train
02cb7276bd177d9346825ba9ea182692a0b491e2bff9476a23d14b4b83776899,Benign,x86,x86:12769522687823045685,false,train
02d05240fd387394e6a23d9c7f20d60bd4754d1faf46988278723859c38ab2de,Benign,x86,x86:11201924695856644109,false,train
02f60760282d9a64d7175350642731a4c6d557f909aef9ec71d8e8cee56a720a,Benign,x86,x86:17857249359650117505,false,train
03047c669625c9c0fde2d3315606e0ff84a05afe9b64fc90d0b6def41b66d76c,Benign,x86,x86:8383133960345705287,false,train
0306416561c3930a9c1bf6d0ecc0a02e592e92f19e300983ea73ba7cfb2d81ee,Benign,x86,x86:4781229857095827070,false,train
030e821a4a51f2dec5cac4a78eb14b7b3c37465a094483cc0ae52a7841c4b69e,Benign,x86,x86:17368314859645177512,false,train
0354fe185ce5016f7f5f0b6427b2b8be59b647e5b20af7d55eb42610ab2d074c,Benign,x86,x86:2993070082194499234,false,train
03a87033c24dd395881ad57d5a721694c5e25f82c380ef8ead107cec3e2f55cd,Benign,x86,x86:8718555434678020575,false,train
03be24c8bd20ded637730adc10cc616cae138049006aee20396097a3d421353c,Benign,x86,x86:10273216052344538179,false,train
03d82b9605ca46584b95bdc415b80bba63d78f5756bd7ec897a83d1eff159832,Benign,x86,x86:5928000704963374735,false,train
042a6240ec9406016c245e21f3cff308977a3ef69e434dfdb3294d23cf7f322f,Benign,x86,x86:13443338576013378739,false,train
0435b4080328d07cc2125bfb935aa98dd2def9b25548bad6bfcabe47bbd5977c,Benign,x86,x86:9682127441808638402,false,train
0452294718d07726e0fdb7fc288198448c5f1fe76a3294d76296d707a82c1c2d,Benign,x86,x86:4070390891365638790,false,train
04629bb27892205b1fd905a9774d8d87544b9e6b0ac3be404fb06031719fc459,Benign,x86,x86:7589980924104384372,false,train
0468076a52c96b15484476bd5d762fda11941f4b6e1899258925da21dec08f03,Benign,x86,x86:9105599723987072342,false,train
05431648842154231798e5fe8d70f144ae1d2e315b07d0f8eff83ca93d692689,Benign,x86,x86:12801403141869810688,false,train
0554c44fa29948baa7ac5936eb51cbb817bbd30b1e7930515821ad8faed04e83,Benign,x86,x86:10379924920863144001,false,train
05ac22ca36c4b99c8240c7acebfc229e2ac721cd0b498ea31a514ed2b3e1d7b3,Benign,x86,x86:4830692681080346133,false,train
05db6450dec39c6459788a463c939289c06ee2857ff17fbfff95b5bbf70cfd5c,Benign,x86,x86:11168145429124146173,false,train
063454ecfd6bdc1ce86a59711a407a929342db6f18e1663cfeebb1551de9d559,Benign,x86,x86:2709986043822786615,false,train
06a5c4d05c8dd85efe8e3d4e8c0a67fd468123cb8f8d0e79c0604a0b96d99781,Benign,x86,x86:15831984920621997936,false,train
06cf0cef20009761408191f9eb9247ea0b06e405a7b4efbbae86ea716ef05da6,Benign,x86,x86:17123429066398500708,false,train
06f1303d3f510450cf94bae248a62536e079f4e1b63506c3710de13177a04849,Benign,x86,x86:18434125988675640170,false,train
06fc249fbd0c40c343bd1f8f7d1193864b13df256b5d2f2b82bce29acff546ce,Benign,x86,x86:18093637880603425683,false,train
074857086bbcdff1547f44f8038518405d4be927d85994b068fd3edd7371aa52,Benign,x86,x86:13805623025501356596,false,train
075a20cf52fde38007d55a8339a393bd73afbaab25f6fbdeaf3b691575befcb4,Benign,x86,x86:13850631182507956469,false,train
0789de829b44a0682f16b9617707c53f50add1ef97271e207401c2d552ee6326,Benign,x86,x86:2474200163854391026,false,train
07a4915bdbc4a61136c0abf0be4b365dfa4800bb09c6c780a16dc0d99342ccc7,Benign,x86,x86:4065285430251478148,false,train
07a49bc27a61509664c7a5852fc2e3e64e00c00e429387a2a3920cb40264badd,Benign,x86,x86:831759873339049238,false,train
07c9598bfcb4c01c7b5fa0ee2daab288c577ae93719a863334eb1e7e4e64b9c6,Benign,x86,x86:5748480142331481659,false,train
07e8f6915108f8cd9e6eef96dd8bc29fed48b49ffb550c8a6069346f1c1c8012,Benign,x86,x86:7193300365861494560,false,train
082a2d096bb743af91d99ecf08d7f7d9bc0b8c3b1f79b1b6be6e387a37f702d8,Benign,x86,x86:15883359437083866561,false,train
086ec636ae1a42c317d40a5759a04e2b11d388241de9e349f95191bc0cb80ba4,Benign,x86,x86:3956418172876261032,false,train
08d3dd371349f3b6fc01518f6f6186d408c950009a1ae6c97a399d87581aa3d0,Benign,x86,x86:13232825497098183772,false,train
090a73e05c4de682ebc05aba9fe1537334cf6dc2ef4c936c58acb3786fd45c5b,Benign,x86,x86:11689119830249616861,false,train
095b05af35e4a8ac3a2903eff40d6599bd1e8555922a033506d33767bd58a6d9,Benign,x86,x86:14303725014523024376,false,train
09aa59b5f31723096701afe4958183ba16a07d840d0827b5d97270203eeb405f,Benign,x86,x86:13956505981227077247,false,train
09ac11f6d8fc5362eaadd6a6f91c5bdedab047e7444a2605b760130b6a3d4c20,Benign,x86,x86:14626245835781493673,false,train
09cca71deb40f88bec7d1904655b6ff21f3277cec536fb0d69fb0fc017e16868,Benign,x86,x86:8898989504745120485,false,train
09f3ffcecef288a78b3cf9eb1882e42f108ba1c726b13140a4b063dd56ae6d1d,Benign,x86,x86:18376827407812067740,false,train
09fa2193194fbf48accbc47aa707f1b2f868f1261f2328a94884913f7cf0aa8a,Benign,x86,x86:3433473808367444661,false,train
0a0249278838f503c0e4ab00eba140bdc8e6b8c9b6aa43c9327548cc33e7b6aa,Benign,x86,x86:8660456842728918636,false,train
0a0580fd82d961b04709e419417bf89e5efaadb62c5d2c1eb07cb4ea1ac11a22,Benign,x86,x86:11731544933479502530,false,train
0a1862caa1ea074df81823ac8e0ab44a37b79ece50990fc06d0c126b193e9efe,Benign,x86,x86:16967770989318220129,false,train
0a18fec0a719f844fdf02b2d2e9469a6f937137a279e629413ae279b7a324502,Benign,x86,x86:2597337329986607509,false,train
0a22249f47333c0a41b26e27b5aed849c8000f813c545f708ac2ee735941e49f,Benign,x86,x86:7198778667757479227,false,train
0a75e26ff47d805a2c098939acd759804dfcf0be0c06012fc1c0db6bfd8aa9e7,Benign,x86,x86:13981180704414816291,false,train
0a855f203a5caa966f949be6e147d22c51cfec5f4c952c3c81fdbf1e47324cd4,Benign,x86,x86:8724813534486011239,false,train
0ace26797d003a58ac61a2364d36d23570c6d94bca88f04c0becc497a3b8b84e,Benign,x86,x86:15126941568699067718,false,train
0af8f18eb97654a75d0a9ab9bc70d09b728b729ffe0078583e39996e3e7d1d14,Benign,x86,x86:6138297717367943778,false,train
0b0c2aebb98fc3a2e76ea70e3769c0bbfa4ef4b986ac5d7eea69bb29a2cb2115,Benign,x86,x86:8516649017788970557,false,train
0b2e5eec87129e1ec72ef8e49138e8a8d76d1c9cb7017cd3ea294a25aa00752b,Benign,x86,x86:1141480875161428731,false,train
0b8623f42db1b900f03672b2a875090b992c91c265ab4569390740c9654f26b8,Benign,x86,x86:16886113541631291017,false,train
0b8d5d16039b4152c1c7fd4df51b18158cf7f550f769c633344605d4793444c7,Benign,x86,x86:3066067062332722799,false,train
0bb6cc397fc3c998de5ce6838b4f5e167fd6d5cd74caf6c94fa03a58cf88b932,Benign,x86,x86:10912284145813246795,false,train
0bd922a9516fdcb8566790a7ef4f47130e56020be15052419ab8dd57509f0c71,Benign,x86,x86:8101865201898054956,false,train
0bdee4786253ed1cea2ed884d63d7a14eb26b138ae165388baa28eb0c3845207,Benign,x86,x86:7669923285503137128,false,train
0be450aa110836e146aa24591bedecb1fa9adbbdfc85c4dff43b9957c29a7735,Benign,x86,x86:16400760998772676599,false,train
0be5595ddc83b3d0f3ba8b0be30e67687619dfdd9d2d4fac4b1f969e9a8aa5db,Benign,x86,x86:17998380840586251533,false,train
0bf114b2afade3fbde35bc9d34f7097afca0b97641c0040995b2c4b44268b18b,Benign,x86,x86:523563054597400898,false,train
0c19eee8a14ce4236bd2fbae9d12d794cb520a2995580e8df9f53543c243cb28,Benign,x86,x86:17985587422359196100,false,train
0c1afe790b96717d5b48a34fa20b929a5658419035ce33d8d264945fb74ccd2f,Benign,x86,x86:9323972546669321672,false,train
0c5699072973cf2eaf7ad98d6460e1dc437f271596abdc6de3ba3e5eb82c7ca3,Benign,x86,x86:16366710276976047781,false,train
0c6737b53baf79ad8146880ae685af5cb557221645cf15e197099dd6c529f37e,Benign,x86,x86:6296008923333823780,false,train
0c80d8a6ff7fb5f075972348c1a2a6935bfb2eb3d54012250b95da6180f8112d,Benign,x86,x86:542346294250737157,false,train
0c8f12e3bfed96e7546879d8c6d5dbe3136b2e8f16d51e7f2f4c9aad4de4d711,Benign,x86,x86:9120878256494358386,false,train
0ce51496d9a947fc99b38850cb51262f803f6696434db203ae4e9712f30f20c8,Benign,x86,x86:7494835821592993103,false,train
0d0a5aa8425675c2efef22d56f42f18b061ab52d09effa6b7c33cca5e9b79a55,Benign,x86,x86:6847844011992706825,false,train
0d141aee1782fbbac53bfb176206ad94667b1e75f4acc69ba12d86afab4378f3,Benign,x86,x86:8037826324310129632,false,train
0d1cb15496afb615a8a9b8c6353d2efc0b6c3286fef54b1ac656fc8eca071f7e,Benign,x86,x86:15282723186704389913,false,train
0d2e265edf6bac355bfeac8651c9f34fe456e052959e04b8cc4994fd2843d7da,Benign,x86,x86:1559607873101697832,false,train
0d682519432f2e0c9e7f218216040e87aeda558dd7710d6887599621ea13e44e,Benign,x86,x86:18400994900516430347,false,train
0d6be6b1dbd06a540342b536a798bf998b6296ad0d08a161472356f3ef24538d,Benign,x86,x86:9808589838904711329,false,train
0d706c2858c8b45e325787365b78dcdb5471a5d67c9187bd56b0d760c1aafc4c,Benign,x86,x86:16685789686270353414,false,train
0d89e817fb21e32025c11d04b97762607f93bb94c743e8e0752c284876f548e7,Benign,x86,x86:11305255508381401937,false,train
0da4532b52650056fba47eb2ed9611f31be50fa231d015b8b4636a19ea757bd6,Benign,x86,x86:7197250468406275029,false,train
0da5987bef0f9e4cbaa5eeebfe602fecdcc99a7f2f5627b1b3331702d54533ba,Benign,x86,x86:6626919974464870668,false,train
0dacc6931211db0b7bfe4a7e8178a10cf0451b8b222c68c9dbf2b4ab6f1e689d,Benign,x86,x86:2217858672789801684,false,train
0dd19e5ec05951fcc977a21dc96334872a50943860b45b03595f694655800eba,Benign,x86,x86:3182209506357362269,false,train
0ddf97bfe66686fd68d9fadfcc74edaf4014aadaebad54acb5ece9b1bf1181df,Benign,x86,x86:14600706118015583685,false,train
0df2596053cdaae30da925cda54ee92832a41007deac8fec30d4a471ff934cf4,Benign,x86,x86:13307525462515541054,false,train
0df68f9013ab1419af6b3aa78394ed6704d3f60dc87bf836d889952cccb813d4,Benign,x86,x86:11763001590156316951,false,train
0e065b0d535eb7e947d3a3b25a7f66947f460c94751727352410aebf9b884bd1,Benign,x86,x86:7799373142316258393,false,train
0e335ba7b99339c38e913a18f27b91351232c707009bb7e2084999e9f9f1f0a6,Benign,x86,x86:10359711333251918298,false,train
0e3374112a35d43bd5687036f0449db8e5710bb7278928e7662a22e933f24de1,Benign,x86,x86:5944388339338087957,false,train
0e6389b19ffd7ae4b356a922b07a318a9a18a502e3ed82938e42a1a3097d7d73,Benign,x86,x86:9139720150906463676,false,train
0ea32f6c82f6ec059171efed9789d6547d9bb3d67ee4292c01abe542e7a86733,Benign,x86,x86:15006735140450956270,false,train
0eaacbad07871cec211d93e7b8393df826d0d2166f96115fed87afe5701117be,Benign,x86,x86:525671885034210424,false,train
0ecec54edf6c65fc9ee69af43ae2dc71f02226519ab8e2ebcb87ccadd0c72d99,Benign,x86,x86:16521281348590168449,false,train
0ee7518e67e9ecc791ac5fe31365947053c2c4814daf9ac3f02e940706a5b3f5,Benign,x86,x86:13540957892751210860,false,train
0ef66d0c09123d56591e39cfe4e34fbd6489ad2fdc4196f59efd5975dd145969,Benign,x86,x86:13163961700819194829,false,train
0efb8d14874da5bd41a4ec18be16b53c26f9e5bc563816491a130acd53783920,Benign,x86,x86:10806367131860583917,false,train
0f1e76a1cef9467a4b2fc326707da7e246b38f99816eaeda55196cb8c67ba1f7,Benign,x86,x86:6290809602224058737,false,train
0f22ccce1e3d3138e52275485f23e80bba6094aa5001366761691e4e040b74a3,Benign,x86,x86:16929307645783433711,false,train
0f2e2a16392ec923e5192829a410a3f5106675ae56fa00c5c522a7634b220ae1,Benign,x86,x86:1940039409992901108,false,train
0f6c0bf7711e0e69649a1b382abb9a14970ed38685aeef1913e098734e57eff7,Benign,x86,x86:16622615578229954269,false,train
0f6f43deecd24ea21a7064f12db6753e8b4f50702d0d694bf44bd053f2888d77,Benign,x86,x86:17413530489602139079,false,train
0f7047389c0d4b53920fb3578c609576933f015350dcbd414a9a8f977400f161,Benign,x86,x86:4545542734339418447,false,train
0fbd8a083ac742d9fcaa1a363f71405686a55bee29399614a07f1e1a4b43f3ad,Benign,x86,x86:13510055100219169964,false,train
0fd2e4f5bf1b3a1fe5b7ccbaffff6750e307b1ace597380d1373b8e6b02da894,Benign,x86,x86:1373839785200201770,false,train
0fda83d1c852f76be9da9afb91ced4640bf19d03959fbc429014cbbd5f07591d,Benign,x86,x86:4313715598842661944,false,train
0fec44a7b7bbc59c01ccada598c10dca3aeb4c44bdd0ecde90d3fb100e0b7bcd,Benign,x86,x86:4734246398000534238,false,train
1000ecfb24964345bee6641a591e095024d56f7b62fc1d86f317ef4d90bf460c,Benign,x86,x86:11441114753263393863,false,train
1008bad0ef1ae64007a14a442bd959677fbb0e97d774bca89220aad21767cc22,Benign,x86,x86:10310641079247086805,false,train
1051b27b07c1ecbddb66ad7b1fa8ff6c371363d50186ace54eb5ff889c867f54,Benign,x86,x86:1443193477324075376,false,train
105f40c01da91248b0d92d822b63ac8a249b1e8b374e4ca52303b2705d7edc79,Benign,x86,x86:10346885161196858178,false,train
107803a711fe04601f7821314c0de37ade23572bf033e0924f94312a12a921af,Benign,x86,x86:8745378935578015735,false,train
109389257198b7249bf35592f32162aa532870447250d3167d9a2f0d1352772c,Benign,x86,x86:231588093060153877,false,train
109ef4f740da3ba8ddc38e4c07f5dab5b16847386d570b7b131791d5469dc3bb,Benign,x86,x86:1439582340842075285,false,train
10c6a5b44805f549a058ee6ca77c64730a24307e4733b24175b59ff48788755b,Benign,x86,x86:2561763630670913211,false,train
10d9100b6c9166e3b60686337881da22bf60bec0dea7301746e1f37f7028f19f,Benign,x86,x86:405153493573366759,false,train
10e784623174b0edcab95e86ba8babfa4e324727eaab17fa0f7e9f7ba893a1c6,Benign,x86,x86:3786523049343237147,false,train
10ed8728f5c1c6a2de0d8cbc8ab98c9f6d1b68662486a08ca5ac8ca70ce974bb,Benign,x86,x86:4125840540037472970,false,train
10f42dca4f3e85dc19de211873504a479abb643fb74928942d591363f0a22f5b,Benign,x86,x86:14246168220653601466,false,train
11010ca452f1e6c6ec48966c5c4be675c5dfc9140bb684de27dd2e6ee1a8e2bb,Benign,x86,x86:5392791112500575312,false,train
117442f90450858d89ff6d945a289de18d3cb78ba12856c53377a9443d7c0887,Benign,x86,x86:13171657061976828974,false,train
12260084f34e10aab550e59f4e88e05d0fae55b009e8520ffd28c5a24a9399cb,Benign,x86,x86:6189792731316685119,false,train
12a45d055647ff94032b0639110eb462f9c14444eaaca0f0ce3ce02ab0d08921,Benign,x86,x86:9210994048404859997,false,train
12bd64d8cf3dd59b662deaae62feed90a705f83154f43f32f171208caa3a3b48,Benign,x86,x86:10361897979624461921,false,train
12e702b2ffc2536ad50fa93a384357267f9cc908c272d3d14156b68337f7d203,Benign,x86,x86:4940340848519360409,false,train
12ff46ed5595fc55f775f4c03855ebd4403c3dca2ed9d97f0571df9415c8ece6,Benign,x86,x86:13045161874002458734,false,train
131625a99b04b24080aa914f9d050b842e44affb3d4545a31c9e7135b76d2328,Benign,x86,x86:511025436862511736,false,train
13256b54541b73a1ee224d9121488821620f2319d7d3cd109c5d9ab504528339,Benign,x86,x86:8418218908796803003,false,train
13691ec5712007b7db8b5f32a940dba4a7921e412fb95e1f0beb00e1c017e11f,Benign,x86,x86:17233410747588181653,false,train
13b2622eb17184c420e6e95e5eba11e92cb09e83da3bfd4ee473a294ba9c3ac1,Benign,x86,x86:6547366782752348205,false,train
13bb1046846fd71fb74ed3ca2b2c7cca62e6c773e83ae103142fcd9720c1a5fc,Benign,x86,x86:7516654133749626524,false,train
141e6444a17b8103265687ed68935aab4371ecc96452285cb6a643127d120cf0,Benign,x86,x86:18051857006810863693,false,train
142cf3d7fb0bf083862f1d1b4cd5f57bdf1bc7865758ca42098e3b48809a1e58,Benign,x86,x86:15663362484739003607,false,train
147011471682a851bc98f2cf077ec5b87e12f609d0138aeea85590d48d993470,Benign,x86,x86:17752522410427673427,false,train
14c047984f388242a640da03c53eed5590f925997a263acfeed54f369f468bb3,Benign,x86,x86:1590684560366304029,false,train
14e237e4f326c3670898d9d947f46c0490ddf4d83961b30b6d30d70393392d62,Benign,x86,x86:16259788495068577007,false,train
14fbb9b95612bb9ea4c06edcd79e2de2d3509293b498c0e39fb0955f4381b76d,Benign,x86,x86:15816499308497442031,false,train
1509563aff4f2beebf8cfcb173cfc131f8de8a06ae30a52bac5aa074531d6862,Benign,x86,x86:12601189495000288561,false,train
151499cce69d1ca46ccf10649ec30081302d6d9d847cc8ab2bd4e63d80b2c9ab,Benign,x86,x86:6240406652717631978,false,train
1544462e15181e10142c002e4adbf340b823d8ed2b202d87c4c1a6ad96d8cb04,Benign,x86,x86:1562337875816563797,false,train
155ee5244157109fd9b1334699621e9c28da38e9e90dd96550ac344e92a5a1e4,Benign,x86,x86:16851375398692380339,false,train
156755d191069c35062e92c66fa81b9e497037f994046cef4e4d3be8a5630b4c,Benign,x86,x86:15293488379823174042,false,train
15771551788af46268db6e826afd73bd3997f507441cf877f73fd226811b1218,Benign,x86,x86:8811214141746408827,false,train
158e2ab9013612f7ee995de7961492fe55d28112979d7eff85d61779ee7f363c,Benign,x86,x86:3663201357700851067,false,train
15993b298460348b654fdf4567a2684294375790cf6c95de2b5fbb80ea808719,Benign,x86,x86:3422839001396259786,false,train
15a9eb4cb75fadeb5483b5bf4e2a2d0b31d50d39113778f68b3d279683f70401,Benign,x86,x86:14855742201980022425,false,train
15c025f6f34fc84c7917827cfd2455ed988dc74b4c75d6c1ae5b48cb5b512169,Benign,x86,x86:18281557886692754128,false,train
15d78d1d10c80b06927a0fdae13949542a124f3575c73b6fbdaa1e67e774b47d,Benign,x86,x86:9166222191973779631,false,train
1624769a8a5aa2d25edd07f0f5442057e56db614ec069643669d049507b24060,Benign,x86,x86:16721923256414390764,false,train
1659f7aeac80e832f0614f4930d4cfde780f28d23242fb1b7b58ecdeef6a2289,Benign,x86,x86:9660208331686478881,false,train
169bf04c1046a2af2b7a991d1b99eb7ef5a464c87fc8ec127306d1ecea3d2a6c,Benign,x86,x86:14379492998880548548,false,train
16c08ed37953d0162f12c229e14722be352a00385503f9a875fe5101458106e6,Benign,x86,x86:15202966425554766039,false,train
16d09c18ed57c11a4a6f5514cbd9b7ceaf58c741236e3341420c80883559e6e0,Benign,x86,x86:184164301661514899,false,train
16dc287414d8433548b5332ff0d8d9fc513783fae5244eb6bc2df74f48fcba42,Benign,x86,x86:7331215766200673127,false,train
1775b4a111667a4b54d7f2921b45bc987d5d069eddea5be205734f33e5ff6fd4,Benign,x86,x86:6036539363696088357,false,train
17cdd06710e473ee4011eae233fa3982981dee0ae01657241542713c177966b9,Benign,x86,x86:11326814904216045399,false,train
17d2207354d365bbe4c87e4be0c1a6087e177cd73a9f13cee1e8376c3590d761,Benign,x86,x86:15891673962127791198,false,train
17da429dee8441e73e2d0ea4c02dc55057c538a19c014305336f508cb5f32f58,Benign,x86,x86:12778862962747063892,false,train
181b82725c720b93646617022ed0c77d4f10281ad168d6283e015428bd67a9c3,Benign,x86,x86:9379665243349693938,false,train
181c4c8fae196e556408677482c7c4c9b2e78b807c51fc9cdbabc720bb03aaf8,Benign,x86,x86:11703865642797771726,false,train
182a5658e6b4c007fa9f9c12c4ad0d9ccf1e9bd73df6fc6fb00befef83d978f2,Benign,x86,x86:10419757732123215581,false,train
18366f1b77a6370ec859841204483ad0420033d7274e5325f9342cca7b7c27a0,Benign,x86,x86:4994791312849828338,false,train
18a78de35751489058e673cf504a2712a0bc02de179bf4e823d4b6d64aa05683,Benign,x86,x86:15597674829679292282,false,train
192b696233de6f7f8d4ed2d0e1fddfcaef9e7e829f4dc5a3886dee50ae50eebe,Benign,x86,x86:5374713416146430629,false,train
195d5d91e91045668e17e8bb4040808acb254ad7ea3e189c52e3b6d833445c8b,Benign,x86,x86:9224457740003285492,false,train
19829ea540d61026954e0ba890498e4899db016e08f4d26c8e2d424c796a1e6c,Benign,x86,x86:12016915518402316066,false,train
1988256c36e2a5903accff1c38ff546ba753ffd40f775c11b1d2bcd28f74ec57,Benign,x86,x86:5377694260532668218,false,train
198ac9f57b6ae7bb43141f6309e924dd04acced6dd41c5de2558116f548f7eca,Benign,x86,x86:17234260542248223982,false,train
19944fd7c67e7d6f343c9692f90dde60f4e98d840dcd7dcb50991cba43dbefca,Benign,x86,x86:17567224711314994131,false,train
199abadacc68b00467c5a4ff6742d811683d16440659b738863077a1efd98f61,Benign,x86,x86:4073421143695644039,false,train
19ba27382e2bd34deaa86867e61f32d86f074ac0bd979fbb1f9cc6132de49919,Benign,x86,x86:12841343695482911068,false,train
19c27e60308d8407f631a6f4e718e143d8e96ae63bf04edc6a5818099d54280a,Benign,x86,x86:8318561582615643255,false,train
19de8b13b46ea51cd3e1480703cdc42a122b17308d4ed3968ba670ec8c82034c,Benign,x86,x86:4616173514455227155,false,train
19f04991a088295fc5542b218e0c0c47725ad1e9ce27f216458c15a6b03d454a,Benign,x86,x86:15101159742348647335,false,train
19f795e6fa77378d8fcb5e011e5467aecf52429f5727de7041ebc1e7a634504d,Benign,x86,x86:10406264597230889804,false,train
1a24ef8577c60f0ca5de4f67f6a3961ba795d2619010c8d5a41035f9bfbc69e5,Benign,x86,x86:3434324988163832795,false,train
1a49304bf83655e8d203df614bad3f755e371bdbfa91b6cef2ae29200539c9e4,Benign,x86,x86:6626843928586013833,false,train
1aa1eb2722845f8825854a24c76547eec7678d2ab41ac373f77d906021adb3e1,Benign,x86,x86:10387773410197923225,false,train
1aca48cc3d3423f3d5639d0d1057af2905141e81bbeccff221833f89589ab427,Benign,x86,x86:12117817370790297209,false,train
1acbdd4b3aa51a8a4d27f9d5d7c2e5ad6fe0d20ed93c25d54f8e17520f5801a3,Benign,x86,x86:11302462993188032510,false,train
1b4bfb157a294fd8c5ed5146487f93127120f9a4f6c97d340b176056c6879891,Benign,x86,x86:11936644125358430466,false,train
1b7776cb654e2bee06e4a32e210f8e246422056070287409195ee66213794327,Benign,x86,x86:16277196104222209858,false,train
1c1087f4e4a17604ac76da87a1a98c27c846e151af2f2cbd7b5628c610e674b6,Benign,x86,x86:1920664149571926571,false,train
1c1f2ed09afc27978c3798528fa32aceb2fc4b6804d2982a2432d966d9a95608,Benign,x86,x86:15333645783651649299,false,train
1c3e8b4616d41f0b00665221249f8a806a6f63067f229b272941f35a497bdb27,Benign,x86,x86:6348096636713319119,false,train
1c3f55f6616873652877cdc83a500c1efb1957167e27052a311ad4aa1bf86e18,Benign,x86,x86:17647359930919276550,false,train
1c74ad9177ed7f7bab05138a1152df0542b48ece93b017d4ab024c9bb2d7e2a6,Benign,x86,x86:3053868845550591678,false,train
1cea74fa3bbbcc957423afafbb616da8b1c070f5927ab5b397e430c7a84812ae,Benign,x86,x86:9833283941649824747,false,train
1cfd7540c15489a8cc6a4fbd390f7e5aa2d14fbf11880b329de9509d0e9f56a0,Benign,x86,x86:5981921320831395399,false,train
1d4d469094e6cbac4f9655be77e5c59d1342d55078965a80202fd9b04369acf6,Benign,x86,x86:10626093627460188662,false,train
1d5117d1b62ae81f472bde016a03480b8cf1c2a9cedebf9ce720b79fa9db6ee6,Benign,x86,x86:8965280601581549689,false,train
1d5f56c394e2276ce3293cd113d79b6cc09d7955e803fe2b1452bf74cbe3ba16,Benign,x86,x86:726507997665678578,false,train
1dccde0a2c69d435b1dd61f6eed1a8fdaef2880837edd82c16bd53f648932457,Benign,x86,x86:4557896110481689636,false,train
1dcd50181ba4ce0e5c6d175fe8a91ba8c9d23c8ab31b4bacdda27bfc3498d2fe,Benign,x86,x86:12849261124398139535,false,train
1e0fa3009be820c83b14fd42f86351bd48171b7965bd8d5363a5cc1a24330669,Benign,x86,x86:5423886805428456524,false,train
1e33b20a2011ac7cdd69b67e67d494f84f6293dd3bce73a84a546c4c30647808,Benign,x86,x86:2184179143309199385,false,train
1e9549a77cd2ab56dc44285608b168db43cafcfbe74d80589fba2f1cc14f51ae,Benign,x86,x86:7931980999922185550,false,train
1ef806f05c502bbab5a3dd16502979c58e4869bf1b60f559ee9df129d9ffebad,Benign,x86,x86:14518696723264995527,false,train
1f23d65d1a0d4547516cd40b9d0c84ae611b306a5a2b23dd41dffb69e06619a0,Benign,x86,x86:11953160819664837809,false,train
1f54ee4a095c7d843eb34471b33abf90b1662b7e2ec78b184a013982be175de9,Benign,x86,x86:12448052899413213746,false,train
1f8119c29a5ba7ae821871139dc55c5e5bd734f2474799d8919db3cee9fa842d,Benign,x86,x86:15467670787379809233,false,train
1fa37b942a41fa17806a2c7af3355da0af57b0ff3404b9a864ca882486c19202,Benign,x86,x86:16543114683971086385,false,train
1fe05e50b9f79c14017765e22401f13153fe65d1cbd92f4c2743298005463cbb,Benign,x86,x86:338943979755750530,false,train
1ff59c0fa3ad09eeb53b5dcb7aa258e52f1bbd784ca2e0f3fea1e0536cf9bdea,Benign,x86,x86:4340241362779095520,false,train
200fea17700bea06201feaed8e61a8a19b34edbe4b0babb5469fd65c2b5445a0,Benign,x86,x86:8098836343345048494,false,train
202b2cb32d0e4bac377db4d953d0b845b20fabfe245bdf461265b2eab4f6e1a3,Benign,x86,x86:7942094406366397610,false,train
205f45b6067a5e305be7a92fa09d4fb04e4d3cc1a8b91d7add148ff87ff5dd65,Benign,x86,x86:9343486076364977537,false,train
20629e6183a5f8d3ed967d7b9e004ff53526f4ed2c438e31cdc59baa37847e0d,Benign,x86,x86:4814129113571357320,false,train
2090380a79e2d7e2538a32ee8d8b190cafd77a63b64d77407e31e8cd15031849,Benign,x86,x86:4385910403565941813,false,train
20ce84372df12a0cb52105e575da701096a3e888b1f3d0255635b84f48abb5ee,Benign,x86,x86:17920051940720137002,false,train
20fe761bf5812c390a5cb50efd7a16f0f51551356bfb13cb3ac76716a7668199,Benign,x86,x86:16201857996518733645,false,train
214fa3e0214bd002c434cef8329cc7831535f017647ce0a44008ba7f32aa19a9,Benign,x86,x86:9993705880572023930,false,train
21588ada518fd45f4c9639d6f3e7b171934fa239f4faa588a923ed448380e127,Benign,x86,x86:1618549628373815762,false,train
216f5069c4c8c724028ec23015d9145f035d5ea19846d22efb44a197f7e91f07,Benign,x86,x86:12888607131271471929,false,train
217987090559c2171aabe754cd30701bb258206d18b0c224fcf222cd0786b7a3,Benign,x86,x86:3104101449637338479,false,train
2197de14a2e7f672e1b0ab72f7b1f4f1accf676a53fa1f6c26915e5c037cc6a2,Benign,x86,x86:6070293253075386491,false,train
21a5c32e06d0935870d85b7a8f725f60d674ccea8f3d3f1b2db43826d2d32fc5,Benign,x86,x86:6324381271426231995,false,train
21a81fb1459652b5213a3064f51e53005568df14a65083f3707eb63ea9b33260,Benign,x86,x86:5667834327768064193,false,train
2226a2ee99f6e21be9811c9be1609e3f97c3ac4e8af7bf24accfa36077e3d560,Benign,x86,x86:8486142963266954009,false,train
2251d36cba4fc1073eaca302b13d5736484471a186d4adbd0f04092abb372d45,Benign,x86,x86:9486950213369824233,false,train
22851fab1b6db6fb9400831c377665bd37963b2aa09b43b8eb591849bb6e1e38,Benign,x86,x86:4076274110180308576,false,train
22dc3a8eae309558426b9b790d8b3fe7b7a3421ae0d4b74d536c7e6c5bc6b010,Benign,x86,x86:14063384335999239404,false,train
232a0b2a521a8802d0c9b433a106ccc944994b0f53ab5e93fcda45e146ed4643,Benign,x86,x86:17871480322332832934,false,train
239a15f1d1c03cd293c70f19c368c44bedd3a057255ac02c09fe0693eb75fc75,Benign,x86,x86:3373765429131923597,false,train
23c10c75c1f949e47cc77e1c69c17b04ca29461c854eeca78e1977ce4a26d153,Benign,x86,x86:18252122490506572975,false,train
23d3a84e53375438861def5badfed30339de5079789244cdf7390a462f72d6b9,Benign,x86,x86:4152336147723772296,false,train
23ddc8b1c453147874491f08bc3e530ea59e99278560505fcf341aafb7138980,Benign,x86,x86:13497423140952082211,false,train
23eefacecdb9b75679d91a3a5e1c5d9648c0599108f4f3dabb1623f99495787f,Benign,x86,x86:4369576077722363700,false,train
2431133f33cc488f32538dc27ed27d88923d21c58dc315f4cbf2796ec5712100,Benign,x86,x86:12289554557595716347,false,train
244267ec3e75871aaf843b4c43bb3487c682900d3a31ac0e5575a4f8aebed29e,Benign,x86,x86:4682720611649799436,false,train
24f9ae48b3f84d7e7a11ba91acb6dcebc59fac4acc3f197308ece20d27bae146,Benign,x86,x86:3443981230047967781,false,train
252571a97dcf64bc07e6cf834a99fb15943122b0a403e7458a985623cc81eda2,Benign,x86,x86:7867290160396845905,false,train
2563ab7fdd230a6b3376dae53b348a4af7498f134d838dde8b51f2eb1ec5334a,Benign,x86,x86:5639052323151573830,false,train
256ef9eb554d4c7d2f0dd7517c7ba80dd2896c8a8b7d232a7cc7848d84aee697,Benign,x86,x86:12984577443085397637,false,train
2575455b1be730a5ed07f097aa4cad90b942cb6ba4cde886af2d7928c292b52b,Benign,x86,x86:14514179969306790266,false,train
257f3f735d0a11809cd674ba8ba62c52e12175a1f2b1d255c57019e1ee260d54,Benign,x86,x86:5783843512885359887,false,train
25e11bd8c12e1d5ea33561ae0f191f9ff5258942e1e502328ab64a8cf1d4ebae,Benign,x86,x86:9600162027639978343,false,train
26330c785e522c21cae991dc5481c8d8af07154c1e3fcd13b1e95d291df188af,Benign,x86,x86:18082869855385378072,false,train
266eefb9c89146915b5f28e79fddb05f96f6e1809ed46f8ddcc5054277408566,Benign,x86,x86:4974009243776282414,false,train
267371261a60eb6e947a6247b16a9e14246eb7fae6bb9b67b4400b0f662a063b,Benign,x86,x86:14316377892728635866,false,train
26c5170404b0c8ba6f0170bd3f48767120217d78bc5eb99ec226d7398b4442b0,Benign,x86,x86:4880622022836514327,false,train
26e53dbd8fd46104f84ed9b35dd0d04ef5a48e2f98c4e4eb0cd822460f6ec3d5,Benign,x86,x86:6406204830680891521,false,train
26e68d7d60d10c215fe08b8c6d892c0439858fe44a173cef2d71c29f9e9151e3,Benign,x86,x86:2884080055921087843,false,train
26e83a4ee417edd70a152ad768ffad4b8e5a745f0b37661cf03736bcda7d3854,Benign,x86,x86:18426978072725679389,false,train
2706a7104a3c2a0cf96fdf837d7b358a3dc370f1830afcd0ec0c82bd90a6bda5,Benign,x86,x86:2875235336958078325,false,train
276be2b1a120a61ed19c5f179bb2b84869804b856584672a88a3c6c908a3a915,Benign,x86,x86:12285948241199631053,false,train
2771006c9f1d1fb6065c228353c5a015898e4a0130eaf2ae6345e8c7deab00ec,Benign,x86,x86:1810360802399624472,false,train
281439fe9fb31b68d9ba7e48cf27fccc58c8813fe6497f427c1cb7f9b24d2fc2,Benign,x86,x86:13616281823789834897,false,train
28a16c35bb40534f4d2e69b7d4d5b04e6e3522a87a3b6f5f64cbb655eca98b00,Benign,x86,x86:16496346355314326447,false,train
28a5ba7a9652699f8bc0263dce0928ce1c993770898c19604b3ff90ff67ca3bb,Benign,x86,x86:13395640965473013758,false,train
28ac35d2018cc7a124f4b66db8cfe0d52ffd62e9ed9812705f614a0a032cf558,Benign,x86,x86:5041117607745925820,false,train
2908e639c47a150a061f68b27aa4a27f5a1df4a909077c9f9e1d24846a52d4cc,Benign,x86,x86:2269471778960467822,false,train
290c890e9e929d1b745b04d27079e40a7aa19f607de156506ae4593abcb9a274,Benign,x86,x86:7443936772580641757,false,train
2941412c6b1097adb9e8c88a98d209a01bf12ecef33ea31233cdfd8b058f38a9,Benign,x86,x86:17820491190557957287,false,train
295b605a1617b65267b86c6275fb1c5be4046fee36a1b18cdbca6276501f8a34,Benign,x86,x86:1626762040364849613,false,train
295bf13c19f58723fa3c05e605514409454e7f6d1529c1e16768d06b3e42ea32,Benign,x86,x86:10301310289389669573,false,train
295f8ed34d9e849957201bbeb50bcae6a4fac17a9a28cf19ea701f0745803027,Benign,x86,x86:16235137578695233191,false,train
297083ba0ffbcf475f0e6d58dce8cec83757da05f32649cfbf65ae723ad6ff98,Benign,x86,x86:9113766345779897902,false,train
2a17a83f91b422414c25dd3968ecffa2364d0ea36080b95cb85a7dfa6f28e88e,Benign,x86,x86:11337877718000713647,false,train
2a28999cf063310aa222adda9c260f06cc8c06bb40793001411793ebd68c6698,Benign,x86,x86:9904404901178781628,false,train
2a3d00f17cea2487a18de450756974090aca4f476d9c51e8e12d0da59df90af0,Benign,x86,x86:7040858994779842601,false,train
2a884ff9afb396da0a9629f4c67bbe3fe21ff136b33e0bd1d157588379fd145f,Benign,x86,x86:16415685347810869629,false,train
2ac53c2496813e6c114a22b7754aac6a0a1687cb8acb2a59a6c578c965c7963c,Benign,x86,x86:7792470947317325168,false,train
2ae50afcc2bfa9248bb4b531097356ba2218b740ed525007d720a5b60cd0f831,Benign,x86,x86:5037154069071291260,false,train
2afc7bef433134ee368c89e683550990bb1af2811764c5f05ed656ec5547cc33,Benign,x86,x86:16164477269631706421,false,train
2b2a3155bd3f36c901771bf402eb5f994bde82de3858d7262e6f0902624f35eb,Benign,x86,x86:2522117009469428508,false,train
2b2ead1f3480a2029efb552d4a52feff57a3e7943dee493468a345bb77dfca28,Benign,x86,x86:11086799021227513514,false,train
2b3849c9c4b3bd3a96aeba4e9443e07cd156e6fe705130df8c2ef8ddc4b9f186,Benign,x86,x86:9672250591606132478,false,train
2b49ffbbfd615e690fb24834a5cfe257e79758c91832f73d03d3547b29ea6fb4,Benign,x86,x86:12974455053411107348,false,train
2b6571b1f811ba373711d8bca4795cc210beaeaaeaaa883500f0feef346402e9,Benign,x86,x86:11259173254782412729,false,train
2b78d6c4a10cfe4117dfe61e752dd05cc5bc3f5eda2fa54e6758e2566d13993e,Benign,x86,x86:16262339724146841959,false,train
2bc9a26cffe6a5b64e0bd5f8f070496af118b4cf6aef028b8e224c55af308850,Benign,x86,x86:12099102834462262535,false,train
2c1fe4a4e9740d453fccdd24b0ddf1526b3a8efec9b255461742ef5520e646f4,Benign,x86,x86:14624640350525942954,false,train
2c793891fb67d2bd5dc7aff29c32d1dbfbbe7e2172d20611320de6f273e2de9b,Benign,x86,x86:5910158292819328079,false,train
2c8161063e11ebac20ddf636012cb1f9204ef80138f6cdfd802020120100b3d1,Benign,x86,x86:11433997370699872639,false,train
2c9cc30e4e8d4377af3aec5476e4c214a1f2c71812b5b7aa4d9456b32c9afb27,Benign,x86,x86:2418289726371456126,false,train
2cb26e7ee709c86f0091852cd859d0244f7c303fb6988f6857042f56f7ff02d5,Benign,x86,x86:7062563642769150377,false,train
2cdc9967900bac4e0bb6c9cde250ac1996784154ddc8c4eb9d2ac76eff93a89c,Benign,x86,x86:408825008932059018,false,train
2ce32cc3db07490c77a111bf6143c6efce94be1401a5221a68b3be77fea899b0,Benign,x86,x86:8310878934922528828,false,train
2d0a44ee3383d7257ddfeb8472e8b4629c7386d818938fcdf05d939188f05bce,Benign,x86,x86:6303776109084590811,false,train
2d1cb5759734bddc174a849048bd6aae5206da2446c1d0b2ffef6d97b4119043,Benign,x86,x86:14958794423000366889,false,train
2d5a046a87c59546073fc8cfcb3381590b79cc5eadf8218b3c8d97bb0e87a4ad,Benign,x86,x86:8570648834630629472,false,train
2d6038f825447a5169085877c582d4b42923e111bee9c5f56e895e8a4c3d60df,Benign,x86,x86:17299152874654832274,false,train
2d6499dd154f4095df464d31277c13e133da1e775cf489ed251df82975aecf48,Benign,x86,x86:3433020006346134059,false,train
2d72cffb1e66d55808151123f7b3503f97cfb17c721a517bdc534007e98573b7,Benign,x86,x86:10597049363122072254,false,train
2dc204bb2c0d848232f2d86597ed0e31eff5f41280fc55c3d2ad09d1719c1918,Benign,x86,x86:17230614996642979035,false,train
2e000adb53be9ebcf5c0a39b0b273b4278363d5853bf0ddc8d2f83def0593a07,Benign,x86,x86:11040246380013319783,false,train
2e17651e0ea2e98b3b4b91cefaadefa20cac920761017e714c6f066da2c2e6c5,Benign,x86,x86:17590027046003089356,false,train
2e4a9af353422bfdb34503671357d737302b87444c4212adba72cfbac102f354,Benign,x86,x86:17283363458387122065,false,train
2e8047f643929fa80f4d3c86e21866eb43eb5d242cc7bbf8c45ba904373cc097,Benign,x86,x86:466112782022722486,false,train
2eae08b43c5b3bda3c558fa6f8a3e9c89b4b22ac6ef6403c449094c7aa657ecf,Benign,x86,x86:993733708967029120,false,train
2ef6cdb5e5921d1ed154008f84e68baa88e2df159c7f6af2c109c7b9e405003f,Benign,x86,x86:6515238353877316860,false,train
2f1d53df00f72720155f270012cbae84a831dcdd7e4961a1ff67b0c6d8a773ca,Benign,x86,x86:11274790746036132076,false,train
2f5badf2d8ca4960f9c2e0d987c8ec2c23cffef5c8e5834b029fbd51e12d580c,Benign,x86,x86:2939282364932133906,false,train
2f725f3d5e51d13a4728356b70d81c497b4ae42445ff7127a3e7772dba39e2e7,Benign,x86,x86:17608439384489493245,false,train
301b37e808217cf0e1c99e1d621aece4e2c583e875b19bbfeb02746004227e43,Benign,x86,x86:9943981401625487690,false,train
3033d5367e38088fb1e28980bdb2a72a00bed642b37b48efa767a56b3725c93c,Benign,x86,x86:4785255359315176927,false,train
307deb75a93adca317826dd092cd5f4fa6277f3b76e20a2adefaec99f0105c9b,Benign,x86,x86:9359356209793210235,false,train
30ad7daeeed78813514798d8210707c33d3c9c7f8b35810e1f04cde852fbe87a,Benign,x86,x86:16918455850272368856,false,train
30c2f22dc7ac569b474be5ce46fd56d2316c6cff05599b24882cfa117a2a2bf8,Benign,x86,x86:1773790308157276642,false,train
30d1642f31f776850f98eb4725766e3736fc8dd17208dbe8203efc70ecf4982e,Benign,x86,x86:3812247154085673526,false,train
30edf04b2d5d9666820cecf4f1557e74e21298f012cd2642b4870f3d9fda8c10,Benign,x86,x86:2283033243780130568,false,train
30f003812a924b045a0ed8240aeb4349286920e8b2f87ecf7818b885b8d26dde,Benign,x86,x86:5657436160364638560,false,train
3104ad8fe52ed90d67443b13b2071fa3a1099229584ca80924a79cf09e8f2d07,Benign,x86,x86:8836735133950490693,false,train
311ad31885e46725f057af44644503e418942eeaee5db134e715d143b400c52a,Benign,x86,x86:815525552964614883,false,train
3173b0dd90f906a0ad1624ecc7b52b00da338aa7fc33cd65149355c905f1f459,Benign,x86,x86:11704019057109237215,false,train
31c1ea89cd203c6fb459c210c74c50f0ffcf69a262f6b43e7c396ee40b68ac3d,Benign,x86,x86:13643347164627107786,false,train
31f26d00d1319cba7eae7b05fc632e270d5d227e9a087a63c739311c5e0d9c85,Benign,x86,x86:12174691587394807027,false,train
3227a141e072007ff8f7ab1331a864b1cbd1882e7be4f95f70fd6d10c8235f3f,Benign,x86,x86:11362925948580184685,false,train
32360734b3141c224d04530a57c598a6b2230d32591a158f6833f854e68ce3bf,Benign,x86,x86:14524855619827184918,false,train
32d5a7ab73553841fa6c2a1c4acf1f89afd839162059c7e8fd866aff7ced41da,Benign,x86,x86:13960983159325795892,false,train
32f6dcbdb85be8fd81c208e3feb33a5bf38bc1a378d43faecc82af374ccd54c8,Benign,x86,x86:11453176635382093915,false,train
32ff84df886494957438a58b9e31e4274760e70643a4414b7d2163469df331d2,Benign,x86,x86:15655936675201420105,false,train
33052f0137c7ddfcc84665c5ea2b194411200892a26e5f60600cdadeb787c786,Benign,x86,x86:3176242394248665126,false,train
3310ce0d57cf3e6effe971c5bcb72936031e75dc4aafd093560e898d64c218e7,Benign,x86,x86:4626786308838781976,false,train
332614b6a1d102cb23f69de42a2f3d40a5dc675f7afece0268ee0bfb9939f10c,Benign,x86,x86:17403207089778663939,false,train
3329b560abb4f67517f4cc81a8fba4f9c5300d1870a69b29e35732d84009d766,Benign,x86,x86:7985453415892346483,false,train
3356e111ddd8ba379a8130e2aea8ec255675f83f988e2961bf489b2680bb8f92,Benign,x86,x86:860759857864893736,false,train
337adb6e5a520f25f2225b0c5839e58fb980be4e9ca964aa428afe5c95289df7,Benign,x86,x86:2174240125123558193,false,train
337b606072c5ce8285a18ace053eb081c481b9c9368b1aef8e2ce925ed9e4983,Benign,x86,x86:10796053710929403577,false,train
337db5a9f695064d425e60634fd566dbe261eaaf5fe5f217bae5ad73bf49c84c,Benign,x86,x86:8012428567486938618,false,train
33810972cb5602cc8ae81a79b58fed8a516e7c791d69edb771c0e85394a742cb,Benign,x86,x86:2052675878240066143,false,train
338dda2628b4807384489c7336822ff470651f40f56fdf80a9a90bbd2e60bc0a,Benign,x86,x86:15534046922239755877,false,train
339fb7f632e3e4d581d1fc70b010ad5d207948b807b53f6a681672621b922951,Benign,x86,x86:4303424147578793382,false,train
33c9c42f8c1a4358f245e6e0d41617060d4b41148e45f0387f14ed76e847e2d6,Benign,x86,x86:1903507468077497210,false,train
33e56b3e0dbf7480d73f4059726d1ea3982bf03c7a1b00cd58ad202090943661,Benign,x86,x86:10268605067203874097,false,train
33e5cb13d2d9b46243f0190b5863174e606a5df81cec14c78dde3dfb8b3a6cc9,Benign,x86,x86:10021239831686661878,false,train
34487e86511d64fd9bb03bc7ac07119cb414655c24b02989f8430b0c9b7e6283,Benign,x86,x86:7053819716672059648,false,train
3448be078a4b15e3f456c0072fa4c390804f228ae0c334a841793c796b1e4e82,Benign,x86,x86:15327014198112426812,false,train
348aae1f6950cf577f60912b462f758249655455b70bdb62240752a36982ab0d,Benign,x86,x86:7475953001125379787,false,train
348ccbec18690e52b6f3f5054cfcd29424471f84968e8180d01e818ab2c30811,Benign,x86,x86:1892771857140292976,false,train
349101b61062e58ad8f825884c268c8db5c68c3b5a23fc602fdb1f116d5979fb,Benign,x86,x86:7310970775408199163,false,train
3493a3ad33f56c8a1648ddde1fcc16f75e6e951b1000c385680c5843bc0064f5,Benign,x86,x86:6811683346768519465,false,train
34bab893fff015b0dd5111a93e52fa7c717ec582fb35c4facd7cd943d6570108,Benign,x86,x86:15751681669305957623,false,train
34ee891e59924393280e13ba116b4355529eae4e7f4058544c7195c49ae77c3e,Benign,x86,x86:5559366320091320334,false,train
3508ffdfee6d591636236d4ea130a818643ce6df4e6d8937e84857717eab5c38,Benign,x86,x86:3232758383974328080,false,train
350efcc9e6254916e5d0ad5088c6186b3f620929bebad5f4f65d3ed94487aa51,Benign,x86,x86:11895770588181444538,false,train
35272efa6986d5638afbb2b5c38ae803b28f66424bcd61a71957b0b664f799bc,Benign,x86,x86:3378855439702581929,false,train
352e270e000df46de643ff32d0ceee249993a252f4a594d32b5999072b02ac2f,Benign,x86,x86:18170670834569987300,false,train
35576d9a1b742dfb152805954d5d5f38dd6635ef4454de84e6f1a76ea7c6667c,Benign,x86,x86:11364599179998991915,false,train
35ad589e711c7b045bb12daa6ba0b2f22e7f60da49dd8d0b41ae97c57da4cd4a,Benign,x86,x86:3085428833763973902,false,train
35dc2e018a329cbf4832db1621153ce4e7c22acdd7987ccb45efba06b216a7d0,Benign,x86,x86:9064135548543322374,false,train
35eaba69145bd73c4669d89b96cbc18cff112ae89916fc78c8eccf50ff10907b,Benign,x86,x86:12280244693600619879,false,train
35f05160012a7c0eac3672d041e53129def2394fcaa5b39621c5d23468b1c077,Benign,x86,x86:6428252247652452782,false,train
3600fe247e39115142517c8570f4624e29e2e23d50c13b34149a13fcba703656,Benign,x86,x86:10491618908707260421,false,train
361bc04e63d684dbedceac67c7f410994f630cef538dfc0a1d51fd4bfde4f18b,Benign,x86,x86:17153513843918929264,false,train
36300bff779499aac78211e53a50d3642dc8ef38d14dbbce10b98fcb4b749d5f,Benign,x86,x86:18431924552419197159,false,train
3651adb22438eb33963e031893843a3d7dd793797fc7b2dbe713919ca42209ba,Benign,x86,x86:7480143381845032354,false,train
36609d41a29915ed434b0eed1a6c70661e06646cad9ee401dd1dff64bf1bc502,Benign,x86,x86:7785222633794283993,false,train
366613175cd94fc968b5da06c0ed696255eaddd6485eec4daa030c96ef388d22,Benign,x86,x86:4329420136009931147,false,train
36b8943896463c9e6436512447f1ff7cdf470948113e9a51a470ad132d2bf03c,Benign,x86,x86:8958573682184931552,false,train
36f92d00c159a92eeda96a25067d0a7adf8e0ec9ffe97179a4d91eb0d6e60deb,Benign,x86,x86:13753815233261623945,false,train
370c015f5e9a2724176e2124525c82bb7a406c06c64108e8ca3a2e2952c2dac7,Benign,x86,x86:16097011373153778277,false,train
37378209b9996c33427222c4e90e935df133148a6654151e42c4e677effb4d51,Benign,x86,x86:10706188799519588776,false,train
373f1fbd7dd342ba96b6704ceed755ba64d6b6e6d1d0cf34aac4eae230ec7508,Benign,x86,x86:8553762163562787737,false,train
377903f230114de71868d1988054a42020c6bbf4dea56fec032a5ec64d1c3939,Benign,x86,x86:3568685640260069434,false,train
3779a5daf6abc9b31082ebd93ae73e8bc1e840d1c95252f5c8aa12a8ca6b5154,Benign,x86,x86:8322055796743091419,false,train
379832b841dd971bb2bce5d15737616dc2c0f664b4d00d919d7347e29369b20f,Benign,x86,x86:9845890645326545968,false,train
37c073a76eed4a380c882a473d4566a0846ddf3d585399376115060006636a4d,Benign,x86,x86:11951434491840093360,false,train
37e7a3d53fc19a1d524d96926ac8d64f81277758c31aa7d3f069662f25dd2f9e,Benign,x86,x86:11982359052267163233,false,train
37f27392a2bb7e6b05b9f73125d19126cb392b902ccaf04032f4004af58d7bf6,Benign,x86,x86:10070485798904475468,false,train
37f7ec3aceeb91277ce24618dea54655bd3cbf7dfe89b3700226f7bb56f1cf3e,Benign,x86,x86:12390986883433834445,false,train
38092ee412fc74d9476a97136edef83b689c8ac15e39ea78208d45a7028475f1,Benign,x86,x86:2302887591705106573,false,train
38233659d983d15b48bda1ecc3a491636b16d87ab26ed59462b2d66abc25b8cf,Benign,x86,x86:3968357522673735749,false,train
382dffdec78c9dd65a4a1e8156002787c0c3e81925a5094541a3133e3920c5c0,Benign,x86,x86:13469782413802600253,false,train
383c372edcb457a4c18fa12426e5097fdc7de909d7ad45a8d86a34abafbeeafa,Benign,x86,x86:3809175246262463530,false,train
3851b0f91a863034acd5e8973fd9f4e1cb486aa5f73baba5503ac11ff622514b,Benign,x86,x86:6573542995300572693,false,train
385401fb31a249b4e42e303b6f60461648785c2feb35ad1a1f013dd3e36c78a6,Benign,x86,x86:6631413530670329642,false,train
3877c2dfe5298940ff2dec36fd7248b31054661a7db56191c389a9bf9a9c9fa8,Benign,x86,x86:2572170774428642246,false,train
387a181ec1a695e9e8ed8438695e52d4246e6a0bbf34fb1195157957562f67ac,Benign,x86,x86:16987908034285925781,false,train
38865f48f28fa620fb72635b111f51651f9368934fbb9432bae24dabb59be67a,Benign,x86,x86:17722306645474769934,false,train
388bfdacbde4a36d996629d69ddcf8a4f978637e227833570d530f87aeb61fa8,Benign,x86,x86:5893278455259715546,false,train
38959a217ba40226ff178a15354ed20b877890ff24e49654ad720d15d5d68bab,Benign,x86,x86:9191378793448158982,false,train
38d94b8ea8317c770ed335d91d801024e89d0bec7f08c6605a44a3211e835ef5,Benign,x86,x86:17516559451305258410,false,train
38fe6e7de8321c552a4514489f814d85eddb989a38700c23b6821d1b36655cef,Benign,x86,x86:7451741154079317408,false,train
39332c561bf154e0e7db24997fbb24511ca00ad073717023453c6314ff18d759,Benign,x86,x86:2459416790164610099,false,train
398274f12db0a1f7a082838d95b083cd1be2d7f605aa530147b78ce7f362f6c5,Benign,x86,x86:3708110195945276707,false,train
3a371f3717a8fa92c9261ade828f31d574cdea93d431009f0258e442abcded71,Benign,x86,x86:6540370749122779359,false,train
3a7c6153b95cbef96ac4ebc750174d1bd95b420266aee0f9f41589285b993d74,Benign,x86,x86:10412353660874844361,false,train
3ac505427802db255be67b528bf4385d9430edaafd800b4d134fcb0091127205,Benign,x86,x86:17936052183963852290,false,train
3ae9c9afaccad278333cbe623c0b79444d311f0b422ab02df20823110e9e0778,Benign,x86,x86:16989310341567126258,false,train
3aece1f582f2b4a2d1f48b5fc18aee104ae8d466c5c89049fcf9c6d02044a8d4,Benign,x86,x86:14440884399296821253,false,train
3af261c5fdd3cf819e0cd59eedfe8ef07d567b5125cbc35f3b2cc61afa8df4f5,Benign,x86,x86:1643812861152054257,false,train
3afc58aec3425b27f7b62f0d8d6baf5847bdf1ff59419c72dddd5167d6fbedad,Benign,x86,x86:11099580598990895741,false,train
3afceb77022acd63f475ecbfb2fa36b0404947149e761d731cec714e77aa3abf,Benign,x86,x86:6955239334074915067,false,train
3b18fcfa266e8554a1844ff9b3d70fad555a4954d2629d9f6c95516bc63fb4ff,Benign,x86,x86:3253389989031365006,false,train
3b1e380bc75578cd4032151381b4a3c664c3d86229a9eadfcd7921ea2b000880,Benign,x86,x86:177814044938054996,false,train
3b2ed647c901135361c864f51c67ce44edd949e2bf64438dce5dbf8dd0424830,Benign,x86,x86:12822190442280658317,false,train
3b396d96bc98df7978355744d95aace931d6ac01f22893a8904b92ee88c99876,Benign,x86,x86:15777473189391688152,false,train
3b4eeedfb6970d784396ea3e27d341d93c74ebd4098e26bdb79441e89d943bb3,Benign,x86,x86:2995599199673297376,false,train
3b6bf013d06a4f6c63fd5219aea191372eead3932c01c8f5f5b10ece4d307722,Benign,x86,x86:18217015322698919313,false,train
3b7e39e41c204f002aca2b6c8eb366c503e5504a99406b243113fe51f3309bfa,Benign,x86,x86:3242009038503526423,false,train
3b912ed3708c45fd01f00f3f8a10c510f8234f3d150b35067db4fc6da7a01524,Benign,x86,x86:17755166778194639777,false,train
3b9d4ec41c8043fd40a6fe3370fae7da0b03fa279277f56a1f1fbeb0c9076c42,Benign,x86,x86:5656603551184548166,false,train
3bab4eb2cc3cefa1f38d5e282e279a87bbdda804eaedaab2ffbd6472f71d2572,Benign,x86,x86:8259890748119375630,false,train
3bad621487de37febfbee1a806bef0aefa5820eb945c5a27e846bd03b4947e2c,Benign,x86,x86:12204128325718321440,false,train
3bd8991f1a9709ae9aa82491bf426ef47ffa06086ee11a54c5341055230c78de,Benign,x86,x86:9447776849452391648,false,train
3bda50d58fbc0ef22d9d62207be20cc3d696f8a673c2de398f70f31a44330eac,Benign,x86,x86:8004658752895312835,false,train
3bf3ff6352186dc7d645deef51fcdb6217e950ee1a5ddb535b646b67036099d3,Benign,x86,x86:1290387479196856693,false,train
3c0c58eca94fbcdb7566e21d0151191cd7cc79c7cc94eec7f87555602f61e699,Benign,x86,x86:15125438128962005420,false,train
3cba22237ff789060d9709917da480abfaa092f984147a44009d328a3ba8a718,Benign,x86,x86:5979155929115564985,false,train
3ccba0300ad9778ac78127ab3b2798e3737dcf36f62294239c7279d22f7c9bd8,Benign,x86,x86:14168363964776009492,false,train
3cce99987f535ffbc54a7275fa3a849fc3b788f3c36b3fb7e3db9635ffa81267,Benign,x86,x86:5402620035624428856,false,train
3cd841b48730ce43937e88fc1a999e8285c6e6ca10907009ae5751fdd4a31bc2,Benign,x86,x86:16661063549990091544,false,train
3cda227d2601c3b11bb73344ffc32767592df0e032c42c79c97e1ef61f57e433,Benign,x86,x86:6637239792128031892,false,train
3cf11be2c36720d6d9f1acf4ad40e8e6ca5834bc634a80db506d195a224ee24e,Benign,x86,x86:16672902891583543820,false,train
3d1e135e1c22facfe5e6d129ae50b7ad35f515eb861997beaa33a9cb36183f0f,Benign,x86,x86:15540450624197841279,false,train
3d1edd23611887d8d0ede67d6b09c402bb66606559a6aa7a736ec5fa094ddf93,Benign,x86,x86:5637575913208886646,false,train
3d3b6c1d6c0999e01b7a4aa10f8de9467cf3de932c308765ab78bf76d41cebd5,Benign,x86,x86:14073597860471959269,false,train
3d3ea24d8305fe19e05fcf0d669b4b9e444715b7a992f10c38feb64376200a7d,Benign,x86,x86:14803237419400792953,false,train
3d6800d438b1190555eb948fb867a5662e26adfc31356e4cacc51d054536583b,Benign,x86,x86:8727656960133964281,false,train
3d87b00fdd06a8c519ee95d1b6b4122d6cc67da8b004f4fdd5277dead9b76173,Benign,x86,x86:716357213903553265,false,train
3d92b89b4c35f518e70bc9111519ae4389e9154d6f1a118917801b91b780bb39,Benign,x86,x86:13970641383511731344,false,train
3daae57e2ac7c176ad5eb389505d4a29905c49c4dd5d1d4502ad15d3aeb09714,Benign,x86,x86:4023561500993145227,false,train
3dbaea450c1babea636026db1832c1ce6c3d1327d75b0e2248539cc172bb179a,Benign,x86,x86:15194910507297546316,false,train
3e083638af8db35d51685432df5ddd1c616d11d205171fda6486fc8419d717cb,Benign,x86,x86:7816526518840692970,false,train
3e277c9a8d18215ac98764af043193e78534eb366d0a5afda95c762d73ad840b,Benign,x86,x86:614465966599554644,false,train
3e3678e9fe17dc24eae3105dbe8deaa68ba0b4ed4bcba5856155d587b34fedcc,Benign,x86,x86:17453534033993537441,false,train
3e443e41dd11b6d4df0e5ca5dc9ab01d1ca2d8735e4b15db6a452f0776e055ef,Benign,x86,x86:3357565143121296437,false,train
3e91c9d3074eaecabc1ed3fd01d49185abab0ab39aa3085224e448db5d6b8977,Benign,x86,x86:7459098718080357447,false,train
3eaa4ad5671d1f78a04776f317ff3e5f15db4356120f2ee66de416f9374be808,Benign,x86,x86:17376920353538869785,false,train
3ec685236a168a34d3cbeb528b63d025a14c48cd790c1ba48330f141242a798a,Benign,x86,x86:13139769516822202507,false,train
3ee610ca517341ad9241945a96664571ec170f66b19c316843e265efe81752b9,Benign,x86,x86:10779479485965821479,false,train
3ef009ec9032a6e50b1704199417f2c05530688472f6e3e81acd795f7118cf6a,Benign,x86,x86:2928093165560746365,false,train
3ef1ab22369b5d0608aacb1b597a56d3a68af3afe3bc30a28fc695777cb8bc73,Benign,x86,x86:15404780167260876960,false,train
3ef2e44592eda598323cf9454e527dc87b4aec8b2dddd40de0e74c63d3aac2f6,Benign,x86,x86:16886079115412156802,false,train
3efa6d909f399f620dd7904c2e4ea61a170280bda6631f31de3eed5a1347e9ed,Benign,x86,x86:11033693673267700809,false,train
3f53652b886e97fd7ef3a76568110d575f0283701507a729fdd9df5d3463f27a,Benign,x86,x86:8648599121996148048,false,train
3f574136006fe013190cd4928ff63006368dcda9d057b0ed93c4dbf3fc1f1e34,Benign,x86,x86:32574445513357471,false,train
3f59ccab4b18e96cc3de3789e273d569f2902808f2555f9227353f1287490df9,Benign,x86,x86:15801099920169766890,false,train
3f80d0aeb5a1b70a7ec7e3eb19379b1e9e1d6a6a4382438cb7667f14cfa45079,Benign,x86,x86:13923579896648738402,false,train
3fb03e36a5ed037466e128f01aea30bc5c13e762f081d8f1931ac3d349e9b56d,Benign,x86,x86:15665871583980746976,false,train
3fd00fdee582a14e51e593732033f6dab0cd52182af9a375e2f757302abb4c8b,Benign,x86,x86:7436433030275163927,false,train
3fdb7b3f107967ad64ef38584a989c5630cdf694d770746a94a8208dbc19d97d,Benign,x86,x86:3238411744904648212,false,train
3fe4f0268c865af9ce009ada4751c8d8ce0b72224d0956d08cb1b6ac45e3af1e,Benign,x86,x86:16544554049696811286,false,train
3feddfaec58bce2139bd92207eeb96ba781118f343ea58199104730aa244c734,Benign,x86,x86:5918775416480684596,false,train
3ff20f1a21660a1b3a283e4a7ecc82c9fe24a695afa17b18fc44f85dd5a97dc4,Benign,x86,x86:600530616970518483,false,train
3ff536e5d81aaa69c53af4f010b0fc6c67a78684ee841ee5d1e022d4b7cbec81,Benign,x86,x86:14896390276134320931,false,train
401e3b70dd44de7acc2b385962f062fc619f6a4d656536562bed20689099428b,Benign,x86,x86:13370543602927543598,false,train
4038462e25296df360e387f789ee34ed4aca69f61f98ff85af5a2c4a84a737f3,Benign,x86,x86:9319183582322919767,false,train
406ceca9e609f8bfd0996dfb33ccfa070280d80323e7d2fad187fc083a033929,Benign,x86,x86:7492994105884677311,false,train
408a9233484e927187d06a25258c8e400cf202865d5f1557056eb48f5670a81c,Benign,x86,x86:6346002668428072277,false,train
40c5b7c9d1ccbbb80bac253d276e303e1fc39d945a457f393074cd2a68bfd99f,Benign,x86,x86:4464302703385101308,false,train
40eaa0d4b65c89329864fc099d8aa9fbdaf1850acf824053837d9c41d92cf3ec,Benign,x86,x86:9167119738118939548,false,train
410120af083516e53688c11f2db651a81970eaa441e8c5ed81bb8cfe8393027e,Benign,x86,x86:17407685060767732733,false,train
410fddef3e210fda1d44c554c4d5df10f7791b995913acad97dfde97e1884439,Benign,x86,x86:1412164614599579271,false,train
4117143282671dc449bda119b5ce3690aaebd1d2e910dac1bf410c13e246583f,Benign,x86,x86:3703197589744023228,false,train
4123ee96223cf45484f5685854bc7425a13e82861310a892f6caee7528a6c6d8,Benign,x86,x86:11925487095756786815,false,train
41376590f6aa894849d1c3c7c166af879ddf979d1b38bd9fca2c3372b5a304a0,Benign,x86,x86:6205122896235340779,false,train
415e2105200c13b39a90e277b79fa4503a7c7377342ff0c64770f7622c89add0,Benign,x86,x86:4831555498007598450,false,train
4168131f3ad620e49ad8e0f026b63b61d786ba361af17116977e37ed35c07e4d,Benign,x86,x86:10865941140460024546,false,train
41720516475cb7e2c98278afa03ef403031dd73f7c68b948bf23fc956ece6551,Benign,x86,x86:7447932677370460627,false,train
41764b0fc14bc84214e95085a82f3c04f9978050627bbce6a5a651d358020631,Benign,x86,x86:12183609663370741032,false,train
419b82f6e1d98e3c43bb3b9e0c083c67cd25cde8b296f7c81ade79603b45f65f,Benign,x86,x86:14122673477041196223,false,train
41a71669d668f9c7e4394e4a790d6ebb9b09d8b7b4f2198926ea7a23a1c3b63a,Benign,x86,x86:11187494829248449008,false,train
421b68477d3afb15f595b0edd54adf791f9eb472e663a544ee56913ede888391,Benign,x86,x86:17422350492403238606,false,train
4223928808a2681fc33fa12b27d9d9cb44bd0255153857c7979ae55fd58560da,Benign,x86,x86:14937585328947866052,false,train
4227c6cc36d2c6920b8065acd21b6b572055c871a6f41de769684c42e61c572d,Benign,x86,x86:6540040413316438216,false,train
422e88991c3ec949979145b2550ad57c1dc70a22ab81317823cff9bb3b15e278,Benign,x86,x86:4247422571374614620,false,train
432959b2aa279b898e80f9f0732e0685c56cceab60ba8733bc6680518c5c788f,Benign,x86,x86:12377610163468092756,false,train
43ed42b45d280c05598d97b4229bc6a87222aca884ae51993ab538fc57846da6,Benign,x86,x86:4669402069357322679,false,train
4447493f8284a560e6b0fbb258184d87e8e445ae1eec71f200911c7d9331472e,Benign,x86,x86:9322154503228634521,false,train
4457c9d75284ad2b3515c8226986b4f69df0469651b1b39a27f36243368d3f4a,Benign,x86,x86:8268480779934460829,false,train
4472d152a7083eb41917b3603ba0a54476050513b30049e52f201785434f24ac,Benign,x86,x86:1288940989396602942,false,train
44967b55a9f3d7944e59313ee77e32c61878d81b6fd8fffc8e0837c10215d08b,Benign,x86,x86:17942857661803132599,false,train
4497bcee1416f0b119c1c07ca6c6ca4787a9debb54ece4de92008cb811643b3d,Benign,x86,x86:16070824269347654636,false,train
44ae8374b854e7c0b613d208e6a0e3f24a76b234289f7eef0525681840e38e8e,Benign,x86,x86:10248736993730307622,false,train
44f88f58fa4b1a6f735b7332cb89f259ef679ff5d601c7a9e1e0d56673c8fb64,Benign,x86,x86:4545614783252909048,false,train
452671ca7059158fbe8ac91eb7d54b1ccfd1172e4d7949caab4ae671f62ae009,Benign,x86,x86:16232938010689289238,false,train
4537d3469738b3aa06bd0b1c26318bbd808e81978df39bb2049f532df4655b46,Benign,x86,x86:15681316363231245490,false,train
4550fbb7ff4a80ae736d3f980171ea23140e43b767a46971436bce92fc42bb16,Benign,x86,x86:9686898614302209072,false,train
45b2f93e2741e078d625ab234e1ca773d4f06176177b7a1a2fe2efe8d043670f,Benign,x86,x86:16030112336499011450,false,train
45e391f9a811fbabaa593f4026947ab4d65e7b4701dab31bbbccae337f516c1b,Benign,x86,x86:13812465660238087959,false,train
46344118e2897000587b23abdb538a67f9b70b1234d6e3bc43d0851d3611c925,Benign,x86,x86:8426638885080969199,false,train
4638f82cb3295d2081ca8754d6bdb4e768f44b37e31ddaff0d3ad634baa8efea,Benign,x86,x86:7561181591808842966,false,train
466d227f6d6a281a9d9862c986aa978ee32e1c9fd0cfc938e0ee54f25a2aeabc,Benign,x86,x86:5342148152323409560,false,train
468aa2faadc6c22011f126e24a183406775dbc16440eed44ea3685c0977e4456,Benign,x86,x86:7107367492652959151,false,train
468d027e53b29703aba9b22d81880a0f05947cff3072cf92de7b6679d1977b53,Benign,x86,x86:2761880840201203573,false,train
468d33a9a821b7b0e3b8da13228c6b8f0b881dc3e6777191a9af1aaa7b887b21,Benign,x86,x86:12310238589379239634,false,train
46959d5d405f2db866d3cf148e1e6fe3d28b61edc7a348da2a5daabb93bb2959,Benign,x86,x86:1172306178172841982,false,train
46988e1a8b32ade901475125608242827876d4a98edebe641570fff2c9cbcd9b,Benign,x86,x86:5239993785195803464,false,train
46d367df09d764a5ec7a67de147978c8561f0d072c4ceb002f27fee7cdde4dbf,Benign,x86,x86:13594554716881166321,false,train
46f181ab364905ecaf4c1e890cbd5d5656bc8908e396d92fda0a9c7161071f4c,Benign,x86,x86:2552803005755007429,false,train
46f86ce1cdcf31daf20e3f54fe16bf1c5528f3c0efb2ede752dfc1e5a04a38fe,Benign,x86,x86:12859739767023440130,false,train
4731caaa1bf4c8e2dd5269fe539bf0b0fc60635be1d904556880bcfd5fd71813,Benign,x86,x86:12312550112488956082,false,train
473e7dc0a8f0b6ee9834976d5fe26f001bde3b2e2b52aa4f20ac992cdc9ee947,Benign,x86,x86:201819788183732115,false,train
474757ffca009dfc77646c85bd51c70e4eacc32c3cc5a529177f0edbdc7b947e,Benign,x86,x86:13237821934389755933,false,train
47652c80d8d8fa7983017479e65732e8dfa646666e8e91cf6b9ff9d838c27e12,Benign,x86,x86:12069710574061869554,false,train
476763d3c650f0e72841093431a16c2a39d78ee96d54882694e493b7aff2729b,Benign,x86,x86:9705961296204814411,false,train
477bac45846c7781cfd8c73519da26f1af3c0f467bb3db5f97341a194340f023,Benign,x86,x86:15332420870968452272,false,train
47c5f40e6dad88ef0279e756c6f95b9fea873fd62bc1da1fed3590f408f6b462,Benign,x86,x86:1200875516389532291,false,train
47c9951350cecccc068f50f6243126ea1d964639afd8b00c461fa410c47ba05f,Benign,x86,x86:3022405086183595101,false,train
47e43f06f9739a2ca7ffaf7c240fc0da560f955f1006a3676316d287e6660cc6,Benign,x86,x86:10139558792163375282,false,train
485fad03e71372b6a33a3658efd2d861b167d4b08b1faab15cb65706ca9372af,Benign,x86,x86:4474321358933996606,false,train
48682c66784eae938967cf98ccb82dfa7a1ffcf1dd7a79ee6d84408d708d3eb3,Benign,x86,x86:17077331927679582449,false,train
48735834fc45b101b36f646fa29ee66ac1050c50c7e97438bb050491c53a512b,Benign,x86,x86:10698445673340092666,false,train
48a7e09a907dd32ac679fa80357f637be0180361531e1b77d89c5c43922ecea0,Benign,x86,x86:16115651484938579837,false,train
48b81b3870a4a32547c795dd34a8dca60b030aae99c769dd84a523bb51e9bcd3,Benign,x86,x86:7540831510199684796,false,train
48caa47b0990b56332fff39ed99c40d33349273a167b721e9a4b3e777f73a157,Benign,x86,x86:18173283071278064163,false,train
48f3943a8daaa3aca0c35e55bd05de6cad295b27df3835b46e87a876eab76ff6,Benign,x86,x86:4383053503565236300,false,train
496a17081ffbbcd0d9c1da197fc2bc0bde4b33e250d1d1afb5b30300ea9caff6,Benign,x86,x86:15533319296484046397,false,train
49746869f4ec82b63b082b1019e0d384735104f1842886dee385c6d2bce07f70,Benign,x86,x86:8612403637406550347,false,train
497760e96af87fc78d6a6243a70bfe969c2f8a58ae840637fcfe95430caf8f85,Benign,x86,x86:15355118805047756582,false,train
497eea1a40797e53c57b229eb9d46054f97cc5c7cb1dca3b0c97df9685eb5170,Benign,x86,x86:2407434670074902787,false,train
49a790b876c4f7aa7003ce93f3d968ec39c818989dd3e3055648c0ff0eb530eb,Benign,x86,x86:15105163236268586836,false,train
49e44fe32321f6521d4b15e2199518fbac8f656cae23e060b644d03dd71d6769,Benign,x86,x86:15818071321538842370,false,train
4a29d57b6f0b5746c9789b78bed60f5c4cb31c3a532154d7212767a7474ad827,Benign,x86,x86:11709197105170229021,false,train
4a37651a6448c2b02bbc1eb91329a3c385216278d17f8f7a789ca0ad312a9e1b,Benign,x86,x86:18304668648449736787,false,train
4a39c61546d3c861e013a1d5d7949faeaa46ce9027de0f8c0c72adb09211cfa0,Benign,x86,x86:16893250714813270418,false,train
4a6a5a99d450b22fef6f0e41eb221da7775bd3e7c70ba6ca13ce8fcaf700ba14,Benign,x86,x86:8499275868294989580,false,train
4a70679f48537e0c323f1204f7c0ac8eb60cd76b208f7c12430f720d02142ec1,Benign,x86,x86:17279837667276489534,false,train
4a813527fbaaa130e578873b2b21aac75e63ae54179fd4a0f5dfae6f721807d2,Benign,x86,x86:2058481882893366184,false,train
4b0287aa885e7f968eeee1f59523480199acf593bc07f228855d91e201eae501,Benign,x86,x86:611634235391623545,false,train
4b4144b4facd31172b00d22d638e9a6f9e287b07e8e3814ace085d47fa5132f2,Benign,x86,x86:7991555498578890768,false,train
4b5123e512e43ddcdeb0881e71954160c0d5d50eecb4b36545cfd641658986cb,Benign,x86,x86:2744623866152272689,false,train
4b6226784a787e161c370792caf494543f1704abc5a8fb254173ff277b4789e4,Benign,x86,x86:5931526789112895964,false,train
4b625c59b21808b5f9a69db749829e52e2447aecb8b6dbf760e0ddf52e60de8e,Benign,x86,x86:458563822178726520,false,train
4b8cb6d4216dcab25bee596bd02e0456f4ff4b03d753c335a4028cc12fe57613,Benign,x86,x86:16261317611210477764,false,train
4ba49be755946d1fba718c326c76b2d2a09f9309c45cbe057dc3bd47c0f2c9e3,Benign,x86,x86:7080830033882875775,false,train
4bb6a7162872e77cd57fdaccd929e02ab0a7c5df0d0f64884d9b03e4756f7d2f,Benign,x86,x86:808008589686088865,false,train
4bea6971fe93858e34498a78f5bf7f2bc0edaff43b9fd356c13454c7f640203a,Benign,x86,x86:7947224629124379531,false,train
4c0a31dcc84d7baa92f6d3bb474960d30cb1e484510d79a839ae745601ba5bd3,Benign,x86,x86:11213731555755466449,false,train
4c558dea6236effa67228acca87dce76a6061ae7bd7aea009d3b6b5c37e7591f,Benign,x86,x86:14982690081247121227,false,train
4c6bfd220561eadb75edaecb3abb68ad1a6d098cedcfc65837745f6f8d0df316,Benign,x86,x86:16729618788696745494,false,train
4ca01ab26f7442fd6ac18795b4a42e4a9c6f8990c586932fc66c440865efd0f8,Benign,x86,x86:8735271331825030142,false,train
4cc30ad0160daa13c75c46868fde539d0939737a6ba632f7309956c6e9d22837,Benign,x86,x86:146540889118576066,false,train
4cd3d0bec14417e2e6a92097b16679407c7a4c88ef2900105f51a805738af9d8,Benign,x86,x86:17050132309929742556,false,train
4cdd9a4c62010230a0a1108dec1c97658d6f70ba2db34767c3132f9dcac20497,Benign,x86,x86:9178574679107250892,false,train
4d3022814b5dd0a49abad0c8e6dcd4ffea668f0ea0276c9cefea6b8966c21a1c,Benign,x86,x86:32764317662979852,false,train
4d99500932d36c037f90a4a9bc58faad22ff52be58d3fe56d3ffc0f480ca9fd2,Benign,x86,x86:11477876022080002976,false,train
4d99b0ce939e40b8d777718a82d945a12ec82b6a9972b50d67090309051e6865,Benign,x86,x86:4453043533261569279,false,train
4d9c68fb9c9c43220567348826bfe269d9f45086dd11f0dde07387b2dd971056,Benign,x86,x86:5593156372967436943,false,train
4db25cbf3d5bea0a8969f170540898172f01750514627a04bbbcf121f1e713d8,Benign,x86,x86:11281183954377483899,false,train
4dd8db84f76068e07cf5757b02cd3b57bbad00bce702adab73bf9892896f49d1,Benign,x86,x86:3839397157637183373,false,train
4df418aae383c917509483bb695de98331ebcd18704228a4fdfc2ebdff09a404,Benign,x86,x86:8117966840325462051,false,train
4e0a7be0fb39fb128943387a018ad3e00451233eda23ee55132f680cb605264d,Benign,x86,x86:11941321060942939024,false,train
4e3dab65c5820fa1aedb53e2dfc5868cd7bef8d88626bc90d68c627aa3ad478a,Benign,x86,x86:15000881736255157056,false,train
4e53466c07db137f220e39cdd334792b205f072bc0971f6341104f7e446f222a,Benign,x86,x86:5033534687841519968,false,train
4e80c7e1365fbf00957493bbb5bb3a8a4cc54bda1c53595e87217c083c4754bf,Benign,x86,x86:4932571413967396684,false,train
4e8c0bc68a26203cfc654f19ec7bd8961993d7afbacd4b6480eb4b9dbcfe1c60,Benign,x86,x86:11309642582393950996,false,train
4e90096896d61dc2ee91c3a36d084249730cc6bb9d71de07af8b69f2c32e059e,Benign,x86,x86:18007492765709360718,false,train
4ea6bbb8720f9eb8f62215fa84cb7f35813bb5b3d4330ed4d7b689fa7dc4294e,Benign,x86,x86:10724973231854343223,false,train
4eca642cad6aca1fcc285c798c3f3d241c71147512a43dcc243bc4ec5a03432a,Benign,x86,x86:13533645245698894333,false,train
4ee0469d8f785af49090a761ea51a5400822c9b5048c2d4c192309803c85b73d,Benign,x86,x86:13482237363079692475,false,train
4ee22baf29ed9369f85e9821a8783030490892c85b85c1758991ea4ac17b7451,Benign,x86,x86:1914192398741933698,false,train
4ef30d51cc7400568f24c02b611f526064d34e9119252fee8dfb79ba908c73fc,Benign,x86,x86:979030843597023236,false,train
4ef98f813c5ce1c47a0505922f060b7893756cead4616f44d967e9bf9f8ea422,Benign,x86,x86:2536217408639631410,false,train
4f48889b24e6ace228a73dcae86d29b178b8051cdb0d105bc0d70fc7f8503aa6,Benign,x86,x86:6497027041627879621,false,train
4f5449b6f25c9aeb0aaa2f3f441a4ecc2178ee94818a4dd6d0a59821b7d31f7e,Benign,x86,x86:4547760937057620096,false,train
4f835af33dfc0579437b4c8b92201517f4def3df4a9bef3a26c060edc5ea31e1,Benign,x86,x86:5902843163074916268,false,train
4f904fb0b54b3501f98d14a90d5d9bdae1d36483d5bbe262e366db132d66f6e7,Benign,x86,x86:756368762157581224,false,train
4f9e19f1004340ae72b8f3f54fef22c19ab17acfb844d5f17dd6a7b8cf08a48f,Benign,x86,x86:645904392674507951,false,train
4fabc9cceebfaa26890acaa205372234921793f5271ab1c9cb1bb4fbb160375d,Benign,x86,x86:16161425886682886987,false,train
507939bfafce93a5261b04a1c11f5af5b0d31ec9c5ad3e4183e87b6de24e09d2,Benign,x86,x86:16738283068346127402,false,train
50cae1071509810a43ea9311bad620061299bf95349cd74c29886e31d7f105bd,Benign,x86,x86:14876584024956852704,false,train
51112eb83acc312ce375c17a7bb616f58ef5c99ea683febfbbfbf46b8613e82b,Benign,x86,x86:5263977259780472843,false,train
51318621092d91f46b9f88ca3671c804e84b2e44caac08c2f68bea66c39cbd73,Benign,x86,x86:17275208685794048585,false,train
514592a9dba357eef3c1d1e12e7a82ceae85bca40d4b143338ebad596fd7c546,Benign,x86,x86:2040070806527849153,false,train
51501886a13ca789eb5ed8e18d9b3c19e9ebdf2a16fc66c72a10ac8a460ff936,Benign,x86,x86:15558718889545845875,false,train
518b1bee5a5a2abe04df8757f592766340b6983d639615d01e5b9c191a714ce4,Benign,x86,x86:5017499574943313964,false,train
51a33cdc0fec3415238135fc9f4392a28460f67d5522634ac8347bb27bda0499,Benign,x86,x86:13825128658044290428,false,train
51fdda80b334391916115641b5adc2b615a56aac3dd22c9ebb2a2aa4ef244b01,Benign,x86,x86:2748445851424830020,false,train
52394dc2e29441bc2eaf060bcfb3b388c0d080b9ec0970bdfc9d4725d3c6dc07,Benign,x86,x86:7370905835745539006,false,train
525fd71d2b294c3172970e8a593afa4a09cb3d286db5d44eeebe52b8ebcffef7,Benign,x86,x86:5427843105643975636,false,train
526f488ed9af89442cc1d88cc374d7819fa67e7aa3f22bb80e4d4461dfef35a9,Benign,x86,x86:9963972369894671597,false,train
52a2414142fb9580a963596477f9565025296ea75d665a7dd4dbc857e329c3ab,Benign,x86,x86:1135240253901658211,false,train
52e668c8ddaf65f458e1cd77e41cecbd1380160c17c0fd90d22dffeff616353b,Benign,x86,x86:6163111081011939819,false,train
531f8ac3a10054b80c5997f96c3beea84f78537e62d46e2f0a876c4b9c6c5c0e,Benign,x86,x86:3507131964011196686,false,train
5346dc79b9ee8e88d368e173239afb08a4d68324c147150c2f0a42db45bdd070,Benign,x86,x86:15324913395585019141,false,train
538d7087c54c30d79d83497ee7e93792cf6c4c5229f6a59b3bb74c316760c257,Benign,x86,x86:16918684724382076355,false,train
53b0522bcda0da72a6a0427a022b0218822e0db4d0b11062f3b8766dfc064b72,Benign,x86,x86:5140746844620194357,false,train
53ed6429c70c0513d42a82894a78a4b73e40e5914b89827c6b0adc31a1cbbbb2,Benign,x86,x86:1396675809977124872,false,train
541fcb2ebff8f8c4603c301e04aa25d39f7f86d82735a64de0bf947c85a6ccfb,Benign,x86,x86:17770303642005330681,false,train
545033b82de02d94fec9a908707854d525ef86807102afc6cb78352807fdf3c1,Benign,x86,x86:6210605178240863552,false,train
546ade9d41c1f78af9c4fde59f0018ee7e276753f805c8be6949978da339282c,Benign,x86,x86:14434008260601615745,false,train
54e1fa7dc76c42ba02aade89656f0a19c78f961f3e2dd496f30664ca419d2ce8,Benign,x86,x86:7900120410371952178,false,train
54f4a0a6e6de599678777fceeb43e6de8152ca56bd6b2c629b1c3d2157f16664,Benign,x86,x86:5804591717779443050,false,train
551e4fa51ec538a9e638c581ab3d08d3b268e24ef07a9da3e7b76e77c189c36c,Benign,x86,x86:6438963212481955955,false,train
5525e68e7de959b40b9c49d7eb63f30b0339578eb67110a12522f373a6620e8a,Benign,x86,x86:6140480996776719604,false,train
552a0ee3868a789774960b9850a8eb7f5e1aec1470ec11a71b8d2182977b9830,Benign,x86,x86:507864707214613766,false,train
5540526ebb27d7c5b460c0c8edadc115195e59bd98c1cb94213041a048e2d1ad,Benign,x86,x86:14662636713252150217,false,train
554ca61f7931fb2bca8188f24d7b443abef903b482b09366dd1a9f123b563525,Benign,x86,x86:4003094623444657416,false,train
55510ddfeb02d693752767b1b65a60b22e36f0b7b2d21b20f25bd27c9d46f4a2,Benign,x86,x86:3421462500704086254,false,train
557e4bc446c5e23db14a48787e754cb7e1f2184166de42f5b9b7d4ac420aac05,Benign,x86,x86:15260494359359907799,false,train
55922894df65f9598c7b9d901b18a6278ca4d243d884516f579d1ad4052740a7,Benign,x86,x86:1750772681444720962,false,train
559aeb1a7779bed2c29db60f0a452be232beb5d804387f6ca32f841b2bb5286f,Benign,x86,x86:11829757589629607053,false,train
55c4f2595afa73d664c048c9ead2b5a7d29cb27b0cbc9ebd43dfc8e99a913acb,Benign,x86,x86:8638144971776361629,false,train
5601d3ff803594f3551fa901601f9a86d91e47148d6605829e8bbde58c0dfe82,Benign,x86,x86:898317667713417506,false,train
56112c60f751a4936a4f25c82bb305d12b1ef9077f3670abbe808a5851ce4b79,Benign,x86,x86:5800297788469746035,false,train
56132a6ff6bf4449c03fdf1aa0b8d7e6ed79a25d5b77454436205bf8ee6c9eb5,Benign,x86,x86:86853711712542160,false,train
563e558a78c47e83de2ae2668ab931b13fe1c43336c802c6a5a74d4031d2885b,Benign,x86,x86:7923167122225735287,false,train
56408c17a7fe49ebc0bae84e0d801263d020c141446693823da9f3b9bdb0e965,Benign,x86,x86:15329107816910735889,false,train
566ce1d71b3a84efc87b289dc9578e495d8f1ba74a80bc13a239d297f0fc6ca4,Benign,x86,x86:8648726789102530102,false,train
568a3e67b4df0a7221cdd0d719285084cdc20941af8987d13098850f0743ec32,Benign,x86,x86:9334432634104188869,false,train
56b8d445b49ab45bb0d5a20c738145968f630b10965b48c7fd0122006050d11a,Benign,x86,x86:5163546718738686913,false,train
56e1c1d28662343aeb6bfdd8c5acaa95c31d03cc5d4e722eade63abc8838efe4,Benign,x86,x86:15132860391125577000,false,train
56ef6f383e4f9653f9500e11b04e48d42ec2da490a93856cb0755beb4906081c,Benign,x86,x86:2111051883229408807,false,train
57444856192da340d92fce6a54d8b8ee3d4ac72d99c09fdbce3d7336169c662d,Benign,x86,x86:14584080850265233637,false,train
57653bc560d0717e801a45dffdbd7c0e253aa203879a15e8f21dc457c71e6019,Benign,x86,x86:9179484208458231830,false,train
57e5a140b7c62ee426a674bd970116260663389973746df422745492ecde3efe,Benign,x86,x86:17339268041268659559,false,train
57f61620c9079f4b1e9c1916cdca899392251a84fef6f2ba156e7b45caed10e4,Benign,x86,x86:16715139123198063939,false,train
58052e2ddf1d248d166edc683ab0b422f306dd23668b5d8d44b8641fd7546001,Benign,x86,x86:4885079210913793476,false,train
580f74d68b1ba9989992f524892806b986df2923d010575334cee8bfe1d5270b,Benign,x86,x86:14978890552273682073,false,train
5815b70107c1a54af8c52a53c9b1151fc953f905eb34cef2dd9901e9a195be9d,Benign,x86,x86:4842011480871258508,false,train
5855d3c566a90aea721329b365967f4db87a09161254af332d3ddd89168fdc0c,Benign,x86,x86:15186573973046564419,false,train
585e1399615ba836a531bd35e4df1b33d8b8b096a6ac64e35f78bc68a2ad8ce0,Benign,x86,x86:9038344969076232661,false,train
5864e87831bc545b0043043066dad5d7687ac455f3e70642ec5e9a50c0138f6c,Benign,x86,x86:17235771741999128873,false,train
58779a4d63fc85091dc90c56fd8895f06b0fbd0c9f6db9fd4ebdc4a0e57c1cd4,Benign,x86,x86:6778905468521612467,false,train
589507c34a67c1a3647405bacafca11fc8ca9eabad933d067efe7ceeb6b98408,Benign,x86,x86:2804366209652008772,false,train
58b0a8427bf6aa217979b8e9acb5a13ca4218512bad839680b78ea6527f5216f,Benign,x86,x86:2571349455959623059,false,train
58bce4229ba72a7b1cf639536dc10149988713a3b23e7937b97cf551d092d163,Benign,x86,x86:13346289684726697387,false,train
58d4c796fd48b6686497efb6b58a411b98b54af9fc899fd8b8c0f0345f1b1e74,Benign,x86,x86:2519859422414946321,false,train
591f3c2c8976421c85777e728283033e3c77b45e5b9402e2673a63eebcffe80d,Benign,x86,x86:17680682489187402207,false,train
5949ed9ade77115194f85bac329967938a1177b3f9b7c9566ac7413166365ce8,Benign,x86,x86:13213554326180228408,false,train
5962b5e7546e69bdb72caeb2a872144c387794b1db9fe48c97c2ce2ba379776e,Benign,x86,x86:20245277259142571,false,train
59728c88a3a8d0f4bd6d27588b08c0b8fcab242380d0678bf344f0b5544e5c91,Benign,x86,x86:9860270188738106349,false,train
598602247a2352377b8c068c1be7fb0ba498f7371102c903a01ccfe58a912474,Benign,x86,x86:7610283919545569033,false,train
59d60b0cfb92f3e939a04eaba2755723a16236822bf0c7ef183eb7f3c0f4f36d,Benign,x86,x86:6215363465364764565,false,train
5a4cf84ddec7182ad4f1282b11cfe85e986b91d7a4a2c7516f59b5ffe54e925f,Benign,x86,x86:13686237281453095018,false,train
5a790e71e2ac63bb08f321b80bd473a6e250e559b335aed38a30c6d5be790a7b,Benign,x86,x86:15010767090345048857,false,train
5a95f6e5c3764bb0181d61e50ad70d82aaff2ae08ff8c6eeff6edc4491f73909,Benign,x86,x86:17671912217425915984,false,train
5ac1f758585fd56671716055411095080c0311d5b05b9d1ec178892b6632aec2,Benign,x86,x86:1451408376007335590,false,train
5b036c9e9442028db8e74882a021978d7b871222567c1cda073fe6028af49b5c,Benign,x86,x86:7581367615166132217,false,train
5b12095929327a60a4c342f54a4b0f7c81745eb7da648b3b990903551039c69e,Benign,x86,x86:15998551745714505106,false,train
5b88b842aca1592939fc1ec5b78a81318c84d51dfeec747a20b477e9ccb8e795,Benign,x86,x86:2502759649893250185,false,train
5bd8c286343b9027c2a8b6578d9cc0b713d281feca608342712e9a6d5154f8d0,Benign,x86,x86:371029760016995999,false,train
5be8a7270134d54c868c06c1b8163d5cdca346074a5136fc28d1e94904ea2f38,Benign,x86,x86:9166275936153505687,false,train
5be8c0acfe1d7be02bdaf12e4c4542ef6b0547bbee7edee48fc8215f57e7c78e,Benign,x86,x86:9212816225408069654,false,train
5bff81ee7c5b860f708e540c59107750f3b8ad196178465a076dc82c06fe2c99,Benign,x86,x86:3138210161264562531,false,train
5c2dd19b837488c7dd1ad94bca7ec9a3a611d9b10cce353db8492eb79d413eda,Benign,x86,x86:8832695793801266118,false,train
5c31d6612a89ba8ce0a037d11a133bff096aeed1e77d588137425277f00294e5,Benign,x86,x86:13885360544382285202,false,train
5c795f6d6acf30841c81854eac57d1e926f9a85899aabb065df2c393291dc1b0,Benign,x86,x86:10379511727652573963,false,train
5c7c90fd284a58ef92753408818bb03ab020e62322cb011ce5e9aac5b118faa0,Benign,x86,x86:13164831382912912433,false,train
5cb510f3d6571224c258a4f2c60d7ff36d05c2a00bc3f40f0ce4d7cc07ed8017,Benign,x86,x86:18286647934921565180,false,train
5cd401bacd2ac58416d0631e9e654287bfbf8c60d851b7b41c79cfcfbd5a8e41,Benign,x86,x86:8842211627834758566,false,train
5d10589c01335642e4ee522ed3a62934b1689a315318c457970242424ca0f019,Benign,x86,x86:11271165854021246079,false,train
5d1291fafbe360d1fea04d40923150e8eef843c0cff59de586efd437c4151e97,Benign,x86,x86:14548043443777204264,false,train
5d4465e40593d79ad68f69d1c5bc1758e4d4af32107e7633d23cebd5c83d3534,Benign,x86,x86:13137208141467468755,false,train
5dc8238fae6c4b608595d1010cd580e731cbee40086136372d2c213eae3e826a,Benign,x86,x86:7643879471832956438,false,train
5de44579872a15c5c0f17bef12afce86fa243277db5244b546b7f6fff19b3037,Benign,x86,x86:14513781085282087249,false,train
5de461fd1de26a0f9d92a22edb249a248c066ef05b58a8d9b2c913192b8655a1,Benign,x86,x86:720294072960227563,false,train
5dea609e19777df0da0aeab9243c9956f5fdc44b8e4154f5a7508fbb04acc710,Benign,x86,x86:14996174274967960970,false,train
5e7fef8858162f5144f768997cf2ab4175ff68b42f8909c6bc61aa0d9d0a210f,Benign,x86,x86:2022177389384805810,false,train
5ea7d5fec62053797aea35770a0e22bb20f1f1ad5b593aef6a85f67685fd6a2a,Benign,x86,x86:493638069147058210,false,train
5eb38f13cbb60b16b68d53effa89fa12909e329ff410a9921028381928d91c16,Benign,x86,x86:16809997404965111922,false,train
5ecdf40796eac23ac950ac20f39ab0862d66260406e99f6b0cf6f9dbf3a9a9b1,Benign,x86,x86:10000241960926818253,false,train
5ef03ffa01c33915d0187ef848db4df4ea118fc1d99f9d942605ba276db42011,Benign,x86,x86:14955198365346558633,false,train
5f437732a2bb814c7ec71cbac98502605ccf30b576c643614d26df2724604312,Benign,x86,x86:10637011168048400774,false,train
5f580283afbe32578ae816f39faab56c27b4c7d47b718aa4d673d6d3e57ce028,Benign,x86,x86:13366310782206819095,false,train
5f6d559a10377eb1968803631b1acfcf9e8f877107c937877741828b5ef224d5,Benign,x86,x86:11143626229933738082,false,train
5f834df87e8a626bad143e5103710e31ac2daca65ac0feb2e982938d642bf976,Benign,x86,x86:384452301856140067,false,train
5fcba98fab1b6967ae14b56f9da13a7794be618257adba357909800e53fb25de,Benign,x86,x86:2635071794702602723,false,train
5fd18b9ac87a798e32caeaed5311d484802271b06deeb39390f08aca5f1c5424,Benign,x86,x86:12709949965796711535,false,train
5fd445c765aac535e7aff22b2bdb1aa07844cca32b702d9f1af61ee5fa52aead,Benign,x86,x86:1005218249462068881,false,train
5fdbb2827a3e4d61827711e29211ca9b6369487ed0e988314b29ef9667a3f58f,Benign,x86,x86:2156435050779099764,false,train
5ffa51284a2e874e79fc1300d72a4bf7a98342714692ca665d88c09feb4cc65f,Benign,x86,x86:4216737307784820357,false,train
603f0fda740c0d08a119662766ada7ab5967d73c2057be5f7661fb32ecdbe478,Benign,x86,x86:14394383243480576881,false,train
6083bbe57d15c7411dcf4321673fe0463571b0678d59585318f1c63d1dcd61e0,Benign,x86,x86:2671592547439378307,false,train
60a2f3aea43eec8e4b7c561c5eedfe8e34caa23030999dd540bea8ca1eb38a50,Benign,x86,x86:17128369820042904730,false,train
60c94d43adcb7a7faa7f09af1794170325c4a5e5719b556540676fe034cc7f63,Benign,x86,x86:16794593545530238732,false,train
60fc641f5d98a8b68d5f802f12302b1057d1b97041cb8eb36f37a71a937dd14a,Benign,x86,x86:7784213203787631125,false,train
61076125488d2eee503505434090ab15e4a77a620218dd7fe922a75c0fa87809,Benign,x86,x86:17099607300262698731,false,train
612cac84df10f22a9f560a71e60cf54e771a440c8abfea6e88a30bf6ebec94d5,Benign,x86,x86:16424830502715571322,false,train
61366d93015d21ee51799566c1a3f8de10315fbf9383b3f04c1ef982259ac422,Benign,x86,x86:754888174764416016,false,train
613eb6d9d7027de766bb6aebde4f1c541d52b3369e5c52999efbda34cc17a2a0,Benign,x86,x86:2847872298772858312,false,train
618125ceeec53d7ae1cf7c24b58a5d163ec78773303cec308b7844e78d8f92cc,Benign,x86,x86:4395943393818370644,false,train
61ae4c0f653293c6897cd77d08b24cd24572530c42769d10565db2ebcdd9109b,Benign,x86,x86:8646344265874629375,false,train
621121eb044a892e1e5ce124bf9386154ea0f91406fe1bf62da0d2d8baa478f1,Benign,x86,x86:2776135919950150822,false,train
62acdc31fd4a55bc133cdfb8a36182edcc37a9937a7ca863f6a5f45837c94b84,Benign,x86,x86:15546655647494075884,false,train
62f2bf6980e73de73060416e4daf9ef7bf0029719b08f17bf8d803e98d417249,Benign,x86,x86:18315030796239021464,false,train
633002f25b1333de2f1c5d75ee564260edfa06f54940d303f7ff7cf35f865b70,Benign,x86,x86:10738450736019373133,false,train
6340e8e641150b4bf3396c5242c64ee37d3294fce86848b423c8a352f7e152c2,Benign,x86,x86:13807402585057167182,false,train
635e2f9a76baf580d1dca0ff515f4a7b1a1c64473543ce95571e1b061a16abf1,Benign,x86,x86:2825033159594098271,false,train
63635164facb6196f3bcdeffc6ce9bae534c4a7f47b6f20231c11074d3e021c6,Benign,x86,x86:17509649330699543566,false,train
6378b390551b7b292d6aa52b53a20c0790dcd41241c8c0eeaf207d89acda9d21,Benign,x86,x86:10576529348828771436,false,train
6393f31954ed9df2a13db98b69f17ed2e0e8c56d261f182c75aa2db4393bc0a6,Benign,x86,x86:9647544477293191430,false,train
639453a9cfdcb5bb37e72104c1062339e16c8bca04ffd3cb2ee86a11f4969054,Benign,x86,x86:7255011531775051705,false,train
63c9ff42f883b05c1a2ed29c78ed075a081f48408c9b3af3b3b19cb3f5365e17,Benign,x86,x86:6600576742907976373,false,train
64015345fd35918015d050b62a0cf7a844b94df25fc89bc9009b5f7e2be5e84e,Benign,x86,x86:1329201177628078842,false,train
6404e487a2241f81f12e4ade986b7730c1a357cc2e380741d62720ec6f8dfed2,Benign,x86,x86:3890835595629642896,false,train
643d667cf848fc129d50d119008f3f16f2cbff00b607af2e53f1125652ae8670,Benign,x86,x86:14258938362301940731,false,train
6447e375266db73148b5069801aa3a9e7544aa97ca425455ec799304a97171f0,Benign,x86,x86:9174368266862619276,false,train
64646564e2a0739f3f44d923eb7bbedd0f69c5501ad3ea77ccb6a5ce194b2211,Benign,x86,x86:6929120887552991015,false,train
646ec4fa911eec42f5c9127e6d4f5cf5c6f413ec4e55cbc0ca6b5f593a68bf1c,Benign,x86,x86:15897791614770861936,false,train
64c2dab8725e5f74d3116dcbfa78c4b2ccc93b9ecd6834286aa3ad83852e252b,Benign,x86,x86:1270726859954051125,false,train
64df358e8ac07cb14d98078d5fe87a789837851d128d972270bd8f0afc0bccf2,Benign,x86,x86:13629753783308836662,false,train
6504cb109ed33f0b6c5ee7ed63d9f061888adcf2b352aa40fe8a8c46ae6a1ce8,Benign,x86,x86:12143313045432115653,false,train
65c2d339e07863c88fddded54db7f10c4a17b531526fef7a90be962948a3aab2,Benign,x86,x86:15795808670421265961,false,train
65e62aae2cd4cd626a80a0cefa760709114bfe755f046f73a208ffca2c33655d,Benign,x86,x86:2446242792781672953,false,train
6615e150b03089838b822e5db1f0599a2b0cd7e872bd890886b2cc2da1ec1608,Benign,x86,x86:9570599388230965714,false,train
666564e50e9ba3f31840a3b9f44190a8d3e0d2cd0b6a16a5daa4134afbb88585,Benign,x86,x86:9188920484436300053,false,train
66c2519659986982023f48b296e1a8a848e0d4af13691797a23a42fbcb2c8cde,Benign,x86,x86:10421009978149788256,false,train
66d50d530d296c805bb872ff80d953a80ae5177893e4dac5ca689e1675cf5d7a,Benign,x86,x86:8949361256597229376,false,train
66edd84369661080968f98d42a7975f12bdb5c8749d7cde8a39433fe095902e5,Benign,x86,x86:15519289996769892854,false,train
66eea2ce3ddbfc204b687e035e12e19968707652672556b8758e5386ddd8046e,Benign,x86,x86:1550066145601638839,false,train
66f33268af8394eba9d95e4368c3f5060793007762233cfd6ca4f962e2ee6fd7,Benign,x86,x86:1825502219891184296,false,train
67088a5eec098bafc4b0df12275d25785407a16c8796a579bf96377f0049484e,Benign,x86,x86:5202951144916021650,false,train
6730eaf3b44917f3c36d4375156e5e56a9f9ed48722f6713ae12a008f00f9959,Benign,x86,x86:14682781166742665508,false,train
675a005fc8ef693a96a85498d722388c2b23c2041020b088265fffe0f315fc57,Benign,x86,x86:14839460297689702400,false,train
67c324a62b73528c0066b8a73fe8888df8bf289525e301138fdee7f859b888f7,Benign,x86,x86:14462505803046466716,false,train
67c6839fbbc03641ca032520c2b7ea9b9060b694ead899a64cf61c15ee9a0661,Benign,x86,x86:12534618574259305993,false,train
67cd6f52d33dc39a1b3926fc8cb26f4de2f0ce89ffdbcb4483c5e102af4940b0,Benign,x86,x86:6339737173811358681,false,train
6801c43fd9345a82a6aa982f2d607b3bb183ec6f9f6e640ca04e4419bbcdd550,Benign,x86,x86:9588297648183684784,false,train
681df97bff1c866145c68b6be6e624eda1f99cb18ea22204c86e6d49fb397f83,Benign,x86,x86:3678197739707702786,false,train
681f06ecdbe0a9001b64cec4449f682d8bce968d736a09627d8f3adc27dba4e7,Benign,x86,x86:10955850151008826441,false,train
682407f985c3717822b7ffeef922bd0eb04015f27a79a06e7a94ae9d8aa51380,Benign,x86,x86:6467363472211541747,false,train
6835a4a3137100d9247a6c155da1a7a5a9173ea958dcbd9213acd9a23b9e8db7,Benign,x86,x86:1439218726475941605,false,train
687c145c557a80c8f20a96e46ea22e9a4879e0ff3817df5edc02d9e18b61ece1,Benign,x86,x86:10696502861807045689,false,train
68883a0bce1fd7fda5ff498c9fbb3d6cf5cb06b09d30e358b56031824fcac21b,Benign,x86,x86:16199343968543996066,false,train
689c9611b437c74f0d9581774cd1689cd72840f0e5f1cdcbdd42529123df5627,Benign,x86,x86:11748702530449313739,false,train
68cc0f1ae7ceb325a3932fd2adcd9239d4cd69baf841c4bce947f41feb537f1a,Benign,x86,x86:16807506820913820610,false,train
68ea8c5d1e42b698cb278d2944395363a3825933ef2645aa08b58ef119aee44b,Benign,x86,x86:2847003298605975126,false,train
68f5b18cba798cb97ec49041f62a161129ffa1a9418cebac5ab5b9c38c220580,Benign,x86,x86:9787564147694877807,false,train
6903d97cbd4822d622be9799a3407ba84c55fcd56388c8b24e8a6e502fd1279e,Benign,x86,x86:10636357022044041143,false,train
691c0ac8f9d736ca72a73d692304cbfea012ad300db94a41eda757a0200e1935,Benign,x86,x86:2381035742981905047,false,train
695f21b7e95dcd7321f3a301a7dd43b080a1a06c08aad2cce936a80f90359928,Benign,x86,x86:18429281924406479870,false,train
6975862c5c68016cc4ea9859c40161569fde4e215ece1467b6a39b4b654d793b,Benign,x86,x86:2681928176551060908,false,train
69ce9e8c035e18dd3436f246b72e0d33cc3e35c4544b14f3a4f081e1618e2d9a,Benign,x86,x86:161016153512929682,false,train
6a42d0d2e9818a28694b0480c052a79ae8f016227980c64b8e424a91098d9a36,Benign,x86,x86:15989831324412454767,false,train
6a434e64d40a753867a06d3afa330e5b26d48a04159f807739983a6ca378b4e1,Benign,x86,x86:15715705004291251557,false,train
6a876eec34e4b1b56b7ba9b951de987fd8070a5fda27fc1ffceabcad730a9dc8,Benign,x86,x86:558742754720775748,false,train
6a8b8d2442e2c4a71f21f46c1595b690097ad14554db47c7abb1b0b7e1e8744b,Benign,x86,x86:9961702511918098287,false,train
6a8e97f9ba187f243eb3e07f5bde8bdd756ec5bddd4b912fdf83115e1fb3e9dc,Benign,x86,x86:2341941563677822215,false,train
6a92adb9b777951550f87b65c7cb50dd85e12c93b7c9e3632b91da701aad6eac,Benign,x86,x86:2239812280176507975,false,train
6a9fb19188b91f1d8ffc740c2ccc12dd712407b4b78ec68a959d297fc6560413,Benign,x86,x86:12923216865765164481,false,train
6ae35ad08bce936123ca7b0e5412a019405a33d250cf5e2ff7ddf61346c48228,Benign,x86,x86:5318630850451768434,false,train
6b438f92e35cea44e2deb3cba8b57a76f20dce9e6f34ce7f14aa8f5fb41ffa10,Benign,x86,x86:12051600216777446282,false,train
6b96149ccab5cae4f21828c5283007b79b28e7a5d1be4dff531285e3e8b4c2f4,Benign,x86,x86:18410575719977244063,false,train
6bb97574a8f3fd73d830e8874a979ff6dba189c6dbc0b833362cd0776aa58f64,Benign,x86,x86:10891148167338760999,false,train
6bdcccecc13dc4b199a34080e7d02deef38056a3493e8b9492820dfd0239153a,Benign,x86,x86:7551051253302993749,false,train
6be23ebb0f9fb59974cb16796359e783c9d72afb878ca3d0e84e65561d087932,Benign,x86,x86:2668735976405540566,false,train
6be8494e88d1c3dd9b545807745407bc023f0621c48cdabc53e672ce15c0f5c3,Benign,x86,x86:4613668417838396468,false,train
6c31dd17e0595955ef3a33fda7e4bf5f4bee22ecd3a0a362c11e00752367ce01,Benign,x86,x86:16301098649637202244,false,train
6c32e6fea150fe6c2a1306632f4a5bb29a3179030eb04cb296e523e595f2e040,Benign,x86,x86:9352450662176819859,false,train
6c3af7d53e95a5d22147234c8556767cd92e6b1b35c0e35455d33ae4e2c5e866,Benign,x86,x86:3286022607843458267,false,train
6c7c22983e4ffd7a4940304bf056cd67122008096f5671d5bfd5418c9da98b21,Benign,x86,x86:13290684399550307390,false,train
6caae584da79a4aed161a553a8523cc11a8e66eb03c8d712b61f97fb8bf1cdd4,Benign,x86,x86:15598708573472918612,false,train
6cb2c9f70d84df7ed899f65c8d296e9c91cffd8f9473d87d4643df358f4c9a3b,Benign,x86,x86:4731106278941087208,false,train
6ce8bd46b87fe7d4ca3666944f4a57380464846bae180c1d828c0bf09902e0c5,Benign,x86,x86:4866428747079589096,false,train
6d00bf38784c019b4dad10304a291e3c2dcd88e443f5da255fa8b6028c121b84,Benign,x86,x86:9043884727844594080,false,train
6d22ff5ccde64661150e32996b7ad328856e4f177eb925909def38cdbda07e30,Benign,x86,x86:15103148537680224457,false,train
6d77df3a5963641556eefc5e76f24d37503679caf682954ec948e4bdb9811f13,Benign,x86,x86:16908522711984954661,false,train
6dacd332cae549ed1ac11a36898c19a090b0d54926c864e4e7191615956e955d,Benign,x86,x86:612476590305881486,false,train
6db00ce00bf88b94f23fc5f2a847cd1e9d3057074df0cbd05f297ca963b6bb2a,Benign,x86,x86:15781543719715092398,false,train
6dd9ee92a37c97ae7b5943f3071409758038375aa793b1673b4ceb2a16b990f3,Benign,x86,x86:14307082915750506766,false,train
6e341cad320c84da90ce8c875fb141ba56849269711dd94d1c7abcbb8abb8429,Benign,x86,x86:10360289807595968412,false,train
6e3ebfe4f37ab6c9220c64aeb47e60dc36406a6fb68de63a5df841505e8dbae0,Benign,x86,x86:11754976045740093132,false,train
6e423dfa7b20017e1f0777709397af49a6d123a05bf11df3e6336bb85901dbc7,Benign,x86,x86:12864397982135597444,false,train
6e8723a6956efbae63a92c2769ba9db4035b34183c64cfa442114fc8ca282c6e,Benign,x86,x86:6542828523019055762,false,train
6ea789f70eadbc8229b436b4768dda339d5b2442b3cac590ae4ad10c82a4f7e6,Benign,x86,x86:7280023756393931759,false,train
6ed5d99ba0272bce524f936ff97da35df10801819ff7c04b297dd1217752e50a,Benign,x86,x86:14790336091906081738,false,train
6ee01b0926047e2a62b3a093e73ddd1b33de1069d38c6fefcf848cb0f8a3af07,Benign,x86,x86:4175024869553417138,false,train
6f3b51d18535904e784a4245419c143505d23c6d7106d3d2006bc4f76d78b13f,Benign,x86,x86:13603801701447266472,false,train
6f586e852a4e52219a9b75ac3fc2456662abbe078ef79250659ed90543a8542e,Benign,x86,x86:18135053825132133176,false,train
6f5905995153b5e9b80e0bf98b182942b58b9a4d585f8743d5ea87b5d2941b81,Benign,x86,x86:9066713401361255180,false,train
6f6142d4ff13ae9897c9e3ca287de260f71e3aff494c0ffd80453e7b54d0f842,Benign,x86,x86:5792150229011250832,false,train
6fa8bf11df1566ae133784a0b0a53261a33202ac0a6754944fb1ec054bf5bf47,Benign,x86,x86:2221291185280477542,false,train
6fda9a9b60f4661f5dd912e5aba3da29d2c550b18595e1a912f1ca1b4c5a8fcd,Benign,x86,x86:2007802025602678311,false,train
700165c667b4314e536acdffa1319ff822892dfef4d05a1bc1c5ba6dcb762811,Benign,x86,x86:9969583031896373410,false,train
702075ab2da1018ada1aefad8882955a51ddb009edcb51e9bf4176e48421c8d1,Benign,x86,x86:17466411440253114229,false,train
7038346517781704255cefb265074099504e1c7a38e61bd177372c961707d5ff,Benign,x86,x86:15143369059528254800,false,train
70550dfe45624fa6d7c593f05f07d398caa05ad5a4605512c405329e28547030,Benign,x86,x86:5081915525767265026,false,train
7080dc2709f6098536f2e49e844c65af1be54174006a0fc3164a1248f1c71cd9,Benign,x86,x86:17936536726491330773,false,train
70ac7de5ce10f2d46a5bf3fcf42b3f4247d218424d86287ca179c2d27de40edc,Benign,x86,x86:8168145796113941271,false,train
70d21bd001c812c8f68181c74c228e2b532f4182ed538d163df5794a69800916,Benign,x86,x86:12222071165354348342,false,train
70d74cf4a435b9c24d8a5e7e6c31efdbb3004d3b177b85fc7a02b447618476e9,Benign,x86,x86:2787111590269435319,false,train
70daa239bac6d0b17ba6a254a600e46c43b998c8675578d6a0690f7c6b4a7ec1,Benign,x86,x86:10319291115014611377,false,train
70f367c2ba8546424314913e8945fd90052cc142baacf6f9d3f51749bd9c755d,Benign,x86,x86:9853135701665785812,false,train
710cbc2b709fdef06f209966e3f123bd9049a78ff98156da83eec928a9c94b4b,Benign,x86,x86:16951374537224847116,false,train
713db197a922c4d33bc2d4b2bac5b708a1fd51f178daff8775e0cf746754c521,Benign,x86,x86:835672935173731100,false,train
716605a6739230947e533b276ef22840798e0fef672e6ca054274f4e65a16178,Benign,x86,x86:13846318840977652428,false,train
7181fea2814950dff895dffe1bcb785fe460e3afff137a178b7c52af80bb8bc1,Benign,x86,x86:7988608629232154830,false,train
7192077076c66ff7dbd5cef6f269c7c6d25e86cd3791a32b38c7c480f7992ad3,Benign,x86,x86:13260132826739705106,false,train
71987305b15bd4968eee1d5431f9dd581b4dd4362454f6d4f7668edc138b43a5,Benign,x86,x86:7194486775227315588,false,train
71cfb308b71e5abe6bd693fd11dd4b1bf347f1ad6c311d1f3af1257098a3e86c,Benign,x86,x86:6287505568102968145,false,train
71dd6a05eb5a7cf724be5db032bb7b8a4cadc24bbe9a15bcde8c1de0bf048a81,Benign,x86,x86:3989848110975489246,false,train
71fdad2c3e7431d80bf038f87a7a4e372377e1dc8564696b76e1125d2cea8187,Benign,x86,x86:2599289534994629906,false,train
722a3fe5a0287c71baf6b50acf10b9b08d0d9a60f9a647ed5802ec70541f3498,Benign,x86,x86:15680368458613582559,false,train
72463d8a0033ecf72ec685be2e843fe6efab9835f55e103e14ce93364da6fbd1,Benign,x86,x86:4136168998793980528,false,train
729aef6d78bd5a4776beace78d7fd14af84ef3817fca3af1beae0d843189abc6,Benign,x86,x86:13239012367451171730,false,train
72da911b531f4ad0904930ddc316c2c324cf3580474a6e3bc20ab74f70844de6,Benign,x86,x86:17120395659982697673,false,train
72f32a218bbb54ed3f723ef2d32eec89e5aa0f89029f1948c89db3c6e4c8085d,Benign,x86,x86:1703916597788189913,false,train
7319f64ce40bdd1d81a94763f4ec3e2dba8697b17d6fc8c6958520de4a554aee,Benign,x86,x86:9117845282549717737,false,train
7373c967da462cd7d473227a4cc5a310cb2cac479b7c5170fb3cebd504dab2ae,Benign,x86,x86:17103118607555664474,false,train
738286ef0c18ffdfcdd45fb9f0fdb74fe4c2a1a758fc75e52ed3a7339917cec4,Benign,x86,x86:1924125778911636750,false,train
7391be611d9b385b30e5a210a48acdc59c2bc60e802285dbd6d83be92c17b96f,Benign,x86,x86:3089910468574346705,false,train
73dadb6431060ab293b2569ed5eedcd9b12e1ca55ac622dfb73e234c9d1128c7,Benign,x86,x86:7240007843090227317,false,train
74405606840712234a29c4192831abac8b6ea4934015a498e68fa57029f00b79,Benign,x86,x86:990405320849899160,false,train
7459330e418fe24f8a9fd0ca784b5d3df61f715ef315de6ff894cf339d4ffac5,Benign,x86,x86:15718073441675213694,false,train
7479123e7b7f18a1b3aaeef5d051cd755120944b2aa77a4fd526d0dd02e61f1e,Benign,x86,x86:4375004287524699999,false,train
748f7255b8a2c30cfa87c147465a697b7e995d7bc7858c7eaee7e01788faca3c,Benign,x86,x86:8463958847959909978,false,train
74957d72da6aff554dfdbcd1c4a08898453a04f680fc31f7e71e4cfb4b643416,Benign,x86,x86:7073309272713389294,false,train
74c509e6ef17ccb922224ccfad90e1b69e974449b3be7267fd58530ec644c028,Benign,x86,x86:8257208272716405160,false,train
74dbb99ce168ea182f0d475172fae5d969caa87e3eee200d652a98cb60f7c3eb,Benign,x86,x86:18370136115507457389,false,train
74f2d10c20950a46863ca189ec7371750193f23d11bae6ff30ac9c2659e9ea09,Benign,x86,x86:82773006293155036,false,train
75090e13f4d5f575c632782e523b7c7173c9a0c0758c769827f54a8fbeff5edd,Benign,x86,x86:14345431085813528744,false,train
7515c8396cbfd939948996dd7e654663d474fdbed645246620e03dbcc33c417e,Benign,x86,x86:15490422755528204371,false,train
75394583f53e0914bf5a7a0f74da5e66de25072e925d135e7b52577332f31c28,Benign,x86,x86:8573190640986434966,false,train
755497eebcd48b710839fbc5b739299197dd8933affd262b8b02e735f166bbc7,Benign,x86,x86:15303862556128964773,false,train
7579f0080595984b735c49df2c5adc9f4c7380c1aee96fc4cb593963f4411cb5,Benign,x86,x86:5490851978860441570,false,train
759ada7b453cda630502d3ff67fbd1ddfc4c05580459d52533ae51b1e53b3e2b,Benign,x86,x86:10406027492736721878,false,train
75a81dd6f106b97cf3f0ed0cc3eb2661ba5d94c4b62656f57347104995e6f7c0,Benign,x86,x86:15379658900708438496,false,train
75bfb1d813ad70e9be4767bffdc500e186aef070a69b5eddefe22c116da5b64f,Benign,x86,x86:16355670812332903060,false,train
75c4f93dbfed5692a997f52669b884288657a7525765ed9ce9dfc98087fb964d,Benign,x86,x86:7812749473637388059,false,train
75f4dc89c7f7aab2c6d542c4a8be4da72deb7c669fce7eafc287a12f344b3a5e,Benign,x86,x86:6600629826564914109,false,train
763b0221fc4321dc7c72c0bdd9554b9967a19aace29877008b6520b5339d9808,Benign,x86,x86:8769325619591707350,false,train
763ebcc4488869df584d6460446901e8ff7b84b785462dd66b35baa3c9f30694,Benign,x86,x86:16172591501251987062,false,train
765a7bd6e296eed7094a8e02bfa6e6dbb3cf47e451fa66fab1820056d8ad8830,Benign,x86,x86:8293160046133416953,false,train
7735caab1180d9b8c6bc7bc197369f53d00e04c37ac05624745a7f71bf78d0b5,Benign,x86,x86:1217583335563150022,false,train
7745dec57f3322f3b6625825f016fae4193a747696447dc1ac16aadf851fa69b,Benign,x86,x86:13303004501712057105,false,train
775c7563762f96027a0a14de24fd690bc5aa7b47c0f3db3621a0a09e177b393c,Benign,x86,x86:14983458642391386994,false,train
776bed710a90e5cd41f920c7f7e5fc63eb8ed73a29bd428006148a63b4b6fcec,Benign,x86,x86:2594231243455014553,false,train
777ab4e3ed1abfe592ec84c839eb680bacaa22e3b78e6c01a238abb9e175fd7f,Benign,x86,x86:4193223034036525600,false,train
77a1a41be4134cb5d125f2b88fe495be31d31f9c7a86526e55c252d6ff8bfbb6,Benign,x86,x86:6151405328036302613,false,train
77ba8db85c3e55a4a14ef6749630509697e96f03c81c9aae4af16829b559dcb0,Benign,x86,x86:1710666726588870480,false,train
77bbde586120435c481f30192c8da1277443dcf9e5d92df153a849c854e114a0,Benign,x86,x86:18044538300404120923,false,train
77e6aba73271e60e1f118f05c4a3fe792296b3eb577f9aa13957318aebcb288e,Benign,x86,x86:15736736099781943825,false,train
77f96f6ac365d2217a8caac8f208165a4dd7c23fc2d7e9b65574c3c2f5c7d08a,Benign,x86,x86:297140539212905657,false,train
78b762584ebdc008f601c2100559880443d31bf353e9c1a7c294d93594f38de9,Benign,x86,x86:11025482397784540147,false,train
78c8930500668c0439468ca564b867a045ab00e625faa50a2bde265879b9dd56,Benign,x86,x86:5870090586721580560,false,train
78db0f120e393ee39d0749e49dac4f31e4025e0330a69950d36898d155842a3a,Benign,x86,x86:5853504780657302563,false,train
78eeac5825a2fbbd92e5aa5c7642e80570d8c2f16393bee6e35daa5fbeeea40a,Benign,x86,x86:6019809231260286930,false,train
7917febabc0fb06296ff9f061fc16f6417fc597c305dec88aaf57c93e57344b3,Benign,x86,x86:15538917659291247152,false,train
79347eeca3eb5ebd89ee168589054bf7de3c1dbfc19f028d69bc4e5e5b50d0af,Benign,x86,x86:15925651720629628515,false,train
79570072aadfcf498a555185f4e4325efde1844be6435da14eabb63968267912,Benign,x86,x86:10932617308312392474,false,train
796e1557556a626c98919c3eafda0a1b7c2a3777859908588fa2a2679f3b1c64,Benign,x86,x86:9320240233567974834,false,train
796fc04bb4683a510a769ebd1c3078822813d8f719bb89be62621b38168aee34,Benign,x86,x86:17614764186644970189,false,train
79898bf72b4a67be79be494c073309d5cd375891ee1250b7dfe4791a56216761,Benign,x86,x86:17586390447800047624,false,train
79d57dcf450b638a79152168eeb568206d033b09416013060f89b121ad6494a2,Benign,x86,x86:9802136613320522402,false,train
79fb1b98c1157f7ecb5f7afb2a7bdf36cbe25b3fe9662d5182dceea7627fac2c,Benign,x86,x86:12655458101112062975,false,train
7a096dca94fc0d6e8909c55725635a462553cfda0dabf381752efd8b7a14805b,Benign,x86,x86:2835161824364363749,false,train
7a2743e79423d1f2abd0208a4d3d4abc204c1bf6dce28e2f4427ae5f48348199,Benign,x86,x86:17810103662688609323,false,train
7a326c9e010476b146c174766a82af43b85874ca88c435c780064604b02cb252,Benign,x86,x86:13571350058492346361,false,train
7a47959be1e2d8cee3da5c5a42aaa2eb28998e34f585fcc24a37115d3bef8ed1,Benign,x86,x86:3147733723243726317,false,train
7acf4afdabf3d32050b63c18dd1ac2ee8e47a5c134e9a76ffbb60019ee2ecb10,Benign,x86,x86:9416978098383424198,false,train
7adea3b9c5c80ba1947545ce72f697fe900561aa76104bcd43aade0b6a312b97,Benign,x86,x86:9465562177243173923,false,train
7b01fd3cfba417734429ccdb91948c98319036931cb319368b43a24f14f61765,Benign,x86,x86:3608666398974636358,false,train
7b3f7052f15a663584ac23743cc51999d2b12bc973c4058298ce71a3078f4d52,Benign,x86,x86:18286069789711707847,false,train
7b447dee9d8c1ee7a3c7fa60760423f069f46fb39028c5014d145c53545f238d,Benign,x86,x86:16610161491422916809,false,train
7b5158fa126c5da65b9036858a3ede5826da300a490e8cbfce8fa1d3313d908b,Benign,x86,x86:12591914766660979346,false,train
7b5df5cf73b4a49c1487dfc29e1e4f63b0df9990b6257e51789129a90971fb0a,Benign,x86,x86:2354992332055601532,false,train
7b75ebf9f0f3c23be6cc3709c60dc54b4de72cc7688bcec7784c83714b81704a,Benign,x86,x86:15526258603892812065,false,train
7b7a07fb89dd82dfff370dd2186333319fd4560fce4867cbd3d4bae2c6b06ba8,Benign,x86,x86:11093018985958595954,false,train
7b8ca5a026641852d8091ed69509e809b5e5e65f801a46c6670d6ceb4029a102,Benign,x86,x86:1282026431708782493,false,train
7b96d00599eeb3e7521ee621d0cae784d0e1386cdf70923d2de446d0c9fe821b,Benign,x86,x86:17348445675151852342,false,train
7bc1cc3374e8803f3592e59e7dde7a4e4895db79968d2a9e499a12f88d9217d3,Benign,x86,x86:4509950279153163700,false,train
7c34a05cdefa48af423d5503f5823b0b6f845c0d61a83c161ace5e5f04c889e9,Benign,x86,x86:1695490787031783110,false,train
7c583bc73dc4c26885a4e4a9da9629e294953b22d9cc11e93ee4dd904b098a4a,Benign,x86,x86:5458121787724294133,false,train
7c5dc2517e985d5269799489e39687212a9fd09139db860f5d80f406cd5a1035,Benign,x86,x86:5551191884042047370,false,train
7c5fc136fb1a3f68d5b83d476aaa10b262a1c1360fd23b967e8ec4608add4f8f,Benign,x86,x86:490834875443470364,false,train
7c6f0486bfb46b982f9ab25087e9b18a54a10e039ebe7e96233f43bac918f381,Benign,x86,x86:13356429820808098608,false,train
7c70546e7579736a1026fb52709ceb5ee8d87dce48000fcc1381ec74e1c32799,Benign,x86,x86:3845790684617572639,false,train
7c7ab7e4c50d90201794bde414941f3ef74887e08be108df745a0f9591e0cf56,Benign,x86,x86:9867026264867563432,false,train
7c7cb413fd47484024e9b0c11c7b2ba676c483a3e3d13ed63594cb08a701871f,Benign,x86,x86:9108710939610967393,false,train
7c8ecfa55b1454005fc1f1f3962e0b83d25d1e9f04c67bc831d39c42a1480e65,Benign,x86,x86:11401789951090649477,false,train
7c9eacb4d48116d986b491e81d9d438ebea319de1beec90e352c8627d6f4338e,Benign,x86,x86:2415967781167222693,false,train
7cc421dcf87a37f80d796d33fd09ad5ffedd2301a042be1e1232aa2b229816c7,Benign,x86,x86:6189911478474996507,false,train
7cda104aa775a61e480359479dca2adce69a662c6af72ad23bc99f9e6c2c73cd,Benign,x86,x86:6007124081794761483,false,train
7ce7f04727e152fa7259bc2afc68aafce17eafc6e00c1b2d2ebdad36590ac0db,Benign,x86,x86:4907092378196887307,false,train
7cefce76964b57021663ec964e90871775f4edbdbe9ac822432f532dafe367cc,Benign,x86,x86:15609160920186447106,false,train
7cf3eff6cc8f81ed3e2ddc623b2d1159aa7acdb4d8b09bdea080f6b04fb37830,Benign,x86,x86:12610311391515990360,false,train
7cf81bf549bb62bd94dc29806282bc96557e276ca572bebe4ff81dfa82e12564,Benign,x86,x86:10702416663462587437,false,train
7d4f3d8bebb463cb31a4cba3aed41e352fac39cac3e15454df4ee7ddede11ddf,Benign,x86,x86:2042766890252400244,false,train
7d500fbb13acfb177fa39affed4d2cdcc01e310dc75bad811f09670c9bd1e111,Benign,x86,x86:5746259258893694153,false,train
7d5dd217f2a1e9968e3e052a8114fc00a28627c0e8ab5b05d187a17cdfcf0f1f,Benign,x86,x86:16152625571793481895,false,train
7dc6692090a6768cfdbe08327754f1167c0a04da4b7f751cf155066e5184de19,Benign,x86,x86:15746587419786343010,false,train
7de437a149380f0b0fc93eff5d97adb21322556fbb0a6b02951084049f89ced7,Benign,x86,x86:10080029467441583384,false,train
7de87d2d12f956b571022c76e9397205f973ee1c6fc716d5564e28bfe0622991,Benign,x86,x86:9877252095396312131,false,train
7df6361c4373191d5a5e54c90d8fe2da3a50453aa23c98931199a0d3d262f9d5,Benign,x86,x86:5200195848496102630,false,train
7e07a571bad91eb9e2ab6af276b66b09873dee1c0c3b5886448027980c28b35b,Benign,x86,x86:17091546182246377415,false,train
7e0adac6401976eb6c715023de4e3860f40e804dbed983a955c3051c30d9282a,Benign,x86,x86:14263145794715105240,false,train
7e0f8e9a23682662502cf25fafd1b3e2e868317c18825abe31b76b82fee242f0,Benign,x86,x86:10176266450323690859,false,train
7e43038e10d3c59b8cfbf7e50546fbb34271c9e28447a2a2cc795187c51afa77,Benign,x86,x86:10419900837973263198,false,train
7e55739c305acc666ff17ac1c3f5421a2504a8c205b2edbad2aefdbe578e6e16,Benign,x86,x86:7830972636423831850,false,train
7e76fec5b3a9f85d0f5c8a7c8c0384dce2d7526891919b53e7b2ea184eb89e57,Benign,x86,x86:5039188409250803571,false,train
7e99ed1bdba34eef3c2c5029a2df07157b2bd350880d74483a44a74947e655ff,Benign,x86,x86:7944819972941520605,false,train
7f007f1d4f320850b19551c7b3221c3beb1b14266ce08187e7ae23ecbfe2c4fb,Benign,x86,x86:4974719492442657170,false,train
7f2e9695dbab239f421d1334e3dfe0b68c8880febba8247e1979644899ce7e4a,Benign,x86,x86:65167095972089069,false,train
7f6342afa680e8d65a0ddb88c042c522783328be4801c743bd819b313c706701,Benign,x86,x86:1599394340018894762,false,train
7f63614fd5214914965ece0ea91fc59487ef5fe365f0a267797da49743f74bca,Benign,x86,x86:765647140593115998,false,train
7f81a248dd812a2442955abfe643b04be8632cb37eed9da08c74c74a4c4fd17e,Benign,x86,x86:13102940038517210587,false,train
7f8f85e2e16bf89095678c7a9027b7f128718d3a9501b2490d5fc6ae07040546,Benign,x86,x86:15613420403383566232,false,train
7fc559cb35f57782cedf17fc254bd59ae434dabc7395d8096a34ddcaf0ed6c3d,Benign,x86,x86:4728901220269330412,false,train
7ffeabe8d9cbe19a8016e3fe84ba72ddb64ae58f0734932fcc0b991bd8833164,Benign,x86,x86:13636732423128747930,false,train
80161f628c067bf471ff53c497e8e30135571997d34cc15e0476d56aee4e1838,Benign,x86,x86:5164208243390879668,false,train
80359fbd8c4d92016882e8eb17c99818db73faa08effe63b572c1b5ab652dcc8,Benign,x86,x86:9454287502302131224,false,train
804d0704091901ca286b414b8a764dbb5404edb35bb317e250f28939381644f7,Benign,x86,x86:9699008488635585912,false,train
805e68b08f994a6eb648e8bbfc5be038773fb5d76656f309c0c83ee91c577b00,Benign,x86,x86:8894254430620755401,false,train
80909bb1f5135328c410e14c0ee0ca613e6ef35e5696976c33ac49e9e2f08f30,Benign,x86,x86:6954729210243056826,false,train
80bd133ca6119b5b87e7aed37f7a32a5cc2c8aaa767b360aaa69a476fbf88d05,Benign,x86,x86:6548079468542913766,false,train
80c665b65887949836819f7ced6b7f2cfd3a7b8dd604f72768f029aa21e16a24,Benign,x86,x86:2757680629948977556,false,train
80f171349aade642ff0bcd00a0ca9959f03866692b80e746a29d390233f33461,Benign,x86,x86:30580173798858832,false,train
80f7016e68f9a75ef0bf146c530cfbcf95eef7069fb5b965a558a59a954110c3,Benign,x86,x86:16737773888858444251,false,train
81487767cd183775cc08d9962aff9aca5da051448b54107abce0a24833480d3c,Benign,x86,x86:1657744672077100548,false,train
81650c4ae11a93a228837c2d8040f8bb0fb7b462bb63d2ec056e4d2ae219c552,Benign,x86,x86:10287623546355309219,false,train
8198f1f74f77a9d7dfc91c7cd58835a5e2f8c5f547c438d5c13f3b41decd2303,Benign,x86,x86:10458198263739730917,false,train
81b4964aad5ed43b2db19deb5e7c924179e95998f693bbdefbd3ca7986f1f9fa,Benign,x86,x86:8890627380371529374,false,train
81cefd6f9a39e0d3a285b4ab4e4428dccbb86563f835e26a3b58ae7c01766a23,Benign,x86,x86:3661531280860072681,false,train
81e6e10d892538f61f37948f6f1cae516ba29770cca27382472af42752c3b3b7,Benign,x86,x86:12728230087508614623,false,train
81ed8668276c7646c4db1824689ad07990098ea7cc0d1a9fe6fb5bd7671a3409,Benign,x86,x86:10945939298125287464,false,train
820d568acf7966eb8f91ba1c6d3884db1f2514cf0eca22fd51a90439c7e65e71,Benign,x86,x86:15034306910022000844,false,train
8280008bb21381039930ba741524c63b07357f9d0551a63d03b67672b2de67be,Benign,x86,x86:6937983645385003218,false,train
82a82a03df8bf878038f796924d4336c4621e43663779cfc42eab902d497b82b,Benign,x86,x86:14760313365766820854,false,train
82c9907617717fdc3dd5905898161b74ad56022c8b600334747bffb235a1d958,Benign,x86,x86:1007969481936691035,false,train
82e7f6e7fbe3230aeecdc9d79acd3a966ca34507337650e4dd8c8aaf938ba631,Benign,x86,x86:3766267536809180605,false,train
82f33d903ced8e238a46451175375c892b7b8c726bf89e74c0a9e1677be36dbb,Benign,x86,x86:9985173532376784160,false,train
835d73841e1b9ad230842af3dc5fb1956651e52cb2acbfb7a2531750a9610a4d,Benign,x86,x86:3615729336598021252,false,train
836b441f1d52900dcf098f516e6c1fd479b9f54167f350dd96420a8c4c45438b,Benign,x86,x86:1704486095360386366,false,train
839acb680a25b5e51f8661ece0d98005f6a23d303f888408028e5f10502f8d65,Benign,x86,x86:17984351535461543715,false,train
839b34b33f5ed54edbda90351393b651c1c9106484753a2c41ddac34c71e587c,Benign,x86,x86:1410392070393931125,false,train
83eec0358b3fcb081bb40a891d3a064222b9c67125b8b3cb71f40deacebc6be5,Benign,x86,x86:10157228574993311718,false,train
846879d5b1b6c436ca86d0504eb4e030f9767f15b75b69839083c7ff6cc49460,Benign,x86,x86:15740578944517478806,false,train
847b7e978cc7fc96e25f3001a29b8254dcb224a968134cad954ad4d6c91bfd17,Benign,x86,x86:14930623294814041474,false,train
84a15a610c407e75ffa7ce2c8657fce0471f05485ce16d349ce709a03418104d,Benign,x86,x86:16142476077787493423,false,train
84b3aaf2810e69dd126e48498797e0109e3cc7d4f70c74931004e1636980ad05,Benign,x86,x86:12416158192402056272,false,train
84c3dff0cea792f53334a1b3075430faf209d4e552dc48d207b652c8919f4748,Benign,x86,x86:15658628158366963066,false,train
84eed32e0cc09a7017bf685bb1ebcd5a08f9a7622160f1d5f490997a6a2e70f0,Benign,x86,x86:11358405376092044204,false,train
854f48afdd3af9040eb1f76d817f5e989f15f4be90208513387ac744ad9f52d6,Benign,x86,x86:1394531872267161068,false,train
858f2a73dc32026cb8eaa48b7b61afed433ea1ab474842491a489ba18d98b7e4,Benign,x86,x86:12710113111514348400,false,train
85b557a66568a59bdcabb83bfa83304113e251f7bb336a2e42443216015eaca3,Benign,x86,x86:15975840091135491810,false,train
85c758ee30ac186ae3ca2fb237d298f9313f20d27c3eea9a14aed9a24331ea5b,Benign,x86,x86:4508756359380048376,false,train
85cad0fd36157077b24adc140dcb64da5d0df9c45f315b920c85c916624814b6,Benign,x86,x86:5223573505396453248,false,train
85cb731d540ab7e623a4b203e67a76740c3d9c686a8fe0de9e03f1b1fdfe093f,Benign,x86,x86:907734218992839572,false,train
85cf6bb3bf8409824c75e24b2a3f7d5795e2a7b7c74a83859929d73676530f29,Benign,x86,x86:4054686954310291584,false,train
85d832dc517f2cb7ce826c1987c29f816ab1086489b8517875f6683f9376da94,Benign,x86,x86:16281517692300128963,false,train
866795e15ac26ee093d00805f38df50d53ca7727e723679f8f43e24aa535f9b3,Benign,x86,x86:3583255728609787997,false,train
868565ca76461b98bebab47547689b36edcf310760a7b81993f68d33b3b1e2ce,Benign,x86,x86:1269265064337516477,false,train
86a40baeae060982f2d1e9500a8c8ed6720c7b3d4fbff6f1ea554084f17e524c,Benign,x86,x86:12622674557257210904,false,train
86acf0dd24fc52dbf86d4888c1bbc7a02114612020d7459be62bc6818e9dfc32,Benign,x86,x86:6662148049094742848,false,train
86b202473c6ca3d08af3ea78b713024f0c2d0b3abfbe05e8b38aa052b1987aad,Benign,x86,x86:16466228649581859100,false,train
86c7042bc3dbfae7600974f1b0b3944b3159c73315d7dae0c4162efaa5d8a642,Benign,x86,x86:10081915047093223873,false,train
86db8223c9c82de52dcf3ee438d4c0b561e4ed38e7a8d2f795a5a969b8dd5a50,Benign,x86,x86:16340165914548249283,false,train
871b459b7d5862ad1e5b80be5d2a55b1e8c36a2fd3cb4e40ca63198ce0c96b4d,Benign,x86,x86:9180358053232306376,false,train
871eab74be204e6d84bf87071e23d37b4f371aa5c9ebc90a5f1c100ffa9121ae,Benign,x86,x86:12513788033510635791,false,train
87240f3378e3e101ca7e2f7a0fe5fcdfb911057a30e751dadca6fe03cf2e0d54,Benign,x86,x86:18391509550387614023,false,train
87245df0cb905d6da8ee86b95ec7ae28e378f5b592483b69777de19e480ed25b,Benign,x86,x86:1203444039131593468,false,train
8733de60f5534d97f58c223480ea54ccf9d6e55add22b609798a4b0be048ddbe,Benign,x86,x86:14146199418860010501,false,train
873f11c4c287c7a56717079238aa0b4c211794e065c14ee854046fc85820ccb2,Benign,x86,x86:468773208688082435,false,train
875bf22e2cd23c900d71806c1f4866806ed2a9c1afc7cfb607a4781dbf471187,Benign,x86,x86:167152122602560533,false,train
878fa94de304eab4f8c3fce0021f581ec20ab5f77a656277a16f12824f320716,Benign,x86,x86:8786904080018541135,false,train
87b5629e82547b8596c89e258a9d5fd31f59dc8b6ec0fe2717779506988410c8,Benign,x86,x86:8977056795171823474,false,train
87c3286be083042a775e781eee0cc8730d9c4acad99f7fdf00e9aef759c84f28,Benign,x86,x86:9236037712303374827,false,train
87d9e1bf31a354ce0243bd1cf451de03c90a50c4deee18a5f787c54b896bd9ea,Benign,x86,x86:9138637106669681242,false,train
87ef72836717b51bc935791c41fb7d8c9eb932e7fdd8139547dc021bf0f68a9a,Benign,x86,x86:440524904946659971,false,train
8809bb6d5ffe3bb032d02f0f9ae713c9609f28c8610718c3c0ad5ce553bb6f26,Benign,x86,x86:14952276401523308760,false,train
881ae9475151c6ea4fb799e45ae1a23be5f8ee875eec91b2162c4766e00282df,Benign,x86,x86:17073307786362625342,false,train
8851c01ebdc93e062251e92f4124fd99b7255d5819e0f392cc4bc14147a4f4d9,Benign,x86,x86:13707817953038207327,false,train
88608adce2d39d61d2137906e5a65caa78172f1e5d37e8d5281e8e0686c3090f,Benign,x86,x86:8201091777671525758,false,train
88902aa60120b434704db0897502ae49cf9143c78c81f46b0e91e9ccafc58fcd,Benign,x86,x86:18094563360130690683,false,train
88a3b56a1e2bdcb47ea592311a20042ac09cc0c253eee20189ae872b72247c66,Benign,x86,x86:6683599370019049150,false,train
88adcd3a829fd7e5cacb900d7ce48fc7bf3895e3733d9b04b731d926931ce5da,Benign,x86,x86:14426090819627667972,false,train
8913d9397bf01b0e82dc26cd5db2480cbd8c7b290c4d4cd216a5f2a2444a1b96,Benign,x86,x86:7573500738193903297,false,train
891e6d0b86028963416f4331732303e0c6233561e14d75119df2bf54eee1707a,Benign,x86,x86:9208232496882481561,false,train
89353a112db24031990ecaea2f36887fe60e99836ab86e6aa49f869970c73b9c,Benign,x86,x86:18097004757760122910,false,train
8963f6a856c4edb15fbde11e1f634f7d864703d20bac65796ca32069d0023790,Benign,x86,x86:13102347624312386395,false,train
89b9166db081ea9600dabe3777bd0662d3cbdb9f5bc77abea7840c2664b32177,Benign,x86,x86:13470914917897698978,false,train
8a138558ab02f9aabc45b121e80443ac5d0794f7280b2162e3f2b6898195f033,Benign,x86,x86:3039605440993796803,false,train
8ab784169d47b3c16ecb24f7b0be2f1716ae98b09ac7617c9f1475a72ed0c8f5,Benign,x86,x86:16054829921084573544,false,train
8acefc8c200e382598bc5c0f81b2ad85ca3f8de592ae6f7317c4f94a8152f4c3,Benign,x86,x86:4213606758735318184,false,train
8b04402b4bf4740f87824845360828bc75be6901fa63553747ee263ddd9d8ac5,Benign,x86,x86:13008606816310959684,false,train
8b37fdd91bff5df3e0a349daea946f600577862dc41ad7d69078e55746920d78,Benign,x86,x86:15487245367143928331,false,train
8b4716df50d7105ba13486d4b5576a98553d241b0efdf8bbeca36f8a5d39b696,Benign,x86,x86:18205307710431697039,false,train
8b6fc4caf228e4ab0c0c0018448953c231e7424bd6ff255f546200b0ebd3360a,Benign,x86,x86:18308777513151282372,false,train
8bb954eff1b4a96e59d0d3e84efc8d4335f630031fd2429ba6be00d99d1593b3,Benign,x86,x86:12094480885540777209,false,train
8bbddddd8e828000a7580a6f17c4aab7ee1e40f1b63d397a7e9fb088ddf38918,Benign,x86,x86:14737044622414846849,false,train
8c2f6fd534d316ef6c87d61566db65a304bcdad93cb48a8e2c967e124f5c1fb7,Benign,x86,x86:545070390215649926,false,train
8c731b6be9139c7bab1516a03c80fcda008105cb3c7e68b0b81159ca1511a134,Benign,x86,x86:3080183180920392235,false,train
8c7fcfb7119749184252d1b6a026361d29f3f33e7f5bb0223fadb068beb07520,Benign,x86,x86:5047214242459409404,false,train
8c9594f610a7394ff7beb5d6f7e4fce863b8980344243a452472d54712acc90e,Benign,x86,x86:16059140508385437783,false,train
8cb42277a122f52464d0f9d6697d5783eb9d2a7104272572b4f5626907a517af,Benign,x86,x86:16775616914424497937,false,train
8ccdc072ee631d30c6ffca642f5ceea2c64a1289b8966a9693ee97bc73347b60,Benign,x86,x86:8836496875858558402,false,train
8cd0673797ee97b0853e7a7fd4904a7b63db66c741da00d3efb44de8b4eb7664,Benign,x86,x86:12500276488840657370,false,train
8ce61ed37dc72c42008047fe0619d3be4e00ab26bc4d2a30e503eb7224d1eb8c,Benign,x86,x86:7441859742468643911,false,train
8d36432f1e23a4c0feec1e7b26e545be9f79cd488e5b496127fd1e75f67b344d,Benign,x86,x86:8842603405580511582,false,train
8db50f245bb891350f0aae958a9d87cff1415b1a9d4ba5ccbe32f9f97ecdedbc,Benign,x86,x86:4370341083731270387,false,train
8de7d5b5347bd6075a153ee04588c27f56db7c3a78c136cea247708757a97afb,Benign,x86,x86:12305479519287428220,false,train
8debd70502696e3922d9eebc6ed244e83a6d867f2b87570739e486d961165974,Benign,x86,x86:10415739751273847162,false,train
8df7c26a077cde2aa53f00c6433d3d40dbed722e4bd87b3fbfb08abe06f95052,Benign,x86,x86:12873075312449703253,false,train
8e14770a8537b4671c4a074fa9d6f41c174d91fe980f29cdfb27f4ec98a62df4,Benign,x86,x86:14476554723398819349,false,train
8e25964850f1ede0039dc50aac67a68e7e896edae0050bcb86c3231a427bf270,Benign,x86,x86:4453872437456583171,false,train
8e5083bac381316e0123646060265cd30debb2ada702387e96fc29d3a2bec819,Benign,x86,x86:1259297696430539723,false,train
8e6647367688f0304b3750b9dbb8fdf3dc7fa089e583f57de7e137b8f88ccbac,Benign,x86,x86:3935529171660149942,false,train
8e693663856b59621fb9cd790be71e1ede5d0fdb22cd36316eaba9a7451975ce,Benign,x86,x86:1067577653539357251,false,train
8eec43c4386a05e56b222f8a34ce74c8524d0656ccd00ba5f1dfeb4816ef8859,Benign,x86,x86:12990361582074017566,false,train
8eec46ee9320b907fdce737cb21360e2d61584ae0a6c2eff359b82f8542dff3d,Benign,x86,x86:12874200947376405392,false,train
8f2dd55469da485222fe3dbbe291a9c734cf08eb5a455420e0389296704396e3,Benign,x86,x86:4999026839991321827,false,train
8f547035c0e94282faccbd96e6dce19786a40394c9a424e2301de2f95e5f9fe6,Benign,x86,x86:16776930936990538822,false,train
8f596ccd75980a054bf9880bd0dd677ca418aa4b4cf5730393feca70ccc06784,Benign,x86,x86:12972407829188096460,false,train
8f6e6154e0c3031c36a722c825eb5eeef056505bb6ede1d6e578a9cb569be41f,Benign,x86,x86:6144616890988782997,false,train
8f71dd44a62e8770a3092f5514e96e27d7773fbbd0782e4a788b65bbdbc33289,Benign,x86,x86:17174657857819319994,false,train
8f90eb1d3c05f3c9b9b81e720049e2ebb00e3e4e361cdd667d546127ba3b3341,Benign,x86,x86:18359191120701127382,false,train
8fc13c75e39042d48d8d67e1bc59cdfcc73211012796646632ee3998f2b0f4de,Benign,x86,x86:13572635202920825823,false,train
90059ce59a7cfad8c0b05e3f2acfc20ee652fdea33444edce305be4742fe6dc9,Benign,x86,x86:4731148091426280443,false,train
906c31890842dee4f67555173f2ed3c58a5fe0a412d5ff29ca13011fd791ec09,Benign,x86,x86:4205596180895233300,false,train
90744c1218b46bc897a13a1b91df57d427b2c77556d24243802997d4b1203eb6,Benign,x86,x86:8130897375998344409,false,train
90982018e6ad7e16fff60e3163b5f16f430105be4eaa5e9cd2cd325985f2c871,Benign,x86,x86:10979919298149212100,false,train
90a15f46933da7a95a7face249f87ce7e6ac7c0edee74c9ec8a551d0b0742f51,Benign,x86,x86:14667488989159808115,false,train
90a2b237d90112b91f98ddfef95c43bfb820df6ce1c21986b4ea231e1941e2ee,Benign,x86,x86:17394339152787884081,false,train
90b34f38f8864ea85d4fde885ca03ab8c1ee128f6f55b9f5862f61c2c67c6d50,Benign,x86,x86:6621749060996554872,false,train
90c73183e696c2b71f4299522d52b777068657de1ca1722918428151d56a1bb3,Benign,x86,x86:14571072935036650406,false,train
90e82e07325010f1b90cc076860504dab316074f64dae9516ff63eb47e14ed3f,Benign,x86,x86:12150141996177273930,false,train
90ed78ae3bd69cc87c23d019f028210059a289f822645a225eed13751722396f,Benign,x86,x86:10958824908498867522,false,train
910777122e7c4aa21c5b6f5807aa954197cc8e3865f6d1e9d572251e0648cbc5,Benign,x86,x86:15729300776327719506,false,train
9109d2815d183cbfc8826017ffb75ee169e6985919d379ff972dda98a7528e34,Benign,x86,x86:13901574553279754470,false,train
91974dd73fa8298dbc4438a503f77ea536655412f51b4f6a5c41b6825db8e507,Benign,x86,x86:4183615064945898829,false,train
919bcbc7420e96aa2485d85eb887f026b670c806186cdd247271d64f727ff9d1,Benign,x86,x86:14007418894136519280,false,train
91a4fe2e4ffd2bc6dd666b68b421ee871ef66aadc4095b2a9f2bde9d532dc496,Benign,x86,x86:14399103167532352316,false,train
91fceb3b3a37741cb17427acbb85c618a48a370b885ea649a3d4b412406ee054,Benign,x86,x86:2766458547989469812,false,train
9203e1b393224d4c90f01b725892a62e0e7512bf3d4e2f42085962ed8b63a0fd,Benign,x86,x86:4640860984097712357,false,train
923562c8de130212edfdc25cbc31f738997f0afbc632b2cc0585c0c251ca1379,Benign,x86,x86:13956177479979550465,false,train
9239f8ee84d3ab494d3a92c33a14db5e30ba4f6a996141c262a51f1f367ce24b,Benign,x86,x86:7835194431763933473,false,train
925ae7958343d427351d6f2fcc8e5269f3c30eb4b2704f5059f6c2c0c8b7aa44,Benign,x86,x86:6647443993589071493,false,train
925f47b8c8e43fa9d94b0169ac7772199b3c16061f1ceac62c9f40f7308df746,Benign,x86,x86:9127330491507378029,false,train
9263a6c010f7ef2334a17909f651eca9b179a2746dc27de3d93a567e5914e2a7,Benign,x86,x86:1749882808493727797,false,train
926b61bdcb03f4a7012154e40b1447fcbab3d44e5ec1e0a1d358f1946f051697,Benign,x86,x86:16189684162245221270,false,train
92861d44d544a98617027ad573bb9ccd713c922699bfece10d26c19a481b5a98,Benign,x86,x86:4109060000019008422,false,train
929d04f063e7f724b0f353670d65023feb6be7c18e8097ecc484cd4baf175fe7,Benign,x86,x86:7997626540595377472,false,train
92aeb3a550055c665f2d90a64b92d0bd3db7cd27a041f9ef053a1bd4dfeeaf62,Benign,x86,x86:14500673887931715065,false,train
92d480b0debdb59e5fd362f0ff5609a54b98124e137ff435be2ba40db0b16a5a,Benign,x86,x86:17245279302007637140,false,train
92f45627b7d8d13e8a6909164a319f3414d48fede585349f9fe47c0c5c8dec39,Benign,x86,x86:6595206934938394901,false,train
9315d69327169aa3056042dd90c4dd8a4e115522e7044ecfbb4b6d483d00784f,Benign,x86,x86:13552078283929914643,false,train
93331cb67b6e452f8925e9a42f1a97700a1968e7d36e482c88c7a8865d8e93be,Benign,x86,x86:383026561476316060,false,train
9342c05e50cfab344e858afa7ee01965d6d8a3ba6d160a5a37bcab15c8e5f66f,Benign,x86,x86:15187670138363749345,false,train
9356049c9073a272106706bbf5e44a6744606c152787707669a6e3ee6328faeb,Benign,x86,x86:17406558106909119068,false,train
9368bcfebb30822a096ac0087b658a61ac6ccd334d90d0089aad39ef5736e0c8,Benign,x86,x86:3072820178065735433,false,train
9369e0887a0776e87d67906f70158d3459da9fbbe69f45afcbaf538a8f07f2e4,Benign,x86,x86:1275941464855576446,false,train
9370fe3e7d4fe2b71fbb47b2f722b18ecb05c5423695bc3951667dea0f9c5c8f,Benign,x86,x86:3820365708422254076,false,train
93ccc4d4bdffd1d029619380dec6b176279d739d949d92acb0448ef568f28840,Benign,x86,x86:17704702417450900122,false,train
94b2e72032b09ed81bd8492cd48982a389dd8c25c85dd18fe0bc75252968c667,Benign,x86,x86:6363409318872369072,false,train
94de65b52beca7841200fb51354f610107c7d22653a34bcb6f45c1b3979abd0c,Benign,x86,x86:4362485930898416656,false,train
94e0a812ee6359d4b8e25ed7313a9d42773e3e16b3617e866667787ba60ebadb,Benign,x86,x86:1202936839615154946,false,train
94e7a392e5b4a04382cfc45d8b8ae66d91a9b2a9a74aa06e308b9638d68591d6,Benign,x86,x86:8556361480546390220,false,train
955d116cb0d13a95c46b31bc6c2608c05e8702636e7738eea0f8f024cac31086,Benign,x86,x86:2073492141097295806,false,train
957af07c65f49ee5cae9e8d4ddf243b3147ddad033101f4c59f4f3da50ffe7d7,Benign,x86,x86:2045101853586328943,false,train
958e6dcb8266e36645b111eb6630f1c3b6adaa8587e522c4b31ae62ed6fde4e2,Benign,x86,x86:383379882481568420,false,train
95c19f8882a19a6285ba6f892b39e20cc64028a51dc32b07d6804cdaf44927e5,Benign,x86,x86:5495026899232186398,false,train
95dfd2d7c068c806db95f25cb06d78e6f4ddf69c44bdfa27ea956b3d17cd58ec,Benign,x86,x86:2948164539825228095,false,train
95e5e626324fc5632eac12b03eacca3b97490ebaf99f3040140b4e5a550bfcf1,Benign,x86,x86:18318721479412097146,false,train
95e90b131fcf8e1fb80329abc552758ba7f343c0b53b94f7eace5c2772c0278a,Benign,x86,x86:14920338501575627066,false,train
96049eb7856e1cf1eec647ac60752b0334b7cd76bcc3eada92e996ec194b50bb,Benign,x86,x86:17821562459045129924,false,train
96495512e564b8debaef34def3339a25f56f21ba449ed46607bca5a978330307,Benign,x86,x86:9100327522619138104,false,train
964d7bb7fc3766754cd45558266c84112ff28044686b506e350d6d40f8343c6e,Benign,x86,x86:17943414474894985253,false,train
966c3921ca6722814d0ca5892c582eaeb97a23bfc4181725c80d66bc121c41c2,Benign,x86,x86:8609018625761919415,false,train
968b28dec374df08243a8b6ce1965339ac26e92e865f572019e4b2e835ac7bde,Benign,x86,x86:6170389587940435162,false,train
968b56514a2f8cdbc284f0ad58642ef6f587fdc5597bb77c945edc8abcfb308b,Benign,x86,x86:6203940355723073457,false,train
96ec838e684d50b6f135998f1c06bbd460d54024c9cf7be37121985a0a61135d,Benign,x86,x86:9922493638382121969,false,train
973d2cd213842115d553d68644d6e2e3e158718f432f979b2e06994c9aef27af,Benign,x86,x86:9514837700141623,false,train
97601523d7b94cdbfff0dd0aeab9d379e2d2c164d899f81eb5aaf9c8e085b999,Benign,x86,x86:150878423724687185,false,train
97703ad1b641983962948b41074115213397455b837d5aefc2b5cc2f40ea8164,Benign,x86,x86:12634846889998318930,false,train
97d3501b0ac59c3487a67343a2a7571f13e1f73a8fc272d941605f54fdfe235e,Benign,x86,x86:2748036960745443406,false,train
97fef2ce34de03aec14417a92e23f830a3da7165c31f17306ea6d5d337f8a43f,Benign,x86,x86:11084363017017473213,false,train
9812b43e08d2df6f9c0ebded8d736d691c37998285dcefd372cf7c6bbf5776ac,Benign,x86,x86:13274240224444862337,false,train
9813abc5d6a622f7a7d9b4c448228ba35685114483dfc70c94a97aff79492d65,Benign,x86,x86:15782224284915602874,false,train
981ba7e61814bf79d869248f56d6172b031e0092baf544a4a017277be47eb324,Benign,x86,x86:595844551651448353,false,train
98435164a99275498519bf2d86488e3cfb8f4d45f0d1305f692ea6ad9934bd2b,Benign,x86,x86:16315302787514017383,false,train
98447eb3f24d4b296f1242c578e43f451598cfb3890451fbe0031eaf152b9ba9,Benign,x86,x86:7022892235219304523,false,train
98a566a9c7e6bfb4446972f3f41b345e1a8791d45c22687a4ac59bde0b9a8801,Benign,x86,x86:8903774005099682419,false,train
98b66a04df3de7df0246e08fe0cdfb59b3368f03acaff347033cce989b5e2ba7,Benign,x86,x86:5346146059300239793,false,train
98d43a352c6ad9d05bfde65d7dd40c24143511b5b92e600fa48f94a7afdd3bf4,Benign,x86,x86:17181462663018455037,false,train
98dd1bf72805a14b2db04b41d5a8025ac7fce11968cdb44dfd8950d1fc8a0e68,Benign,x86,x86:3518064365083285601,false,train
99423808580aecc77171675d4a8dd529f369ecdfb9a5e0086d561c36c2694e82,Benign,x86,x86:17273224271239225557,false,train
997fee7121f7cded025ac80ba76ce3fccb4164e5db629d633f1566605d7fcf77,Benign,x86,x86:1284298768510246651,false,train
99898bed8f28b91edd4b6b4d3324a40004fe08ef4a7c45918afce53baf802ddd,Benign,x86,x86:6050310652265189558,false,train
99a238b8ec2775ac6d096cc6fbb76d19f7006c1666b3bfc36cdde280fc64bcbd,Benign,x86,x86:11021975965665971275,false,train
99d196b4d2cbab4c4e7596df846c2579bb8c361b93f0d3dfb1e4ca21962ebc0e,Benign,x86,x86:8622759029897250832,false,train
9a03d514134ef852e27b4de11e9c77aee93071326e4440b1893bf7fe008d7c59,Benign,x86,x86:15004453262244723622,false,train
9a458091905fcff43b26dffdcb2cbcf41ec9140ca47dc09521536c0dd025f184,Benign,x86,x86:18186816372288510229,false,train
9a45e11fc4fec8335d882be8717396bcb675d38fa3177bf6a056fa0cb9fca394,Benign,x86,x86:13299727536564008528,false,train
9a4c17a6a8c6b7897a222d897dec6df309c3e59214d7f8e3cd9ee2671e90fe1b,Benign,x86,x86:4486736081291916761,false,train
9a526e019c3f1686dfc32b0be6c9860f25a62acc6d5a364d171ad8179cf78703,Benign,x86,x86:752502963007093226,false,train
9a5b0a35959eb2913a2598d2c895160bd8460532bf20b4312cc77934e7199d10,Benign,x86,x86:15088656122359498765,false,train
9a5e4003e55dd3088846695c5bdccf7a3bc72d7b8dddbf056a6a95d71ed99ab4,Benign,x86,x86:383732252037568435,false,train
9a71f1da526b4f41c3d482e83a88269be8b2ac2eecf751db48972b6c6f2c3b7a,Benign,x86,x86:14733759036457570366,false,train
9a786983ec5cead6943ab613529798c52cf99fbacfe16cc535b3c31218e621e4,Benign,x86,x86:10657158934857453390,false,train
9a9261d1c4dde982761648a9c76df0a528fc7b95e85360d5eee19a84534f079d,Benign,x86,x86:11358278506660431814,false,train
9a9768e3f56ce1ffc1fd17398f7a56a4370844f5b66f4fbe7afb8d88d262c6a3,Benign,x86,x86:15436469482472951462,false,train
9ae02170657c4c2598061d2d159f24c6361e093efd72f3cb5f521f85de8beeae,Benign,x86,x86:8732347457230380659,false,train
9aeeeeb4cd8b140b3effa8ca4c3ca85eca449bb82bf634bc64efaf2a6ed73527,Benign,x86,x86:15631834971673601656,false,train
9af498d67eb5ce3a2c83382df51402d057daa1073ad0e21f9a3991f5b3455094,Benign,x86,x86:7586038047254875163,false,train
9afb1b1a5d614d4811b72967d688a9f8fc37b88d79559914c92b4df862c499ee,Benign,x86,x86:8028315779441910184,false,train
9b367cd6df6087357d8f4821d589cd661aaf5d3314da7e4cd5b9dcdd050047d5,Benign,x86,x86:10004478995464235342,false,train
9b4c26e2f51037899f5dfecf58ae1a0af33532a4402e90f62818726686ac6ec4,Benign,x86,x86:12811437180460811515,false,train
9b5210ec4fc6d93d36a3d23d0cafdc939835adade55721d6ef7c4ab480b8bbe3,Benign,x86,x86:16961169919434927304,false,train
9b5678cc5c527e1d9411e93ffe4d24659e3524f0b0c06508a6ac0906c2d1203e,Benign,x86,x86:2717952006029705186,false,train
9b7e45eca6825528e99c28911c7a42886734bc1bcd3c3594825c446a90dc6b5a,Benign,x86,x86:835019984560717219,false,train
9b98ca67e1545407d2a2fefa37dbc4ca0c3a5fe60e5956b2b4d781bd5e0b1f25,Benign,x86,x86:11308514749192811216,false,train
9ba375cebe5fe9032bd344a0c76c6e3c2fb6084389a55cf406ceb94e0aaa3e05,Benign,x86,x86:1522991578307730277,false,train
9ba8939d689f24ec95fdd67a759627f95feb290d3a8601642b5e9a176f75b580,Benign,x86,x86:9362831572918578850,false,train
9bb34faced54e6a448d9de9b4347d16597a01ab4383c45b5396d630efc1710bd,Benign,x86,x86:16800949731998578810,false,train
9bbf562ff101c2d95875e818bd53c1dcbb6b88f8664a1a3fc9b8272dfce73328,Benign,x86,x86:655865491292182005,false,train
9bc3837e7e6b4c30a723b1c3c6282a6cf7f3d154ba2bd6aa66b75194be34b704,Benign,x86,x86:2939849431410193282,false,train
9be0acaa99a194f1451f2a92d4a6860db9f7803e702144d6e050076e6963020f,Benign,x86,x86:17916520405927664341,false,train
9be35afc5c78d2e58447d0518794bbadef6b26680ba8f5428375238ce11c751a,Benign,x86,x86:9569640496101274872,false,train
9bed6978dd1f9a507986603a639d0c96dcfdda428bdaf94ec8169e1d2575bfcc,Benign,x86,x86:4925441455111951568,false,train
9c34a5f86a2d99d6b9cf8a52b80a13a4eaa1f4867354c59125dda9254c256bc1,Benign,x86,x86:14197989288720174112,false,train
9c41d37cdaab0dab2f9e71195cff8261b59ed21d9cca8447b22ff3898a1cd820,Benign,x86,x86:13898748439044555578,false,train
9c7154b7b07a58b4e9881ce94ab0b2828fbf88e3dce30c5cca0af1394f142abb,Benign,x86,x86:1498481570022048077,false,train
9ca5084a1567c4a3ba4643a53aa30a1489ae67e692a9e944aa4c0678076bf90c,Benign,x86,x86:5053897757302134696,false,train
9cb4d3f879a7e64bfcef1832d6a01f1af70366fbb80e5cac03d5a5b6d6cf4398,Benign,x86,x86:532805671800886874,false,train
9ccf8e9593ed579f5b3b16cef76ef1712a920cb54c41b0ef7341a0c109484cee,Benign,x86,x86:2541585106181885893,false,train
9d4f4393e5676c3ae1a80ecb55dfc1306b768f670e5478dee745ea6305cbbf3c,Benign,x86,x86:14704528423695251129,false,train
9d539ddbd7b847c4baf144b0e232b396348058300ec7e8c178e6cf703c4b6f47,Benign,x86,x86:14659209534602099949,false,train
9d5e4de91418ef19978a977aa3372722ca536b895057ebfa25560a18ce39dbd8,Benign,x86,x86:17501439290263800919,false,train
9d60858bc7e609e01d7138b474884c4cb9c6d184171006bbcea2bf4f2e5df487,Benign,x86,x86:6653537680809607119,false,train
9d99c8524a35a9a321ec94a5b3c7dcc4eb3b4a5127e7143651415ab3d19a5af5,Benign,x86,x86:18393892598616824112,false,train
9db3a5fef6dcdf7d5ca2b3f722fa35af58c6c0c77dd63f9a6ed86a8b79025fca,Benign,x86,x86:15110643569697569393,false,train
9ddcf5b958f4844c246d030140de52990ce71c1c64963c20e50d878ccb6faad1,Benign,x86,x86:11011703320691868401,false,train
9debfd305f7e880e7642bdf394e87cf60c412cc2808d93e0d46da16d59d4fb87,Benign,x86,x86:5564834638177660397,false,train
9dff2c2dec958244befdefef265e36798942a6d93834b6a2a800a53fd1be959c,Benign,x86,x86:9761687401331717666,false,train
9e4d8c4153848c389595e1f29e2e1a695ff25d5516a489ad29e00e585d5cc091,Benign,x86,x86:8908587220664471237,false,train
9e56a2d2d820618f7d29730246e2edb42ca45244f78a423c0fc38d7cd4c27cc7,Benign,x86,x86:8924783038704917244,false,train
9e68b3943a5f86a72a3ffd5330c0ef0773841d55da3f2f12c5cef0ceb674c18b,Benign,x86,x86:5046239433226672264,false,train
9ea63ca7791f56cb33424e61279d5a8b8f50b36d1c018f3340ab47dcb2101d89,Benign,x86,x86:13410747872085381663,false,train
9ed5131e5b553549650dcb1f29ec199e12d6763c391c8686a31b13079065214f,Benign,x86,x86:11340436867160542397,false,train
9ef3325c71e462d8d79ce53daeffa075f2c095c23688b201c29598c49a0b891f,Benign,x86,x86:8671969415515515410,false,train
9ef8e11c1bb07c4a191d8628f2740d52bc25522e47438cd0f7cf9f423cc75ac9,Benign,x86,x86:10272346619914208502,false,train
9f116ed3ba138b26d71b9d1a743d8c1ffb1f67d95205b5c658afab0f7d0ec07b,Benign,x86,x86:7360688844762213947,false,train
9f276ddd6cc06176a0576d8f5bdc07a67f3f09b134ff0835d6f12deaee45632b,Benign,x86,x86:1825996765374995546,false,train
9f3e15bab6137f49ea83851044df5ef69f3ac802d780c0efccaf73cfae09858d,Benign,x86,x86:5666663079688028256,false,train
9f48133de33df532f9023c1f1bea79d20ebddcf9ac1e5347ee8bcaa29942afd5,Benign,x86,x86:3374524727714902520,false,train
9f942660103b36605b4aa5203c78b089fcf6ea61b9915cb0a7a10c21f5824d81,Benign,x86,x86:10877141939150573425,false,train
9f96a0da1fa06cf140679c1e829b46af683966e816462f9a2b94a453a6d998fb,Benign,x86,x86:17879862039676429830,false,train
9fb2fe303b8728e6a2a2d96de464f61e0e131395a366a6ffcb27e2f1bc3e8408,Benign,x86,x86:4736877682765700866,false,train
9fc3029f322a50007090304aa04b6c9c77b0abb62056ab7ffc24894d2fc4abef,Benign,x86,x86:3681102088841267932,false,train
9fcb4b99b968b5d65c9f0b040c1a547513448916b7c2eab2683ce3f39238bf39,Benign,x86,x86:12581160276014487501,false,train
9ffc4eff994108ad21b4cb655f3126dc6056979437be22c527fafab75adb579f,Benign,x86,x86:11053975933748223760,false,train
a00aba5ca7d9ca48803a0f9c43577ee0b1ee503844829e88efbaef7a4d5693ae,Benign,x86,x86:93714284640245253,false,train
a054aac4f90354f0ba3b792d0e48346adf1a2342f15d050e99f06ff193fde7f2,Benign,x86,x86:1783661053167883556,false,train
a069f24386f255ac5a0be8f119951ab405a6570ed1595c132f0f626da0a33e1a,Benign,x86,x86:2343596911508703458,false,train
a07257c4fe4bce90e2878ce7f2b536676b89ecf5b5896eda62dce66ee6bfba96,Benign,x86,x86:9489087486602895659,false,train
a089bc6936228e910c3ce582d156d4d3cbcdfa09c1ebe87c7c3acf00c7cbbe74,Benign,x86,x86:5182424890946562613,false,train
a0a77f07d023eca2e7823c9f7147eea9ea58711aa098a86b24c5c16f8bf2a325,Benign,x86,x86:14662000094703053102,false,train
a0bc2e319eca76be890ffaf7d89045a2541193452a7597ac20b688beb284e912,Benign,x86,x86:14434329651146229092,false,train
a0d4bddd1da4cfd6e85da1cac75f91f720fcefe696d7e7a44c8ffaf271bd89f2,Benign,x86,x86:17104134550661576234,false,train
a0fda0e183c4b49a3f8a609b590412fba8f0d190426afda59977f1376dfb19b3,Benign,x86,x86:11436792145710609479,false,train
a1300a663e53fe676b09d2846c455960634bf4f6baca31d4b709b3e5eb419b3e,Benign,x86,x86:18213617864462828551,false,train
a130dadd0503ce2a1918be03765b8e9b48f1ef865a43b1cf45fc5b7c0504a7ec,Benign,x86,x86:1390189994324241875,false,train
a1538c83b8e0a9a2daeb350c341a9cc47c4cd88de84eb44bb0ea77ac46a412b2,Benign,x86,x86:15627101377075898082,false,train
a18d3993adc1a150db5e526e2e93c9f56c1a5df46bc3467d4f823353439ff50c,Benign,x86,x86:14351782714579440325,false,train
a1b172d5483cc218e88ad7fcbb05471492e00475511f6e1240fbcb2a6cd411ed,Benign,x86,x86:3561150800321199851,false,train
a1c89ae92045594af03b8b37e14429c6d6845ab92cf61429794e8bb6251c4353,Benign,x86,x86:11274062299370678136,false,train
a3411c9b1f050c871793c64e10e657b339da79a4c9117e2be08aefd6e45d02fa,Benign,x86,x86:17205231413437363172,false,train
a3512d54b0c8cae58da7c8fa073c8546e386b381efd083eb23c762c843c33d04,Benign,x86,x86:10985873841689490104,false,train
a3a9e7725d2c1ba9844113f5920f2bbe705eece911f0b732b190b174f6d2442f,Benign,x86,x86:4050377625467320171,false,train
a3cd4d26c811a70f2bc832f7fdc5abd4e20f6d89cd75677bc6b01ebe9a1ebcd2,Benign,x86,x86:15205886146336189003,false,train
a3e1b3e10c93ca1a8d87cfda992aa4bbf43048ad2c9bba95b0f5e2f63164de0c,Benign,x86,x86:10141193452910884163,false,train
a3fc80222aca0acb241ab6b1145dda7495bdae4c5f43d83078f94bad666acd37,Benign,x86,x86:8164715035898326060,false,train
a40a1af5eab528d4c4dd30f82d63ad7f5c0d7230f8bd27ad04d2075bc36c782e,Benign,x86,x86:11416364109634697785,false,train
a41b9fe2ec3916a0e4488f25be1fc4f500b60a764eede0d61473f174762f2f07,Benign,x86,x86:3741018097059878465,false,train
a426687c6080d766d53204d3c85d2b9022c333062013d9d89dcaf16bd070ab72,Benign,x86,x86:16330535382630366235,false,train
a4267f5cdf30ea74d9c07d0e188495a04ffe3dbc56184ae1aa4bc0e2ab17c9d7,Benign,x86,x86:16871136516965866606,false,train
a42ca5ac1bf8d78646cac2c568241ade6ff88611448f760b7bfa25e298a73dcd,Benign,x86,x86:6394054714049828918,false,train
a437422840855df282305578a1161a28339f341a52a18094cb8c709793494e3a,Benign,x86,x86:12359410179205271040,false,train
a48f392852d59c7e25925b10880037c9868b0395cdf76647fe28bad0ddcc0a9f,Benign,x86,x86:11782412280898374753,false,train
a49e222171adf019cc16fcd37a05a6e5db1cc947068ec94c450270c047843f93,Benign,x86,x86:15867285012313524137,false,train
a4f4f012a4790f114439830648f76c6897b352870d7b0796adfcf25ad6923b2b,Benign,x86,x86:16828226084710229502,false,train
a4f8dcb64933d8a07c6f1903a2339c48acd44786777c67e2bbcdf20ad5d99566,Benign,x86,x86:3719340743829100493,false,train
a4fa53e603dad751b713799f2405000177804575b73661cd8d9b985aa38c8d84,Benign,x86,x86:12725663779547338693,false,train
a560e93c837fe75c429ea09fd20303dedaf850a204099ed531c30bcf6809f68e,Benign,x86,x86:3593014404603649307,false,train
a5b3c169aab43aa95e6ac937dfb2be21aee3005db9e5d8211f3a15056185fcd1,Benign,x86,x86:16635799508893691645,false,train
a5b5216665fdf6b23995a9b0f1bce7f56a42d69ca25ada386fcea6f4e73003bd,Benign,x86,x86:12143442389518236114,false,train
a5ecc80f8d1eebaa57dcaa1143a26eb95a844b2eb8739baff103b2968c6807a5,Benign,x86,x86:18015023010868384153,false,train
a63a3b23e95335463091c01734f758fc9310f3762ef4897c94187165cf4deaf1,Benign,x86,x86:9321396392407934984,false,train
a6404b146a7ac7615504715133a87c7e521c9f4543fc49ea41eb7df1001244cf,Benign,x86,x86:15818734476228967486,false,train
a6982598ad2dce15f1d2d54f693aba8fdaae7e02c31ef4be2a010993b5d3ec20,Benign,x86,x86:28230703762627283,false,train
a6ac5c53e139f300b48180e4877041589c95e171456585b6a508c80b970befb9,Benign,x86,x86:6423538669630472866,false,train
a6b6c63c6f8bd65e21bd5bd53945b667372e61c1f9029a698c1739e29aca54af,Benign,x86,x86:385114952722866675,false,train
a6dc7c240b1d9a66131c211de1791a962ab7cfe8a7b6bf98b4a8b613e9e43515,Benign,x86,x86:489175469245003616,false,train
a6f87d8f09efbab0f4af9c1d8445c7fa05429cfb483326de4c2f9a5fcb0b7fdd,Benign,x86,x86:5209215660680333301,false,train
a744e5ea5f62d6fb78225810fa98a223a3190eb91c6866a6a012d0d3cddb6c80,Benign,x86,x86:7030604178362726949,false,train
a773deb3e447a8d0aad2c9fabf53e15c8ee54fa727f683880ed87aa30499075e,Benign,x86,x86:11114135392405507580,false,train
a7afeebdceb5625d976d0919c8acd6f5abb62014dce1ed8befb9a1088a9fcd3d,Benign,x86,x86:4863979149079404560,false,train
a80227dd517532a78366094ae568a5b1a37c7f4ec3d94fbbf5222a198d26d34f,Benign,x86,x86:9513614554722486383,false,train
a80fb72d4106162ae23a03635a1c9439d54931c1eef8bac3f3fdb151404ebf5a,Benign,x86,x86:12100932333881490346,false,train
a81a1d72748f261d1b48b7a170781d4d5f75a7c51e2155406c463fcee9cf48be,Benign,x86,x86:3592349353275128990,false,train
a82323ac86209822bd5e9cdae05898b564eb406597981c894c5d0f78c5dda1bd,Benign,x86,x86:10612284291821017692,false,train
a864c6b5c81a853714310906e9aa401027b7813de1f203b3d2c35926b1df8349,Benign,x86,x86:4720911986571151412,false,train
a8f209fa93c3fb7e7d0d3fe1ae0f9db525908953d0647031401ab3dbf39697b0,Benign,x86,x86:10625327645160817355,false,train
a8fdb82db869364cd29dabd8ca1180d5243e5549aac218df449bece4cc4102c3,Benign,x86,x86:4488443237972389760,false,train
a969e44a8af2fdab2e7d9701ea5835e0f3bf2d73894583c8d37ffeb2a5abdb04,Benign,x86,x86:2626310228661310733,false,train
a97c757620545a77b5337bbd38a2de84204192414d61a601b75ff01a188a9e29,Benign,x86,x86:13379782254194729635,false,train
a9dfc4341c13bfd6a7fb693c6dca05749ae8807bac587b11b65547dcabc350e8,Benign,x86,x86:9396748976408293690,false,train
aa005660492579b33004bf275ee17099a5bb794e42d65a2162ba4f2d0a264de1,Benign,x86,x86:15292625717286912418,false,train
aa8a49f414b8161a4b4df5aafdec72acd58c3e9e8b69600c186bace65d94f682,Benign,x86,x86:14860653269646680302,false,train
aa98754a0ff8303e3ae7a9354c63298c983ab48992f0cad37474446ed78d31a3,Benign,x86,x86:6443459573616055162,false,train
aa9ce12e16acb00c3f0dac8a00e5f56e73926ef7026d0c5af88a11d4be21f5f2,Benign,x86,x86:4686457490122983687,false,train
aaa469b33b8cfd3833b9d22a1674e06a3db3283a29ab1515544246c344089cb8,Benign,x86,x86:5997098274489885795,false,train
aab003676ad58d1a578ce3aa91d72183d15859ab2adfba580d2c00a304e33bf8,Benign,x86,x86:5144690547182176092,false,train
aabe990e62882737cae17e276ca1aa4542d3d98646fde56faf525d8901d25791,Benign,x86,x86:8507624319082998243,false,train
aac2795d982d1f18c96eedfda9e70f0db7fdbc435df2775e2cb4314f870bbef3,Benign,x86,x86:13466012038587501452,false,train
aac53294ce48991804fd73741dea71d218ced632ed40827bc3c73d6bdedaaf74,Benign,x86,x86:6030815806760829029,false,train
aacc3686fce2f6502b981f2a66ee536c40e47947698691f8603297477b51ec05,Benign,x86,x86:791046942438230680,false,train
aaef199ae10e63603720af56b5748afdf7463002f39ab3eb1bb917f643b5c9ae,Benign,x86,x86:15379419988784894359,false,train
ab115b296b847ae6570d393e29e635dd63a2c7940add9785267d302ebe09db99,Benign,x86,x86:16471363969642074405,false,train
abb89cdf76cce314c9bfbd7102d7a9fc405c8399c0ea555d41c62073b31ea3d0,Benign,x86,x86:17739097388266395570,false,train
abba0c45cd0926591c1de416696d41ddbd271bbdac976206f118411b459bc894,Benign,x86,x86:400877552383095093,false,train
ac24bac36563963c1f2f078424f0049a5fe238b73f7871b006ea51a519f2b75d,Benign,x86,x86:13050363612112263715,false,train
ac37961c48b03d6e51977bbe750a9f5038287008fda9a150f954c77db1641e3f,Benign,x86,x86:4539364246461726522,false,train
ac9ae05e9a296eb66babc13f48c4c2969aa7aa3c7668bb4c7d10b256749bc23a,Benign,x86,x86:10594425334343853947,false,train
acf470644622e69e2e2438f2ba5a84d880e4d094369170127dff02304f38888a,Benign,x86,x86:11814094395354330881,false,train
ad2d8ce4c567455be6534af20136e7726168e8065269e6790f352fe477190d30,Benign,x86,x86:6627949472635496333,false,train
ad395fe263e8cd1d836886fc1652734a94c2bce65bfbeb0cb5d43b3e3eb01859,Benign,x86,x86:12494246345348784600,false,train
ad4be55a3c6e22b518d9e4a6feab6dfb543d2d58a287a2b6006c1c03bfe2da68,Benign,x86,x86:14627263477307926536,false,train
ad78c65dd8797fd44dd59bb58a7e79fd195e8f101ea0d761571949efbbe90252,Benign,x86,x86:2407614303238646110,false,train
adc9339ff6dd838b7cc4e88b2be2b32c283688092d3342fbe21e4e6116a5c84d,Benign,x86,x86:10900609342907201487,false,train
ae4a386b9102dc36241b8520d247b3dc4e75078eb2f56255f171eb746ccc2346,Benign,x86,x86:8995098500294313103,false,train
aed0be16729499be68ae7156a843e2cd84a54646a7638feac1f0eb2548d8a03e,Benign,x86,x86:17272541740619102290,false,train
aee3f6f344edd16ba44031686fa101052f59f8b052c7ceb29c6378f893a17261,Benign,x86,x86:13647549089889179394,false,train
af1fac5719e3f7acf2df3676184b342deebbbdaa134edba6aa36f3ed07f228b8,Benign,x86,x86:10432535365242497320,false,train
af295d89a98b8910589a67e9fde8069f6ef70957b267f04d4050cc6cd6ac9eb1,Benign,x86,x86:8428466602133637667,false,train
af406e24b3c0dfc0fa8cf717b1b9998e25d4b1e0b53720e21acce53fbd98319f,Benign,x86,x86:15640528047018863731,false,train
af40b20de41871fcfca491f9658ce14251934eb955e43e450c13387fad0e96bd,Benign,x86,x86:13424361652832917090,false,train
af6e97701c4bfaf5f41e029766287c1957ed7ceded9a43f25b09e9722e16b3e3,Benign,x86,x86:9480436815374337758,false,train
aff208e9f4251a6583891bbe33dd3ff65e6269fd674366500c7f84ff79a93259,Benign,x86,x86:10346997836409392587,false,train
afff78deac2c9c91a56795ed8bf495faa39bce890373f6f223c8ae7ae1c6735e,Benign,x86,x86:17863643900197356745,false,train
b04640b7ef0f626cf4d1e246832657a0881c4692f281713b11de13fe2cfe02f2,Benign,x86,x86:3031466309423442641,false,train
b09aad35f93c2d6f1c7befb1c7e71db3086c9f0830c005263fe6970a3ceba0d6,Benign,x86,x86:12882324368058718450,false,train
b0b3bbe992eeaac51b6db2132a676d3aa23ff7aea8a8e7f5df272a5beff00730,Benign,x86,x86:7306579846108847180,false,train
b107dd631ec9969fd5efaf1322c6a98db586937dd7e84bef901cb4e71c78378a,Benign,x86,x86:5087917256020909989,false,train
b12263a2af6c08a25f8eb287dafbbddae9cac396ca259677c3c72af4e57c0810,Benign,x86,x86:12596159906041183681,false,train
b12a49e49e21474cb518dc2f1ce81c344a3003feb4fc0194766067c304f132e9,Benign,x86,x86:16405849881183277009,false,train
b12d0ebbf33db588a71e25c1bc2f568e7aeb8423870049fd9d1284e6aed62809,Benign,x86,x86:11789103179281942984,false,train
b1519820f823485999336fa0214dae41a2708e0fef1e514bd7cc9c16970cace9,Benign,x86,x86:10406660844763514334,false,train
b171e7f03bb647d1d8072e95bb501e5b7a43749a60ab11a62dee3f1126862b19,Benign,x86,x86:9686286059298743766,false,train
b185bb072b1b137e0566dba4eb13d59ce33ebaecc86dcb543981fcb63ddd7b37,Benign,x86,x86:3877066881127749944,false,train
b2333b166f74b80369c1d66b112f416225d8adafcc7c9cf32453b9da15f43b38,Benign,x86,x86:1529008872760351430,false,train
b23fe2e38399492d025154beda7a8ef7133b13632a33a6f36472b84ad736fdc8,Benign,x86,x86:5832240653203364031,false,train
b29e53544962726fe7b93ddc79a1d478c8c58b0cdbb4740304b175d3f5063b9a,Benign,x86,x86:14377484718188250243,false,train
b2a4163b9413f07d608d1281880726e94e4e2920a7a4d1fadc95faa5a8c12a2d,Benign,x86,x86:8891834843861806518,false,train
b2b533105b7a9de44bdb10fce2470168a24a5ab23fd182a59ab405fee8c0f730,Benign,x86,x86:16037266033277576134,false,train
b2b69fa86f7694a8de04b3afbe6eeef962972d94ab05d108434cee90fdd415aa,Benign,x86,x86:18053543576584061810,false,train
b2e228c6de8765d04a90c03c2db32b7137ceb46da83442d342e7958747805ebb,Benign,x86,x86:7972716399389744624,false,train
b324eaebbdb591ef1119f241c0810e89c7347b840252728e744e0f4c05eb7dee,Benign,x86,x86:3868165391464530704,false,train
b34fd3521563adfffa3ef64ecd764ae64443fb790f6eaee69d6a02997232e72c,Benign,x86,x86:1953619040294845635,false,train
b37f512c6c812765080eb602176ab5f1536d4ddedc51a51041eb2c05f34cac03,Benign,x86,x86:14091642412223222886,false,train
b39195854b7264ae72a31dce3c73df28cb913633d037184f1accef181ac03431,Benign,x86,x86:11194896449189135252,false,train
b3c7cdae8403087c411898519429d970392090df9cd4d76140da8ae925fd60b0,Benign,x86,x86:15329710409375740478,false,train
b426fa003edb5bf0e3d9d961ba1bd2286861ccbf92e7958627a771f6ff63eabb,Benign,x86,x86:6368128103136845782,false,train
b4285055ad2ae10914890e7a7806ba27f2442f354fd02e3a37a872faf197b077,Benign,x86,x86:4790615820329120481,false,train
b465a45e83c9b7d5f9e269057fd5c63d9541a09745211bf50e8f72d4a5a8901b,Benign,x86,x86:10255002039458527579,false,train
b467a652d2d8731c682f286f5553d6be3f3ec35c1d9985ec1f72f0503578b45a,Benign,x86,x86:4689455084776526595,false,train
b468da142bca93df7cf9d111dfb6beef93cf996b9bada588a38442baefe74135,Benign,x86,x86:7289679403978405661,false,train
b4af4559faef9dd058936cbd849bb983c7e29a8ef235918104cfc04adda83b27,Benign,x86,x86:13151480605670285358,false,train
b4b0f9c48b08df8b8720cf8abc11ddaf42d06de0333ff84bae5b4c420d5dfa4b,Benign,x86,x86:17307793813073048099,false,train
b4ccbf4c530aed4f206299258c4af0dcc3ca357a7750be15722b01e445b5e143,Benign,x86,x86:7158267484336782283,false,train
b4db613c1ba91d1d31b5118a3714f49273a9cc7ded234ca724f9f76626b21e4c,Benign,x86,x86:3872008068376500748,false,train
b4e3fd72120b4c23266feb6c4346a3002e16a657b673feb79053309c2ce212d2,Benign,x86,x86:3492103447157365137,false,train
b4ef649057246abeab4abd95b78797ebf083b3aea2eff986e109e9b5b85c6db1,Benign,x86,x86:9033063998741033838,false,train
b4f3b85da554735a7f85e16dd17752e4915d964d8018d0c28772cc417a206493,Benign,x86,x86:8178736092939160038,false,train
b4f937b507c5f02104021d677bacffa69ff7a3fe59ba19b086523ef6444cbb30,Benign,x86,x86:3383818111879210562,false,train
b50bed44c7b5e7925b1dc8eaa3429df0e6b2f37053e85b39904e559efef4faeb,Benign,x86,x86:4949146782792798308,false,train
b5bb4272a0cd3a190282ca661af1f49f7689d4254013f3742f5fbf8b03c91760,Benign,x86,x86:404841674747789069,false,train
b5f2b5519dd318e7e26e5ba59348ba5e9c69e563fdbb89a55638cee1b8e7620e,Benign,x86,x86:13098094742126148613,false,train
b5f8bfe5e53838ee4a5ab32be9e137965ae0022179e90a8ec0443973390bb88c,Benign,x86,x86:13897825015534147710,false,train
b63d4b27bf1ec4caf23955ac774927480071531bcf6b14acc062a2a3df4c8b80,Benign,x86,x86:3607358709419092881,false,train
b64d9380e55749b00018318d074db4c7a559ec7674e026164156756a4e1e8a01,Benign,x86,x86:16407439310112677083,false,train
b6558acd8ca9341df68e21f9eab620f01470b8965ad303b3577729d219970df9,Benign,x86,x86:4011463297602592812,false,train
b65bf336af46be2c5a79acf38100d12ab8bc57848fa16c288945b347ba77cc44,Benign,x86,x86:269825887622650890,false,train
b66ab2ca3d623475e9acd0fcaa2581c53ff501f5b8ad7b9c6078ad9b78579a25,Benign,x86,x86:13214432239517199152,false,train
b68afc10836767e6c4693238694f6930ac144e06991978035dda03c16068df41,Benign,x86,x86:4754399753943243106,false,train
b6ae54d4dc339a980caf0cfb931b6326d57e89610c79a7dd4eee3926f8d7fd8e,Benign,x86,x86:1408373660693443022,false,train
b6f2578f2937eea73f35ff60726dde7d41e53773ebbe8a8d1764c6c1978fc0aa,Benign,x86,x86:11959930055481541768,false,train
b70692f89fcd93d6ce7a038a7eff0253afc4d7f287fa08aa8c5143f098c6ace8,Benign,x86,x86:5640957976349810308,false,train
b70da5ccefb33ec8f184ea66cc3bcb98e4c9c0d16d7bf4db7bfc0d150420730b,Benign,x86,x86:16417826722220118779,false,train
b71bc3bf1fe620b246a4b3530a42760681706b407113be75569712fb3438eed0,Benign,x86,x86:6874525305754772246,false,train
b748403ae7dfb9d05aea130cbdcebe21a3c2c527230f3ece671b1cd33d02a37f,Benign,x86,x86:15658312839195996038,false,train
b74b89956f1b22d4fd042d24cff94ce1e10f860294d14e17a6e74c31a9b26f8a,Benign,x86,x86:12168304959590295332,false,train
b7785c95be7f522a7f9e5eaa3449532f957b8ddff1302c892add11aef61c29e3,Benign,x86,x86:1264568727664506334,false,train
b79c6161140f12b921e712ac9e1bce112741aff4fb529fcf90ca24d474ba01c4,Benign,x86,x86:7853455471735709575,false,train
b7a71977afb4b91da8b073dba1a4b68c2e5bd1e985285490491a6082b315c8dc,Benign,x86,x86:10706582001684216245,false,train
b7c33612807a0e5f25c0a33fcb2ed52a7ec3f69a5751d78f470f2976fff7e64d,Benign,x86,x86:8113733773897692165,false,train
b7f011d3a7644cd77a1f6fec79ef6eb67473c030ff52b3221d44e72d7b604cac,Benign,x86,x86:14065688878689586271,false,train
b7fc6ae85defdeb050440f9532a1a86df91ca1ddc8118a97db6a89ace9c5b3f9,Benign,x86,x86:6614952631272746654,false,train
b804ae9cb63f7169482d8036436dee3f9d8051a4956cbc79042aca84384f8687,Benign,x86,x86:3296555672076585487,false,train
b808f621bededf41e959ab49668fd4b689cf324fa50a6e41e919fc32a501c8e3,Benign,x86,x86:8200665196994766577,false,train
b829287bd7183dfb7e35345e64e6e153845e51bcba7dbc23bb67a962cd9379eb,Benign,x86,x86:13616764732474121660,false,train
b82a3bc993f3883aea78ab936f9bdb4839e5e767a73d961235043f1f86995cf9,Benign,x86,x86:17792620345813001035,false,train
b8d5681f50e9008b04db003b0e33825a10be26981c11d3066a5c3617c071d8b8,Benign,x86,x86:15616668656198886018,false,train
b8df0066923913c52d7b87d8ac7e7962813fd74c2c35258ea736999bdc9d00b5,Benign,x86,x86:12261720996711947286,false,train
b8e28e977bdaa9e8ab804579261dcfe3b3a8ac11daa467018f29e1c9574267fb,Benign,x86,x86:2439141995978860302,false,train
b8fd1ae1331e18486e64be98de4ecc6e460d857d8d5796f2abea7f246950521e,Benign,x86,x86:4084884331405772311,false,train
b905a699c3aef2961c1ead8a6fa01de227127699632a4cda8a69287557989f9c,Benign,x86,x86:2970406809489109320,false,train
b942097b63a17e47c5872ff4ae80c9b56312e8e3a7fb6150b91e5451d50d76ce,Benign,x86,x86:6669547653064100702,false,train
b94b9fd71acf8aa18515140eeedae91bbe40162795ed6800e239fd7a2f68710c,Benign,x86,x86:13373242495970133881,false,train
b96ff972be5c6930227299ce6b3422e1fd765b70a8e6fa3e7095a538587ee501,Benign,x86,x86:14051157140212590099,false,train
b99f4d028cf909b9c332976fea1ec7591befdc416684a6f90b1cdc618a4d7259,Benign,x86,x86:640264551961066363,false,train
b9de3731525b3dd72cf4b51f60675611c922dab6eebe93b6acc0e34a1d095a12,Benign,x86,x86:6685621936526450009,false,train
b9f15cca5672072ff0a1153134ea13cc154f6754bf042ab818c7555cb3b16d81,Benign,x86,x86:72167066684494283,false,train
ba751bfef97d12009a428f6aa89256333ba102fd93c1d32a78040498dcfe5884,Benign,x86,x86:17870738923005761982,false,train
ba8b2efe69b910490e3f2e9ef1534027d616bdf209358bef1431c148c9811340,Benign,x86,x86:8850719790310255188,false,train
bab0fde26a8010b04b7d56b839e5b490183a34f630cc88a019cc2af40498cf16,Benign,x86,x86:4347242256853345197,false,train
babfeaaad6f28b9828f8eb0c7cd20d6e0f828b9efdf25cfe79cddc2cacd4c1af,Benign,x86,x86:11580185082681077913,false,train
bad089a5743b5aaf3c2f86f5d7be87566d373a7dd9a8c561bc54444cbaa2cff8,Benign,x86,x86:10969129362635233714,false,train
bb02a24f2bbd8b23503077ab78e1354305c32649a90405ff0f156cf32773d226,Benign,x86,x86:17369018654937059999,false,train
bb204208ca5f3adf92241e6f0edbe43948d3b6c3a8063d1ff613c372fe2a8b33,Benign,x86,x86:1369800789350639084,false,train
bb3878d29c5f20407d35b476db9a2fcedb9f43347fa427dfd043f27a1e96f70b,Benign,x86,x86:5282538583495692150,false,train
bb5dd3d0690b918651e4c622ee813aee0f1597318796b257c1ccda651c19dd11,Benign,x86,x86:11345900927803491909,false,train
bb5e252ac0f15a06c1f93086628b71bf0ab23c817bda192bde1c00526a7e981e,Benign,x86,x86:9464617584705681001,false,train
bb9c34aed53057b0839cdec0a2c662e05291a39bf299471746e813d48e99bbd5,Benign,x86,x86:17093155493981137875,false,train
bbafb3504574e2de530db29e860a4ca48085c004a3285ec3c986f61a81e14a9d,Benign,x86,x86:14901732207589085201,false,train
bbd5cc9a01ce0664831336ed8bea2c1ca1d379eb8e917c2ddbe04c33b1e70c42,Benign,x86,x86:5064761228083085256,false,train
bc0401ca30b576f420525466758b45e6f31fa36556da0f83b8c1e9593ea30931,Benign,x86,x86:8578696753241439053,false,train
bc192b17d5b9cb5751f4755ca9f27360c0b45f8a827a55e7c6ce90a8d61c3401,Benign,x86,x86:2576876024089214709,false,train
bc597719b590645660113d6053e3858c604d2df0abd3a890dd3020d256e84b70,Benign,x86,x86:670596361621525146,false,train
bc870fcb3f8e4429bbcf8e69523d888cda571783a2b5ce8443bd8fca315535cb,Benign,x86,x86:5299457485396756416,false,train
bc96f03fed4720e5218eb4fd9d3476c59f6b6798db6bb0e69c13ce9e4ff31570,Benign,x86,x86:2681101297330368576,false,train
bca2a3b408bcf96f9d8eeaf95bcd7f238389dc331f411323befde16971c68dd1,Benign,x86,x86:10046522894758944300,false,train
bccf0bb554e3e6ac165831bbf3c5902e753b23303231be3c477da92289446e03,Benign,x86,x86:16589311800092758018,false,train
bd18da365dfe62455505d374fa4983bee11628009d074adaf149cecc67bd0df5,Benign,x86,x86:8929384583551375271,false,train
bd25dd6efe51fa72f7ee924b39f046580911373508111780e53622f101564a71,Benign,x86,x86:322095994396313832,false,train
bd4cdf0dfaed3329bead9b97dbbf3aa912fe86582793985611cf06b0ae0d070e,Benign,x86,x86:1910936845730596037,false,train
bd69cb1318e239d597b1f8d71bea2344d1273e319f33824b81138a1828186a00,Benign,x86,x86:15912628217889419902,false,train
bdb2bdca714cd11566b593c6ff807a9dbc9c9c167e7290dac791e283f789413c,Benign,x86,x86:12070689779362839008,false,train
bdbc5c55f8b11c8ab67dc8f7bdbce55ee2598448096d85e43b8b9042f66bdee0,Benign,x86,x86:9242618496207740223,false,train
bdd37355f359aad0cbfdf310437049d16336cad011d307e7da2200c8e3365bbb,Benign,x86,x86:12045851212100499818,false,train
be04c71205a35febca4460d16f8322f3140a4fe13d716372c901a7780fdb18a4,Benign,x86,x86:13643626352157843248,false,train
be1430b3d3cd8b088493c9666fa3e9b986ed4f367caddada698405d28815cdad,Benign,x86,x86:13262246496969610680,false,train
be2e4305e73e7ab08c9a151fb56109702f9f1921fcfff565beff7a5282a25958,Benign,x86,x86:11340462383785924229,false,train
be363438ce7bf8ef27f8ce62bd4ad48bb0615a9c5a64af4e25d13125d80e55e2,Benign,x86,x86:5669586202015938133,false,train
be7158ecd5c31ea50f20d9d62a779f1ec162d5cf046119f198c87d5905d4da1b,Benign,x86,x86:438943676194557495,false,train
be9d4d64a2d1a40ce87c3447b23dc564324d0c6cd6595713302847c568e3fa1f,Benign,x86,x86:2315038392507392481,false,train
beadf90c09766236930375171d8b2ebdfab6ae199b616c9c82829fdccd7b60f6,Benign,x86,x86:10591669024968324465,false,train
bece9b0e2145ca1ee4917195f8ba79ec426f48733309a547484820c4f85e49c1,Benign,x86,x86:12791591594607742409,false,train
bee9e34be252d7178661751e183e04baddee41cdda071a1c1a2a7febb561a868,Benign,x86,x86:3290987974134494629,false,train
bf05655303e3e95626679298461a212b7671b684887629cadd33ab68fada54d6,Benign,x86,x86:5241540953676206401,false,train
bf12165bf720b82036b45fce57804ce8ecefe949f664afd7fbd5508528960a37,Benign,x86,x86:5670418654988717913,false,train
bf322bf25eeac85a677071e30754421dd1a496d1f1b986e4a784e7af0b73cc60,Benign,x86,x86:12316732495548038372,false,train
bf891b798aaf620bbd5574babb911752de7ccdc4905fbf8ee616094d471ae055,Benign,x86,x86:16136718149913935577,false,train
bfa08c5f6b4c9d977bf819dcf72e2b1287b65efff20b8a976dfbfba3209cb8fe,Benign,x86,x86:1537565529664370335,false,train
bfa76537265d57752baf242410af189759da166e0fa9c27426eaf12868605ebb,Benign,x86,x86:6167032371166411942,false,train
bfd76e4f00da0876252ab638d2f6f8015b13b29044d0bd13d5b3021d3b9f3e5a,Benign,x86,x86:16421715290513167876,false,train
bfdb15e1314d9b0632a772fa8dfc4478a246942b181804ddcf8c09c9a4e484ef,Benign,x86,x86:11888801581064052693,false,train
bfeeb2a7df114b6d679d556a9cc40f209d30a53811eb365a2eebcf4d75e6778e,Benign,x86,x86:1395525840441542374,false,train
c003f371e2115e49b3ab844993f3b64c43deb5bf3a53fc68164058d6b688da94,Benign,x86,x86:17134021516206042548,false,train
c05e7b27cb3f78f04a08b2c1905d6ea989b7b9dd149356e581c71d3ac8340df5,Benign,x86,x86:14870373418164024250,false,train
c086dac125a662c313cb69071b18217421f81b84570d775d937e9fbbdb732f5f,Benign,x86,x86:14487343712691021531,false,train
c0bf60dfe54f13c110fd575e5dda6132ff6e0ee921fec6af131e68bb6969a43e,Benign,x86,x86:8716720030106951717,false,train
c112a61d041cee3fa3a35ca6b4bd9529cf85faba15633da89dc3c8d636dc5229,Benign,x86,x86:5045832591951273915,false,train
c130006081b621ddd19ed42047d18114ecb14a49a841ea2f30fe99584e1b8e74,Benign,x86,x86:16668260954791437928,false,train
c150c222c01f7e0cc315a8749585c8d2462051bc93546a492e26df174f952349,Benign,x86,x86:5586258411810636797,false,train
c1839fc777161cdfa50d5fd444d6ad858aa9e6af81784cac8fff4a9b44b2d75b,Benign,x86,x86:13289872001208142180,false,train
c1b887297d429a889b30e22c2b601f8f5427dc10843fc12bdc8cbad27589846c,Benign,x86,x86:6147647201463844259,false,train
c1c47b0e1a4e57711934f3c32568236bcb221df250a5043b6ebe5e40e2f91570,Benign,x86,x86:11015297123175400990,false,train
c1c9c4c764b0b573e50ede95571e6364d55aaffdb4ebe5f6bcff1d01859d9888,Benign,x86,x86:2416587965596532596,false,train
c1f8587c5c16078eba9fbf25a09c11fabad4d9069a477ea29bef67fad68a99c9,Benign,x86,x86:3495804238778742263,false,train
c22001ac0cb8b8e3ba8abddd6785f31296551700ac572fa22f0b4e6eaa80bbc7,Benign,x86,x86:18273532012246687476,false,train
c2aa2dcf1057b13d794b7e4e36a0c7d57c876379bc8623ef50591ab9e7a0d9ed,Benign,x86,x86:4718384809199680307,false,train
c2c63f8fc58b7d481a623d2e944d6033c3d36f88dcff1b216be383b7f0486cb7,Benign,x86,x86:2868683463887557228,false,train
c2eddd245db11458d30a9438848dbb40ced559331f63076830782481309d9704,Benign,x86,x86:14635172216213098114,false,train
c2f10ad6bcb1f0dd5dc674cbafd89a56298a488eda8e1151f70ed8bd59722e98,Benign,x86,x86:468773208688082435,false,train
c34d8dec0461c2b830d23988067de17267ebabe3fe0790038c06acdb5bb0a8d9,Benign,x86,x86:5931895743023734468,false,train
c38124c9f5d74dd7b2f2914144cb6a3b4994fb76f4b74996ce039ffd87732168,Benign,x86,x86:2675883887872985750,false,train
c3929625f4ed95b10dbb268a9e5f565d4b6d3b57ec10e14b9d129702ac36072d,Benign,x86,x86:2328269635674435121,false,train
c400f7b251d785ed18b87873c61f1d82ad728e904c68be51bfdc14f48aa35b56,Benign,x86,x86:2227204048500008585,false,train
c44cb6adaf50ee914fe44d720051126fb8ccf3b51d0539b0e4175d40940b5a0d,Benign,x86,x86:12730123461741867821,false,train
c4caa3ffbceea27fe2ae63a855e4bd42bffb275e4c98aa4b66d1680f46fa999f,Benign,x86,x86:12534247332624767277,false,train
c4f4637fc5e3e0356276f840201847498d8976b00beab3a98f5fb10647a97044,Benign,x86,x86:16200878924820786972,false,train
c50bd82f2143a1afffbab84ba28161cdad99c8677ee272c47de4dde669cd63b3,Benign,x86,x86:1181807133608476955,false,train
c56b20c27ec048aa7e62018000c04d6aba7ea9f40946ad2e5caf1a6438dae817,Benign,x86,x86:14680446778409629823,false,train
c59fbe4e5e6bcec42a9befc8e775d8b55e6dd0b52197832309b50d11d6c5ca04,Benign,x86,x86:16197413696516141636,false,train
c5bb12596eb3fa4cbe723e7adafd52202273c12f97e994b530294d38152e3058,Benign,x86,x86:4182067614663798442,false,train
c5bc3cc8acdd71e31380e3ae9332938237996d0ee3f2849d033bd0a237b934e8,Benign,x86,x86:15735300926145370497,false,train
c5c7d96fcd29b95cd37175fa402d8f3ecc8f2d4f1bcd0115da34e67458f62101,Benign,x86,x86:11447940576163644260,false,train
c5ea578eb3fbeb4b1ce5fd5e6765dd7780ba81b1af3e1a749750c2e9e3d19285,Benign,x86,x86:2391005839855041770,false,train
c61a714a8d94718dc60cd3cd9e44a2bf4a54c624a63d2d42c207822ade1ee3e5,Benign,x86,x86:13687755168714414057,false,train
c65cde4dc106c663c0fbb86a5595d9cb86c83f69e39fd9b92aa3fb8916c5dc3c,Benign,x86,x86:8591169203489758083,false,train
c67883cfeed8bf06ed18475883d71656d4dfff25a4d142c00564da9b350f36be,Benign,x86,x86:13033704875871575594,false,train
c6eead773a9358b792697043f2ae47cbfa60e13107b15f5bf1e011a88f5bbd95,Benign,x86,x86:14484811760847226795,false,train
c70953acb719a9c744678aa3b58f095b2b23deb971e2686c53a1e458e7fa5059,Benign,x86,x86:12636457188930492934,false,train
c73e34a1ee73bef0311eb8021408df19484004cf21921af5aad991e98d17470a,Benign,x86,x86:6447283471329987999,false,train
c75ca06927067e96d8d5023eae363812de0449ee40241b3764167a1d41ca537a,Benign,x86,x86:9650437138897451645,false,train
c76a3430a80038e6916e5554bb93afd726d62955c339235162b1d3dd4beca2f1,Benign,x86,x86:7108330646575461701,false,train
c775192336062d8e13ec5de9febfece1421b277f3ccde40411b26c87c34c5822,Benign,x86,x86:9435935950913162414,false,train
c7765f505a4187a27491604d0de33b54a3510eae32881b40abdb2745bfcbc352,Benign,x86,x86:16632428098409657775,false,train
c78a71382049c9e30c9fd762195678ace83833d6cb9367cfa3a446f2cbbcea65,Benign,x86,x86:13111611570448100986,false,train
c79f34b11da3f997afea6c5c9aa06ae0b72ae1aa7a03e2a7c903fb35f5e7b216,Benign,x86,x86:16768001246519277307,false,train
c7b4cf886f4bb893d5915270c535db0be2d82fcd01155cf634b2c0fa3fae3371,Benign,x86,x86:15917741072369728267,false,train
c833cd8de504e1c25b7fe883cd09a478bf9ecfc6134abd741aca0d0fabc7f2ab,Benign,x86,x86:1026554267441316504,false,train
c836eaba13faeef051c040febe153fe85136340fe80f794bd93a122d9aadacdf,Benign,x86,x86:320818812415549104,false,train
c83926e909fbc4b694fc319359c591aa8d222168b7c7866e669f7f948bd06070,Benign,x86,x86:14570215701341112230,false,train
c87513016b641d15665018bcb9d53dddb9c061463e56d10ec2c53cc8aee20a07,Benign,x86,x86:15632960385099623417,false,train
c88ff62456cc42ff45abe12e9e6f0db4bcf24bb4ab9dd595b13618a03505bb83,Benign,x86,x86:9136115247686296622,false,train
c8a5b834356bba874e029b9e4f9e7e09cf02f0e579619ba8e39cf070cd5e8f0d,Benign,x86,x86:7061536957650645664,false,train
c8a95018d34edf58b955ddc9da4a4bab1d95792cba89b3a30c3334b6f2d1b5e0,Benign,x86,x86:3173542414747834867,false,train
c8d647979049a415fcb7d7789c3fa49b4b876b57fae0245645737ac0cde25d73,Benign,x86,x86:13151922412007617869,false,train
c90a1942ad826c8067d03f19a1da0b4e4f1cb3d71e21606b8c022bbb32e15402,Benign,x86,x86:7400897833257709828,false,train
c91377a9e747c490835be9ac89dc361415d84dc373495b072e4110ae72e72269,Benign,x86,x86:3823044905816738910,false,train
c936ec8be2d53fcc2f5da6cc972c6269cb1efbbd340b5eb27c1a36381d810f42,Benign,x86,x86:11648185274626726752,false,train
c98ed7a57808b42c7dc88dee6ae67e5344c40b8868cc1da571b62b1eca81e5ff,Benign,x86,x86:15613526300626251741,false,train
c9ac080698f725b132b1bae68374a0f4aa5113cf4ad590966afa80fb5263d8b1,Benign,x86,x86:5404464903884390262,false,train
c9b6af332777634280939e6de537e93e95084cc7db06713d513040fb42a7e5cc,Benign,x86,x86:7295508832900165955,false,train
c9d94b036360771af66dbe6b5c67a3d4592506778c79215171b844760f2d28ea,Benign,x86,x86:3617532813467642457,false,train
c9edcd911f70294fa3a9cfd213d791185e938b51e3b8a532e3f5cfbef4e123dd,Benign,x86,x86:10381350661998116546,false,train
c9f2e77f0992f901bee17d802a4fac1ddb48a89917754d7cb1a776962aa89932,Benign,x86,x86:3376119254303676983,false,train
ca12de2f07c5910e3365025d8361df2f575548e5046f7433bfa29608333f265e,Benign,x86,x86:17225537084719610926,false,train
ca14c471dc2bbe6b677e6b3eb158107bd5b1fd3443a67dabbb396c3a898bb6a0,Benign,x86,x86:9665201509954256109,false,train
ca4231e5a44d0914b3552fd2409878102e481c7d559644b2d798916af6cbda5a,Benign,x86,x86:5378180685665939837,false,train
ca4488abe309682aa97f8ef34c09ea381cc2c0a9b8cb30293f2242d7603689b4,Benign,x86,x86:12370644765719103583,false,train
ca46ac90cff049ccc54000d21a004fe620f072d96257ef60fab74de31f01ca3c,Benign,x86,x86:14996237190479541119,false,train
ca6bd71a0c3dcc8f31835db0f3c6c51322c65a3bfb01c04226887e2b07f58e1c,Benign,x86,x86:1242038943852628650,false,train
cab498daaee438d73020b9ffd08b948dd7b2a28193f27aa893e163e3796954e1,Benign,x86,x86:5382255209597872304,false,train
caceec9ce2075029148ebef824836b3a0cb14844874418a1119d08afdb63e613,Benign,x86,x86:1906964338579735384,false,train
caf20076f8adea416ff03c94056ba9d8d1900ae373c6627d1075d96a469b5727,Benign,x86,x86:12846588404732705148,false,train
cb8ac58b8e6bf8fcd866486921807dffbde87110994f163c5badee40b0c4cf7e,Benign,x86,x86:9045635472563788482,false,train
cbb800d678f276a248f25b25724624d9d5176b90055224411c7366d8095f55d6,Benign,x86,x86:9552952286632798976,false,train
cbcb18797f341e451c8f5793410ddcc0c9be783a398ab44f7ca8d396ef66d959,Benign,x86,x86:16853093501464840812,false,train
cbe6519f52fad2d4619b8ce86bdb56df01290378a195776f97a147b47a3da043,Benign,x86,x86:17147984891429774786,false,train
cbe69d2e9b2749e4e963db7d60fb90cd63bb0620a938cf8c56bf53ad9bf17450,Benign,x86,x86:327245717475864464,false,train
cbe6cf8c3fc4f78a9aa4085c98d272863c4be8f224f5016976805a7f4d730553,Benign,x86,x86:2493307152167382416,false,train
cc2ffa7dcd8e204d7671d3496043174853bb53b088454f2f2195be2934c6e950,Benign,x86,x86:17960387044488813471,false,train
cc37756eeee83eaf12372bca88494fb948e28b21ed41a487f60b66606ad38f87,Benign,x86,x86:16950638799834919294,false,train
cc445799868b4913751a118fd17a3b332e0918290abaa8b7a9b6812bf36c7de4,Benign,x86,x86:5113454952265103861,false,train
cc9d69d129c682405af05df9a7a68f89ea2b46fe758e3801828cdb232f8a5be3,Benign,x86,x86:142879765058454174,false,train
cca5cd613e6c934cfbce37d21f811501fe6064cbb238dee483e2a22812f01d8f,Benign,x86,x86:9068285895377410224,false,train
ccf4f5a3b10c0aa273be4bbe9a2bdabaf29fcc298cb1300811462a3e82029f3f,Benign,x86,x86:467276959071482950,false,train
cd09af86e263bf207586a07779cccc47167a87b7fff622dcc099136cdd05210c,Benign,x86,x86:10350553348285110932,false,train
cd2f09dde7b7b7b9752cf4fb047e14e6cc762864c5b33d85b025c9c25bf5611a,Benign,x86,x86:1251280320053032992,false,train
cd526edd7cf94c1158cf2b0bcc7797641c6bc631a9b9d2d943457811a3445c23,Benign,x86,x86:1472739577585773184,false,train
cd575b0de3a18076eedc59e28c81ef4a77d048c09da18089ff79b9f3641e33db,Benign,x86,x86:8191002007762248480,false,train
cd6e7a0b122b14d4a2aec59ab88118a6cc2b11becac948446554da732dd2a675,Benign,x86,x86:4779412592875508211,false,train
cdb52e16e000757546d2466e060470b14b4efc6999d2157e61f1fed2bc6c2b42,Benign,x86,x86:13892348043325587584,false,train
cdd56008531199dd781d44e32a3de9046a59ec8c2dd9cd9fe6bb263108e0803b,Benign,x86,x86:13082651177874587415,false,train
ce036860dab9baa18ea585ebd0ec68628eeab5d88a0eb4a427977e7ce2e4a532,Benign,x86,x86:2211328726548882815,false,train
ce177563477bf92105fce220654c849906e9bbd054cbecd23a7313feb1cef7fe,Benign,x86,x86:8433769370845109598,false,train
ce2b8526cfeb5d0a9619430abc9bdcc95cbf7c76a7dbc920dd75067670344c83,Benign,x86,x86:11555466135317741965,false,train
ce4eaef42bad4d464286f2c28c7b72983dc7f89c82eb7b0f192f50adfba75e1f,Benign,x86,x86:4680367629572998987,false,train
ce50b7bce1b3cf5cf53a7044848eadd53fb02352376758490f8088f27be23de3,Benign,x86,x86:6244710334126148649,false,train
ce798c15a8a78f6137828b4170a683190793ecbc064f4199eb49cf55d2092057,Benign,x86,x86:17882294552334212695,false,train
ce926a71b0cff65e4172d7bec46c2757ad87a9318a38894912e6528f84526208,Benign,x86,x86:3653923286224555673,false,train
ce9b8282188663779ee75683e02666815db793c52916ea37042bc20b6f184831,Benign,x86,x86:13287392064819066070,false,train
cea747849bf0805b81719205bc8dab08b4aaca8edf941f25140d664b34c8ae0b,Benign,x86,x86:1302172814840270778,false,train
cec970b8aff0129887f00eb8962bf82931cbf2607658fc41eee5650c7e0513fa,Benign,x86,x86:4953141538109775708,false,train
cefe95e24ccf32e02493baafd0dceef4f49465aafb0f0ece8e5f22d3ccb4ba45,Benign,x86,x86:1437895062540553548,false,train
cf430987d820a2aae90aaab93b1f3777cb579006a82d6f8a9fe3e77fe934832b,Benign,x86,x86:4704648929314841475,false,train
cf562c1441facbcc6e526a6c03e47616ea507d57214d06417fec4899b49d9954,Benign,x86,x86:5441231478584005932,false,train
cf595b1e29c45c220c67b5eb58073748b88bef1a3af9361b0847fbdc1474c9ba,Benign,x86,x86:16391965657781284595,false,train
cf6573168bf99dfe2c06e5ed9e67b81aafa5df18e06470b3f8352922c6184fbb,Benign,x86,x86:7947389966266806273,false,train
cf817f6954a4c65b74d0292d573db8e078485d0d3a435d62712f32b0c88a648d,Benign,x86,x86:18101111551039039371,false,train
cfab8b095c9437799f8708ffb9f037b8d5a9147261bac881b555f802ac10cc66,Benign,x86,x86:3589217700084649324,false,train
cfb168c57a884b062dbde74407e8d9bf83fc1a307673a3498b6c9973d5c2ef6d,Benign,x86,x86:18026098655783115226,false,train
cfe26570b0cb782c279363a2f34675fd27934a7a43911bfda480353c2874502a,Benign,x86,x86:6266220998178450641,false,train
cff64a495e85df6394f89d63108f0b1d018bdef1ef0a8cf214a1c634c12b660c,Benign,x86,x86:11661187295644483074,false,train
d03f900d20a09080b55c0ffad0c28b09a7bee8c05189db25b17365194fd54acd,Benign,x86,x86:450987422405518328,false,train
d06ad16d06cd683a98466510523313674443cd0740fad747acc28d0aaeacccaf,Benign,x86,x86:452338163323686740,false,train
d0727971f57c55addc7b89de2d49cb9e86fa47a1b35184704c2160d435997f8b,Benign,x86,x86:74028313934623101,false,train
d08266f1746e96361c626593f93b4f6b074b911fe25384736d5ad3a65513f663,Benign,x86,x86:4943582230734135064,false,train
d08d3c83509d6ca4fdf1a4a097b04e0cfc4008224b6afe14373fa2c4aff3a717,Benign,x86,x86:1045804357757602850,false,train
d0db957dfcbfdb44d17b95e772658e34292e025a092ba11b8cd2df90466a62f4,Benign,x86,x86:6738863037112852589,false,train
d0f3331110e2765dfa815ad39911d567812c9b1975205230e51c0c14bf2ed754,Benign,x86,x86:16110833871843621001,false,train
d1112c8a8b16e456a9b93753b9865d2cd490d16c16a4713953530d2e855b8968,Benign,x86,x86:12896387820798026342,false,train
d11fee653810fce7b56b135ea4ee598a0b16477846858a255e841cf732ee2926,Benign,x86,x86:11229060726791657477,false,train
d13e4c24f34137d433adce69efe5208577bbcbd97ed2cd57114841303a0d00d7,Benign,x86,x86:9574173157306633816,false,train
d157196ef3a96ed5d57ec6a5fca216c53b44a92e62ee2702deaf8c544c8d62d0,Benign,x86,x86:3804458050968026663,false,train
d163bf2730a793531d3a4733759a5aecdb469ecd48eec9c8a868159ffd1d1103,Benign,x86,x86:13997411114715202102,false,train
d16bdeeb4d12371b89d6a3d94bb045eb97baf1517399415ffe18ee0fb0029ac6,Benign,x86,x86:11692483525693649790,false,train
d16f80fbbccea0123f647814ea21bc28a243d48b892f85100d0004dcee950cdd,Benign,x86,x86:3452599184093319627,false,train
d179b100205605950d7a61f7a395f7b3894ad0eb18613114a21d8c20ffa846ee,Benign,x86,x86:6424946142664935066,false,train
d1a325c090ffc7a408a95b101b6ceb55851d6cae7e46ccf05ccba6a479e98bca,Benign,x86,x86:16786127573513593154,false,train
d1ecaa35d58aeb5d6f491fcdb7108812d794d38cbd71e4894b074eb8d45f96c8,Benign,x86,x86:6376952512453195813,false,train
d20d4a8b7a609173e27b9bbcfc860d8a2b25ed71d27dae1d028f674bd9a4b8b0,Benign,x86,x86:4538656336678871769,false,train
d217800675d9b83d6b797be6d05635639df8e970f9902a61336566aba720f256,Benign,x86,x86:9119892906566215962,false,train
d24cc0af9e4ee6fd0c8f7835a8f747d489acac7709dcd69e5d8d9a6b1f4b24ca,Benign,x86,x86:16644363799300227568,false,train
d25b6f6db32a6ef0b4cb0d68bd06ff633cc06e94dbd16a9a344446af4c85650f,Benign,x86,x86:18026636173824294731,false,train
d26c1c4a43495f1f9606320dee8e25cd1ce8626f17398375c231f9277fea0d1a,Benign,x86,x86:9614501631759365556,false,train
d29899ad37ed30538085cc1519ee18ee661f9a2b35ddff481d0bd64cbb14e09b,Benign,x86,x86:10640988066030778100,false,train
d2ad9de8a699b97c6c9adeba73bfdae8f7db574973b00fe1bad7a491f8db02a2,Benign,x86,x86:8545032108086289491,false,train
d2d146440ebaa8693c5bc5cbdd7eb31df5785b586ba146806e64cb88eb577438,Benign,x86,x86:7573945576203184369,false,train
d2e0c0bda6a2366fd33a0bd7deec6dab5034e94bb12b810d2bb966331c68bd97,Benign,x86,x86:10797046944280876257,false,train
d30e3ec887ea88ee9f243da5ef74020ab9876bf5156ee746fb6d71db5a4ad7c9,Benign,x86,x86:7117558293632253436,false,train
d34218eff4f229e326e54ecafecfae7efa93f90ce056621da157f033ce060487,Benign,x86,x86:14245066728061032951,false,train
d344d7c527fa6224dd77180c8a5fd7474ef6bba6d962cd9285a9ba440a4cac48,Benign,x86,x86:18150601665499067580,false,train
d3714cd556c820a40d111590f822bff2da5e5675276c4ba78b9d9c4f5d036f14,Benign,x86,x86:14450421739208545921,false,train
d380ebbeb4dccd768da719572f31648532738581015fd7961a0ec630c6401925,Benign,x86,x86:10735833539141644197,false,train
d3b807b6fa18d4bbd992c4bca600a3c25d433bb7a4196e107ea046cc8abf93c7,Benign,x86,x86:15018793644940608767,false,train
d3d6b5c0501c7be634b0ca2b02b332a285022ef8a3fd57c79b6abc31f6b81e05,Benign,x86,x86:10955900908035042815,false,train
d3ff850ab607abb257bfbfc03a5c3e7a07cc0be164e3bece62fb333602dc3195,Benign,x86,x86:9747533336832637811,false,train
d4456860e332bbdd91e7a016e531b346ab4b1c8141ccf79b62370e62b3d3f0f3,Benign,x86,x86:6685741606510464159,false,train
d45a76b0b4ad0f42751b2d6eae672a98151f42407df3e7abeab1d32234aa09b4,Benign,x86,x86:9528105870357943086,false,train
d472dab976f140656cde34a6b7b1a1df4bce6a934d4146225956aa5573b3d69d,Benign,x86,x86:1155171000758464101,false,train
d48aeb3a631d07f96c652b62ad44009972a7bcee540f06b9570fa497748b63fc,Benign,x86,x86:14793255303065612428,false,train
d48e0709f5540ebbc0398024c751df495c22db1dd0677fe0142fc54452d18953,Benign,x86,x86:9479159559926446072,false,train
d51fb0f4693c543d2f94b2bc0bf3974e81fe11ad6a4cceeb69c542c70e2a546c,Benign,x86,x86:5013817619229104201,false,train
d549e92ca2d76c7d087b8660f4c2fdd1f9df0bc6217038577cbaaa3cf3bd847c,Benign,x86,x86:12088899727335150063,false,train
d55dd0bd5186fda4838e92b8b4152d6158f16aff62a183d001cc42f03fe906e1,Benign,x86,x86:3453199915263247203,false,train
d56f48ca25bd3075d3c3b97dd22637c05be4bfd7ccc007e4e690d2c9e3a19869,Benign,x86,x86:14649780952907013206,false,train
d591abc21fab35ab69d104aaa2f1fd43bf2d100bcd4c320e830e8a7cd7827fd0,Benign,x86,x86:7813189197187313595,false,train
d5cff140a5d5311bb0266fdd07bdeaa4ab4aa60f9239b9e89ee96200a1c8fcab,Benign,x86,x86:15728430784534806419,false,train
d5f7146c88f5d87d06ea74018700beab578f3471ca83f83f651e79b05a19a231,Benign,x86,x86:5337710885454477911,false,train
d63942cfe018493de5e0e3437bfc8aab7e6af01e3576101f9ea38cd8cf439fa8,Benign,x86,x86:16035242685901407387,false,train
d648f13c71b2099b1b84a1d11b792ea263496d608ad75cce1b57321a07d9ce26,Benign,x86,x86:7003785568885255178,false,train
d64ec584972952173029beb9589a92ebb6c833cb5d422f83be8523081cd20dd1,Benign,x86,x86:11760917485313655447,false,train
d67ab0cbfa7e134ef32900084d8a4a5275adf9232a35a72ac479dc8c6b2c2b39,Benign,x86,x86:3893871009980455089,false,train
d6d0105b67584815129c6035901eabdbfa76416179be91ac4500cfe2886dec55,Benign,x86,x86:13541704513305415296,false,train
d709762449333a9be25c0a9eddf151fab7ccb8cf7063ec7880515954d0371e49,Benign,x86,x86:1840311082605042429,false,train
d7d46693c10d009520e45a533c6acb59395cd0d62ea4ef0359e716fe0a4bffdc,Benign,x86,x86:11578847576404921570,false,train
d82081792b34d68817ac22249df00590a604e8e00005cc38ef24349eb9cdd4bd,Benign,x86,x86:5763805951623199033,false,train
d84fff4d9fbbcf6c97dad65d3195963b250d532e4530485742e3394c764dc378,Benign,x86,x86:14500317874912504868,false,train
d8aae115083b7e69e2f27a284373a6ec3551ccb093c411ba5b1d59a677f5dd76,Benign,x86,x86:12285847524908596994,false,train
d8b6ee4b6831554060697710e1e7df69dc5e94a2ec5212861a10638838a04d19,Benign,x86,x86:560683379382519695,false,train
d8b7730e44f2ecc9c033841cdd0ba96b7e7b75f2f9345e815a66530b93f2efb8,Benign,x86,x86:6170420137139888044,false,train
d8b843153274d7dfbddc99f0145c1f000ee0a6885a6ec2a580b4b336425e25be,Benign,x86,x86:1446112846944722991,false,train
d8d7fe429da4f62cd79a0f0b8773ac822dec4a9115b5a1cc1ad3c3caca74997d,Benign,x86,x86:7051199776877958476,false,train
d8ee79524cf46c8ab76ebc9c8d69dae7ca5f50989a6e1979d719b1ce9b64b9a0,Benign,x86,x86:483635093003741996,false,train
d92409b2dae438ea1d6294f2c75a0d8a0e058fdbd96225d1792edcba60e936b4,Benign,x86,x86:12563020780778614630,false,train
d97454916e66f3ba427fa0c4efdc39e26685f7aaa16fd96f07796729bdafcb62,Benign,x86,x86:18007185950069062168,false,train
d9762b6226af150989c000fee70aad5524f2e8d360c3f5d86db823a68072492b,Benign,x86,x86:17645905953159041604,false,train
d9be8c1b990f9d2bba90b61b18b8843797e237507325e2d78dfe2419de4c263f,Benign,x86,x86:6035305670767159178,false,train
d9cc943dea7fb9810e9d8c629d51e5fac74034647f9ad705ee9787606d665c8e,Benign,x86,x86:17707730754198563439,false,train
d9e56bae7a032af0c10a5370a43c9454c1f75f6c9da88174f0d146f2a8227dce,Benign,x86,x86:1918663000483202787,false,train
da142464bb89ec0c02c751b24b63a89a523b53d7b593747c1c5c687ee980642d,Benign,x86,x86:16839808263701385012,false,train
da25bc5a98793ab783b7549a68c6b663713572587b35595e4515f6c9f395709e,Benign,x86,x86:1344560293448407291,false,train
da30e30806de4fe0e3b225fe5bbfa719cbd81c56f940f6785bc13da45fb70eff,Benign,x86,x86:18392468467963321863,false,train
dad10e4e247b511a78b0341f1db4de20320feed9fa1fd51e47802cdfb5426d32,Benign,x86,x86:10492242617698314410,false,train
daf87dbbd3948469d271b44fb28511a387c56d59e1509e545107a6354759accb,Benign,x86,x86:14572666175240809865,false,train
db058a04d4b74d8983817a9db5ba764565de7cdc51d679d3b441fd39f267db63,Benign,x86,x86:205730454123556775,false,train
db1ae35f6ef8ccf9304fb76cf9edbe5850b35cf241d253841b158ece9b4a7c7c,Benign,x86,x86:4498794368285383499,false,train
db7ac673a1b7d988dfe6d3562755c55f9655c2cc57ad40b498287d92a865a34f,Benign,x86,x86:1018843929769117525,false,train
dbd67206485250fad14a24fa0d7a47ed9b2a16cf022908700c8379bd03448fcf,Benign,x86,x86:12790073056932309180,false,train
dc24513fba3def0fdfaed22af65194bcb1d1aa1f4889885f8d6b2b44348683d7,Benign,x86,x86:3862576852829520433,false,train
dc2b59643206d010ea20a0997cd6b5509f62b4b25944bb3bf1fc76df328152f4,Benign,x86,x86:15760363833060276478,false,train
dc4b2b3eb417670ae360315e43f31c318c92dc25d95e53eb17f5f0f290c7ab28,Benign,x86,x86:2260794320945851944,false,train
dc4b97097968dc9738b50fa7ebf29977313131b5a1f73045559bcb0e1a9bcb91,Benign,x86,x86:4549834721407737911,false,train
dca279009d78352af6fb56d8dc4a9f83a3edcb21d1a3f46efe68aa2a833c1a70,Benign,x86,x86:7766814982747761711,false,train
dcb87f4d4b8e19a6042bc8a2ca0c94ab1bc7d9863dc342616a8444b20c2b80d0,Benign,x86,x86:15848079771232171605,false,train
dcd26292d9bafd8d4da14dc0cf325fcfb64efba2c64f57e1cf2525da4899b13b,Benign,x86,x86:13099661488918827297,false,train
dcf528746b4fdb4718631725331b7f5b6805eff9677de382171f27b603659417,Benign,x86,x86:15950247971601120073,false,train
dd35003ee66128df7e131c4282029fe9966e4c7ad5657833addce7514fdb23a5,Benign,x86,x86:12824577970552640720,false,train
dd3904a585806628611bc7d6b72cd04ee3c40958ae3f39b2e9407bb097e57c6e,Benign,x86,x86:7920627670419551632,false,train
dd3c2e4b11257a91f4a27ce46aef80dc3754288e078128430794e8dfae26d54a,Benign,x86,x86:15395896440556678521,false,train
dd68b4071299b146104061204da02bc9a99bdc238263f9b8c1622edbda4c46cc,Benign,x86,x86:3299721231242233859,false,train
dd8719466a2d3618493eacf17f91d91c1997f3fc7a13b5976abec07058821904,Benign,x86,x86:15002715540078560482,false,train
ddab072fb3412128e3f68924202175f94e5da9022c119f2e7f915f4f1d300806,Benign,x86,x86:3578614187424270425,false,train
de4e0696eb745d867da78cb1fba9430c1c5389c3476f9724fd4fecfaa1e0213e,Benign,x86,x86:14495424722539322709,false,train
df4d8eaebe2da484d3b00e898d2d9c39b943bd7129014385ee0c9d5e4c706320,Benign,x86,x86:12020605574523528627,false,train
dfa05c70fd2355448e2adf72d15ab0cacd28be7f9604a0c8a55cb028efdecd31,Benign,x86,x86:1497767911316079634,false,train
dfbf88bb7a626ef334d94bb72d9446443b2d29f65626e273df451b4cc4291950,Benign,x86,x86:9975594721648151699,false,train
dfc07c98e5e1df453da422e31b914d73df672e0c2a297553274ad959644abb5b,Benign,x86,x86:15972639581502478459,false,train
dfd12b2f0d9d8bc22a97c45ab8b40c32fe9d18c87b19bb5ab09d11dc69e5cea2,Benign,x86,x86:6099700383972934146,false,train
dfe084d2d2a122f4ba7621afeb66c920f2de2b6578c12ea685b07b5eee17bb86,Benign,x86,x86:17435485769398566355,false,train
e03a1149f3ed1301d6593960a92d333c7517667c4d2afd366495ea27e9131b18,Benign,x86,x86:9525062465052370910,false,train
e06115d0da105646bc46a7bd3cccbd26fe1d6c055916a52b36834a9198aee4dc,Benign,x86,x86:11407462797590852367,false,train
e0696e85556e041bb6b830cff571214ea1efc487c24c536b0e873fd877726dc2,Benign,x86,x86:4739633324520124481,false,train
e0dafc6894520cfdef1bbe7acf0a7c6cb6d83b8d7132d1123b42cd0fe2f6952f,Benign,x86,x86:18130401925029317063,false,train
e0e3a66da1f10c9c846ff18d3fa55061d3a76beafa56889dfc8eb1555b8f59df,Benign,x86,x86:16413405928193066957,false,train
e0fc2ece949fec26b6a10dfb4478c2f4e1e2c2b66f21e5e085ef5070903d2ad6,Benign,x86,x86:532378658247932602,false,train
e0fde5cf970466874addacad200f2fa11481ee38d12a33dd3b4e26950ae237c9,Benign,x86,x86:8253700231143621875,false,train
e112877f0e349c2e226c0a6b3cbe535fe721e8bb153236b1f067b95d9b4487f5,Benign,x86,x86:16663883062462609754,false,train
e114ed63da8c225cc47b62bcdfc0657664ac56bd534be5cc4fbfda769a25ce6c,Benign,x86,x86:15895035973290711868,false,train
e183a9a7fa83b121e74db6bbc76d4c1e5ac0c0ef752a7ce4916abbbf1134bdf9,Benign,x86,x86:7720550093632653162,false,train
e197470c41083bef9f9a221cf2887a21913f36adf5042959205bc753cddf338e,Benign,x86,x86:4306942842002681810,false,train
e19a15b4b0d129f2084d0380e8457e6950bad15da0fd5fd40f374ce78085b381,Benign,x86,x86:6865994925296278926,false,train
e1a3790218dedc6c5f7f2e42af3c10e06b477dacac420c66049253c18333b208,Benign,x86,x86:1008403406492730056,false,train
e222cc626529c550eb2df0180a0a310fbdf396c1b13c11c71c7e937420b85e8d,Benign,x86,x86:8207487297681192432,false,train
e25d025a5952d31f1406d9f954646f5c4661ce3b8f2cccf654c6cd560c78f80c,Benign,x86,x86:8666661494162448591,false,train
e2674304690a9de9fd0dc062e4ad467bd7974ddaaff21dbb8fc29f3397beec8c,Benign,x86,x86:10002701863326667643,false,train
e276ecb6440192e9f8a867bfdd336d6c38bc571846c2ddb6eefb99f25298c5a9,Benign,x86,x86:8956356853296043714,false,train
e2de637f4b9911fac9ba2bdfc6bb6a6c85ff6aba3eebe92493a9b34dc732a19c,Benign,x86,x86:4246068074906704327,false,train
e31935f0e3f633ed6bdaa19a9ce2369d4d18ed42de94de3f48be279718229517,Benign,x86,x86:7745794014323081698,false,train
e341b18a0b2d6bb7efadb0b9ee569a7ea87efa6d07d148abb5673386ce071f7d,Benign,x86,x86:10780374318040531820,false,train
e351c365b0e21d2cb722af5c65a1f18d8ee4dfe8670b026c032d3d560a0ebe7b,Benign,x86,x86:7769212798038556174,false,train
e37bf59258b4d9d4cffde0e83849971cd284e8671fbc93dee30d8b35ab6b6859,Benign,x86,x86:3085190875731270557,false,train
e3802e4be1db1d3e5942ae0396003b5bfcb92bf2822a8207c322c1aa57352a4c,Benign,x86,x86:169060556150150258,false,train
e394bcbba8f26889b6531a420eb1be4211960544b6f5c6e66b0c2956872312b7,Benign,x86,x86:16145639547950057298,false,train
e3a2cc5328a282e9c746dd9850cdf66ab25c7e945a94ff39bb563dc16bd13198,Benign,x86,x86:9055292714756013526,false,train
e3e38df139ae5b535a598c7fcd1589ede643a529da9718e64dbf325853370a99,Benign,x86,x86:13761105081456589548,false,train
e3f6aea8827f8ebf4aac971201e55c88d4b7eb42cb5aa6bcf6564fd5514392c7,Benign,x86,x86:6003039294983182392,false,train
e421db340270aa502759044978bd878c6620c46b37399a7d070bedfc623ddd90,Benign,x86,x86:17294405498367090654,false,train
e4472fe1ee280e5d31290ac8a06f232a3587a42435f2a8937388fb0e689479f0,Benign,x86,x86:3417302988489490973,false,train
e448e9d45d39dfbcab26db82c56d8d48b01fd1f449fd457cdef28aa8b1d88750,Benign,x86,x86:8971058989660010978,false,train
e4612e1eed41bdb805808e30555f4d00d9e5b854ebdc4ff35fee450c3aab1a52,Benign,x86,x86:11047019663679562437,false,train
e4635089eeb4b9abb395e5915510b8827a49066b72325c85752d8914f21ffaa0,Benign,x86,x86:5630672591887030339,false,train
e4909d6989ddf2c8cf87c5d314773913f113f3dead9ea9673ce17b558ced6f50,Benign,x86,x86:17712101073380730221,false,train
e49502d1fe63d11f466f3f34b312af6caa9f79bebf484716d346b9673fb6ea04,Benign,x86,x86:15577841021108184815,false,train
e4ac479af160dfb536bd6da233aedaf94d082ed45281c44c65c9e6bf656afcb3,Benign,x86,x86:16649287959861823408,false,train
e4dacc18614f144f14608912c55ed19575b06b44116fda5aea602d97f5db8c8b,Benign,x86,x86:16657206403378042287,false,train
e4e4ffa53f798ed3067b23878e2e0ec20b90837a58f8e17b089ffcf78b94b6f4,Benign,x86,x86:13424343488146306057,false,train
e4fe8a1f2c5b2d5ffb14f6a4261dae517b14e162c18f95f37f977699c1717866,Benign,x86,x86:12919434664978515673,false,train
e505f8513c4f74e0082efc43f9e9f05414c3e7801f1480d57ce74ddc42fad1cb,Benign,x86,x86:14116544857195037573,false,train
e50c11608e9b2d93d1c942540ad71dbb65d36ab76f713f50b61b048a8e80a539,Benign,x86,x86:3064866143620970811,false,train
e51cea869a5c0d12840699db7294c6fb22f702ed8e3fcbc6e97f8e4451407868,Benign,x86,x86:16496283773330119193,false,train
e54f4e3e6ce0db0dc7a2be8c29059eee5291e0237fc2cb981ffa74432cf887dc,Benign,x86,x86:13537700669941131682,false,train
e56adc5334ee9413de5090cf42ba54c2c1d63f4f165c6cbaca77e221a0f56d9e,Benign,x86,x86:11529301503941289287,false,train
e57117270f6bb896a89677f27f8b814296943bf4320fcc642847e2bb132ea7b0,Benign,x86,x86:11394199767149338611,false,train
e572f5188b9a2cbacee741df381c98baa0d3533fd8e0ad85d74fe5d6e18aa3ff,Benign,x86,x86:1673750033503265870,false,train
e5918e4fe38991654f4ce1dba1c0c9d27a4be743c4729d8c563b461d62aa89c4,Benign,x86,x86:8497601809116084033,false,train
e5f373501060a4c70b480eeb05b248eb8f6ccc60f27a645b902943506290d2d8,Benign,x86,x86:7891151079499639877,false,train
e642026edb58d4084c88049c08f6981836e0a317db3a1d081b52370cb7c286b9,Benign,x86,x86:4870909810489672808,false,train
e667c430855d84de9638a074ba3ebada1e6b780e3dfac1f7c6fcd808446836d3,Benign,x86,x86:10437175227468008495,false,train
e671441554168605f4aeca5f3c538c4e37133f28d1ded754400330162cf62286,Benign,x86,x86:4306285512992314380,false,train
e68836ef54483262e740abdc9253621f007931c47348e91b97e7a1f6df0add72,Benign,x86,x86:13924636197685708358,false,train
e6ece2d7be99fea83864ccac0c599781c10e9dcf7afd0cf3630efcc5cb102b12,Benign,x86,x86:4448979945222855978,false,train
e6f7008a177dcc6e972a1efa45f0b5f53c6939222beaa427b91876cef1820d3e,Benign,x86,x86:7846823539145038260,false,train
e71dd61694332eb6a922d67b77da8bfe6a0e40b610e66d61beb2fa050944b44f,Benign,x86,x86:9131115530532437145,false,train
e7274acaf33893ce78ca08815b37c703832528cdcb66d32e8ec7b08d3e9c30a1,Benign,x86,x86:11417169397592264454,false,train
e76d86f6eb506405761e5eea598f6e1c2371897093c9d18e040cd41e390bbc90,Benign,x86,x86:9803092357260451155,false,train
e7a1b2ea71a0c8d275f3216693ab2860b6a9f6119ceae8997d5deca5c8accc73,Benign,x86,x86:7752098375631562169,false,train
e7aa1722ead4b8580cc2394fb015bd2eed58b021000e93967c833dc2d9500826,Benign,x86,x86:10155605899085122868,false,train
e7ba998e68d226d80c336306a3699256e5f1ffaa423a8f947993a836461b2703,Benign,x86,x86:6541597598383970401,false,train
e7d5c85b20ec8ccd96df286179e1bd6937796391e62e768574e4c6edbadea30d,Benign,x86,x86:14624996438907102000,false,train
e7f4ed176515a9d9ac0c0ba212c669e1df1f53514c3f533832a3c1a42d04048d,Benign,x86,x86:17512547643002422552,false,train
e80ac67feebc706f39a11895958e852e6d1dbcc4ec46f038b4098c4fe72e4d6b,Benign,x86,x86:15213177284288873665,false,train
e814c34807c56414cd7f4265c52aa817785607554bf1bd9c0c5a71e8f0fa77ab,Benign,x86,x86:5597926218534438376,false,train
e839dda61adb7ca091c5cec7b35fe837ac30a8fdfeff59e5c7417113be4a158b,Benign,x86,x86:6970784070676842366,false,train
e84f2d14a95fa06c01161df16aaeb457d3c602d3df78d97d661b66880bc3263b,Benign,x86,x86:14562312034153106838,false,train
e87ca62ecdd14de17fc33fb5eb93f9980fd552be261beaef8aa2ae8144f8cc24,Benign,x86,x86:5222277076275817865,false,train
e8a518238d6396730cc4641821b460c6576d0c1bf36c8ae468ed3a5f09293078,Benign,x86,x86:10576533000481283636,false,train
e8c341db2c8275f7212ee70a58a129ef8f4f5b0eca8287efbe5819d961f722cf,Benign,x86,x86:6517704411933351629,false,train
e8c9267478b4be89c1f55310c37de994587966735f64facdd0489eeef1a1b789,Benign,x86,x86:12242727755611218363,false,train
e91b94aecc7a2ca7e2484c9bbd824d567a54bb543a44ed8c00b1b51076e08903,Benign,x86,x86:6036711206926336330,false,train
e937b3970d36bcff50cd5bb79bbd7c3a9d1b98f7b72a7cd9aaf5816877cb5617,Benign,x86,x86:13362134183430463860,false,train
e9460f3e83964fe896d92b9da24b80527df68602122ed5da9d86394fe1cded0e,Benign,x86,x86:12093879595349035311,false,train
e948eada941826fb585ff3b95da31d142fe7a6ea745f87477e4a165224e2b136,Benign,x86,x86:14692486535672498519,false,train
e98a7887e7d2a5c38dd15b4c91e0f21d4e868c0bba424e705720fe8e94f1de2e,Benign,x86,x86:7642276485394926791,false,train
e992eab77b950e4ae872717506c7d4db043153a4a4d6ade8792d31891d23a752,Benign,x86,x86:5832133331668346169,false,train
e9a809fac7ee72d50702e2f6738b14d6fee8c635c4b43e5aea7b784d3f222f1b,Benign,x86,x86:13184788615079806666,false,train
e9ae449bc8a9c9e3171caeba4789e508ca4017893ef7ac122ed6d76f70054c92,Benign,x86,x86:17393573781104480447,false,train
e9c1c0b92a09d2ceb7334798e123bdec183518612ddfbb8a45d37cf34555796a,Benign,x86,x86:4734266382434794212,false,train
e9df9cce0248648011c54433f248d5fc472297a65e7eccfcc50a6ef224aa584c,Benign,x86,x86:11445946209765816611,false,train
e9f2bddb3fb99ad3b7e0463c258d6f94c90abefea800a09a926e99b4ec578548,Benign,x86,x86:12180768223173197891,false,train
ea67960f4792cf182f7362e40a4f2f4041d96694f852fbaec3389fae8ce78b52,Benign,x86,x86:3072754628388770655,false,train
ea7233539e4ef464064e6fbce0d8d61e6ec9867e573152ffdb108ab0a8afb17e,Benign,x86,x86:7488651567376094646,false,train
ead456b9cc51a9f857e6e6f613d0710ac31d0b11f97028eaa3ec7f18f013439a,Benign,x86,x86:17216583426699677428,false,train
eae5ba2877386a8084217a8e3d696fcbc63fc976b6695f3d17c441d20a3cd26c,Benign,x86,x86:4434907862771603161,false,train
eb07f69f91c57a08bff6fd2267d85762959c6c721b1c204f84e07d12b6d46c11,Benign,x86,x86:8459885020220470445,false,train
eb2a4cb45b309b56342bee40bd59ee33e87bcca4d1e41e8132af72f6592b1d16,Benign,x86,x86:10162982674850838857,false,train
eb3848686f4654916b6ea201f54a846fa6382dc06eb0795e1cabd2b69d6632cf,Benign,x86,x86:12465792514285038728,false,train
eb3e9515a24cc53444ef012b031726ffd0c71cce30e5790e8428d0b3d7759120,Benign,x86,x86:8726967034987174293,false,train
eb61c629deb6d3ca6bf73946f83ebd251cad60ee1464530742dedcfae0b199db,Benign,x86,x86:7803564897934809127,false,train
eb6f5defad34bfd119406f4d9819837c5f59140ce840aa793564bbaddc4af949,Benign,x86,x86:10503507530336459074,false,train
ebab257c9449b9f0ea4b08652a6464c9d1f38dc4d7f635a3c25015b53d50dea9,Benign,x86,x86:5350962829783809612,false,train
ebfc9b2ff97e6d037b709ec49aaf42ee400220284648491bbb701682399cdc42,Benign,x86,x86:3368514533623173711,false,train
ec171277bdac100dd096315c508ff936401a4b2f5970a775c1c829d78459a05e,Benign,x86,x86:16578521007001466719,false,train
ec1b63235b9e8ebdd6ba7b46807ef8949bb683bbe004cf8b1539e2a5d7b7d736,Benign,x86,x86:875543744274901379,false,train
ec54dd6df938b244a7d7e16d8441298d042baceae066b4ea0c661399a1d9c72d,Benign,x86,x86:12125845900680456009,false,train
ec7b3a7d1062fb1598eba55416c93d2a0d978e8c622e7f8b195a2af594f67689,Benign,x86,x86:13442886814541524256,false,train
ec840b9e60c50f507a683ceda51eef9043547080d02e5de068283d9983d1d8d9,Benign,x86,x86:17930909841037794841,false,train
ec8ab4695a775e1a334e389f38274c1d360a50f4f760bb03d1e48f70c48c86ee,Benign,x86,x86:12036254470131513845,false,train
ec94ac196330836973b0fc7a1f98f1239668885995e39c33fee37d819fb68250,Benign,x86,x86:16850702945594565916,false,train
ecbc07db8a0566e476780c3b8129610651098ad5a2d16d91db2689fc0b1a5434,Benign,x86,x86:14108342023124661828,false,train
ed0d715047f99b1cdbe47a568edba2ec159c146c11c43f6bc005aac3a587969d,Benign,x86,x86:4509364067825572134,false,train
ed344a7a7de3d86030f6cd9d9e3bbfece17b5678c5bb274dc99281dd4d2409bf,Benign,x86,x86:1372935334596011145,false,train
ed491d2f7f7d9e19835dcc618e540fd81162418f9fc39865cb496af252135455,Benign,x86,x86:11657524700460877976,false,train
ed49e833d7f6636c9c77eaf98f7f2728e58c3555b99e93c35bebd299aa3687f6,Benign,x86,x86:3157515061857859982,false,train
ed4e23f061115ac52b4a3b6f4dd99ec2c96ce4cddeba3ee9712b1435bf0fdddb,Benign,x86,x86:5141542568091433175,false,train
ed74a9db73fcdb53d183d2a7c03cc6b12d58b42048b693c84a8553a99bba92eb,Benign,x86,x86:8273321467589974357,false,train
ed7ea6953203082ff2255f33d76228bee497c5ad5ef6d0c74a91182648613774,Benign,x86,x86:17110975421258568077,false,train
ed8bc405105867a916ddbb749acc75b7440f52c27c4cfd9eaf5b724f2f7c248f,Benign,x86,x86:8389174995881813165,false,train
ed97526a63a40c4d76b5ad841634cb451107833f595015377acb458d4355368e,Benign,x86,x86:9807831138096193487,false,train
edb215259040b8c370623cde7b92662d5d5733b25d9062ff41eac42f3abe1f0b,Benign,x86,x86:17382383434118492530,false,train
edd8b93251792b0f84e7fe4e04ca2633aa6c8293679208397589d068dbfe2b42,Benign,x86,x86:3958776213319379529,false,train
ee122c4f2da39ac3d303b1ee1fad014470aab2596e4d309b874b6bec61ba5b33,Benign,x86,x86:12333030077026224922,false,train
ee179c53f682bedbdc54893e44bb5c23d8890563345bbc00798db0cb07c53868,Benign,x86,x86:37449886512244417,false,train
ee3e18f7030c56ca6ddb5a03c355f9125afdf987308acbcbdbc0644f8367e929,Benign,x86,x86:15556456340890471793,false,train
ee86dacee9693880bda7f9a39392522ae7cadaacb29db98391c093194cbe0ee3,Benign,x86,x86:17525585250583311715,false,train
eed538f7f19bbfa9bbdd452f8f5089152935fa6bdc68c2a2e10bcfeffafa6ce2,Benign,x86,x86:6687780060106115881,false,train
ef01cf896921214bb162b2b3957594642b9d600d179301294c639a594c421355,Benign,x86,x86:3371444769027550012,false,train
ef362641e94161fa99a2d0664632c384f7ed87b4e5b1bc74e0eff68ed71b1895,Benign,x86,x86:9135075682452021515,false,train
eff26630c78960d93122711bdbe4e9d96c76cec4e41b884bd9da1380452133d5,Benign,x86,x86:14868728949079471279,false,train
eff5972c7d4d1c530c141f23629377d9bf53a17ba6fd1e0596ad283911fc6b5f,Benign,x86,x86:17260355326673459945,false,train
f017b6a14d1887dc691b32753d6f72a12266c5ac90158eb0de4e3af9b993cda3,Benign,x86,x86:2790604016939752297,false,train
f01d4741baf2cb5f1b04a60b12989c39d1acb19b1d1c77d590d53e8f7fdfc2ec,Benign,x86,x86:829899587042349371,false,train
f08ed5f08e704e74c27d369251d236077af968f2270f5a59d7855dc9a870070d,Benign,x86,x86:10798132713540822233,false,train
f0bd45cad3469ea84097cb18d43d17d9fda3f6868db660f6f9d0f59a84d55d8e,Benign,x86,x86:10180570600584886789,false,train
f0f5c3c9cc73d24001d596b113a60f2e465f40c84e7ec322f2a119f714a32b0f,Benign,x86,x86:11173996546888205704,false,train
f0f8b78e138dfd619f130a3b33e1c3b84ece9f5ebee02fb798b8b39f922cb109,Benign,x86,x86:4293568709056156819,false,train
f1049595772dab706dec4f77d3f0596341588d09d0cbbcd65f46f9734319cde6,Benign,x86,x86:9462494680915224346,false,train
f180b1b41b84ef5ef32355fb9a87a970533cb4be1e78ceb1a359f1d05cba4b29,Benign,x86,x86:12374174422686779013,false,train
f19337c9072a6651286f5ad0e6524ee16f17ff67bcc3783902f886c41e225567,Benign,x86,x86:4272379924415923791,false,train
f1a26fffee3beb0da3841a84d26bfecf84ae6ecdb51814caee8513e1084fd71a,Benign,x86,x86:18298328002249366406,false,train
f207ca21fae28e8a9155aabe3221c0ad990aaae5e05393a09c3ce387dbd4bbe1,Benign,x86,x86:789806600654362745,false,train
f2423676fa21048c85b093c431e5ec82f5142e1c30e526e5612c89599a2d9f88,Benign,x86,x86:11933400277077061892,false,train
f2742fd8bc2a26c320feaa05e690da5822770cd5661cda5fe9218ee43fe562e7,Benign,x86,x86:8427907094119845041,false,train
f286e41dbc08a796902f423091eedfe05d59e8fde6d837fb1e2f42bba7619b4b,Benign,x86,x86:12331253944282889342,false,train
f28d17358f3eef33e39254891b90213805c3db810dfdfc18631ed5f2f0420928,Benign,x86,x86:9236915598167108039,false,train
f297a31b7e650faf8fb4d600c18af8eb4f77aa29abd64f0f9d7786721bcb7bfc,Benign,x86,x86:4470959028766540039,false,train
f2ae1ca42cb55bff37dfab6d46e657fc645b5b08b6b9206e3c986122b810e99b,Benign,x86,x86:13224861323957611171,false,train
f2f419d694f2779920550e32f001ddb850aad831763464580a14255a1d03869b,Benign,x86,x86:11874686833944080659,false,train
f3156c2bda44c9e8f502d912453ef351e3713909557428479c6073f7484ea9f3,Benign,x86,x86:16607431308604288723,false,train
f338c8619cc452bf24834e2d161b1d010dd943aeef1e295042e76c14a842dfb3,Benign,x86,x86:11789725917906592740,false,train
f346f1aed1ba816e2cc245cd81723c8f847cbd25d16d1b9dabe335a2295d9c79,Benign,x86,x86:12094305354172515173,false,train
f35cdf92597d9d5a496e5b743256b39f70e6fc23cbf5a907ef9740a85e89cd49,Benign,x86,x86:14833437099033614904,false,train
f3604680420b78032cc72aacaede21eb5b554279e82d82f8c63b177361f6e7ca,Benign,x86,x86:8647521608264396828,false,train
f36df3b8a70db7dcf02b35c4f4ea41353a6ea1446c9b0c14bedce539f5b0de1e,Benign,x86,x86:4023388601160673286,false,train
f3c66168a6fa5ce0b48ce0610a7b9d14c863e75e67b954058d2aa367a551a8bc,Benign,x86,x86:12653020001769702643,false,train
f3d689faa440e9abf9f23beecc5aa0bfd7f0917a23ea26285f1fe5edda8f54f4,Benign,x86,x86:1409506640892554988,false,train
f3dcb6bb15d3dcce293e0b83c8356c92d29350609caaaabbaf99f2f07e438d63,Benign,x86,x86:1731029634548342415,false,train
f40ad2237fcb949cd4388c443ea7ede50833314070e75275783b49bb2ed2c2d8,Benign,x86,x86:16175870295915445257,false,train
f40ed4fe008107c5265128cf77aa05450271e6a3d808d8703b5363cf2d0a84bd,Benign,x86,x86:4322766751704478398,false,train
f425c518879ab6e24d0d55083e3791f1e8679473795062cac73a6920c408874d,Benign,x86,x86:10973223507152121296,false,train
f4718aaece3c6fa2d4f2b3ecf9a4c27f941288bbc1073d02e039a0fea85f6de7,Benign,x86,x86:1800675193728670692,false,train
f4a9ccc7348d4adcac0cef8e74cf7dfdc65b8cc5805da78243583de7e32dc42d,Benign,x86,x86:17566352991319713280,false,train
f4b73f8e961693d5372afd0029629d84c50a609860dec58766838b4b15433dc4,Benign,x86,x86:9037229589887650766,false,train
f4d66070a723d050f385b19bb23019feaf03ae436709e59d30ac78beefe5ca48,Benign,x86,x86:17087476725269596148,false,train
f52ceee9927a2fd3921aa079a17ca8b06e4096f68e62ea1a006b79fd3c4d2353,Benign,x86,x86:993147505448115791,false,train
f534d82d346092cbdb951876a5c53dd0797650f98f2854838eb69adb2218953a,Benign,x86,x86:10273113683991180145,false,train
f53eb75f10af1f816b5efbc3498962be8a0d4a98d7c4df7347c10d83bf542040,Benign,x86,x86:4518325491225537307,false,train
f572f9fe86d9b591ce7b8548420a6d24afec333f79f4f142e26172f1f249831d,Benign,x86,x86:16323648151056194270,false,train
f598365ad1fd12266d4f5c7164739c0f595081f6962ee61d2aad01bf44ff8806,Benign,x86,x86:1565675812073231167,false,train
f59df8a18e15abd395294d085b97a87e1dc023eec410c488dc0107596833d823,Benign,x86,x86:12693672322054928054,false,train
f5bac8f97e6874718535d2ff83f5646c4f535aa9f63c07601f92c842ebb80491,Benign,x86,x86:5915207161735082349,false,train
f5bc531ca64a9d4aee3a65ebd2101771ccf9b34eab40e9af4c5251208f2c0b68,Benign,x86,x86:16346171595284181977,false,train
f5cfa5325d84e79924a286eac5829a4a5418c72547203ac4eac582279154fa38,Benign,x86,x86:8612782512095551054,false,train
f5e902b692aa2828050178c1a2dbe9d9f0ced7666803458105cf8c4a7dc94019,Benign,x86,x86:16326412540555956909,false,train
f60b2bf85ff6d5a0c510e9d9dbdac93243bb8812b52f48c842318f89709ab1d7,Benign,x86,x86:2817677186481383842,false,train
f6e8d3e0703d0ddaff53d0846cf0a342d8cf7c77d637136045b6a6d53b49a007,Benign,x86,x86:608461593441587573,false,train
f6ebfacc48b686dbaa68aca7b980a90e01e114448fc4b1993e3365a92a685eae,Benign,x86,x86:13600752026564092970,false,train
f7247ad16a7eed8ffa9e63c047b1b41f126001fe84cd8bfcca1b5bdbee74425d,Benign,x86,x86:16782248034836378458,false,train
f727918536eec73031a6f22c1d9035c8097b9c888c67cb68a11c8ccc9a935b4a,Benign,x86,x86:3060487769330614366,false,train
f730604f5efbf692f4549aa4eb62a567b5673c2eafdf79cfae25e430afd6d4d2,Benign,x86,x86:13847540738078831470,false,train
f740c6659234045b995cdb98a2f2507f7cafdaa424c3d39b10c2ec2a5df4ceba,Benign,x86,x86:16640749504668006825,false,train
f75b88f43e94e6cb4d9e0ccdc9c42206f94f83b903469558273e0b9d7184e77d,Benign,x86,x86:6135771754204256168,false,train
f771623dfb671154a0b8a439b53566106d7ad0dd3561ec1d90398c75ea749396,Benign,x86,x86:6750469340963570064,false,train
f7ce1e45a7b60c8432010285c928b194f50e24b964bcbec50a921cc5050c85ef,Benign,x86,x86:18036857311847313012,false,train
f7dfa3fa3836df0762d4bcf7adf756985e7d1651856a10f0dd19958009d9d314,Benign,x86,x86:9266639528185792422,false,train
f7ea3247524f74997d232b3530461978ec5c1e1c8d195429e1bcc4e388c89c47,Benign,x86,x86:4006386041850615906,false,train
f7f822e461d0c2997b6a1296fe8f3b6e4bf84a99fa845c254426a20b52da786e,Benign,x86,x86:13381580213756101153,false,train
f82bee22b1e26bf258e8400955252deb79516afdd2c8f0419fc423cfd916feea,Benign,x86,x86:6809271209664842729,false,train
f83fd5be75edd41d16d3435a3d9545cf4f6553c0f686e2d9a5abe485bbb2cecf,Benign,x86,x86:8577496213804918435,false,train
f84740214357a9a5f33e78ad4d011751196aba32b7f5c9185ab5a093a7ec3cb0,Benign,x86,x86:3278556848167705041,false,train
f85fbcc28804c4000be8fd16f197e90c84796891f86ca168b3991e44c38e5b5f,Benign,x86,x86:5393796039719517979,false,train
f87007a774f608588ff7d532decb7f020f99fccd309524149f694a90d5c34404,Benign,x86,x86:11296094490439593865,false,train
f8745fcc6be6f03261022c3826a57ae0f0f2b9f595c2ea96ccc1676cb558c1a0,Benign,x86,x86:389059304747979674,false,train
f89be4a1a4d3e272ac351559fccb3106d88665ae86c89201d8f2c383472cb2a7,Benign,x86,x86:3693861698039704010,false,train
f8a4043be989ad0f707682d1ddd36ceb9278fdbdb2904cdfa0a1fc1dde503256,Benign,x86,x86:13564840781018672797,false,train
f8cee28eb812f9902c9ff8e8ea4215db7d521abf0ee6f07fbc388fa2d52999de,Benign,x86,x86:17118701406992350319,false,train
f8e36518d28d74143bef7ba3c7889afed6443f7410479f8f82cbce95507e8dc6,Benign,x86,x86:1195992930760904650,false,train
f8e92d2f25b750904d20b7552e32122c188ad0e90e632929dc9293bfc0ae125e,Benign,x86,x86:5123575525586651197,false,train
f8eb835d6f7d105e50fa142921c11e577628ebd6acd000bc4ee96e86bcad01cf,Benign,x86,x86:11112575567099077407,false,train
f91457ce9aefc32a6eeb600396424a5c925b7dd8e6444b219e0d0a19664dd56f,Benign,x86,x86:1353963002334287615,false,train
f92d8d29dd8d3b94161b0848fcec6d5d4491f12c5cc446664e211df8de0f180e,Benign,x86,x86:2842660747283509647,false,train
f95a534e55b053e390411d51d4db19dc0d02b4c1a2bb2d9217e8e124a9c2fab0,Benign,x86,x86:3883603386353871890,false,train
f983f403fb2a79eb98b01815df5949c8f2812fcf2049dbed963e6de779b41762,Benign,x86,x86:9772766784453166823,false,train
f98651e54b631bb67eea4391166700ec8a1a7187acf6cdf68d33173dfa412481,Benign,x86,x86:10898981813411499969,false,train
fa58321510513cab71e38f7ee6e9297e4a08b080b69e23d33ff49d0d69fba4ae,Benign,x86,x86:10150681216052550712,false,train
fa5b1988a8fc3a690bf2bb75c017789a13ced289fec14af61f4dd130333153b4,Benign,x86,x86:11967686299742736562,false,train
fa622d3de3e3e17742556eac31c62943a20325670e6d72da0faa187f341bdde3,Benign,x86,x86:13998451266692600584,false,train
fa991d3c487d256cc2cec92025a68335a1d2f380629b1fe573f8dbf10a8563fe,Benign,x86,x86:11293324142423337350,false,train
fac46c155d16af7f199a4958b9b14081ef4c509926b3fa7d7ba40e757ec80cae,Benign,x86,x86:9616354673316853516,false,train
face0cf75ba3f53f8fe52e73c2a3722bfc811384f96456a5816e1096512a2793,Benign,x86,x86:15624202020319664386,false,train
fad2bccf6050d2e75498660d30394a6efc705786877730a290d2a0f5afb2631c,Benign,x86,x86:6214360769053611302,false,train
fadbdddd8c15074ebbafd5cbcaf7a379d94c7b60c4233ccc227ef8f451a6e851,Benign,x86,x86:17719500238070432508,false,train
fadff798b0f216ff26efc3ddef16e33786325693feacbf711e9de11c6e730573,Benign,x86,x86:15685497358262583232,false,train
fae0204c3a4226a65e334e2cb05d75fcd610cb3a80ceef131c6b33ca2e2ca3f7,Benign,x86,x86:17751438652422384503,false,train
faf4cf93926a46cb2eced64e575110c1eb222330cbf298d9af49c378a0971545,Benign,x86,x86:14760293143157814393,false,train
fb06ac59aede3e581e080322eaf5d4436afe612d2ea9343492099482da52051f,Benign,x86,x86:10380777449387666169,false,train
fb0762c170f0c341d3df70a848ef95fb90346ef827e06a82b3907d59affaadb4,Benign,x86,x86:12535733464985944740,false,train
fb1f48410823044c8f34407babbb39cc6b24eeabb1582234c1fd511242aa9728,Benign,x86,x86:10388264067785442380,false,train
fb3f6f4d4612a6bb4b91d67fea53932f06dc61500da33cb0f34d952ebb90ff08,Benign,x86,x86:9120499972159062525,false,train
fb83bef110be5ac72e274965365aec32d83b51b510c98cfde53bf902285e51a7,Benign,x86,x86:11559988142411447871,false,train
fba17cc1d2b3df43610f55ed360648df826fd4032ebcf6e413ab56fc8f1be4ad,Benign,x86,x86:10893220412432821972,false,train
fbc1fb4d5f8ac69aa4f1d4be05a4aac88b841cee51e2798cbcc8f31b1255ff1e,Benign,x86,x86:3731717612298223428,false,train
fbdf4503d7dd46c9ab3b82d5a066b1f6c18283a2fdda9f9549a1b1fa304e44f3,Benign,x86,x86:2912016483053958504,false,train
fc01354612d56f0c997461873f3235e2a17dd0c56d83fc3707814f7e0aab10de,Benign,x86,x86:6225825146118101591,false,train
fc07aabf930859b50d5a12a689777cd740b907bc489deb8f21f3c329832a3878,Benign,x86,x86:16204972453061860319,false,train
fc5e40caac56f585a128cc96bce403435136653d7ac644bbdc7750500c0fff55,Benign,x86,x86:13022968832422591242,false,train
fc7ff8e019cb0108761a0b9182cbfd27476f572c900e4b13bf110f917465d539,Benign,x86,x86:2772136646541542988,false,train
fcc7e7f0deef89a56d8680a3801d44a54cfe886949fdf74c3df4eb679b5d1912,Benign,x86,x86:14139858618987135005,false,train
fcda5826a7fa9a17fe9d4b27252a47ad9c767fa5707fa5bf7ee2a7db1c01c890,Benign,x86,x86:15615570978220182594,false,train
fd16fb36d4a9486fbe7e1365eda832e8dfc37aabe01b55ba3b89837b998fc5a1,Benign,x86,x86:13873232647363025784,false,train
fd29bd15c02094eae0f9b010563d00ce0a2b7f93b1dd17f67fda08900e77c275,Benign,x86,x86:2824945420738996173,false,train
fd344cc7477340b55dcd205c1a2b5837487ad60a4b7b024a5690e725bb701f72,Benign,x86,x86:12719332826920617269,false,train
fd36651d9ee3a47932cfea9df94fa88e3a4c5d30d47f28cbc183de2d8d6eae2b,Benign,x86,x86:3942871276563879167,false,train
fd3afc6c2b9bc6a03625410ecf5a83bae7332edc7854b92b5c44883b51656d49,Benign,x86,x86:1506553113112355736,false,train
fd5e11b2d43744b540e8ee9c7af0498c06950734bf70cf256d0292a2492538a6,Benign,x86,x86:14111114700942680924,false,train
fda149bfcd51eb6d9572ba9482eea1040f29125f3362c1f3a84f3b0d52605323,Benign,x86,x86:11129562135715796692,false,train
fde66d62838ff24cff952c562aad885a33d9ccf41001a7597e71999330764a35,Benign,x86,x86:13682533732388180550,false,train
feb037358ad73fe869c9d673bb6705bdc4bf01e5f8b53d9ea768b2ade6ec1993,Benign,x86,x86:5146957570670324500,false,train
fee942e751e9793625c5953bb2424b049b84b2c21439d504714d3a1dee80bad8,Benign,x86,x86:11783261329601832347,false,train
ff524787ac6b82d30636022b402435a51491933332fcec95e33d0aaf4610690b,Benign,x86,x86:11963021557527255897,false,train
ff547375851ce9c12ab335a492c4467f2c766509d4718c96870554d3680b1c72,Benign,x86,x86:7148441982159620754,false,train
ff615023658fcc478cdee3f60638748a53f2e4079bf7d80392f8c6e94f2f7119,Benign,x86,x86:7643782201721790533,false,train
ff76008d7b9e9acac939246887e5cf6ea3c318a37db06eb8ab9cdd5aa859762f,Benign,x86,x86:15194339956090362680,false,train
ff77a1ced76bb273864abb4d3069c2cfec266170d0c0823f72232c565a3dbfab,Benign,x86,x86:13680061462185152042,false,train
ff957d01ac7a760dae8d941a7fc164057510487ba64616aa7c818636a8697398,Benign,x86,x86:7431268447282252056,false,train
ffbc17e905bbbcfecb3402c17daae6394bf04a63cf7a544ab43fcdb54d49a46e,Benign,x86,x86:5111524868562440774,false,train
ffdac2e483677d7377736d15c336fb6e161c16e17595d62f030869c86fc6f134,Benign,x86,x86:5673023319057106191,false,train
ffe47a49eb575ab9d299986fee33c200bb0f5b5e04911988b8047bb85ff43761,Benign,x86,x86:1930709197799843700,false,train
004f468091d776e6b7ee4f8f276cfedf070bdd24f7e5b6c18d604cc7d9148b2d,Benign,x86,x86:13307895089617718193,false,val
0063171abe0c08cc5bc0508b025055db036014525995ca7f9da00a75b9611455,Benign,x86,x86:7625978382812446769,false,val
0210299f1df51e972c98ca903f630dd751e1bc77c8b127685260656bdbb855fd,Benign,x86,x86:14211751223280868076,false,val
03d36fe8ee51c4cf5bf3aa2a34068983f9bfbfd8eefcd852dde7cb6e6c0a4bbd,Benign,x86,x86:721476833142469540,false,val
03f768155b6afffc28ce5bb13302dcf3069357164d2846f951e94ce378b2ab96,Benign,x86,x86:595294363350588427,false,val
05d8fc6ec14e33c1361f269333ccf9644cc167e90efa40328abbd030296b4dc1,Benign,x86,x86:5825108940475570692,false,val
075b24b9fc8b7892df2be1a718590fd98090877d4a8609b48eca03b545c1db51,Benign,x86,x86:5265490529262367587,false,val
080b62460f240b67d4af27f1c774cf2903bb0be471a8b04995aaa4b79a30fc25,Benign,x86,x86:3578112981588488545,false,val
08967ef60d02c702c6ec6ee1b255d3421728e6a18b30a73a02862cc96fc60870,Benign,x86,x86:9557777047291733411,false,val
09d35b97f3d07c069bdf414cdce2aaa1f5f4c5689dec75aa66ee0084ec69992a,Benign,x86,x86:3689900575714955329,false,val
09fa8c8343adabe7b46c946862a8437ca208b6354908ef17912fb72fe4b567ad,Benign,x86,x86:17710628634300418149,false,val
0a6e14e38fde61dda1036eeaf920d8ea4bcc2261c25c04590493025b0be2c969,Benign,x86,x86:3519900815077912075,false,val
0e4258982761ef78d58ea54a12d3512a45f75ed8bebda4e06a5192a5116d6ffc,Benign,x86,x86:3358119297865731873,false,val
0e4b54bd3b4ce38036507137063bae40eac530d154260c6ba0567a020d666783,Benign,x86,x86:15996379560038167987,false,val
0efb8c923d2817571c9fd4d647df48b8d955a0bff986d8ebeced921e281527f4,Benign,x86,x86:15914268642545377784,false,val
0f01ad6b74534b380887b1c70b21a8a0899dcd6d4102a564f1da39a518553cc4,Benign,x86,x86:14546131866269623228,false,val
0fc2a78c6600b84b203217f3885d1d4871b57adfa89f9a91549d6b05f5d3e921,Benign,x86,x86:2948628483075813387,false,val
1336fadcfd4afe5182db8d9fcbb3c79c053cc6c5877135fce9c56d5a12070b10,Benign,x86,x86:413894580066612063,false,val
14746d290f4cde06b55a7e114041ce6ffd138a8c84708ea43128e8b803b43b73,Benign,x86,x86:5332479498573707694,false,val
14a5499c2ae865183d2c3a46c93c48a97d890b7b30844a07a6e41da34972dc62,Benign,x86,x86:11646360121416641077,false,val
168ea3e2eb30ba08395f154bce173cce8276fd420a4ee74202d7b1be0e5a9347,Benign,x86,x86:11283993254644479451,false,val
176425b8f90f673188e9054c6036e54907a749a1751c2a47d9a209edd0445be0,Benign,x86,x86:18287186778637439214,false,val
176d2158fc16bc342b31a1f1dad4862adbbeaa1f5345f592a9184b732ad073d7,Benign,x86,x86:1014392542386213690,false,val
1771d12fd3106a4c6ce7c33545704005ac218d9dbbe3bb45e1fb77a0a46561a1,Benign,x86,x86:11131438094206635430,false,val
1893adf14f53625a09e1a02bc6c185b58ca61ac24d3f29e337e158a11490c867,Benign,x86,x86:15663723537150405163,false,val
19210b7fbbef0bd9ef50862c384a4a12d82096cd8d91f7d5f47024c014a38f15,Benign,x86,x86:11922524709585131953,false,val
19f6d5b3aa262a0c8d256aa281131aec84936230bfd1bd881198ca2488052aec,Benign,x86,x86:16786736714587921323,false,val
1a1320a6df9ac9c9a6cf0336bc2e95182de2223aff8bbf97f2aa2da058eb6ff6,Benign,x86,x86:4853987325513556218,false,val
1c3f31993d2ae851a9bc621677273fb8f6a5c8da9638b8b61c8f9f432497cab6,Benign,x86,x86:7316094843629191234,false,val
1d7f30d6805774fc62cbbacf3342725023a3149323033454229923ef297b7635,Benign,x86,x86:17734452905788313381,false,val
1dade1f410be4b769e241a3f3b0c486c8fb7b1abe39b44f54897359dac669c0b,Benign,x86,x86:1426003005528101670,false,val
1e7c33d2f30b32fed80f3f93d6cb8a9724c076d3996b94047cba7a756b7d568a,Benign,x86,x86:9272568001684918920,false,val
1f7e9cebcff446c9bcbbc5ffc464f088ff50d903f5fe01e35066ad5f3863445e,Benign,x86,x86:11582402855277483399,false,val
1f8928a32f87507481fc3a331715cda5f70e9839b3ef9134307bb6bcccf7f733,Benign,x86,x86:445665701686285424,false,val
205709833d0655d3b83e4c20c3c07f6fc598b25368e906555d0a867927abc4a6,Benign,x86,x86:5231328033226083041,false,val
22812426f492795c147da791096a267f6ac2ab796940b0d18826d95d48d9e498,Benign,x86,x86:10817883950735304798,false,val
2572facdd3c48a65689bf0b9cb2ce20b29ba298de509480fb9bc82e634650b74,Benign,x86,x86:10505480525286110615,false,val
2872a2637cdc11b8d24a1f598cb1f7bc23c4b8c3438cd49a8859cdc544235d41,Benign,x86,x86:13501432639184056559,false,val
2aeb57f41566b1b41933af9fae32a570c644b6880d62ce58ae315b50574b8ead,Benign,x86,x86:12397661386673513347,false,val
2aeff4c7a60061ed538dd2314f804f20f157ef6d9e5e9cc952becb04281353dc,Benign,x86,x86:11056912190609841673,false,val
2c4c5699b4811a8546e604c4ba68519cfe45b5bafbbb66c49e31eb2eadd4bd44,Benign,x86,x86:14875330762480018404,false,val
2cae8308e4ec5b01c2135ea2a130fbe4dc451f3e44b598ca6c581a5906d7b902,Benign,x86,x86:5061843569309849657,false,val
2db32c040ab71f25851dc59d229353d77b202fa86a137702e4e9b19cc0a2dca1,Benign,x86,x86:12364564532919620138,false,val
2e835f13d4d65f1641ccb1ead96d51b03a9cdefdaa69c18536e533f288954de9,Benign,x86,x86:15426794336894361931,false,val
2f287af954b699eee8d148a5ab065b87d83e8c68da9f391c35b544fdadfa2366,Benign,x86,x86:17507754490528540586,false,val
2f88bd2390e079e4e3403789e8b51cc4497bc36d6d53884c9983eba30872ff0c,Benign,x86,x86:12314365762586403858,false,val
2fdbe696f1fcc4bed31a290c59529d76a2b1b93a46d753ae796f326aeac40d7a,Benign,x86,x86:12935535177829946877,false,val
30ebfa3bc3ff742b6e4b670058d4f74bbd123697f6fdb14076bb111d8ce327ff,Benign,x86,x86:18189680389449828457,false,val
3187c696efb5195e13dae7198aa4f12a62423499d07d701143df8e70e26574b3,Benign,x86,x86:8699539263903851208,false,val
320a69b5603510cd8dad249178cc020852ae94076c74847767d7198c5c6fa5fa,Benign,x86,x86:1131555349384059898,false,val
3236b98241267cd12db65792a29bb1bf7393e276116e4297e1b1cfbdbb4b6efb,Benign,x86,x86:2729783083845832330,false,val
32eb1c7b1988838185e747aefd2efd3676b59086cadb03f8f12361f8a306f513,Benign,x86,x86:2568511168477069024,false,val
33531150d1a9a7e5d8f1717e37e6198e45e862bf9aaea9acb37941c55cdb0f27,Benign,x86,x86:10943055704380639974,false,val
33c17691ce91d14f45e2b0542e7daa909e4d037dfc04bdcca964237153fd5595,Benign,x86,x86:11189048194260773027,false,val
3530fb6cc500d51bc6bd145ccc816ca23852979f15ddf42667cbe627f192e5eb,Benign,x86,x86:975190195523615827,false,val
38bdc20be969c74e49d39001c63f3860cbe1c2a787058f3d2d160b0bcabc9ac2,Benign,x86,x86:5758057827613928008,false,val
39c502c391c1cb237a8c83819074206cedf35537ee698a897a13d72a318d12e8,Benign,x86,x86:11188820479726051381,false,val
3e701790eea302a55ec0c4585bff1ff1ddb6f0380f60fc37a841d8f056491273,Benign,x86,x86:11977718388232330734,false,val
3f1a788bcd2b9598905052a2c66f1655b389c9e77a765a7410771d347a823a89,Benign,x86,x86:14608657622510116073,false,val
40417fe334fcb36ce68e63ede5429b79650ff02139eb30b9941517cd9f0c7a3b,Benign,x86,x86:4457075819458495608,false,val
40f12c3640bd3a3854f3c364f24631baf75e8f06ada443e5961e4957317b5414,Benign,x86,x86:3775934560932053858,false,val
410e3dbee177a4cc4f721dec5f0e2a10deff1b2f1732790e09ddec2c01086fad,Benign,x86,x86:8896776181912686136,false,val
41d90be97cc7bfc7af39f8f71622c5997ec943d09906607cc1c88b493eeae5c1,Benign,x86,x86:17782529011267492373,false,val
41dcaef1c971ae03e90453b7158eabdffee268fbbebe70cbf3c7a55b45b3cf25,Benign,x86,x86:11396858174458291897,false,val
43f4566ef40c28d0ef06878b6786fcce662d1d92e52564a7be644c4a36b835b8,Benign,x86,x86:11167683911321024280,false,val
44a1fc9fe870e180e920fab0714eb855176b5aa2dfbdb1b8f0dbdfc369c1739f,Benign,x86,x86:5332479498573707694,false,val
44b0736a7019c9f1a5b7b8fec70110760cd92c490bbba31fed0ca758f7430675,Benign,x86,x86:5142167798836751037,false,val
457183d5b61f994e562a51b77a2b3c48aa3af788ded0441544a966cd992e532a,Benign,x86,x86:18127401416218906332,false,val
4860aa1e39e5e8d80be415e6aad3b9148b2866ba801b4c9ce8eadf79c2e63e4a,Benign,x86,x86:5063487226314409373,false,val
4979c28c27a3161d6ebda3fe5f31ff8494f10352e0c1e419e27cac2bdfdffa12,Benign,x86,x86:585122996466599121,false,val
497ae59a353c827f342dc0a9c1e1e85dfc6e331647526e29869f089bac5c821e,Benign,x86,x86:1551744092706436463,false,val
4a27b21f4e9fcbdb095231482f4c0c5a4a5eed1991d88bd65b19bd996dca4967,Benign,x86,x86:5063487226314409373,false,val
4b6891426ee83b313e67edec09c37b5bf5b50af409aad0c5ba291bcaf07b5d17,Benign,x86,x86:11428074556209444595,false,val
4befe3f4d824b389d225dcb7cc721ac0e720d363dc9b8e99943e7d5b2cfafbef,Benign,x86,x86:5462271805772108389,false,val
4c61a996eb5072bbab59ae1c390fa26794cc60fd71a104d589824a092cc30b19,Benign,x86,x86:6894080751448051172,false,val
4c7795fc3e3214bb19fcfc2c774241d7c7fb3050bd956907b99530d953c7def3,Benign,x86,x86:17429675203809599349,false,val
4d7fa5be7cbf637cd7fe7fa1c0bc899bcb6e2fef4e2a102e3be89dfcdd5a217c,Benign,x86,x86:6768840002142868349,false,val
4ea3e24d1d879ed4df9287350249a37e305ea5b0b62248a427f9b0a06388b89e,Benign,x86,x86:5678391046666140097,false,val
50dc39281e600f05e25f7c128646451f07a61272528383b190277e740e72f8d0,Benign,x86,x86:1403083634879639103,false,val
52328e93f182938aa3790296a1caf9eaa1465533615613ae5553df582e402dba,Benign,x86,x86:9717844151537004133,false,val
52badf383ac9dc0f36b98f863f230dcfcb7283c0d085d1778ada4d11c11a4e69,Benign,x86,x86:15754969939420761177,false,val
550ce3b9db33947f409449c56b3867801608df7fc98f9e3bb75d8ff58572e15b,Benign,x86,x86:17834510370620299538,false,val
55e3d2c0c821fce8752bb692d8eef84512a1c378eeb3fe022b064c38bc0750b8,Benign,x86,x86:5063487226314409373,false,val
566446853217491a9a9b43c5e8faf969adfe1a5b139df608fdb8548c7ebd5088,Benign,x86,x86:4835286138714681691,false,val
569289c7141987f88ad12a304819d0e6519514babde88472ffaebb978e25fa14,Benign,x86,x86:16113505309873551720,false,val
571a9d5de1f4d5636c351cf2b40dd67ab5b168fec6980b807fc1b01f0ce53c82,Benign,x86,x86:3524162517953825347,false,val
57918b4fce727261b4d6eda9007ff4c1e342a00a6e38f8dfa0a07b18c45d97db,Benign,x86,x86:335870273485350841,false,val
5b04987d6c8dae6548a89fe6bb7e9b1e4cb0b9be640a5d1979e93e1f662b8b5b,Benign,x86,x86:2241829878969239914,false,val
5b514f5402c982aab5a411963c86b5f03e8a2b1429a6197d718d85a18fb11b5e,Benign,x86,x86:9778818249578214647,false,val
5bd38b2457f574661216483d79512914b7d6fe44ea523f25d5828446a8cf5bde,Benign,x86,x86:627906759346137909,false,val
5f9a344a955539e47669b1a748bae2357354cc7588b12bc01bad62292fd670c0,Benign,x86,x86:4914417141057088788,false,val
6023c7c76176dfc98584941f27fc0fbbe7e129fa2a7af5dcb617cf24537c5860,Benign,x86,x86:6079949144157551161,false,val
62e86921afb01c1452fbeddaa55f5fba0eb40ec1b72d432e745158b0e806e4bf,Benign,x86,x86:7160797158212597054,false,val
6390c5263b2d021bf2eb4e5c92decbe6918ae567713957346cc88eb8767fa7b4,Benign,x86,x86:16707481162290684838,false,val
63abd1df3c0663277b97176ab674cac567b208f18ca9104fce5ae53b239a2523,Benign,x86,x86:17913759277898276251,false,val
63fe72dbe2abc013caa6ac4182331635ec115adf72b4ed08573655d80cc792c8,Benign,x86,x86:403139867907272107,false,val
641872ee948e7f770a088a8dc534851b9bb08e3ba7d4e5df4746014857e359b3,Benign,x86,x86:10713671149237011879,false,val
64cb9d7d7b8bdeeede23b79e12d7fc65722a19365d2b7ef005563adf209ec529,Benign,x86,x86:15513126896409682339,false,val
65fb1601ff09df30fe5dec9bb10ab82bfc05e9a6823230bee566a8378f6da160,Benign,x86,x86:11331718317894347831,false,val
66478a971401a5a74dceab6b52cc985cb7cc7c01c0f3e42b137ce12238dac230,Benign,x86,x86:10910411390838627376,false,val
6729359e0596fa8ae9d542c4954b852a00c38973f5270b0e2af19316ab03a480,Benign,x86,x86:18378031153486863478,false,val
67dd270f282a16b3af5ad94131a95c831b5ae50f4e6e6eaf47ed0e30f2111ef9,Benign,x86,x86:11892726596204730166,false,val
6831d279983536c93a1b51df3e35fc30f91098dce929081f0456d7d496f7e36d,Benign,x86,x86:4119537029961606169,false,val
6b80c955e368a5c5da6b667e841e1a1920812485b6e227f2b9ea8b15a9752ed8,Benign,x86,x86:4140164012976902535,false,val
6c0b9398bbc0c0bee8511e86fcda1ad71be0e5eb811f606c5df7481ae441d800,Benign,x86,x86:7401132440564977154,false,val
6d8259ea0455f01abc61c8fb24add8d186b5e9a0624122b9d92e81411eabb6a9,Benign,x86,x86:5063487226314409373,false,val
6dc6e7ce4057ed54ac94cea2e19f334aa38149e78b2a36c703bc348bcbeee777,Benign,x86,x86:7448247882202325591,false,val
6e3f6baaeebb0d9c9d8d2a6a5ddeccfb5349ce79532ddd4f6fe517ee900633a2,Benign,x86,x86:12862834322703425660,false,val
6ea90ad161f09936674410384d339f6169f4bc63176626a2a6aec622dbefe14b,Benign,x86,x86:10242088850547371534,false,val
6f8d9e57ea0ce1b12fbc2eb06442fa4b57540057d5a1af536a43f857adea5d1f,Benign,x86,x86:14039115673419314797,false,val
70da1e3e3690a32e95d3f433fee9a8b810f099e5bf7f5c36fceccdcaedc87e31,Benign,x86,x86:4281669568429295966,false,val
711b65be9d13135a9174acda124134499f8beb09cf99025b4f6b855c27d6377f,Benign,x86,x86:16165944911921725877,false,val
716a60ae1f182a43ab9beafa7ea6a23b6b3f092d0f4f4454a1ffa73ca156b870,Benign,x86,x86:7053691986160782694,false,val
732eb669a8c54a642afc4f44eafa40d8640734244c958c64a3198b687ef0af59,Benign,x86,x86:11805562010169387738,false,val
753e1b5ef0efbaae87071d96003a234f91bf2fb4334796901d588a338253c348,Benign,x86,x86:4468492169727753321,false,val
7632106dc85122c2a7e71cc6e9711ca0ff9491650c683f2225aae7ee6f35f392,Benign,x86,x86:8655509036546866424,false,val
7700676107b13aa8a386da7a5d385104615840efddc953a4d6a78c133264df13,Benign,x86,x86:13096565433273728962,false,val
77bcea85e71df5deca72d7857a6c036a3c9e965b3ea9ec7dae862e2725f3388f,Benign,x86,x86:11181632123944605473,false,val
78434db3f3627ae32c23423ea2f76309a860da68812afeaf836a9f720b0824a5,Benign,x86,x86:16237281548410061513,false,val
78c319da8539374aa0ce8a2f3754e7bd6acca132b368564d8bf028a52d7e050e,Benign,x86,x86:10292178384111571356,false,val
78c803a554bdb8a20b8d488322b21defec310fa5196f26ee4fc5626e377f97a1,Benign,x86,x86:5883382223562619123,false,val
78f94a23f9c37aa6678f6eb5894e729fe5e3af4ae888860db01b7931d6d0fe8e,Benign,x86,x86:16131427140230708914,false,val
7b19d7ef9fd764ae22acd3ba5ef2caf7cbaa7a1413bcdec0cf4a13b7527026f5,Benign,x86,x86:3308227525492341077,false,val
7b7325679f065e76ea1ede731c2546bd07dc3a33cacd8453a4fd8c5498225758,Benign,x86,x86:5566928180264823173,false,val
7b9b7283b7244271bda28ebee34d75e9ebe0c7fa4ac0bfc50dde60660fd381f2,Benign,x86,x86:12225164049096219605,false,val
7bd58457430ea33d80418eb1561be16af028d5a91be82f20ecb36f789c69d764,Benign,x86,x86:1940282859345269607,false,val
7d02664cf75e9833245aa5ea6a040632dbcc1822c6745f733a3f2fe6d0bd3b6d,Benign,x86,x86:11691316834047639397,false,val
7d7c4a2e326d9de4a0d8cd605fa1c59331fac7b2b1fac9ef95c88344d3c4d4ef,Benign,x86,x86:884117641078765725,false,val
7f1746aebd5762adaaf0543b4c8a1e50ed24dc591d2aa2a8dd4f72f53170346d,Benign,x86,x86:15946263239559643196,false,val
7f31a7cf3f55764d53095df56554f1a329292e59f1224600f263f5ec92400230,Benign,x86,x86:9685759628045975396,false,val
80389fdd374861081b5fa8913473ed5e9427fc896156be4e7f2d8f39d46130d4,Benign,x86,x86:5063487226314409373,false,val
822f1f02afc7c45ab7bd5bfda5fa40345b21423bf5c67852fa0e2a6507f3e0fa,Benign,x86,x86:18328590059794448913,false,val
824c34bd3a8f9393e37e5d430508174104401083b0384ce8f3136c7783f413e2,Benign,x86,x86:3592954918575714990,false,val
8273950882c6478510e7d8e34c85152c3eee31e833ba4b447edde73ba6da8c9b,Benign,x86,x86:14105024834743005957,false,val
8308e857cc81c0451711842a5de62e6bbb077b9df7da9968b2cd83d4c17d11ab,Benign,x86,x86:13108678932399241317,false,val
84a75220801cbe8731066b8d57ed0885be028c09b6d4577dcd51d706d57bae41,Benign,x86,x86:15844635747210923288,false,val
871d3e3bf00dba07b0cd5a784b5fb159499467f75d1fa7eb8e6db04eaab4c1d3,Benign,x86,x86:12728366373640498052,false,val
875410178470940c0b4facc0ee7ad9ce7733cd3295a95efe8f3721a56f6e65eb,Benign,x86,x86:9520364827842207875,false,val
87e870be841d4a8e493dabdc28216331f16ea8f25b649bfd335623b078e2fe19,Benign,x86,x86:4262869630098675601,false,val
87ecd11250ccaed35044c3d751f2635a4da4d1f639c586a0f0f25bb938e9de8f,Benign,x86,x86:11141400520246812805,false,val
8801b42b7d306c72f357d011dc015c9d52c4cc01f4e1831cb23417fcc475712a,Benign,x86,x86:17219065375619444192,false,val
88575aac020034b35a77b820a8790bc9a5b4a25fe6dd252080bc357727dfb727,Benign,x86,x86:8621820438215429449,false,val
88759600eb731a86c35ffb52f629798e5d9aa08bd475c1eb45360e8ab696ed0a,Benign,x86,x86:6883613944760213069,false,val
889068aa06ead9e69b7df64b2b0cf328f9314bab5f631e935c4847876c4be43f,Benign,x86,x86:7320715369271932219,false,val
89ceb9bc2dfedd474de55ca14309e03d7d32b51d6d3ae6ed60b915b554e140d3,Benign,x86,x86:11698941941955699675,false,val
8a7e4db3557f04655734af0b7cfa8e2e85e968c5eeefe07d4b6cfbb318155683,Benign,x86,x86:11932392137663863941,false,val
8b512bca7ad93680b8c78d10311c8cad2d0e3853aae1d3e196d316a37b033355,Benign,x86,x86:8470840237769994265,false,val
8c1aec65c1de0ed4e1506e5879f3077f48978bf87905747986e75d9477c98303,Benign,x86,x86:14276757711058770121,false,val
8c6b1fa949e6f7f72a26c44ba4fca82b4e104dbe5a59eed84c44244f3326c07b,Benign,x86,x86:11878688155541474244,false,val
8e08fbd986646c526809276d0338122f00b85bd624add842d66c6933b0d5da3d,Benign,x86,x86:11596253463360537384,false,val
8e3a0abd1e8d7cdb98def8970239490360e5f5267a29db1b80402fe73cd6e4a6,Benign,x86,x86:5122708821883618045,false,val
8e3bacfc1b1563007874b21b68ff778124308b0d36b04d3c92238a3fb4beec28,Benign,x86,x86:7369100337177715396,false,val
8e640229567f658e3dd745913b098904c673a6fdf047dae48fa1f7f4cac9bc5b,Benign,x86,x86:9608348803278977813,false,val
8eedb6973e98658a1fd13c19a37df1d1a3df996f720b53417a598996d7583639,Benign,x86,x86:11592677430148778850,false,val
91f858fe762d46c60218cc1079e1ce1660d814f23fbc2cba537692fcf085325f,Benign,x86,x86:16779705384695978288,false,val
94fa811cbed5773a5678f90ea2d9ef08d5489e53d8abd0b26a717778e6daf3f6,Benign,x86,x86:15826091330099854129,false,val
98570705238b4a456be5d3913c6cf230806a1f9a0a3af131cbdeab020f61ffec,Benign,x86,x86:15041235568029480009,false,val
9b91d9b65175f0f0a4b13c3ff93f728d45e8ee6dc41b1d24a95ef62489aa4815,Benign,x86,x86:10816055570316328320,false,val
9d70a6059a6db4f0c35bf90bc269214305c8d53a3c40ce25927a9c92d586c038,Benign,x86,x86:6355291190577019405,false,val
9da2e53b09e847545d1a8b406c5e9c2ecfa4df6390ef882dc8a3ae3351ed0992,Benign,x86,x86:834334494878160369,false,val
9e1039887e63fdd00542b52bda10ae7756de986ae229f8c91c26354d891c8d66,Benign,x86,x86:116434316816139195,false,val
9ed6aad4025091315d4ded827dc68d9c98180c3dc7636c49fec234ea49da6cd9,Benign,x86,x86:16642739800007465452,false,val
9fd87f9dbee508f21846d3dfa178a8a7d1bcd2bd0aab86a0b2a418c5289a2997,Benign,x86,x86:12788904755573725165,false,val
a1bd92e646d0a5ae9ed2e051f28914878c6b7bc4384ee90f8502fb0b640cd922,Benign,x86,x86:9172593887874135893,false,val
a4586e8be09c87fbcd315b8b41f099b23fce2b881076bbfbcfd0b6b6744d7a26,Benign,x86,x86:17489177826219308352,false,val
a5a67309bcb87f59d0b944f745dd42c62f4baf4fc25ece0a448aa7f8a9f0860c,Benign,x86,x86:8254127991046718092,false,val
a6133713e127ddac377eea9205a5557cf9debb3d3ff33869f8519abe939cd9f3,Benign,x86,x86:17605744926660781860,false,val
a6b30a79d16c3853672b8babd9707fbc938a2261236060990b57d587c0293a07,Benign,x86,x86:8676144778883471516,false,val
a89292a1288d65577d8c959f8393f93a2f8d78a56858fd0398c96b1c8b38ec67,Benign,x86,x86:795214681830139255,false,val
a8da3d0da0977846e7fbd27937ea7d2eecadad4cfaf05328f233899ee6a362c6,Benign,x86,x86:3762955625259731567,false,val
abea8c3c3a74074e83282ee733e59dabf1ff2df3e16ec2f0f29d01f51a33654e,Benign,x86,x86:12558475876429116697,false,val
ac9519131accf9dcb5a804168ed126d8cb47f000b7b3dcbf6578a2dad2ac95f3,Benign,x86,x86:16284072611049554249,false,val
af995a26fafe40054e9408665da8fe6a53e4cffb2ab00b67cce3f42709468da1,Benign,x86,x86:17959067704093793586,false,val
afc8f5cfe49bbb1dbbd3151952defad4057b98f2a706eb2eacad04a67609a1cf,Benign,x86,x86:13547516996647949274,false,val
affdade43d53418aa7945de7a27331d22058b6ddcba927b583cf53cb216ad85f,Benign,x86,x86:12993430928364425083,false,val
b0149315ced96d64eeba8f21e45a084c19309e602a0fa7210d016a918da95f2a,Benign,x86,x86:15979289579716570756,false,val
b0ac9c7aee5e5086c34681384147ff0f4191e64b327d76e7cf17a3e7b2c2962f,Benign,x86,x86:12233566027601854885,false,val
b0fdc3ae5769a3e081a45e798c7afc538e3af83cda0d58b4bfaae814249dcce1,Benign,x86,x86:14393750327303264206,false,val
b203d5b451c4e0dc89e85a9feb2da169a7956e1bd696aa86267aecfd3254771c,Benign,x86,x86:11472821029870409230,false,val
b222937227c15675211098e31726d0c01c65e10ae6d913e02824a248d64de7b6,Benign,x86,x86:16471627585063328161,false,val
b25f8ea6946b8d2454908116ec43ac92227b232449541ff96fe900f799aaec76,Benign,x86,x86:12642656339502235792,false,val
b47e516a54c0d738735295ea50263eeb14c7a6fb128bef1cd1a6036d9ecb09d1,Benign,x86,x86:12936176111390863674,false,val
b5a3977aaf1fb6565f9cd35245d7c5b664228bf2c3a84975e1d4808fd2459a95,Benign,x86,x86:11239955852708387420,false,val
b62c7d7eec2268ffb2bf9452131255c800ebb3234074ebbc948d669a461af2c7,Benign,x86,x86:11642532829491409546,false,val
b760408d93b423f786c47a293a5844e18fb5244d967a6a0f026f806db5d7c55a,Benign,x86,x86:7467334450691967772,false,val
ba67ea50f5d023502989c5592465a9c8738e87456c71cd859358fb2cd78c5a0f,Benign,x86,x86:12702829103552279612,false,val
badd503014ac78c9e4cc9e90bbb6a2db19cb93aa81c5f41c18b8992b509081bb,Benign,x86,x86:9515577018956316084,false,val
bbb4dd8ea809ff8535ed6c384f7898391ae3cf1810a3875db2b3d3a33893be15,Benign,x86,x86:9276324665727086159,false,val
bd51a755e8ccdddcf17dbcc8e4df6882ca60d66b1a52992d6b24bb565fb8b2f8,Benign,x86,x86:11908432772280942931,false,val
bd6837a55431ead119522b50d15ae6f34529b8be7364a8d23811f458e399b2a4,Benign,x86,x86:7374048789039862681,false,val
bf37841869cbf24d7d30b895071edcae2451a9adb6abc2240d5c5707574dae4c,Benign,x86,x86:14275976518646951236,false,val
c082072ddbf107c57b0b9396f573940664d1cce78e4879bbbc978bbcd50ee6b4,Benign,x86,x86:18274021284885224848,false,val
c21902a06efdfab04d10e1764b6b8d0a978a4e1078c4017bdb390d3740f2dd30,Benign,x86,x86:118425678186688042,false,val
c225723d5c046d8f53bc84eeebb900bb3a49e89e5c4447e63d89e12f02870428,Benign,x86,x86:7794262894398299781,false,val
c2b9eb7910e53cdde861be8e9816f7e2cdc521253dd9da497283b0e3cef533ad,Benign,x86,x86:9918224046344799332,false,val
c2bb6f0eeca572daa5f98ad047dd94f2a4c99e6dec93e93567c270f72accdbc5,Benign,x86,x86:11519803510838125739,false,val
c348e33097d9f283ceae8b485bb7f7f9d385ea81926bf5f51b7b16348d8452a4,Benign,x86,x86:16047030416372850184,false,val
c44ebd8f8fee55778fcd435faaaa00424e6979fac71dad9f8e0b227bd2058a44,Benign,x86,x86:2406245595629414804,false,val
c4b372475f0eddec8f5dec3d66cdeac897ccacfe9cb55d94d191529344553e64,Benign,x86,x86:9200960649350943755,false,val
c4c324ffe891da63b70576f149c1375d7915944757c74cc078e84801ba71c8c7,Benign,x86,x86:5063487226314409373,false,val
c58b57754272e887b43248d333616307a6389bc958be579befa5eb6402eddc31,Benign,x86,x86:3257026936637196486,false,val
c5f3467155178b77d3f12b277b16ae16ef8494b9adf9f3185c155be694c6b3a8,Benign,x86,x86:13143141004941920955,false,val
c94d7eae215047d72b61e9fa8d0eb79ef5538802b675806e38f58ee1c3a5c2ef,Benign,x86,x86:15820048955543929922,false,val
c9c1d355dd71294524a607ab4f6f850e2d44aef90a786049e2b40d5e9ccbabb2,Benign,x86,x86:15370449596654589936,false,val
cd51baf9fa125cbda247d759a3a90a3fb6031c60ab8e930095da35fbd6f11c94,Benign,x86,x86:8853111262447267193,false,val
cdc787e68f26eecf0f5499ab616c182bd77f8eda9eb5295c3dac9e0ae34e4575,Benign,x86,x86:17474400930565398595,false,val
cffc03943d7f18bc93adef2f5f653cf5dc84355a944c1f914e0ea33044373092,Benign,x86,x86:4609091747157406924,false,val
d06203fb2043683e8008c461d86eb4a2915f0e2792a6114ff2d79478cdccad1d,Benign,x86,x86:6412616678387014683,false,val
d3742c2eaa1324711974b6c41a60e5c1c4c9d195110337b2ffa1bce6bc0fc66e,Benign,x86,x86:11943006600491435352,false,val
d389c816413f1203eb8bb1063c46ac5885f8007d0862b8a686cd89edbb4afa17,Benign,x86,x86:17322220036881648938,false,val
d3b1107e0f93cd4a21c3c635cc07f4dd29b825e0bc0635aaa157800a218de57c,Benign,x86,x86:3014634575266269883,false,val
d555813cba492749a58abc1e2d8f802555cb93c82939bd1bd8feaab8c09d7fbb,Benign,x86,x86:15031123180988763783,false,val
d5c576305f1ce256663468c567e412feb7fa0b78f253a0f6f2391cdd3cd378c4,Benign,x86,x86:1889963801367406809,false,val
d60cc9a79128db09c2428e4c35eb855a3294f8f53798a2700cc3013bf32360e8,Benign,x86,x86:14275762333749015102,false,val
d7af42bdd9b594138b93a341c2b56b9560de6676b2921bc8ee1bdea660e4fcc3,Benign,x86,x86:12218020197774534599,false,val
d81df366ac0a9c94656b5a22ec9d0c4b65cb7e781e4c83c432c4d3488c3a6a47,Benign,x86,x86:8244630517746536180,false,val
d8f7f49cefa5707d383e2b088a82aff4b507c348aca87a7f4fba5de22b467972,Benign,x86,x86:1709690837119802454,false,val
d9ea8aeb38de899c1598052d1d6a1a0e4f5cdb6ce4df4748308a58e7259d30b9,Benign,x86,x86:4030455569967966948,false,val
da779666af0e886bc7c131e5c7e6cdf4d937787a9644c25fca934dafda531224,Benign,x86,x86:8936934425343434349,false,val
dab1fcac82c0390da735de4ec070f2b30e4911eb51e3380328cf9c1e6820ba1f,Benign,x86,x86:3689776020380089772,false,val
dbf45b1dbb5acc8c9c9c705c41d3fcc8719176056182e176dd009cd926027162,Benign,x86,x86:10861271074033997231,false,val
dc7987ee7a4e1423f589e65df169720c3f8570c1dfa81cf6fb17d6020addadff,Benign,x86,x86:2951786659133207794,false,val
dcc194998088a1157ccb26d53282915d0d1a22e394a8049f0ecd509a9de60ab3,Benign,x86,x86:13939790455029425257,false,val
dddb988568ff5153e87a5ef16db6ed56c09f7e46493310269b04a7e3605b0237,Benign,x86,x86:9750823647690830536,false,val
df4c3f2616f6fba160b5dd1eb595a4ce80b9e8188dde568d2b350e70ee1ce4a1,Benign,x86,x86:3978258389177893331,false,val
e0e8444a49019c512d6981f5a15d917ecc60d76b4748801b63dec2e3f37b26b5,Benign,x86,x86:16858980596778844436,false,val
e29b78a658b19df9a6d9c58f58d82e9ec8d570cc4294a96c2b8e5c86e3770ccc,Benign,x86,x86:5310076038970306357,false,val
e31c80f61bac586deac3a7c96f174f1996ee5d99bdc71517fd81b594cd459772,Benign,x86,x86:7227923925033401693,false,val
e35d6ab81975f1b1e9789651183aed2f2b1c1011b9a4ac4148005a8f795b951e,Benign,x86,x86:12948991231552957345,false,val
e3cbf366c9543b08ed6baad1ac14ada30e2b46cdbd58913412dd79c5dfcc5f02,Benign,x86,x86:13915696162106919315,false,val
e51a221c2db1e5df51a052ad67c97ffd9aefa5081c319f25504cb1d24b0b93f7,Benign,x86,x86:7350348394235898597,false,val
e521e739ccc6ddafc3b5e3ae18ccec792b3bca76ec0cbe61bd72e67b4fe35d42,Benign,x86,x86:3546174189875650885,false,val
e5a82b094801fb5fead74b26a3233e18487046c03c748c6559c4bb02af8ff5f9,Benign,x86,x86:4385868328737828584,false,val
e618c46a4df6bccc4f522f0ef37ba393e2cd2177a1ac6ad4e20c5406763dbb8e,Benign,x86,x86:5063487226314409373,false,val
e7269cf9692ba46f3a2135bb59e7cb9b0f942cd0332a0d9307ff81f5281a9168,Benign,x86,x86:16916307132788639323,false,val
e7673ef750991b92dcc1107115a2c96a29aa6690bebdeb26e7e0f73b377210e6,Benign,x86,x86:507457500494864621,false,val
e809aea616ba5a5b0c30c0d614dc8e77296bb150184240e4d67e83a8a3ee5e07,Benign,x86,x86:2439625534052956213,false,val
ea48563f19de7c0ad48a7b3ea0973284d42257a618bde114a1c3003756d69dff,Benign,x86,x86:16563677701569643537,false,val
eb397b3b1c04056874b04bb409276d7c83193279d358485633fa9b67e2624b62,Benign,x86,x86:11366909324783402771,false,val
eb757a3827aa4842cc118c712dc4207bf32ad22ddc915615128dee1e9f667229,Benign,x86,x86:55546489347782490,false,val
ee7a7e054596506d955dcb4eb21dce89786e9d808e1a98c52937c089f0c9e776,Benign,x86,x86:5332479498573707694,false,val
ef3716118b2dd5e0b5eaa62a55c72a03980be4c35fdbc21135113012afe30e75,Benign,x86,x86:11269137278791806083,false,val
f1c927f537baf19da5442cecdf0cf9483a0f8e477f07d4f29252ab5b6ff97885,Benign,x86,x86:119836509771931100,false,val
f27c791ba1a52b36c5f87e3a7c343db0680419f032451a86e1e7e5f908854fee,Benign,x86,x86:9758535174497419553,false,val
f35649884b8043d5fc5b90856cdc84719727db9b376b46ae3fc7aa7191177e42,Benign,x86,x86:8027530078742502502,false,val
f476453df65844370bb32c69d69b41dd6101d34dfcfb968d87ffea7f0222676b,Benign,x86,x86:15875867258356350840,false,val
f4d53721d1de15a982782234df126334f9b28f03dc70e1f42affcd0d4d9ff8d2,Benign,x86,x86:4197508244093738457,false,val
f61f7bcc773fdf52adc7f80bb5b67c7fba59fa73e4ad4fcafc984959a92ad35a,Benign,x86,x86:8231226583764806552,false,val
f715d75ea8863fd79d26b2becf6c66d4a1d033dc9bcea5e2ff323c866757f5e2,Benign,x86,x86:17051273989898122563,false,val
f72fd4454af931a304ebff1db41a39eac37a2905f3360cfb5e6461969dfbeca0,Benign,x86,x86:2131580280700964736,false,val
f8f42d0ede2a48612b356891055999587cf8ef7b30eee965c23790e9195594b4,Benign,x86,x86:5772441634549196915,false,val
f9362ca4f0c811ff279e673be1dbdb3c4dea6fabe9a661131b18603ec510d12e,Benign,x86,x86:13415517017071121011,false,val
fc70bf39e6670181777d1669624728dd39947db10c7d05cc1c5484e148f04ea7,Benign,x86,x86:4832154652697138358,false,val
fdcf1f4b8461c648b53c76635c5f476f2f081687c1cb99d77dad992d3de3ac49,Benign,x86,x86:4341428520121289840,false,val
ff930c8ba51b2c00a7d7ce4783a0595c0491a8786b6099ee6a819cd068607195,Benign,x86,x86:5063487226314409373,false,val
ffee2312ef8f944c6618e7ccb7000245ee6a6cac386eabb09ec016f01fb8a2d1,Benign,x86,x86:18047288477483649939,false,val
0c257363cbe593d84158abac06e706435fdd6ebd75dec2e31e048b2a28fda1e6,DarkNexus,x86,x86:1795717338015834610,false,test
0d7722caa5c58455262726fc21bbd07ba238546933e1b2d4cf6f8b4fdbad430e,DarkNexus,x86,x86:1795717338015834610,false,test
18f5029b9ba3c95dce3fed6b6a7672598cbda89e5291e7869ba407b7f51c1931,DarkNexus,x86,x86:16819596115608075247,false,test
1c6b00459bc937072d6d3f51f97c0a3013b8458d3c96187402b91dd987a6f74d,DarkNexus,x86,x86:7513663169188743782,false,test
2eb554d65d0975abd216d680d70d250e1806ac209c1580ee101229b9d45ae1c0,DarkNexus,x86,x86:1795717338015834610,false,test
2efd1fa4459654a57f2fed904d7f47044baab3d58eb59f21522835f716bd7b16,DarkNexus,x86,x86:1795717338015834610,false,test
38ce41fb8236ac0331a95698cd5432e211e7030fcbff53c40bb004baca73812f,DarkNexus,x86,x86:9549657687363969208,false,test
558ba0b66104d0074b05b60a3f7d0bd81493a292c3f2b7eb979e16b08386c605,DarkNexus,x86,x86:1795717338015834610,false,test
621ee9b4ce37f2660439ead43d6533ec71f3a896809be83aa2928646b64851e3,DarkNexus,x86,x86:1795717338015834610,false,test
7b9794da4dea949019faf52b37b4153447aa8e13c9fec9f2ad3d1a24bfa486e5,DarkNexus,x86,x86:14272596068736433437,false,test
8e9e4a12198fb030513c6fe39a97c8fd1a9379704aa64b7bafc2a27c39e1beb6,DarkNexus,x86,x86:1795717338015834610,false,test
909897795bc6682e41521de36fc6f6af8455f49c95c9538711a5bdf98c30972a,DarkNexus,x86,x86:1795717338015834610,false,test
9e8e976c0c210a4190d3f9d9b186a74d2fd0a96fd1a52d05960034d6644bdf7a,DarkNexus,x86,x86:1795717338015834610,false,test
a0f7fd0778ab85796d370e8ba24bce1bbb5466d3f7112d05b8666f074fdddac3,DarkNexus,x86,x86:1795717338015834610,false,test
a31bb49b50dbb30b67aad76cab00225065e0f69a08b587393d0d1e743c188017,DarkNexus,x86,x86:1795717338015834610,false,test
b656ef50bd9f558963b3dd5693e1da6675545c3801a121b4b2a501762c2494f6,DarkNexus,x86,x86:1795717338015834610,false,test
c197689ea25c7be508ba1010839ec662e8737a8c440222e77e2e842d71d60b7c,DarkNexus,x86,x86:1795717338015834610,false,test
c7275e5aa4a280c0f1656f3144af2ef637032d83f97437721d32e5e3cc68fb16,DarkNexus,x86,x86:1795717338015834610,false,test
e105958e10ed3967ee55b7b024914e0cb6bf6cc2af5cd05ef26b203d043a96d4,DarkNexus,x86,x86:1795717338015834610,false,test
e9fd0bd2f053aadcfb23a23f0bb0effe60c22d06f9ecb2a35a49f6f0aec38173,DarkNexus,x86,x86:1795717338015834610,false,test
f084ba4041b2fbc57f5997e9f84634f3c78634ff993b0ef821ce89c15a396f28,DarkNexus,x86,x86:12192500409510486700,false,test
f3960d87c6eb3c3c9101853360a8372123fa9e1588315673f621c197900c81cb,DarkNexus,x86,x86:1795717338015834610,false,test
086971dc889b586183d52a5d52b65959498aa35e1cfb7c0ed8b6b0c72c4a2acc,DarkNexus,x86,x86:11071740845561033699,false,train
12da7aac18b2a6cf3f1cec92cc21616087faaf5a469b3985d08bed24ee65a296,DarkNexus,x86,x86:11831125877303891804,false,train
1a81fd81a3de2a041ad331a370029e1b02e37ad62d049a720b574a2f282e106f,DarkNexus,x86,x86:10095867123487434223,false,train
27c31da0fe5cbd377e2c812f1b92845e314c7c088ef258815ff5638af5284690,DarkNexus,x86,x86:11840002238078635544,false,train
3e2ecf0a09f2cf32878d7ada69f3bb88b89653ef9d72c8f9d7381a10ac4bf45f,DarkNexus,x86,x86:4049584166416286307,false,train
40ec9c069c377d5c26db4132d8472a22f5bdbf147aecc441f4c72f4b6147a944,DarkNexus,x86,x86:11507170960976538266,false,train
41098deba47ad76ea2c9b80b9bade3722af5a1117694f7a1b4097e48164bf4aa,DarkNexus,x86,x86:14206713776135469753,false,train
42d6325cbe79c0f6a0eede78ddfb1bf9aac4e4446be942b25608f121c184566d,DarkNexus,x86,x86:8329512833596468460,false,train
5311c63ea68ea29cd5133884df8f286c4553d82da9348311db6bb13fb43e4a16,DarkNexus,x86,x86:14134293144523168008,false,train
553dc1ddd1540550f0746264f5e9e96cb4a8c8d6452b340f15712c3d17edd680,DarkNexus,x86,x86:6562084902911718059,false,train
55d3054f8d9d66583edf190bfcb85d0e1074510f775f90ed0a44aed2c41ed551,DarkNexus,x86,x86:7042233148084348006,false,train
610d50e1987d7bbca178f0dcb6ae03b56cc1275d0d0169540545d7b354bda7f8,DarkNexus,x86,x86:6082795963586911314,false,train
6d5304c8335203137228c0fed3bc7288a5bbd78b23cf1657d5dfb149dda78672,DarkNexus,x86,x86:3744343496857146190,false,train
6fd3a6477c3d7ba7175ba805aa54394bc798401b7dab624f31c8fe5cff3fb1eb,DarkNexus,x86,x86:10920228298026747269,false,train
7d7bbc865b165411c60f2b3e15128d3a1fd81faa18baa9d94448ab59d439a097,DarkNexus,x86,x86:9354402522328923653,false,train
91411dd7fa70b8ddf244d2a9902f2949a2f393c3673c0b754cf36314287163df,DarkNexus,x86,x86:15947008723958137105,false,train
a466a0e1976dfc66a20a6211e80a5588b610c70f4ea46ddc0fe6b679df4ff688,DarkNexus,x86,x86:17216038418209356672,false,train
b0f726add5d91a1f158ccab33080713a1749a768a569d6eaec5c30e0260ce7b9,DarkNexus,x86,x86:8693379053412777873,false,train
b74aab4172c6bc009d66059401a0c6992af96e7701de599ecfc0afc2dd1b6b53,DarkNexus,x86,x86:980801323783619064,false,train
bd7c42b7a05a715618d3640ffa35ee1a496828d0234b0b05a95e66037081dc8c,DarkNexus,x86,x86:16773797190353900516,false,train
c44c5ef1c10808b3d6f01c3344fc69590d484374aae24a455f4baa7613593431,DarkNexus,x86,x86:3042015242920289755,false,train
e2e591d275ba7c959bfd0bba1cca32021ca17d26d209fb1818ce95cac58d9fde,DarkNexus,x86,x86:322357636461953994,false,train
feef6539afbd60474854e2e883b3e4bc93df54f7f1010ff35bf348e6a1ca2dab,DarkNexus,x86,x86:6827582247439159706,false,train
fffd3663a051807f8022670ec72a164752b62653f338f7f7da9189923cc1f480,DarkNexus,x86,x86:12340114476598537014,false,train
0f942f4de8a1a53227ce54d43a45a8393e00aeed031db060891c933c514a5c00,DarkNexus,x86,x86:18438380655951040843,false,val
4a156b8212445c52bbb186b3aaaf3a261d82ad1e1220ffc0adc8dfa94fdd7e09,DarkNexus,x86,x86:17157139169024236342,false,val
897cc18e07c9a5e5e095f0a7bf2945a02339bbefdf331a059045cc6bf30d8099,DarkNexus,x86,x86:2902626033035100838,false,val
e37da47019d2ca54309270b2f03073bb2f177b0fd8b111711008115ff343477e,DarkNexus,x86,x86:14224148991731094736,false,val
a616f9699c71ff23850aa155dbbc0d85627a761af239e7872923d1a62e429034,Gafgyt,x86,x86:254509960786154791,false,test
b8a73eb7b5c8e1fac31ec8628481fc819387ad242e8e3f2d72462d2ab35b429b,Gafgyt,x86,x86:6896402081109796783,false,test
c8658f463df6aa73440613f58a7f4f721a6cd67c33f55a85dd48cca34dd0c61e,Gafgyt,x86,x86:5679571153309342829,false,test
0416ea91fab3d8fb4ba8bb0d767e184819bc4887559209109ea6b49e18cf6703,Gafgyt,x86,x86:2396684029604494800,false,train
585014ced765a6632cd3ff845187e4c46d58955728e0ccd55952993500aa1642,Gafgyt,x86,x86:10801666483369446407,false,train
81a7d973ba364eb18cae26df88cae87cb8c2d194928d9ef3100359099f69b7e8,Gafgyt,x86,x86:2444139360002768200,false,train
b12f69e964a7956609a5a5f2b6d4ddc26d4eeb0e3fe248a3f637fe99ecf18320,Gafgyt,x86,x86:339081670089518628,false,train
d6008b076dd8d895c07efa0f47d0a9ddc3bf80938199463a23ffd1079f2b9745,Gafgyt,x86,x86:7159051174750257381,false,train
d85d1bcba96dd5d4e01b877cd97e56c9bc2a3aca5d21c0065631285f49d77755,Gafgyt,x86,x86:13617898969090887523,false,train
dd5bab391aa51e5e00c0d0cc64c138e849c04de052908e4fe5a27543c4ec99c5,Gafgyt,x86,x86:3658065156585545792,false,train
db0ace1d6c3d9eee1ce3b04f4bf97ad748185a0b4e165166941edc0c8128ebbb,Gafgyt,x86,x86:6024567915113512372,false,val
ebc3c6d004ce037b93f240ee63ec0b21782b8be91fd3582f1036bfef16740e13,Gafgyt,x86,x86:18284395422639659035,false,val
045b90607d28a4cec59777cb23973b41b35795aabb869dbdb43ee61159860ee0,Generic,x86,x86:9173668371514026060,false,test
db55edf9a551097c5b05df8c4591629ed8d166db92f2fa65b74e5c50fb084366,Generic,x86,x86:5279624018079494638,false,test
0178275104a9b19acb2286bb4a8338c9c5bd358644d2624afe93ac0d667ea695,Generic,x86,x86:7889148764940548588,false,train
03048afbd06c0cb5a5a43576276f8333ae16d6eea9863a0d57535fe0701628c8,Generic,x86,x86:1995739520353568509,false,train
1b048071d1f2c4a8eec5950c9b096bde444bef4089354cab7ec9bf0e560774b7,Generic,x86,x86:13166882560166599695,false,train
249106a494820375a36cd4f5bd0fb1da43c09f2684349ae0e453224f935f7729,Generic,x86,x86:8837365243169330206,false,train
45f473918080d6bb3a8adfc3f0b16ab957927aaf00f17f8c8924d66c0aec4fd9,Generic,x86,x86:11384828460243003857,false,train
7f24cf8b9bebdab7336ecd9de7aadb3f9e3e169b644a842503d19b85f0242225,Generic,x86,x86:5756066657333315451,false,train
8b321ad1bb643e726fe0437149750509666fcba9f2e69e363b73a70ec5be5763,Generic,x86,x86:7376686294546333244,false,train
f73b6059b8a0047bd392f48e7a23d76f0f071c7111676dc69acf45b807cc93a7,Generic,x86,x86:3135733003989288649,false,train
28933b227a6d7b138f6fc4034c1b694f662d626c8a4825a33cfe7b4a61c4db51,Generic,x86,x86:17180729533533900657,false,val
fb6dd75bc949894d5d967cd483173332b86aa7ca4d145c592ae7218a6ea65c84,Generic,x86,x86:11731670838001863797,false,val
038d420947ae083c4f62bb14f18bcecf5fb3f671abeb8e4143ea108d12773303,Mirai,x86,x86:15397467032063281756,true,inert
04429d90124e644246afadb0cc035f6690696a47acdbb75bc6c2941b9d607231,Mirai,x86,x86:8872394267553921998,true,inert
06ac4d2b3433f081669d1b3dcc9296dc3a40c19cc7383fe15221b7900bf5f30b,Mirai,x86,x86:15397467032063281756,true,inert
06d4e06058bbf9a057e6f1783aab25ed16efcab434f27c2e06e8797981d42e38,Mirai,x86,x86:9137279560183896396,true,inert
0a0eb03d18c9de73ad8257898f79b634cacf58b6454a3c8a3f88cc04599c067a,Mirai,x86,x86:14194513605206682618,true,inert
0b59dd399d126b904c6de5bf2631d1916fcb64371e2439f46f020ad8dc14c2af,Mirai,x86,x86:16718846434976437914,true,inert
0cb494e641cfa741d30900b1616780be2701d50abae5249ac06108d3717bf9fa,Mirai,x86,x86:16718846434976437914,true,inert
0ee7c071190358c441273f8bf149040ce28eff3329202a30cf42b2dc60da0165,Mirai,x86,x86:16820897685803508382,true,inert
10336a93fb29b96ad3a5e0d2278b0c111dae8bb1452a6ff6e09b4e3fae4af847,Mirai,x86,x86:9137279560183896396,true,inert
128d1e2464ca4fdcb30a865f9e2fb6b4e601abe4b35cb753983603e4631ed5d8,Mirai,x86,x86:14194513605206682618,true,inert
1a58110f6cc0684dcdbf066e3a844bc2220fb3ee5961deed9878fe25b1295b52,Mirai,x86,x86:16718846434976437914,true,inert
1b22055384ada420a22e849da7da5890a2da1c43db0a1530d42723582a27886a,Mirai,x86,x86:10291782137592312604,true,inert
1b8fdb405e15e741b1a58ff291ff9544dea579c36d7170af51f7476be7309a72,Mirai,x86,x86:14194513605206682618,true,inert
1e79557487fcd029fdd9911101fcb54a849cfdd7244d4e223657ce10ab02c2ca,Mirai,x86,x86:8872394267553921998,true,inert
208abe3307c0d8bd3bb043920f4df506c9c0faabaefd93aa4856f2f6b9bff22c,Mirai,x86,x86:16718846434976437914,true,inert
20f01da74c4603c3393d07406ed176ca86ef41553367ff04c8b8e7a679773c48,Mirai,x86,x86:8872394267553921998,true,inert
249715a305fb6d2dac0533dc71dc0aa2fe8f1063c56d07984f80996d9c9c5ba2,Mirai,x86,x86:16718846434976437914,true,inert
2507d16b798ee17b42c12225e5db971a01dcb72f3a5002b82be643d76f60f117,Mirai,x86,x86:14194513605206682618,true,inert
26755a6f086b269ed1883fbe69f4c293692f83fdef18d7fbcdc863c52068aa6f,Mirai,x86,x86:16718846434976437914,true,inert
2d51fc2f6c10e84b971aba86ed2c462ad54d78739348590f0b6bce2467362dc6,Mirai,x86,x86:16718846434976437914,true,inert
33e36c9deee4bceab045d77c57314b1853d3b53ce55a1af3e62a34a59e1de17e,Mirai,x86,x86:15397467032063281756,true,inert
35cd2674a0abd29d139167d776946b923e9d3552ecc26ee0467c97f6b1cabc6a,Mirai,x86,x86:16718846434976437914,true,inert
401cf02655b6ff1a0550d4ada3951f33a5bcbf18d030df7574e671e83a665dfe,Mirai,x86,x86:16820897685803508382,true,inert
40616e2f590162b347ec169dc783f79ec751dc61ef8db62ba985e3cc04a6c965,Mirai,x86,x86:8796226401091966496,true,inert
42167631875c96e78ba6658f0b1de7c1b742e731a6bd4872513c80b9a290b616,Mirai,x86,x86:16718846434976437914,true,inert
42d4ee033b9eec6fc9f1d4d08e76d789afe0c64279f39e6543a1b51985c0b4c2,Mirai,x86,x86:16718846434976437914,true,inert
4b92e18fe6828fba1d3c25c2624287ca2caab43705616c90abc80d4877f32654,Mirai,x86,x86:16718846434976437914,true,inert
4e0f0c56b933e54b4851add5572d805cba771f744d23021769e24e27d091576d,Mirai,x86,x86:16820897685803508382,true,inert
4f8222c38768f5098e434af80040c7c35bb53a22501c23e0081f064ceedcbb29,Mirai,x86,x86:16820897685803508382,true,inert
4fbd09df25a5ecf7898f6c8541cbb44d6486b76dd172b978fe93d063f4241cdd,Mirai,x86,x86:16718846434976437914,true,inert
517b6ac67b75849c7e0e4d76175c997611e25fc01ed0d25fe92907ce8dcb17a3,Mirai,x86,x86:16718846434976437914,true,inert
519588dd279a8d0340eb7d1ecbb30b87a722398f69af59ea09b7bc00dc6b7e30,Mirai,x86,x86:15397467032063281756,true,inert
59abcdf3664cd8f462fd83f5bf9b4f864475e77d76e92bb641f4760ec98a3e95,Mirai,x86,x86:16718846434976437914,true,inert
5a7890282dc0cb13c926a805fa12bd1a659d733dc3b48b7b0afb786e8bee97e7,Mirai,x86,x86:14194513605206682618,true,inert
6490d18daad2d6a284cd7b01039fe4eeb8f05596770d2e6b238443c34a186597,Mirai,x86,x86:4448324424387456735,true,inert
6cafd0b11082ce6e5194670d0977dbd3b1e73758425534998fe7ae2c996a8ac0,Mirai,x86,x86:9137279560183896396,true,inert
6d286829e590a7f0191b53c2149493f650794acd1f944babf5f8daf21bdd33a4,Mirai,x86,x86:14194513605206682618,true,inert
6e03ca3a91a1e42615dbe5e2c5b6bfe8e853c3351c677a67af04a43bfe300172,Mirai,x86,x86:14194513605206682618,true,inert
6f5cc3862d85f6df19e1f27a926943d7eaef174a7ce7a9e625d94a9f73cf6d51,Mirai,x86,x86:15397467032063281756,true,inert
6fbfb4350010b009de8cab6b6d385f159c97ff9fb33777cc2f68dd4a3f0e56b7,Mirai,x86,x86:4448324424387456735,true,inert
714e3ecd2c27573c69bc9bc1928e4c3550a30c3bdaadf95cc63097903c0120a6,Mirai,x86,x86:16718846434976437914,true,inert
72eb29c051f66407e2e08ef8a76863443e6c033d6c9f0596235d3579562d108a,Mirai,x86,x86:15397467032063281756,true,inert
7503ca339a45eb13549a9af56e19e3ca5a0cc59939a0f5aa7ae7d9bf74d97274,Mirai,x86,x86:7073888953555227979,true,inert
76ea725566c1a7f80e2f133fdc8e1a3a12da76fdf34ec13d3a15de90c89eaa77,Mirai,x86,x86:15397467032063281756,true,inert
78098a7cadc5e236e0a82f9a0e6c8301b9d9895a0b295c4eafc6059ddf73b087,Mirai,x86,x86:14194513605206682618,true,inert
7a679ff1ebd276febbcb71b269f61c6278847fb8591170a5dd1f1e45163f5440,Mirai,x86,x86:16718846434976437914,true,inert
7c1acc0d102464f9a115ff702b793570398de6532544a644b3a9c8f67f31470d,Mirai,x86,x86:14194513605206682618,true,inert
7deb27fbfa5f600b1415c601a377ffdde65094373656a8744272b9cf8bb345f8,Mirai,x86,x86:15397467032063281756,true,inert
7f135704ba10115a962343dbca6d46b5fbc9605ee3aad07b15c26f796d2b9794,Mirai,x86,x86:16718846434976437914,true,inert
8110f28433e856b3faaa06f1467a7caf92839cdd5c9c7b20a67f3f1eb7f4895f,Mirai,x86,x86:8872394267553921998,true,inert
81d5a1198fa2562349a4f5a207de439a4800dec4a49ae6e9ca1fc742e59f6347,Mirai,x86,x86:16718846434976437914,true,inert
84111a28d2abdc36d471d4df81c0ca74030e19c97d8074c7154fb808859dfaaf,Mirai,x86,x86:8872394267553921998,true,inert
8aa7b3adfc3dc98f77fbe593ac92a5ae9e1a105912f54162749652d88f4544f7,Mirai,x86,x86:15397467032063281756,true,inert
8b3ccf42bb1e07019c5e66db9111ab3fd077254e51a24361e5f75fa0f25b5af2,Mirai,x86,x86:7509517290104878133,true,inert
8c3ec91ebc17f9cffdee8e220d8cd807550a4fab3b60cc06ceeabde140966da3,Mirai,x86,x86:8872394267553921998,true,inert
8caa475329d1ddc8f1fea10370489fcdc38f0cb716a10ad1d068f5c0376f061d,Mirai,x86,x86:14194513605206682618,true,inert
8ed5f16e6c19b867e0b1f6d395b337a6ee89538cb1b78c488f5839c311aaa41c,Mirai,x86,x86:5371790618040098660,true,inert
8fbc13b42b3298fc99ca7a9d37f9470f9eb9dc005dbd459b2cc374678ead7574,Mirai,x86,x86:14194513605206682618,true,inert
92c6bfc9abafe4c195afe34b777404046cd001f563d9d29e3582e26a9edf7cb7,Mirai,x86,x86:8872394267553921998,true,inert
937a89f93d97b6660e3252ce97a3eb8756c1de75a675f29213962a2ecca0dffc,Mirai,x86,x86:14194513605206682618,true,inert
94b835d37e32a72c22006aaa55b9a6f231bc776f695118b8d6976c321086f907,Mirai,x86,x86:16718846434976437914,true,inert
9814b74e5fd84fa4fab4d4ab0037d3cc3ca0105598e3d5003b58f313e13d608b,Mirai,x86,x86:15397467032063281756,true,inert
98e0c4825759779d585a5d772f7679a8b842c7d1e08e1b580841df57de0da77d,Mirai,x86,x86:14194513605206682618,true,inert
9d2e6bfe384c1deb59e1974e712bece2b8e3424261f94075d81aaeb0b6bb747c,Mirai,x86,x86:14194513605206682618,true,inert
9e563786af545daab812cde19262228745c0d21a548d163b53e0a37459e43e19,Mirai,x86,x86:15397467032063281756,true,inert
9f525188b0da1bd351f39cfce150d209dd8c8ccf745b52234de1bf3669c370fd,Mirai,x86,x86:14194513605206682618,true,inert
a2bd1387f9019577d0d8c8ec2ad46806075f200fc5910dc0094c9e2b47366927,Mirai,x86,x86:16718846434976437914,true,inert
a2f4d05727c056b4221fdaa90065911fe7981116eab1b2426c70b30dbfae665b,Mirai,x86,x86:16718846434976437914,true,inert
a39e9d6b7c3eff24818cb5c16294717b55eb463961ab1f14cfd6750f39e0a6fe,Mirai,x86,x86:15397467032063281756,true,inert
a45ba7be1c031660f89ad94272e74fe40d6ab00333a1477e31e9f912069de0c6,Mirai,x86,x86:16718846434976437914,true,inert
a5347396212c4ea4f146995cff0012e7162407bda031024e2e871b8211857d9a,Mirai,x86,x86:15397467032063281756,true,inert
a93dd26d4d478c01f1bea0617d63c8a82d0f158d6f31c4f2c53fc04b5f32ce89,Mirai,x86,x86:15397467032063281756,true,inert
ad24cdde1d1d3f29a05c1deadf56d9eb9a289beccfb1ae42025f14542ad0f32f,Mirai,x86,x86:16718846434976437914,true,inert
b41d61b2bb61b63f9004e1d19d8a85b9361f9fdaa23f3a39ebc1f4f9f57e8809,Mirai,x86,x86:15397467032063281756,true,inert
b4b573c2ead4ee6682048ab263bcc8ae7132081a190a711d5b24e7eee59fa3df,Mirai,x86,x86:14194513605206682618,true,inert
b50b7a8055d0be4e0ce82a1d2e4a51aeb347c926f95575c23edf39a8e995e9d2,Mirai,x86,x86:14194513605206682618,true,inert
b5c694cae8c520822a6476d8e54812876d6ab2d3035449f833a96d1b9d55586d,Mirai,x86,x86:8872394267553921998,true,inert
b878ff857c0bdd4ab27238895ff33ed29d8aa16437f6a8afcc1d03be81c75b1d,Mirai,x86,x86:14194513605206682618,true,inert
ba251657417e300db5cb1b478af7fcda3735d330643d5706aacdb05f841c4620,Mirai,x86,x86:14194513605206682618,true,inert
c3285ef68a2709842498267a5af1de7d326e44116850a096a75208ae7ca28529,Mirai,x86,x86:16820897685803508382,true,inert
c46d139f47002273a6a62dceb3dc131b4dedc34c055babb592d4c93966788653,Mirai,x86,x86:16718846434976437914,true,inert
c7113e01fa907d8df2ef4f32dee66c1736b5b117b728d330a2479f8232de1e56,Mirai,x86,x86:8872394267553921998,true,inert
cce86038deb7ede9e2da451dd973f9d64bee67ef88bef705f87a1c377ca20e77,Mirai,x86,x86:14194513605206682618,true,inert
cfd2342caf8ebfc0e4140b886dd3ce3a121fc6f77b084e3edc2ecdb12797b5c3,Mirai,x86,x86:3475479951325673779,true,inert
d2ef10378d0678f2749c44a12f0f33572c3d243af15097d9be7aa15b97bcfc0a,Mirai,x86,x86:16718846434976437914,true,inert
d5ecdf890cde5a95855e2ff8f6e4058c070b47ef10a440908d532ada8677adb6,Mirai,x86,x86:14194513605206682618,true,inert
d92defb12d06f2b7c8bb644d433459aa81b9f0877dafa3816530693dc1f6ebd0,Mirai,x86,x86:14194513605206682618,true,inert
d9311e08fef8bb79974783a22211089c2e7b9ffd9690071c20e17d724298dd52,Mirai,x86,x86:14194513605206682618,true,inert
da902e23eff641473e4c2063f16be1ed447900e76a4be325600abdccffece41c,Mirai,x86,x86:14194513605206682618,true,inert
de3a89b2c735f976444313b5821c02cfe8cf266140be75c82c6efc3b6488dca9,Mirai,x86,x86:14194513605206682618,true,inert
df003bec986f7c5f53849ad28e960b7b0ae51c7ea831d350f830b71dc76e8ee6,Mirai,x86,x86:14194513605206682618,true,inert
dfc382ea3e056db398306b61e5af7737749198a5146de99d7d3b10375f0322cd,Mirai,x86,x86:8872394267553921998,true,inert
e0ccd3c907c6078061f6434e10d9028d2ebdf2ffc2493ac2b72bcbb079f403c0,Mirai,x86,x86:15397467032063281756,true,inert
e1b6a5af7deba9b27b63dea47d2ebb9c5e83f5b774237981ac42b2970d66a8ff,Mirai,x86,x86:16718846434976437914,true,inert
e72009a43bc82462b5f0e1e0e32933f95582f35aeb14058cc62137e09ad06cb6,Mirai,x86,x86:5371790618040098660,true,inert
ec8a3b5305652eedf20ee347801356d387b9daa397ef1ef0350763290042ec52,Mirai,x86,x86:15397467032063281756,true,inert
f197a1e6c2e4352eb34f988e86360505b73537160b03bb9a40c6baec830db89a,Mirai,x86,x86:15397467032063281756,true,inert
f2245d8202a66ab2f5c9538a4ced4a0fd6fab15ce1ff07b23489ffcbf230b24b,Mirai,x86,x86:14194513605206682618,true,inert
f43971e856476cb72ee21aa4f670ba35f532e421d2b041095fe0e3ba2923eea6,Mirai,x86,x86:15397467032063281756,true,inert
f5a08a77086efc8b375f26f2e84cb5b4a8223118892035229e7223cc71c0dbc3,Mirai,x86,x86:16718846434976437914,true,inert
f5b1dec14e7a172f7159591f7d93db2b4d6567d318b19eac47411ff0b68d27a9,Mirai,x86,x86:16718846434976437914,true,inert
fa4591dc9b6ff30ce62b1325520fb4257cb5c22041cb869c07891f6dbd826510,Mirai,x86,x86:16718846434976437914,true,inert
faecf75ffa583cfb554e47ca4426ce34e40511c34800d44f8b4b5f41258bac4c,Mirai,x86,x86:15397467032063281756,true,inert
008e3bc3313514008c8ce7ad31c420140957efdfee69e5681dce89b55a4db9c4,Mirai,x86,x86:8674190974058577444,false,test
00b151ff78a492b5eae0c8d3c769857f171f8424cf36c3b2505f7d7889109599,Mirai,x86,x86:14761347468923260196,false,test
024861a7345678dfa727612ebcf4d09b3a6cb9ed022f243a2e81a420a67d3e60,Mirai,x86,x86:2014031161946018984,false,test
02c6cca23521945efa4ceb3d98f0bfcaf0d10354a08c7901225132983bed0cb3,Mirai,x86,x86:10518872018356477196,false,test
039209058452c2d8b17d461f6e96f8dd2140a1942c161eaa664ddfc4644cf5a4,Mirai,x86,x86:477804492144390690,false,test
04678ae045baad53b95d38b7867276bd9fff12cf22be585808813d050275d44a,Mirai,x86,x86:7091970842228851567,false,test
089b1ac21ca13d8af351dbf0189883a0d8f301cd933a9543163437f0e4174a48,Mirai,x86,x86:334473631885888799,false,test
08a51066d761767f7ec573e79fd1a677eaedd592c2d54b982e443550c54c7863,Mirai,x86,x86:66310805378848022,false,test
109bfa411488f3de57a0c1767c19ab19b8afeb3408401a932d01e2d202d1286d,Mirai,x86,x86:18120732841702868665,false,test
1100fb280e32a66cf06adcd0f1f736ac17994a353ff78ccdd94403d24617516b,Mirai,x86,x86:13347120343679307602,false,test
12045b0cb71084420b86b317fea293801e0a290dff8200e2089ba09a3ef687cd,Mirai,x86,x86:6199005551508208134,false,test
12056d6ef7694ea361c58ad8985c4f0a0d0afd21d1489d033b71e59761b3835d,Mirai,x86,x86:17318169349663728830,false,test
12b5c98a2ca2f8e7b38d2e693ecf01318dbc7b62be3d098b9cb24ffea525ce43,Mirai,x86,x86:10272862753141561625,false,test
1437775b3efa37d87df948ecce084013b24c1698d25dac19b35fcdc31259d177,Mirai,x86,x86:10075924214792912849,false,test
14c9cb5ea81a725ddc34671c79e9db4ca7f8c62650068c8788133a76663c87f5,Mirai,x86,x86:11720903034269681271,false,test
165f635955ed84dc00213916eeac15e5f53f1d276e2177511f5f6911964d8929,Mirai,x86,x86:6172973235910825446,false,test
167efe997b40c9a89975982a16d8e1a3b582733eca165edeeba6a2d39ffadd78,Mirai,x86,x86:6632697277695655770,false,test
16f8bcc4bf8338293d45afc77c24ac86a00eab6657f2d97b68381edd9eb0ec4d,Mirai,x86,x86:11576091807514374648,false,test
18800c3016debba4e18ce5d73984d6aa0c45962f8967cc9bd7df611d51a5be1c,Mirai,x86,x86:3929889797848603179,false,test
18f7e121445981762556e611ab39ebdd256d28a8081b619bd4c5a7f39aff5fff,Mirai,x86,x86:7493324974695162754,false,test
19a0bce7afb07ad82f07f13ff1465559569178fed06fcdc426188a55a4e85d9c,Mirai,x86,x86:15805088774295349184,false,test
1a4eadbdf5887d73133db17f481ae21c01a18edc6a1b289ff2d420a2bc40e17e,Mirai,x86,x86:17163279800356363433,false,test
1a5acfbd8486b2ea3355ddaee653f3844e7d82bd338fcd993fb7fd1ba4a93ad5,Mirai,x86,x86:11528811604581361762,false,test
1af81f587f1682b72cbf4f3fd5bb1b7858f16de523231d8205581915dbd470be,Mirai,x86,x86:11714450876131018229,false,test
1b13355e1c01d8e155edeb79339bc61c8fab484709b654c64dd569a40e73a0c8,Mirai,x86,x86:7807286192068353472,false,test
1bb1b84b17e603aed1aff09a69e1eb9a18e51bdd966737087e151e9d26c79e87,Mirai,x86,x86:16518227470978297332,false,test
1c06008acfe34b4f990fac92d82a7ec0a26703443adee63b73c257955bb22f24,Mirai,x86,x86:3180281387162098319,false,test
1c5590f1fc32fe443f981e119dbde036e39c398180af986e8b8859fe51d35560,Mirai,x86,x86:8384833056196331135,false,test
1ccbeafb9066275d4637e1801e036bbb2bb18c376c5d6edf08423b36508ec315,Mirai,x86,x86:2924867940632470719,false,test
1d3a1d733e419679b61da6059bccc93b431266c65ed6870d2933056669c34a57,Mirai,x86,x86:14758226169626328177,false,test
1dc4f0e30ecc4855a5876dc892ff863f633c2ae046cf73e254ba6b8567da56fe,Mirai,x86,x86:6632697277695655770,false,test
1e6b913617a300dbb6eb6d1318f8309bc539f789b1c9b0c0c3c92b4340daa229,Mirai,x86,x86:12370820261716203266,false,test
1ef35cf4d385f2b4ae890dfa21ff6aea2b6d629e1bc50e10dcd994941a2ab592,Mirai,x86,x86:15972243234924420994,false,test
1fec75788a1b066c5e622aa342344337e4429e0e3f6fd0e01ac5deddcecb99ec,Mirai,x86,x86:8903023830195395683,false,test
20d756ab900f0ea74171e1e45ba34563cd1c5412d297066c1c49c6a514d6d90a,Mirai,x86,x86:9679789900774163465,false,test
2212f90549226b12ea3f904b203aa9d2b401d5c36e38aaa84590b19e72c35515,Mirai,x86,x86:10316184363774740201,false,test
235982f56750c7314514d688c965a77e5b6a91a029512a96941c8effa8c6ce7c,Mirai,x86,x86:3695303606864589307,false,test
23d349e5a7c77e67c062c0e90c7754317bada96ac41bf292a230c8962613e67f,Mirai,x86,x86:17562006743363511036,false,test
2470524ff2a40a1eaf9ead78edda6f13a8ffeddb3ff7e3894bd8cfaebf9ef9f9,Mirai,x86,x86:6967789157179151383,false,test
26097af26e52d8a004ded2c684a071391637ee85fd8fcb647e45f41c292285f0,Mirai,x86,x86:5700186542240275211,false,test
274c8dcc073a1e559082ba8dff71752a561019658c97676731938ac333e9bb2e,Mirai,x86,x86:11099806883639756144,false,test
2775bb25dd0c43cfd0a173ad7838024910a474d3ac7f372166bca76a5c07c84a,Mirai,x86,x86:3808290526429767056,false,test
27b34bd433ce81803e36197da77076c1bd79646d4355aeadcd7230bf72e0c48e,Mirai,x86,x86:5930747564056306638,false,test
291122390c1ca7a565b1dacd14f9d3dcd899dcf3af74016212bbfc05185c291b,Mirai,x86,x86:11576091807514374648,false,test
29e9569a888b4d75d2fec639dd35edd3b2c8df2deb241f8f4ff8a4ffdfd76bb4,Mirai,x86,x86:8388248971315482534,false,test
29fd0b97659f8df18b820df959fb7b42801b02c7492994f66899c2e5e73b6b1b,Mirai,x86,x86:9670462937310077239,false,test
2bff5c1b592119551bea8e692aa76a362a286dc6c547c26e5c6d02ffa6b8f01b,Mirai,x86,x86:4380313595213191972,false,test
3045c3e2f09de325b63caa01f7c08e5662a909c8324dc79d0c1e10e3bd9a3b67,Mirai,x86,x86:8859083986185650530,false,test
31c5ffca4eb495f9f3673e1a3a2a6373e872d6b825de70012794330f12190abf,Mirai,x86,x86:3467428947352777572,false,test
31edae86917f0025d18fde843dc6f5573b2a496ddefa4ec7b287c19a15d3bb97,Mirai,x86,x86:11224971752547592718,false,test
32c2880b821f9ab4cc9e4d42bc411661adbb8c0c29ea44d4e3f814a4fc783f8f,Mirai,x86,x86:16285976950070284497,false,test
34414b16efb9315daf4cb742ad3f6a163aad53d0110c7c4946a27053b182fd0b,Mirai,x86,x86:15060386738151184316,false,test
3498fbc888f9ef8c6146ab869b4d38340c209f2817dc4bbbf932e37d772d7b5b,Mirai,x86,x86:9442907077795971801,false,test
373694afdc7b078245dbd7a7a84f926e0bb47b3bd2eb4453b91b0c1cd0ecf127,Mirai,x86,x86:11576091807514374648,false,test
3803bbe38f4de6dff69a4acf08870f2be4a46ad361257161e3a8b280c670666a,Mirai,x86,x86:10427492532042440148,false,test
38418863ea6f231cdbe454b69f9924a42b075172fe9b4e9e0e0e533de099a5dc,Mirai,x86,x86:458263277400302138,false,test
3856d6e93239640a00ec246c54d62b8e496712c3d4315a082a0d9e8047a0b800,Mirai,x86,x86:4917774862721753021,false,test
38ac2d61d034610fa7f3f3d03e8bfd6094cb2eb176581835051650dbe2133ea9,Mirai,x86,x86:5148243026483427535,false,test
391edf72fa5617bc7e600c541e395b680922b9b255006d504174bea929049aca,Mirai,x86,x86:1547173270726411389,false,test
3959fc4923bebeec0098554bfa675cd5ad99f5c7be62f4756fa72922547c226d,Mirai,x86,x86:7090793193681515498,false,test
3a05e71ddd236d436ef19f7bfb41e2de437018dfd55f5c107def45f4e24e9455,Mirai,x86,x86:1770027874555054393,false,test
3a5c3f03c1c54ed04d990474e5a71ad90a9229905ec2be2a1dfe0bfed3443cb1,Mirai,x86,x86:4114998017021346032,false,test
3c27eb1588b728ee09d8e129cbca81d2d66de806e9f0e411b0c977c96fd39cae,Mirai,x86,x86:1663735672089526043,false,test
3c61b65550aa0d5c4075568766686640cff114725ca4cbf02c4a40e33e17e654,Mirai,x86,x86:3178091099863469366,false,test
3ca1d6b3387601cc6330858515598b74cbd81c20b99059241b0631f75da725c4,Mirai,x86,x86:7197257367907030008,false,test
3d49f0373052b75db92569d5035e2c3eba5ecaae9817908186dac19ce745e309,Mirai,x86,x86:14322995830670660863,false,test
3dc2e7e14144e6bc991e39ad5804fe91bc8fc8315744535d1c825ab247463bf1,Mirai,x86,x86:14354359211256361311,false,test
3f7b419946b32ce5f4f3f2e85cdbc4d19e002f7b7acc5abd5bc08ab4167838bc,Mirai,x86,x86:8718573674404770011,false,test
3fa8fa57134878f65d70b91a1d02cd4428adbbc0bed2504ae551e2dc8921749a,Mirai,x86,x86:9215975947380496825,false,test
3fca05ed2f27583e1606451a192f4839f156bdefaf132f1afd80b4684a8ea225,Mirai,x86,x86:11318032043753939196,false,test
40065348adf6a16aaac9fd40135258c4087b4e25bf86552c9c1cbd22fe21ea40,Mirai,x86,x86:8133561098151152015,false,test
403ea049ea72622e5ee0644799fec3dbf266d3840dcfa565390650ee1fee7066,Mirai,x86,x86:445921575454348185,false,test
40c9166c81110cc3d65cb07a02887716393cfbf39fe82f94ffdb0bac5a48b01b,Mirai,x86,x86:12593681013351000865,false,test
40da82983d464fc757533e71dd91e1b3be2c218076c80c705e5dccdf77802e74,Mirai,x86,x86:8099164247045333823,false,test
4197e1ead545b7629a6cab4ebc62253d04046931ffcdf830ddf6436473ed8fd4,Mirai,x86,x86:1537303465382746354,false,test
43ef3259539d01bd20c308c5445b5061f34d7ae2793f88ab4909369ec7c3919b,Mirai,x86,x86:5269007619375321387,false,test
446c50fbabc7dfbf986234eda10166eff67e71a234a208ee3fa9f72cf897cd18,Mirai,x86,x86:16907578048368819600,false,test
44eabd7dd90315af68a8b940a09cbcbb2b35b149bcd832a7f49dc8088c2024aa,Mirai,x86,x86:6122384559990753205,false,test
48065417aa4bca576754a45cfa44bad1be50d8ecba6bfd7cc9909b9ec7d39ec1,Mirai,x86,x86:11224971752547592718,false,test
489ea72f88af19a27a0d5fd340ee057fe3f4c877bbd759df6c4ef362de39ef22,Mirai,x86,x86:11101898885382911537,false,test
492b52c5f09f7ffe7064e617b6648d3c81acb5fd122d889f14bc1bdd7a2cbaec,Mirai,x86,x86:16149263488619430337,false,test
49a24a51d754d4ff9d08767fdf2a0ec1f38a3b369868ef616c67c63aaa5745cf,Mirai,x86,x86:6031065955165577370,false,test
4a960818cfbd106c037353c86ac0b02e4d6c7104c09521c0663183ae5fc9a6a4,Mirai,x86,x86:18026778534658648105,false,test
4ab4fe63ed3d0b58f074c1517aae490ae58d1186b1e7907ae30b7428e567e5f7,Mirai,x86,x86:14821793450792865944,false,test
4b0a6eb051da32a646cbe21a0e2f76d14234746a92a40d927c500360d6aa803b,Mirai,x86,x86:1437542613249144181,false,test
4c66dbf58786cc22407081551384ea7c711c3f53acb8209e27c32472ff108d14,Mirai,x86,x86:13112038356396122501,false,test
4c98c47aa739899dd11603e9c77d09f675679953e91f8552b7858f5bfb369771,Mirai,x86,x86:11576091807514374648,false,test
4e8ad59b6fe4e7d8127d9885ee19cadc8bba51886f51aeba8f5c4a441d2c752e,Mirai,x86,x86:12429560389020761788,false,test
4f4147ae4db53f87d12b221c98a91323fbf9c88550189bb4176248de878fb237,Mirai,x86,x86:7600701121609255071,false,test
50211696477d9f84c4700b551322c71096d6cffa681e377527115323248cb1ea,Mirai,x86,x86:5232585251113681363,false,test
5036306bec00688444e999ecd02c1d49064f0804d8ef5e08ef1bac2f8ff36064,Mirai,x86,x86:3388533331257420470,false,test
540c27e61f1eb3f9737f9b2673ade0d0b92039c025800b71e66b91bee55b9e0b,Mirai,x86,x86:15673669585697434156,false,test
54bb2281735759a64512fa923924b7c2333d9b5a76b53fdd5eb6522fa0c54332,Mirai,x86,x86:10956838353556313014,false,test
554365af7e94a804fb57fd6b68f0303def8f69d6b5efa833d758950dde33c041,Mirai,x86,x86:12915177023172031607,false,test
55767fd0641c5790c8465ca57ef034e0c04634cb23a456bf34f53853173be8c0,Mirai,x86,x86:16637204403134890664,false,test
56c5d3582bc446190391aad89a22d275abeb5b6145224b9a55f78c362e518300,Mirai,x86,x86:7362494536290319738,false,test
5960101c01b220489adadc4a798a32c07c6f690067821fc124ef1a45c4ce949d,Mirai,x86,x86:9016750371194426087,false,test
5a8fdef5be9bf7ba7a1f0ea0d3ee39adbdd350746f07cb2fe699ba4af89ae5d5,Mirai,x86,x86:16417651705893761859,false,test
5c16c9700598ad4e0e2ef67b70c47b92d0b0ef70ff9a5baf620a4f5d3168a601,Mirai,x86,x86:866375379944307952,false,test
5c363b01db15de5c79c38661ddf962fd57db4b31a33e9a4fcd3d0173fb399c5f,Mirai,x86,x86:1027757268987316586,false,test
5d3d9bdf75bdbf784cda0315c5416f287bbc5bbe304573f4c6968a249df8a2d2,Mirai,x86,x86:11795393915766801572,false,test
5d762438462031a665b9bc3fae47d460abc4ee0abd98790ac57d8ba2d55b71b2,Mirai,x86,x86:7090834070465077463,false,test
5dc1493dbcc7eb5fa6f0f8572d391c036680a0d260f0567d86f22e75df308ba2,Mirai,x86,x86:16141571308534647286,false,test
5e06141a73c2ee9bc347002d61f4048c77165df2a177fdfd0ca28e6b7327dfc3,Mirai,x86,x86:3062940751640355136,false,test
5e6c8dae1314ee1eb2cb772fd11e8cc9e51e63e7c8d950063aa7f9c2a12d3108,Mirai,x86,x86:5923882123977049926,false,test
5ee802976cbd837a05490d17fad75401ae130f9ab7afbd4e3ab4cee027c0a4dc,Mirai,x86,x86:11576091807514374648,false,test
5ef2b41d430d86ad7bd83c737f36ea3747ca9a7ec58d0b375db2c7f4f6e10486,Mirai,x86,x86:6661722661619351592,false,test
5f5c1b9314a6d162f4b5dd020a17d3fa807f3ab4a61270082506663af46de0c2,Mirai,x86,x86:936980463502748425,false,test
5f7ba5c47ff8d70a421e0013f916dac2d40a98f84b7390f54330fa62ef9204b0,Mirai,x86,x86:10688018434865903714,false,test
5f9867baac0b1032298cbccb3a34dc825b7597a2921733ad656529a9d39a6672,Mirai,x86,x86:16672196066425480145,false,test
5fc163c4f4571d5bc6fedd738cd24b803185f9126beff0316e9d69e1c3120c7a,Mirai,x86,x86:4887135082474076899,false,test
60835efb1eaef2e82c9f1baec798b9adf91970d3f0d9d42479a356be8d7a0890,Mirai,x86,x86:10341024567737229009,false,test
6114ad023792f1117bddbba675868f524415a50546083a1cdbc8200b4aa68b1c,Mirai,x86,x86:1770027874555054393,false,test
620fdf8c1be24608014455e5b9cbdbd9267461ce63712eaf3ff876fe012813bb,Mirai,x86,x86:6740588905988307152,false,test
65db64681cc5928b41d766328c9bf89e220062a7268c98d8d58a49e34e8d9bce,Mirai,x86,x86:8393672182833364003,false,test
66d50ace612c557441f7f2a5b7adb3ec349e00ae3a0a047af6ae506d5ff25c46,Mirai,x86,x86:6905028971563105658,false,test
671607a6f6d82b1c70ad4c1d6d9ccee7d62412d974cb8a0a8ecdc66aa187a991,Mirai,x86,x86:3667532825474622272,false,test
67adae29bd97965781b1d39a4e69ea8fd142c1100360e03b46286be97d97cb9f,Mirai,x86,x86:11224971752547592718,false,test
6850d617c81ac84d05bef2944a5c50f223e0b8d2281146150e69703da8eb6662,Mirai,x86,x86:16135991219753298295,false,test
69c7472dd630cc5819b735a2691e075c0e4d61e0800fe5fc628148ec0e4bb8d2,Mirai,x86,x86:13567683491015429709,false,test
6a8f5009498f86897e1e9d4bbd13d9ae9fbb5a75ab2906dabbe11d9b54166886,Mirai,x86,x86:13376527641217434415,false,test
6abb8bd573541b17548efcbc89ed0cee11783e58cfda85186f4c775fb8d6763d,Mirai,x86,x86:1770027874555054393,false,test
6ac64635b08f309fbcd4f9c719d6e96d0da423bf52a0eb39515b95897567c105,Mirai,x86,x86:17523617521098327762,false,test
6b507407fa37fc8029bbd9387a7aed31759426b6c54f64a49fcd5148837bafb1,Mirai,x86,x86:16024763797733794947,false,test
6b6174ed4cff796d1482804ff92b75f9733d3230329ac4c2d27446695b436ca4,Mirai,x86,x86:2299372569504265367,false,test
6b82b1d7c2e4321623d027f9dd3296eb8e5bf1434aae5f93f873b7720bf1fe29,Mirai,x86,x86:14315807829218088229,false,test
6ccc69015c06c14cc66b27d02a5bab710ec19698ef94791a8b9ddc2590dad013,Mirai,x86,x86:11224971752547592718,false,test
6dc6c54fc2e5af95a96084c2e13071fa2667aa37f72d1f45b1ed6db3300d0ff5,Mirai,x86,x86:9611031913604134605,false,test
6e3162428acf62b07d22d825a23443188b3140d07a832085411aa06aa06f7b93,Mirai,x86,x86:5185625401420346253,false,test
6e5b6b188c9a7425684da193f2f99e26264055e4512f0977b89247f2f0ec1cd6,Mirai,x86,x86:10693179973717193271,false,test
6e837269eab1d838330a67d9b47b8124efc634e89df798dc8ebf359fb7bf08f3,Mirai,x86,x86:14369508609692082015,false,test
6fee24bc23f4cc049f49578bff72986da251eca8412efb83b89694e925c55a32,Mirai,x86,x86:1770027874555054393,false,test
73f17a55b8d0793cbd7e508a1c6b2d0c36f0569481dbc3f7b8fccd6032732fcf,Mirai,x86,x86:11576091807514374648,false,test
7499e0cbd1746ac9bdffa9cd1bc2c4fefe9e0e6c789649d365a6208049e9aede,Mirai,x86,x86:7463044966302402255,false,test
751d2f6569ca9275eb29e750169e8687b5b48abad1e899a1457e4dec45e64db9,Mirai,x86,x86:10889267022801811933,false,test
75ea6ca560935039327d1ef0d72d248265048833b3ec78e5ad72926c93f13b58,Mirai,x86,x86:6632697277695655770,false,test
75eadbe8c2530acc8d218fd33d6876b836e26e8573a17c7de508b43cb70a9f6f,Mirai,x86,x86:10551240784843197553,false,test
767f4ee645c42fb377cb03c8dfdf5c3495a65428467cb5d7feb5e2153d92ef27,Mirai,x86,x86:7689475762267385172,false,test
77895382a63ce1d51f3be7c94500948a88aa07efe3d5548b3fd037fc7f8d8ac4,Mirai,x86,x86:17156119916799526257,false,test
77f0b6816a3541a86b9e927d80c65da5848ace9d30bea60a13a3185d287ebe71,Mirai,x86,x86:5437508038709674198,false,test
784486de64e7235ccabe89c6be124ca3a6bec319efba629a78c70bed13e9f957,Mirai,x86,x86:8197951278105340225,false,test
7864f99081f38cf9c5adda1b49a9af7fd9a38be54af0b6d871b9bd1b4aa3c4cc,Mirai,x86,x86:7006417378440864308,false,test
7a4d6353d563972786a0c49cb57f5c57df315326be528b3f987b862b3a746b3d,Mirai,x86,x86:11576091807514374648,false,test
7c899953bee8ed739a1199c9b2da12fd13d3798d2b3b469da3624d971c0af503,Mirai,x86,x86:15244458117771948139,false,test
7c9b48ac8c25e12cecb2fac128048867f02715a9beefb0807b751a8736eb61f7,Mirai,x86,x86:11842735081473092568,false,test
7ce0ad2e954c1ecd34be318466b5670637d79472adaf32859703f8d2b0f47094,Mirai,x86,x86:14030144697895978047,false,test
7d7925100ca05624e037d4f8e2d12dc22278290a5b61b771a376c10ccbe6af15,Mirai,x86,x86:1081040335635406105,false,test
7e1e27dd5cd774fd1e2ae7ad25c64c3148900db7ac4c63402fbd4aa2a74b77b1,Mirai,x86,x86:12512720984525753240,false,test
7ea1fe6afda8deecae4a9e5fa029b59d638983bd472d31e33bfe1c7aeeb4cc2b,Mirai,x86,x86:3468069688466810478,false,test
7efb133d16c26d02804fb6f534cb8325541eeda5461fe527b356b1b2acb2d115,Mirai,x86,x86:11000068743509641460,false,test
8063d7eb1023d31f7da5234ba3f419629e5e8504abf20349984c7ab8000d1ab8,Mirai,x86,x86:17713698661069499895,false,test
8152cfed02cd36353b48a2d8c8878b260bf64dbc47c454eba4b53309e4ba7847,Mirai,x86,x86:6075846144046913760,false,test
815dfe99e48db273a056dc14cf845213ed0cd1ba6383868aebe291bf490f2e0d,Mirai,x86,x86:12794494598197896238,false,test
81635b31dae2afb9cda71ed8f83c4d39d59a4ad3e2aa7b6c1c8baa32490d73ca,Mirai,x86,x86:11883455332394743234,false,test
84478fd3db8096bf7a91c9a2e86f8387fdfab3eba62348c8977486ff7c008986,Mirai,x86,x86:1885169373670293177,false,test
873d9033cd8d02baf0d738bcc4a28407d54a1a44da6fb67e9193d0109b5afdff,Mirai,x86,x86:5287416902031822427,false,test
87b038cc583d55b1512839a048598f588ed808e38081695475f44be31bd4c3c7,Mirai,x86,x86:14506580118145290367,false,test
87c3cd5b1a0bb7848a1900ba2043d226eb3fab1f578b68ade2f2ff5cb9647d38,Mirai,x86,x86:1154462018723036000,false,test
88f929c2ebcee35ccba5f524fa1abda3f2e3eced94f189b5839a8938b86c51c0,Mirai,x86,x86:5370897244775282265,false,test
89d0bf6d2460f3e0b79a5a5face9433144c26983b60ec648ea2ddbf43d492f17,Mirai,x86,x86:4564753964247046324,false,test
8a47041486bf35ea6f294e9a28333dccc4a064697d425c8474598982735734f3,Mirai,x86,x86:5159557306502411490,false,test
8b409d5bbf1dfef04108ce307dbba3bccff1573cd287e12732bf6b9d576af893,Mirai,x86,x86:16115770423569858411,false,test
8bc5a4f77a4a511847e34f0e4c029001377c72f37e5000f90ac1c6a58fdb081d,Mirai,x86,x86:12049011014762522072,false,test
8c44f68d3d44eba2167436bce8c8f785f9549951fa6ecc760cbe6ce06768ce70,Mirai,x86,x86:731865032281106646,false,test
8ca9ba5d490139f8faf2f80779933058c9957b9392ef17e7793e21ba87f7fe1c,Mirai,x86,x86:6632697277695655770,false,test
8d8a09235be71bc2bc5d792dd621fc8cec019dab5b7897ba4ceff30899f1919a,Mirai,x86,x86:477804492144390690,false,test
90c45f1e71158108a155fcdb148a9946a868a873bac9bb104aec6b20067ab535,Mirai,x86,x86:3710258828420489947,false,test
90e19556fa68ebf7fdd99fded94f4f8b663a075ae6a7752ff29fac43f6a2c6ad,Mirai,x86,x86:17585101864334293988,false,test
912c7c72ff916b7435c638e8c2406b90afde23125a3cfe910434ef4b0ccb334f,Mirai,x86,x86:5271357595745950520,false,test
91d9a6bcb619d805489500b20084ef85ce9b232afbcdcbe5c6f17ea42b44fd19,Mirai,x86,x86:13662938984945249827,false,test
923c530ec9a49e5515b8d03146d8a76e927354fe6f37bb5650bba7861daf288f,Mirai,x86,x86:6170826846141534370,false,test
92f4737f3122b72208590ac976c2cd0eefcf073f9697245e74db0742e8fe7c11,Mirai,x86,x86:1875534624159793501,false,test
9432f9dbe68b7c57c71bece4db450c5b9ede78510fc0a8d11d7ca766e0b19290,Mirai,x86,x86:11256229497416727725,false,test
94d19158410b48b10fd6b9a782ea78bc0b8b55dd581e1cd51a0adaeeceed7287,Mirai,x86,x86:645842705688830363,false,test
95bf502f3515249d2d97e09c13b473dda917de48e61bb2ba6b0eea5ca1754819,Mirai,x86,x86:14450119498092627797,false,test
9738258c0f0bb456e410d7586364b349c14e90f353eb16607899f0d6334ab119,Mirai,x86,x86:6671256713768238396,false,test
9765b18df48c14e7625ddfe4db477a89cd0975091ca4367ba74d6966ebc01e69,Mirai,x86,x86:3631057411589984039,false,test
980034a70ee6dcca2f625a509c824e8653b87c74dffa116119232f64490adf75,Mirai,x86,x86:12940949407066305806,false,test
99365207b4f5b2cea1e71647642d768a96e8e859d868895e40fabf2218480257,Mirai,x86,x86:17410675270775419425,false,test
9a2984b87ff7a4b18510a894d1d56977a23edcf346adc5e35bf8093c779eb0f9,Mirai,x86,x86:4917774862721753021,false,test
9aabedeb93d07ab4c583ef000dd2dac5178ba964816e1fb658fd1cb04df3c3bd,Mirai,x86,x86:3872887362181269275,false,test
9b683ebe3a969c7ef96600053af49b69cf3894958302f51e564e2d072dc17605,Mirai,x86,x86:3095405664582078909,false,test
9bdec01d0697f6e2b42d7f6ff19f6fd93a17e4c3bf46bb527c64261312dbd2b3,Mirai,x86,x86:10821410438016836071,false,test
9c617a842401c27d921dde4938863199a03ed299d1c15d521588057cedb78572,Mirai,x86,x86:14491004981952039977,false,test
9d59325913104d1e20b500b2ae4084f8e1966199c4b4faa515deb27f0a78bf3b,Mirai,x86,x86:7183143785615143148,false,test
9f335d1c754ea93ab9864aa862852cf58c15109afca64f850ca6b3108a1e4fe9,Mirai,x86,x86:14497835463017004406,false,test
a01b79daa8f27a006a869c0d5562179840c52a0a03fad5a84b13c6fcd29ad36c,Mirai,x86,x86:11224971752547592718,false,test
a0b4515fe1aeced3d387e143d384efcb3e750706519f11e853eac2e27cb39afc,Mirai,x86,x86:17066646192138008682,false,test
a2a3c5b508cf62ec3621406c85618875a0ce23c3e4376414077d910a4ff1e282,Mirai,x86,x86:14448723390942827207,false,test
a3bc1ca38a90ff5a3146dcd4152652a0c623260a44eaec7dec849d2a949229a9,Mirai,x86,x86:1770027874555054393,false,test
a42d74aea16c6a983ba80b4a5d557a15f9945c83fe147450528c9f4680a42e58,Mirai,x86,x86:10134956410640904749,false,test
a68c97cf5efbc03a1ce5a52c925b743c46d9fecb620ad657abfeb06fa076e2dc,Mirai,x86,x86:14280070470567524775,false,test
a9000bfec9654f3a4eb4d89ff0541799f129ac1937d2cf0000ec072a0e783aee,Mirai,x86,x86:5341685708890890796,false,test
a9407c98e03a2f6b3a82203b33b5dab9db0c2b2d9fbf824a60a9737434ba3223,Mirai,x86,x86:4808914565524545361,false,test
a96a95b62a21313d12602c53357855b7ee1ebf0ec09d96bc3ff203152497838f,Mirai,x86,x86:5993008419700161856,false,test
aa2a2c6a64e09640f4154bd3822505e722df32269ce93a5acbd899eb04da0b1a,Mirai,x86,x86:6115768845164853553,false,test
aaf6f70cbb76e2fc2b3b3a2b7a3ec33d9778a868f51f747588c6fe9707697568,Mirai,x86,x86:4553662002550600833,false,test
ac39e336287be9fd226fb0d9557593d44f667bb3c39caaa85bd84ff062f06f16,Mirai,x86,x86:8795204805627974598,false,test
ad277b4ef7732a9cdb3e8ed1d89e486d60318b81adb265ff784ca77fa36d18ff,Mirai,x86,x86:17482632656837445687,false,test
adf066e65544bfb83f7be05f1ad04a3606632dd319db0287e0aabdfd56a37c57,Mirai,x86,x86:15301375059758220095,false,test
aebc9b9549956c4a04df4dafec3a03852cd9e02dcf36284e703df64cc0966f4a,Mirai,x86,x86:740640720933271838,false,test
af11578d69ac263db6057fb459411093515f443ee37e413f6c45d53603d58492,Mirai,x86,x86:13029443255777114446,false,test
af2eef1348106365f9ff3f3653e476b7dfe774b06c107d11521fbc20f5a760cc,Mirai,x86,x86:11224971752547592718,false,test
b02e2763a7dbe1c15e2aebde12316c52a881bec18be29e5d1299ea1abf8c32af,Mirai,x86,x86:6315900314138212699,false,test
b2023db89fe219f3fc0ba8ae0abc51737d86d11c9c147447c01a41fd33dbff2c,Mirai,x86,x86:13951041038447038477,false,test
b3877d41aecce2189a626df4fc10cc59ecc957a877873094d405d2902bffd659,Mirai,x86,x86:16075133214496730623,false,test
b442329b7a529f7ee1b614675fe75e061fe83379a3667b27f8593cca5c9f5084,Mirai,x86,x86:7772754218997514268,false,test
b49567626ccd8750cc7433b5e751fc52ace5132cf11474eb04e07ad88e53e531,Mirai,x86,x86:7343700160440294631,false,test
b556bc3be8a182129d7abfb4e11181a94d491189436e7dac4326f9b6b49005a8,Mirai,x86,x86:9295610701610513852,false,test
b63db435dea1f6cbceb29d94d1f446fc9ec7ab7a0713f39ec2ad89c4ac4a4fe3,Mirai,x86,x86:18171689556518447242,false,test
b65335325f00afb328e0769025651ddb10cf3adc96b0ec4671c7c4c5b7224ab2,Mirai,x86,x86:5943402927420279612,false,test
b6c075cf7afb6189764c59ed02dfa9b520127adcda048964c0985f451b84dc0a,Mirai,x86,x86:14206960638152557645,false,test
b81bb34c7f6040ee5264c66198735cf19ae38ed6a17cda8f861924d4d246ddbb,Mirai,x86,x86:14543493925833058066,false,test
b8f63e5fd9021d567c7a5cc5826d432916ea71986dde621cae9423641bd233eb,Mirai,x86,x86:3447375951845485938,false,test
ba039bd1fd227ded1e77fdeed9f2c7815c238ce149fdf73ad231f342472f88d4,Mirai,x86,x86:17312772908045523014,false,test
ba64434cf59c4748b014d86c80772aeca03c38acb5a5f6554590298c75968264,Mirai,x86,x86:15005780485499615779,false,test
bbf0c216168437f85841e8c9882751ec3c4345b60137ad0863226ede13cab06f,Mirai,x86,x86:7050449946674935938,false,test
be1c86526f4b269bf80e4b386f85da48619f7799ee0cedba91903585b5617381,Mirai,x86,x86:8109885001295417206,false,test
be4852b39414fd61ae50f607f03d76db652e4de74f0bfe95f84f2b32c4bab195,Mirai,x86,x86:6579239598481705728,false,test
c03ff0baa702a6a5f31610bb4270944de99948f330ba00918a4f2708591ee7ce,Mirai,x86,x86:450047144364721889,false,test
c0f5c69156a70da489043197dcbf2c009037b45e63a7238d229b81bc32cc6b4e,Mirai,x86,x86:11385467168501772295,false,test
c274ec6de6d1ed6f455bdda7d423e7adc2c165eb1b91fce9ec4691571bbce340,Mirai,x86,x86:2532196563185800215,false,test
c2e280d5b457d08e21fa1df6cc004d9df0d61dd3b937ebf71e0a6ee3ced210ab,Mirai,x86,x86:13416959308237537495,false,test
c2e81c1d7fbec040261b5c3f6fcc09a9f132bbb788529bb069c96ff41affa490,Mirai,x86,x86:10122944213603145904,false,test
c31f3c3846fee02e696e8ee0ba3745de8463ac1232f4474f852fe47dacd4400c,Mirai,x86,x86:3129779693829377907,false,test
c394b830b3f61c8c1c9e3445d1d71a2fe1d832b6ae299f5f8c8d8abc3f9f5819,Mirai,x86,x86:2879740857566716467,false,test
c3d0ccb509e5490673f055c8ee09ce12977a2435ff3788d1fede59b9a6032228,Mirai,x86,x86:4123630862946391232,false,test
c4576b4bcf2a4802621ea6b86493361fde0dba542d709bf4a55ed6c5898a5173,Mirai,x86,x86:11576091807514374648,false,test
c466d7a68fc9bd7cfbef18a99ffe7652ca979b9e45379154891dd6510d008972,Mirai,x86,x86:6632697277695655770,false,test
c479e1f865a9ea99a468de89fb6ff1abd2a1512223e65f181b76ac3872142137,Mirai,x86,x86:17888509045790745304,false,test
c49f803b258747dd98504cc2200e60aaf9635ec9a7ec25c2602d62af7d304190,Mirai,x86,x86:9029793115512472980,false,test
c52b10f0d6bab9cd1df6805379a30866af222ec393c4067653cc91c476b083e1,Mirai,x86,x86:3328709505284314109,false,test
c57cf8cef9236dece6c42e91c32a14c3cc1bc623be79c95b1d8a88a3679b3685,Mirai,x86,x86:10407758556367006182,false,test
c5db1c3367ba1db0d1c35ef5ff0417e9e4c71385086ed8ab06c29a62add8aac2,Mirai,x86,x86:11940052442022949893,false,test
c6329db058ffa575eaf0433d247a352ce854619fc1d7e69677800e9e4f49469c,Mirai,x86,x86:11133016838432381231,false,test
c8236945ab7c68ef5da2104b7415b52aad2ab796f6d76bd783b1a6db23a5d09d,Mirai,x86,x86:9854666664314202332,false,test
ca4b81b80064b1a6b8a831de4f3ee68fd3176d09f58e6e58cf00ed4092b21b75,Mirai,x86,x86:7042757415987666626,false,test
cafa171e9470d9e21bd575f6ebb70b599376a467d713f286f0ee794c8c376896,Mirai,x86,x86:824117163982670794,false,test
cb3655dc2d1bdbe6ea0ed1f70389e0b986804a7b9d8ed4c07e366f02d71bad1e,Mirai,x86,x86:1571652092631099914,false,test
cc4dd8b45f21eb05fc88948235687bceaa59db7cabef0e3e097257d2b3abd472,Mirai,x86,x86:17333058742404353457,false,test
cd17ca4d21d40fe299277ea28930375aac576b28580bf44416cdcb0a89ee00c9,Mirai,x86,x86:66310805378848022,false,test
cd669a66b8c393d6d988b0ed4abb35629dfbbdc32feb9640c6e56bebe9fe7e7a,Mirai,x86,x86:7493324974695162754,false,test
cd6c439a3a82210d3333242d19ef65f71bc9d9567802456eb288e3ce9c75ad45,Mirai,x86,x86:46227525263624726,false,test
cda25073262ea72275a0c53d511876b379077630fbaedeb74a7afbba640c6b4f,Mirai,x86,x86:15285560260474105338,false,test
ce84515c92df04592fafaff8c5b89118ad1a2f45de09328c2cc4f4ce0c78297c,Mirai,x86,x86:13665543070112706810,false,test
cf05c4b77cbc4883dc73b7a16b341aeadd2908b1f29cfbe738c8f1005a6647e3,Mirai,x86,x86:6023996017308084572,false,test
cf1ee93c128155d42262524f600eaddbfe123f831a4431d0dad780f8e257b996,Mirai,x86,x86:16868167094119120394,false,test
cf89433d3f003bff4072a164c0b41dd80200a5da082198c17e94c6de132efcf7,Mirai,x86,x86:1856933498631106758,false,test
d0a0841d1b84ac2de9e672686ac554c496c939a43189cfb2035762fb2e196343,Mirai,x86,x86:323228989047281636,false,test
d0fd4f57b4c478e1a9b4c31ce49f80fe5fd14fb061eddc2d0fd489256a358de3,Mirai,x86,x86:3327096580009110300,false,test
d1aa2188b3b7567b0a4613b56bfd4112a9d4a2a07b56c08dc26689c30d7852d2,Mirai,x86,x86:16459878124847275514,false,test
d31fa85211b1ec3d2747c862f2fca2375184c10e4b89ad87a21439520767690d,Mirai,x86,x86:15064347704476526510,false,test
d36c20e7a1f543bfec0403462e5ebc1f86488b8043ef166427e30d28215d647d,Mirai,x86,x86:5405202664447988422,false,test
d39e2d2112a763c2cab027c11662287ac3c37061f99cd103de56fd37553669cf,Mirai,x86,x86:8198954051487279833,false,test
d3c8971e0e417ea7956c7b698c1e348299c9cdb7e8d3a3866d400c2aa34f307d,Mirai,x86,x86:2114556644822756021,false,test
d42c0f9e6d2e8f7a3587c61f550f177af08ad1d518a1df22bc0e5649738bfbde,Mirai,x86,x86:1901781024214262880,false,test
d4c1e67bf96bb1fbc39bdffacfa091b4b1550a1e5fd491cd7839b6d547f8ea24,Mirai,x86,x86:10659026053468386366,false,test
d4c1f9e84e463c10a15a349f7eb00205941828b419f3333d8fbe709ecb1a2616,Mirai,x86,x86:14279623030188965656,false,test
d5642cfa07037769310b4001feabd618783d9c412f66e6a8c5982b553dac8007,Mirai,x86,x86:17222133033252067292,false,test
d6d19330777a0ece89632b752710b727f0829ecad29a76ea7851b6f7950c0d03,Mirai,x86,x86:17588413205357046852,false,test
d873bd982484f5f3e995f98bfef33edfa424ec07c3e688890a7552bcb79a0736,Mirai,x86,x86:1770027874555054393,false,test
da6d4de9dc5ac43fb272581f4506d62e81783a3583abc34437724a779968ef6c,Mirai,x86,x86:8915513526317091715,false,test
dae392a7deb5a0cfc5fd5a5b02ca41356c6191fb6ac2aa1b1d8336fa4c06e449,Mirai,x86,x86:740640720933271838,false,test
daed45373ff1ea59c02d8d82438db6fe36eaaf64973ae761cd5dd4e553736a35,Mirai,x86,x86:11278816015275133975,false,test
dc424fa276ec32a861362c184bfed5e7bcfd0c543d11cb168f64916112121b82,Mirai,x86,x86:11576091807514374648,false,test
dc43233b2fa152e8b98becc295da40b441f98a52962a35e13c392b790bad7762,Mirai,x86,x86:4098081629314036957,false,test
dccc2fcb8f29091680efa541059496fab67fa489b1a75d3df9d708612a81112f,Mirai,x86,x86:10725669399447265096,false,test
dd56143ad211f0576527ea5058af0f4690cb3cfd1a3647a38c6a79a444a6266e,Mirai,x86,x86:8576619318954050688,false,test
de9eb8c83030c2aa09476efc1992afe62849317dd3e0a4f2d056094752dfd8f6,Mirai,x86,x86:8230057765799796955,false,test
df1eab87645a21ee3602057d9c0e2b05ac337cd03b882c305fcbe6367bc223cb,Mirai,x86,x86:12520095948097968152,false,test
dfaf3deb154d36168dd83e9ca1bbce3afff3f3861a49d7d6f12ef6be04f52e28,Mirai,x86,x86:8617090506965209669,false,test
dfbc4869e4ca6bc0849a7a07f87e9f12ee46e084d0a44fc0b0dfcf6eea5036a3,Mirai,x86,x86:8881047271755320961,false,test
e06415dc72ef53afad456714e3705abb55784737492c52cf6fd5a84f40c16d13,Mirai,x86,x86:14648672804204644695,false,test
e07f2f226a061c6e27fd1f12c426c661a195adf66c0ab4cda803c08d7f6bedce,Mirai,x86,x86:16842360473897595569,false,test
e3bf0ce8edb8d6b2a26126ad0fb46c778314962934a8775fd2afd18209a9d483,Mirai,x86,x86:2442206681864529167,false,test
e40c86676ecc2226ef4e7310afaec9eb5a7f2bc6b9694b4e5a7b3a31bcecfb5a,Mirai,x86,x86:1770027874555054393,false,test
e50b07b8692f1e46f54574a940b873356e93386aee9d45ff81a988376c9ed503,Mirai,x86,x86:5241604908500030148,false,test
e5cf84a7b4782abb49b919390f2be1ec2e2701cc7633ec24362b7dece9dea6d9,Mirai,x86,x86:6879905675134517147,false,test
e7f3ecabad9058fec113f95da927b1d297d1e1d7494d7f1fae9e83427ecd44aa,Mirai,x86,x86:14881608349779422440,false,test
e818de0f0d3f9a641aafc251fb87282b6e1dec523fd1342b57e730a2ea55aa21,Mirai,x86,x86:4784052157216574450,false,test
e836be0a08d9c02158e65792cff4eaf7c1d722fcc066e1d4ca5bdaf76fcb651f,Mirai,x86,x86:16979834754135385919,false,test
e87efe61a84a5cdbf50f744ff64cb1ad04af74666b88f3e15ce8a8ed36964c2f,Mirai,x86,x86:16602635520989750214,false,test
e9558ca21cb2ea0ffbcb825c09b68a38fa6fa66bdb08b8f22bfdda5ea62ed35f,Mirai,x86,x86:6280245320540753542,false,test
ec793798b9618e26b292737f845f74ec12488ec05eb7944cf600a65ce5b9040f,Mirai,x86,x86:3481578531738781039,false,test
ed0871a12e31900299c221f8d9b48ef168912df0421449772d37b39e1a3e2f62,Mirai,x86,x86:4585823484995808273,false,test
ed2441a6714298ff82a644eeba55fed6864c43124ae167463c8c36f0b035d8a9,Mirai,x86,x86:6632697277695655770,false,test
eda92248397e890e7172683ffc66acc4fbf97af5b3ec0e6224d187e9a16a8912,Mirai,x86,x86:1770027874555054393,false,test
ee94a29e921fddfa1074a19d8f17f91a145f09ba6cb2a75cb894e03be74b5b8d,Mirai,x86,x86:3629910020059952060,false,test
f0148557c079a0f8fd9d779cd9ffc80998713b085ed08180ed184af31f68a044,Mirai,x86,x86:1721634498718727447,false,test
f0a7dbef9be192efc29379a196c195319b7ec0cd9db7b20b84ae24faa38d00ad,Mirai,x86,x86:11266464117232063477,false,test
f2f0624c0455621ff3f122ad24d4993c0843377d7cb81faf635dd49ea6a8d03b,Mirai,x86,x86:7867237236866892163,false,test
f3408d89e567a9d481b08392c34917578362fe7fedefba344d37979e599e1ec3,Mirai,x86,x86:15298831780095833063,false,test
f42e25efa95e32287a105cd347ab1e34cad59a4ad590b879716f0b05bc29bd0e,Mirai,x86,x86:12220889783160365064,false,test
f4ddeb76807845b85d3d3fed3ebccaf5c135bb1fa1278f06388dca8542ef2555,Mirai,x86,x86:11224971752547592718,false,test
f5900b7029b6c6c461c8c2fc88e03a331354be0986ac33a22d10efb8848cd196,Mirai,x86,x86:8776584728729817293,false,test
f6e54eefe52c5e874ffd9e454143cb5c70ebe3ebc2cd485bd0b6240030d87a34,Mirai,x86,x86:6632697277695655770,false,test
f76d1194777af9ae7571529b0c5febdf924ab56536e86b8b3e66fd5cb59c2bec,Mirai,x86,x86:5430244082160795442,false,test
f7d318b7303063ec8b223be6bf3851bbe158b7c730cc34740ed612904c4a42fb,Mirai,x86,x86:12310098545122070047,false,test
f8d638379d495937c3f2448f34a7a2c99c557493b0cf25da8af7a0c35454d231,Mirai,x86,x86:792396495762810974,false,test
f8f7264d7881f823bbbb4872f33929bd1011ee625a1aafa1f015291303f6701d,Mirai,x86,x86:4095254003791811152,false,test
f9108b1f85dd9e98eee02d29e7ef0ac253b852524ba1067901167e0ab9482cf6,Mirai,x86,x86:11023761979725738751,false,test
f99aaac2fbb07e1ea6dda9999469768ce98e1024e0d5bcfc11cb17e44fc2696b,Mirai,x86,x86:17496125531101387175,false,test
fa2e688bdcd916636afa5d8752df8bd9433c0d60f731bbfeb3cd71d51fd7165e,Mirai,x86,x86:2631868798056540327,false,test
fab8e2483767472abd12da04814aebdb363970feaebb6cbd5635b669070f7c76,Mirai,x86,x86:17306051938680660422,false,test
fc4bcc7f704458a849edcfeb9d1fca49d4b875577851c0373f87abeda9f220af,Mirai,x86,x86:7400851812383728062,false,test
fc840a85a3ec3f5dd055b9361241b2517c6ef2084e96dd26b4cb1f3a1851d919,Mirai,x86,x86:2620334403517141062,false,test
fe24cec406a8e732933cfca53d0e97c2f8d2234ad54dc2995026ed945096d76f,Mirai,x86,x86:11224971752547592718,false,test
fe2d7fab27eff7bc022bcc60cb0ec48e1ef0fe0b6114eeb1795908cf693c547b,Mirai,x86,x86:5836879616672246513,false,test
fe6b26b8d2b0d26574f2abebcea6d4677d1b26aabdf59302fe4d3a4a5980a09c,Mirai,x86,x86:14993310698366249177,false,test
feb06403bb225c7f25accbebe4cc073e6cacced9ffa1f2e03ffda01345895672,Mirai,x86,x86:1547173270726411389,false,test
ff94d577bc81eac26d80a452d985378480887c3d44c08e0cd4c784c344f8c4ff,Mirai,x86,x86:11779677042520942370,false,test
0004a523cee728ac7cf4ef6365b4140d4c3a4c4d2a737aff5b3d2330c28a6ef7,Mirai,x86,x86:1346788710447195791,false,train
0149afea6a6ff5334c45e136e19a9c93d247205cac615e2cf3c473cc3ac424c1,Mirai,x86,x86:15751768888470771341,false,train
015d3f9dc23e066ed5c43cf979dd28c8837354bde77dd4b463030a0d5e7c72f3,Mirai,x86,x86:6955278963362008889,false,train
01d9b222c4d8d8208cec51505e7d3a10f0f6a061cbe0271e99074c2c24c0300e,Mirai,x86,x86:5756066657333315451,false,train
01db162ac06e974fb2470b029da76467483769f877914d55ae4173876c566b4b,Mirai,x86,x86:18188441486354417390,false,train
0219dba194cbf630defdb7a25e9b6cc424f66ea0a1714b3bef8cb510b083cb89,Mirai,x86,x86:3474683287056580148,false,train
023d00e2135a19a7426cf9c5b1477921253da82d46decd77cc193c17e72d9b93,Mirai,x86,x86:15523997068143741455,false,train
0272577c1df3d74cb4d5301fc805fed5d58af3e5b218b93cb929c8e0f0a260eb,Mirai,x86,x86:2986369181878953898,false,train
02ee2da9fc3e7229946370193d37c7b6bfd4603462fb647a31877cc0ad41f4b3,Mirai,x86,x86:8695021691164379012,false,train
02fe8ee02d44c99addf33f0d9700022b94502679d212fc960b4bd7b4ba83f5b2,Mirai,x86,x86:5756066657333315451,false,train
03105827234485aac2b06abd61393c54ecd40b6127d777253412fbf3bc48120f,Mirai,x86,x86:5198538342500883356,false,train
031d3916c22d7ab0565c91e5d9b3cabc17812044f03d08d67c67f649f32a80ed,Mirai,x86,x86:14298011250793332668,false,train
0355a4ff49d4d116a87fbe40df8c405872a073575db7dbd3e83c3694c852a90c,Mirai,x86,x86:11779814179068581410,false,train
035f4cb2e91b63130ad2a6e6dc5e9ca5b2292c9bbf9341a9959d9c3f936801f1,Mirai,x86,x86:10703186436975988795,false,train
0361a1a77cef36cea5fee27905b39ceeac0ec0812c8eb36f9a6771ced6aad7e5,Mirai,x86,x86:13394804666764647548,false,train
037f46a202a96a8b0a8448d417ab23ee6c0fde6ec93de51589abf6092596627e,Mirai,x86,x86:14273458606504297481,false,train
038d442e3d41bf08a9b98777b7587c0e0d0c067fac80dce8dc8267c769f1d99c,Mirai,x86,x86:12766491335857009089,false,train
039ffc6d82eca35016d9978d4485644bc8b7b7ed50843c40210606c658d725b7,Mirai,x86,x86:12878609375834495342,false,train
0463344dca4858b107d4e7111e7cdf116720c6dac79e09a10eabd1729c959ac8,Mirai,x86,x86:5160197427215589537,false,train
04663355a36aefc92a51fc3f9f777b5e78947b511d791508df27a34c45fd1c7c,Mirai,x86,x86:5756066657333315451,false,train
050b614c7bdbf3e0f1d0d506455429975b02ec56970d162cd7363be246e7ab44,Mirai,x86,x86:14374198787574467095,false,train
050f93ecb9612e529f965712a6fc367a29a56f9e88ff22e9e18ef5886644b6e7,Mirai,x86,x86:5756066657333315451,false,train
051b4b7fc53e03aa908ff8ae2d79050fa88649add1586b06451f5beed68c6302,Mirai,x86,x86:5248360082776551016,false,train
058f88ca5c5ba48b7e9031e758b632909354e70ccfc7d4d32a94a5451c868210,Mirai,x86,x86:5756066657333315451,false,train
0590a54ba6f0202b7e562fc316b741db1155f5dc60cc08a3b83cc188a641e704,Mirai,x86,x86:10414735300448039995,false,train
059a9d03b57bc0e6320e818a339b86674c532a985b15e43155a61f8f7269c585,Mirai,x86,x86:17363537387515410618,false,train
06646e1b7a3f8c6538486739f154d8df04e64bb12f2da2f64059fe8f94fc4c6c,Mirai,x86,x86:5756066657333315451,false,train
06a9af7afd10d43b7e51f8d5872cd03fe7e64c5d6d709dc446cdb6eec19312d1,Mirai,x86,x86:5756066657333315451,false,train
06b4c6cc0bc1c3aee955a6e40d6fd0a6dc80bc423be956820ccb48462312e448,Mirai,x86,x86:13133078910472230309,false,train
06cf553390449aea2acd0faf2495b1a4ea1eb5d36e682459692c3c7a4bd2217c,Mirai,x86,x86:5756066657333315451,false,train
06f363fc4ff64c71616eae6b5bd7464f5a744a3601a7f74cd31c161ef995e8d1,Mirai,x86,x86:4994283199081353543,false,train
06f71cd55f179acb17accf65f843c260fc011481ac2db225fbe330e4af00dc5e,Mirai,x86,x86:5756066657333315451,false,train
0783a55829420a114d51b42e741f6beba115872d8b5b7f64062c07dd62afb8fc,Mirai,x86,x86:15525436065902259083,false,train
07b8334b0540f1bd148ef0838257938d312e8191bdc14d449023730d51f0817f,Mirai,x86,x86:5756066657333315451,false,train
07d6143d1eeba64276ea2305008a8ec82b20f141b68add3c5eb0bd8ca0e162d4,Mirai,x86,x86:2917629129559380962,false,train
07e063b72e6b7f7b9e980312c9001513c534aca0f6aa7bda7e4af8f826e91bda,Mirai,x86,x86:5756066657333315451,false,train
07fd0a4d340b20aadc0a185b0aee303bd55375afdce4d74be2bfae92ee074ffe,Mirai,x86,x86:2604008046056948335,false,train
080e320b858e8d5303eca8e10558fc98f692310900bb0905485d1fdb0f3792da,Mirai,x86,x86:5756066657333315451,false,train
0841fc2ba3ab599f0b07503729773284119908ed448b83fe2cd857ecb54574aa,Mirai,x86,x86:2895370342799722489,false,train
0857f3776b7933b74babd343063685b0a5c511b35485319d566a1ff3bd5f0e9b,Mirai,x86,x86:6558429803704254540,false,train
085d62b52a256856c25f448e4d1bc0d8d2c8154f60badf9840e20066a1e08a68,Mirai,x86,x86:17887488916945249026,false,train
08aaa52694227f4712b0173f4aa19af7e3e23888ee3d6f4ba18e42047e40f976,Mirai,x86,x86:8327840143250663503,false,train
08f359e2c36602993b89a168b61d6c7e4f518210eaa01049acdc36e10e46877f,Mirai,x86,x86:16131193987807132919,false,train
097c45a49955558085e3fc0eb2a05a75494caaffb24e5ea77adc9f8049fb090e,Mirai,x86,x86:5756066657333315451,false,train
09e633c9311d312de63ff2258c4960a999fd30327b1b0a1ef087cf5d27b86c1b,Mirai,x86,x86:9613681119721157692,false,train
09edb2b215ee54a96b12447ab0d5b297d7ee192e03e576b79bbb5be0fad95402,Mirai,x86,x86:11579602446292126382,false,train
0a763aa97a43019133c270e0d6af56c7e0e3b36e08bd95b51749e644e336f2c2,Mirai,x86,x86:5756066657333315451,false,train
0ae4f2e77c3a1ccea14ecf22a03894099fa3ec4ff8a78a114cac6fa1c947f776,Mirai,x86,x86:6115236561654306567,false,train
0b7025b431a348a3d060f757aa8ec6e11bfe0bbf05fe046979d49575310764ed,Mirai,x86,x86:10259109179717891879,false,train
0b96a71624c8139bd6d6473d4a09a216742df21488d8804487b2c7017dd5855e,Mirai,x86,x86:5756066657333315451,false,train
0b9c84d4fbd8955251dfa46f4bce0d08edd02510263ceebb12cf544807abe7a5,Mirai,x86,x86:12874393410961327759,false,train
0c10cd2e4e0397d15968488b3a7346269b1ad2e4b0edafd17c16aea5e5641593,Mirai,x86,x86:11446173579784183036,false,train
0c251fc0b0f7e752650f2669873b18ec7030950468c240a711fa7683a8f0d741,Mirai,x86,x86:4843147575242987475,false,train
0c351a2c07f2eef722549f073f9ce48b8903a7836cb0de0cf73954d311ac19b7,Mirai,x86,x86:15286286218007004996,false,train
0c55a89153dbe69466486dbfe75d939364a757147d6863f356fccbb82669f1a8,Mirai,x86,x86:2899846157906752000,false,train
0c76a67797e56c0cb699d73e5c37980856711f055c599919491eeece3ab38d3a,Mirai,x86,x86:16132725947941704065,false,train
0cb87729dd3cff8ebe68fdd3576e8be40d701864c42a72767ed9c64b823e43e5,Mirai,x86,x86:12521146877650701943,false,train
0d6c72d0e3843ac9dc8e7d950dd81e23d42c445b88445739d5ad6f7af32f2f15,Mirai,x86,x86:7898398747336167569,false,train
0d8340eb0c75c2ee68cf38ab830bb7499e646ca600374207a27238b22bae27ae,Mirai,x86,x86:5756066657333315451,false,train
0da0bfc132868460d3276c76e1dd631a4174070fd2fe52baa43fc30eac5126c3,Mirai,x86,x86:12457805837613418061,false,train
0dd757e4f2af201514a96db97b5f68a847b0eff0f45d79c9ff9be8a719d6e77b,Mirai,x86,x86:5756066657333315451,false,train
0e338b13fe25a3757c4bf0020f0e6f8c70878e54f2605e6e492aae22428773bf,Mirai,x86,x86:11792875644011658825,false,train
0e7228542f3c4e1ec5c6c90c67a920b5d820158c0a25ffe3df3b832c803ab9d8,Mirai,x86,x86:11372403913580611070,false,train
0e7839cbba3ea06cda468e74052c63e2db7d718954c28f74a81720fedada1dac,Mirai,x86,x86:1700508857015741103,false,train
0ec276759995912eaf14acb0ecda05c35a5c468a87a123383fa8ff893ad22672,Mirai,x86,x86:3291101594865388923,false,train
0ed825ad5f4c9a44cba4092ea0d086ea94dd8f7662c4143e3bfb87c5d9ac6545,Mirai,x86,x86:1311045169205684118,false,train
0ee6ca9dcaea2447f810692c1bdc1d1fbadb556c669b847e5936f9c165fa45a8,Mirai,x86,x86:6236146932441963431,false,train
0f3873c48bb5d3e2ab700ca690a1cae0433386f687d813a2d6b223150c1b7198,Mirai,x86,x86:16433393000124659249,false,train
0f8b4c75fdd5c4cb67a358335debba558765d34c4b72ed6bc1bdc398f1db3009,Mirai,x86,x86:11413944059104679019,false,train
1013343e1f685634049d6da2868f57218e6279c86d1565cb31d962f99eed0132,Mirai,x86,x86:5968120044153588722,false,train
101be3feef695a7d65703d9028a14f4c79a9dfbd3fbdaec74a4dc5ce0fcb7e0d,Mirai,x86,x86:15809849558030410959,false,train
1026fbb04397138377c538094369ab9166dbb0859f4717e433a0d476c8f6e583,Mirai,x86,x86:5756066657333315451,false,train
104f7d888084130b142e37e276769a1ca209e9ea827ceafe28066024458b259d,Mirai,x86,x86:794230593680405693,false,train
1053541d3c25d34fbda0bfea9b0ab517cf997d60d0cfb85fcd78cbf00cbc4ee1,Mirai,x86,x86:3435177026609065815,false,train
108e23f09433e4ca0e88e884c1eb3a101febf9ec1cb3db47084ac3cc5489bfec,Mirai,x86,x86:6127301080500924663,false,train
10bc060a106c7f98addaad362d39f7392abe06912346350d75cc763b9f8df682,Mirai,x86,x86:5233441672267499355,false,train
10d62d7a98ed12dfa42e47501a51029ecfba3ac868b9aac5ba8ab2bb2cc28be1,Mirai,x86,x86:5756066657333315451,false,train
10da38a20f3b6bad185f489693370917a6ee80126eaa0a42c0946508a86cb58a,Mirai,x86,x86:11766283743010037732,false,train
10e8cafb42fa0b49d383d602a3599c03f080816f6e8afa82a712d6f1bfdfb91e,Mirai,x86,x86:4887358521179953390,false,train
1254cbd7eae12863ae587fab1ec44ef66643df08a73019517fc70aeed8c6aa14,Mirai,x86,x86:5756066657333315451,false,train
1261a511c75e8cc1caef404537381edc476d0fa18466ce7d0b9a021f14004952,Mirai,x86,x86:5756066657333315451,false,train
138896312410b0fa4c84cd61070f364f7379a792dba85f5556abe18ed147346d,Mirai,x86,x86:9236756936812807178,false,train
139a863ba88bf8ec7e55bd56d9c742da7440c44c260454d9c34d52e050761591,Mirai,x86,x86:4750170832980684722,false,train
13bc97f25c884af0d69a234b083332075eb49123b4c85124e9674334eebbc979,Mirai,x86,x86:3421241228840354181,false,train
13f824fc6d7d7bdfcd4b22cf599f6ba9f7439119d7dcd8ade735ffbe4aa70fa8,Mirai,x86,x86:5411543588113528229,false,train
140cc4ab2bdefe1fa100b500b3b1a787f0e08555dbb3345c944337fe1dd91b40,Mirai,x86,x86:13149551790021141064,false,train
1418302103c8b172ce8777504ed18c8509ee3f9ef7902767c68b601ef49f4568,Mirai,x86,x86:14077035881110542351,false,train
14622c96d19d0bb5e95c59acc228820c6d9084f497bfea5648cb18719cb549cc,Mirai,x86,x86:7318665601037283411,false,train
146ce300419273093ac79a742790458414fa6d06bc9a26bd3b7ebb6f0090bc0d,Mirai,x86,x86:3568476065579432149,false,train
147a1b9704a7d95ae3950f3b50425001abaa408d95e32b6ae2b7189855a7b830,Mirai,x86,x86:10189414448950124903,false,train
14aab1fdb2190fc89de8f2cfe4f2df32f9ff8818cf4b05ba1eda50ddd6f052a5,Mirai,x86,x86:5735393427991648202,false,train
14bad674a79163a3244e9bdc2f7c7af76ef8086dcc685e39387f68f9b9a246c5,Mirai,x86,x86:7676444079168080578,false,train
14ef0122e410a8ed1182caf276ca5a3b92c65085879b142c845ca4d67677f371,Mirai,x86,x86:9909812556639451852,false,train
153d2fb9112b2316228d88f2b463cd534e12ff561ec847d8a5bea3b8404f9e15,Mirai,x86,x86:1195979309491889162,false,train
15d081125988fd0fbc3a94072247bc629b69e1ce9d402a3c20db4d1b2583f6c4,Mirai,x86,x86:7834492112847102692,false,train
1606fb384f6539fcfd40fb8a5a39ab43efea8cc1c9c76668732ff25f96e4b089,Mirai,x86,x86:9968123356553501132,false,train
16a34c280945671d98effdcc0ead2d0502c92b67254af582e49c7764771a9c7f,Mirai,x86,x86:18207340233082438677,false,train
17039646612f66fd0d1829e29ac872e029d2a7423ad4d22717327fce9dcf597a,Mirai,x86,x86:5756066657333315451,false,train
1741bfb511b6bfd6d23a92979e59dae3edc513731d7d995a2d4a9d213e66d68a,Mirai,x86,x86:7955005903573546897,false,train
178da0358b4b16b37abcf33b3c0f74664c16338a20da1a5fa5015fb69a147902,Mirai,x86,x86:7217316130870191930,false,train
1799df24bd65116af63441f18062caf7654296eee8db878f774d51e25be43c3b,Mirai,x86,x86:3141235712794802216,false,train
179b689efb7e163ea2b6dc6967e37300bbae60d99d0a700f57cebd24cb7d2789,Mirai,x86,x86:6586074151397296036,false,train
17a29e15adc5a554c22b6223543459b45c0fecf90ecfc66c76f6cc1099b732ff,Mirai,x86,x86:5756066657333315451,false,train
17f02a69af614781044bf96af20b4ebf6161e0fa3e2eeeb979c5e9c0cae65c5a,Mirai,x86,x86:4112684198809428706,false,train
180a6e7c87439c14d0557741ac8acea78adab0303b17c701f2634c531dc36ace,Mirai,x86,x86:18185113520306461005,false,train
181d7269562e166bc978a44ba56669de066cf137e2ed9cf9be0c2d654c0c4cf9,Mirai,x86,x86:18419816122515401519,false,train
184726be4b13d36e7e5101009cdcd2ba59a63aa782ffec6cc2fe93419df7d838,Mirai,x86,x86:10984449884727426319,false,train
18dfb6f719506c38f7175ff30e14780739250fa29514ea95201e2fa8c721445b,Mirai,x86,x86:884703082255924580,false,train
194d4510e4715bccfa78c6d2753fdefd63a0ffb00f45af3a4055c48b7bde865d,Mirai,x86,x86:1529015250266020711,false,train
1994afa4d4cf0b91df8ff8be5e3bd724106f420b944fdde720e66117cb7ce82c,Mirai,x86,x86:5756066657333315451,false,train
1a416e101896519d8d21f40d40b421a506ce8c654c270e29f2d6cd8bfa1e5090,Mirai,x86,x86:817175903176634290,false,train
1a79f1f690223855394be9e6041b6570f0cd897788845dc1deb92260c9439c22,Mirai,x86,x86:3745943127272602606,false,train
1aa3174d988b4c088cc875cbe367f5dafdc5c50fcba42133be15a819d3b856b1,Mirai,x86,x86:15008218704495092874,false,train
1ad3551fa4a539ece195798413a4b59c6e0ad649a571354c5ba3b2dcf0c925b8,Mirai,x86,x86:16879686865001974832,false,train
1ae125f5d1f6476f7154cf51878a87eadf2d5ae34186eb85142cf6bf153f745d,Mirai,x86,x86:4230855032821646600,false,train
1af0650a92de38a3efacc98300d03bfc1528ab5e9ab7930bd3e6aab1d8ce8560,Mirai,x86,x86:1781377564762069888,false,train
1b582fc629a583dc1f78aef3354111930748d1663335c58243c47febffcaa1f2,Mirai,x86,x86:15831739883630892585,false,train
1b6b0675b41f94dc06a247135d8d9580978eab6130495f0ee78c66fcac889ef9,Mirai,x86,x86:12494417366800834349,false,train
1b9973792137befeb44ebbeb9d32c29a9da574553ede580fa71ac7fedeac27d9,Mirai,x86,x86:13913496737760356981,false,train
1c2eb00c72a7a3ba6ded342cedd728ea45cb8102c503b5b0bab80551bbc5db12,Mirai,x86,x86:7498586916289004115,false,train
1c54061d9c780828b385a810aacae4ab8477fdaa0195758c261b6a66140b5fae,Mirai,x86,x86:2508109871882922600,false,train
1c5e4e8b200997d7dddd0a5faea70ac947f5dc94ad2ec0ee501f91eb30bc7392,Mirai,x86,x86:12362619391738668862,false,train
1c61febe869be06a07203b6e4171aaccf8eb9b1b8398c3800a217fe320d2ae7f,Mirai,x86,x86:7408866963117607706,false,train
1c7289e8d036aed307cb0e61af48e0a641530130f313251b84582406acf78d39,Mirai,x86,x86:8398690190091963609,false,train
1c9730d359631686ddfecd4479f26bf6ff96daa1e956558906f69bcf81eb40ca,Mirai,x86,x86:151417702843716283,false,train
1cf06deb3e424544f069d100d77ad6f3446c31980bad3b9d94e49d3af5d24775,Mirai,x86,x86:10283114667680768151,false,train
1cf84f01c554b262cdca72fd7bf9a244dfbb20dc16e1768b662444a6ececc7fc,Mirai,x86,x86:17186049447932934449,false,train
1d9bed16115cf2bd6a2dc68afca14662ce1132f7f55dd9ed4a0fc709b63fcc6c,Mirai,x86,x86:5756066657333315451,false,train
1dcc3ec08a52befab9b122cfc1b721cd43b8761e799381c78719e8d32d186c47,Mirai,x86,x86:5756066657333315451,false,train
1deaf1b6ef9a663d24bcd826d02c91a04dfd528bcdd9693398db11852de0286c,Mirai,x86,x86:5756066657333315451,false,train
1debeafd3aa2a777626fcbdfdc14a9e59fba6b111237fa9dd616e114f5fad89e,Mirai,x86,x86:15896387869152315286,false,train
1dfc919fc21267bced38b74e67df86214127dc4f35ddc67bd473d9c4384ef6c2,Mirai,x86,x86:9787944639608287956,false,train
1e10025f946c0fad3eac3127b454960ccd0eaa90319548329bec3aaedbe503a7,Mirai,x86,x86:8217234260240131423,false,train
1e481186201e0ad4f37f036976ecbb924d615dae5e8815b259cf5284791e3350,Mirai,x86,x86:10763129075485951703,false,train
1e6b60051613a7e97579ba332b81c8da68db32a90004674a3c6c9028ad18867f,Mirai,x86,x86:2283461484828390250,false,train
1e77a4ebebf865f4f3453a99e6beea36973f53e8b7995a135ea7c8ab149b8eb5,Mirai,x86,x86:8165751786354139959,false,train
1ebe7739a9873874d9aa28d9996ce980d1b295c9ae6cec0e5b97d5312f54b589,Mirai,x86,x86:10381988636506933232,false,train
1f2f6e1d3daa5ef0cbec03509b36d8d8a76ebf1ced457a3e6766e58c54866fa7,Mirai,x86,x86:299504101875567825,false,train
1f5bb83c45877db53246eebee04397061194996e88a1e8dc49c002840a7d0598,Mirai,x86,x86:5635139415172075741,false,train
204ba80ec389dadfe00dff7bc55c54e20c63c0b397b918c65348313f37584755,Mirai,x86,x86:5740785126544704989,false,train
2078fd236fade0ab38c2ccba99fe34bbce650895cd8cba8c34e0f8487837b2b6,Mirai,x86,x86:12321845244688696920,false,train
20a07b4db22ce817475a493304c43ce11da00b3fb44df1e6a3aab9bf4286d0f4,Mirai,x86,x86:12326035830232512844,false,train
20aca8860ff4f20615f140a2e453844fc9fba8ffa09947210a652f5b31728ab1,Mirai,x86,x86:7315170804152716038,false,train
20bd898068299724cfbdf2d8449b0b3d973481bd1b1ff1e19c93a423a7fe0cb5,Mirai,x86,x86:8339749449204401352,false,train
210bace2e314c5adb8ce9f354a22951249fd250896dde200da27d00b4e8c5008,Mirai,x86,x86:9011634118639498372,false,train
2135f15af40e2a78b40c87263a39ffacc0c1a12b4abaabe544dc11e804df044d,Mirai,x86,x86:7903288628637844178,false,train
216381543849d4297fb99314dd7b3fc99a334cedf7c50bef85f52aff5df5e211,Mirai,x86,x86:6041574933116372881,false,train
2175a24b52ea19afcceee551aef2dea5c902664ee47e9431a36f16203614d8ef,Mirai,x86,x86:10775018923410762360,false,train
2217605be74d68d37dd68fc7b1b594c80ef7573e62a859e3524e4695beae882a,Mirai,x86,x86:17913873983299068330,false,train
2243519315b67ece4532963a7a560392ae45fa69dc792dfa95b6770ee8db6758,Mirai,x86,x86:3562794328548437034,false,train
22683da7608d29e64abb59d3eb730ed279629827fde8f03a86fa1e87f467b26a,Mirai,x86,x86:5756066657333315451,false,train
226e4b2af28bb788ff0ff2f9eb81c29746d76710c626c7af2c75c4bc31528b76,Mirai,x86,x86:3797683086316147828,false,train
22a909e1b1eb508534035e9b609783b6af359a7452000f604481bab06332b8a4,Mirai,x86,x86:15720837650751560175,false,train
22f0673d132a12d784c7b9ddc20d2e7ed71c00f0f1bbcf434dc5df0e38185a1e,Mirai,x86,x86:5756066657333315451,false,train
22fce76cd352ec3e6e5d18a778924b1bffc344c90ba61860dfc670b10cbdd584,Mirai,x86,x86:3057308789597557358,false,train
2345df689e8902322ec6bc295edf6269f090e3475bae6596abd4f8753729718a,Mirai,x86,x86:9911914893827097860,false,train
2349ce98c9932371bc75486342356d567aa5a65befb8fa0a007f4499ae451efb,Mirai,x86,x86:18408951237257900281,false,train
23661070ca42fa314e6159a1e95e097806f79ee47cb300f2bd54cfa62c7363f0,Mirai,x86,x86:17620716492855255918,false,train
23c9d6a32e626c3c6d9302d7effa55fcda26d016c9577f9bf758b0350fd6207b,Mirai,x86,x86:5756066657333315451,false,train
2415de77a9d41f5e1697c02a92c5319c985df61af9874210460af5e6c5f69b33,Mirai,x86,x86:13547289244092355712,false,train
244b14c0a569f951b0679c889e239e37d2bafc89eb3fb574487459b2cd85bfed,Mirai,x86,x86:6720659650866660661,false,train
24ace2fab38d5705a8203eddac267f530e0b5533891fe09f4b7d47ae7b457d07,Mirai,x86,x86:4642717421382291050,false,train
2582ba2958ec54c81f1dd5cd02238e47a06e974b92bb874fac9f92fd1ef35338,Mirai,x86,x86:5756066657333315451,false,train
259038e525331fb9efb73f8fa3eb3c155eb04d187afcea54d8394f6b38ac32d6,Mirai,x86,x86:15252698499869164590,false,train
2592038fc98c1980e79ea74ee92446e136f0dc0cc72c3cb08a942e929e52273b,Mirai,x86,x86:3252243449250101047,false,train
259d7deb1c3b836653faf66821497289581f5e89e60daa7aaf385203bb9515b6,Mirai,x86,x86:11571334290218568131,false,train
26ecdaea03dc5c56f795a97b141b1a152957bbf3dca05dcb8c5d8ae4e07574f2,Mirai,x86,x86:760911492763193420,false,train
26f99e13fce8e5723314a20d952437dc20f82ecf611adc63be669e67875c2375,Mirai,x86,x86:9890875555411116051,false,train
2745276e271b2bafbd55742e217887bea8bbec92b7081e6ca6e11548209ba469,Mirai,x86,x86:17583114169430162062,false,train
2833c76a6dc1e149cfaddf79bb4b08322eb4cbda38b8a0091cbf6817f540870b,Mirai,x86,x86:10380646382921428889,false,train
2857989b9a85f9381e1424e4bf1785a8338d1aaed97c94d9889b28a93a955fa6,Mirai,x86,x86:5575948708943544172,false,train
28a0f184cbc516c66f224dfe11a4848fdd9f9715de822ff9079e1e9d6d97cc89,Mirai,x86,x86:7505568586841674387,false,train
28f0f136c56edce1e78ece0a0b264ca4bcb8b6390e7e72682c1c4e0ef964ef77,Mirai,x86,x86:5192340278105276869,false,train
2990dde2dbaec4042e0f1dc5f78b3ab59399a0bb0e10df285db40c4a13fb4df3,Mirai,x86,x86:16790598257170721309,false,train
29e3f500778a946a57484afaafbe8a7b9b2a25d63816413e3e0e0e9152d740fa,Mirai,x86,x86:5756066657333315451,false,train
29e5e0c24e60d11975dab5e0670a169274e6b936aed1e9cb1f2d8ba00fea2c90,Mirai,x86,x86:5756066657333315451,false,train
2a025bc398c7b3281e26afa6a4d0bfb93c627df94577872c3b7b82a179ee524a,Mirai,x86,x86:16178271789639093244,false,train
2a6ae8c2320484d53685a090c016f7a25a829dd15b5958bce55e212349fd04cb,Mirai,x86,x86:15454512638293318462,false,train
2aa43e9cd0e7b4fa2a120249afaf0e79456c64c21ef21a2dafb5fbc503120fb7,Mirai,x86,x86:1505431048689867646,false,train
2adfb632fc699bab053112cc73bc25bf3641e03d2998c72133482672c8cd931f,Mirai,x86,x86:6052228672186260990,false,train
2b86c85b871abaf88ca2dd4926bd8eb9a6f195fcb1073fbdd3fc47437e01fdd5,Mirai,x86,x86:5880302276047921030,false,train
2ba934c64f7e9f5372d0874cdda8fc11b8d358c9f27e286a0b05b2c7fa1bfb46,Mirai,x86,x86:14146427280810978830,false,train
2c0fa9e3ca64821f47e5bff3299c61e2fdf47b7aafd1ef89d04c6f027f3553f4,Mirai,x86,x86:1422528964302742471,false,train
2c2ba81ccf3b8f4a0e5b21a238bf762b4618af48250425dfaaf4a831d338db4b,Mirai,x86,x86:178987827322967321,false,train
2c7bfdab0538228a01a0d1dc476c3ced8a2d349f9a3f6b048046352b232b7798,Mirai,x86,x86:5982301202891700127,false,train
2cc555ac12501c6ecfc64defc5d4fb946b2efeb021ee8db6d8d2d2ac4d09ae18,Mirai,x86,x86:9223210100635809544,false,train
2cc559558030f01e203257f1b8f9aff1dd968f1e116fbedba30be92c051fc96f,Mirai,x86,x86:5756066657333315451,false,train
2ce87596b5c0f79d86cec293e9eb06726cb40e7ad55e0c78083e359bc99417c4,Mirai,x86,x86:6140385861842671695,false,train
2cfa39c417e648445aeb33c87d3919ee247156ee5970410b3ebc01a658d3a724,Mirai,x86,x86:2901116358522930580,false,train
2d0c0ca87280914b7ca8ebf181c1a5367f55042f85295b9462687dabc313ff44,Mirai,x86,x86:17176056737243466580,false,train
2d1bc818fed8f12883f7f227d96586f874131bdf0a4269ad9100a16500bab634,Mirai,x86,x86:5756066657333315451,false,train
2d26f1d80a742a0393f0b72dff1d32314562c17fadeb4a3462e94436cb61089c,Mirai,x86,x86:5664270412308575374,false,train
2d69eb378f6fad313fe43c3784fe2a9986bb9d1bd55e329fa87f307984a7dee7,Mirai,x86,x86:12210766046076080837,false,train
2d70932de67e41da2b818de7a81005d070539d7b32d6a84c554b37455e3ef6c0,Mirai,x86,x86:12220469407469881182,false,train
2d99bd55e214072de89be737ca7eb0970afe377cee91474e3b5b7ebc3b1d1d8e,Mirai,x86,x86:15160271744606919749,false,train
2da28a4a1d4c015ee0eb9f6bb4f7b8210a03c5b94138c95baba9e4e2a777704e,Mirai,x86,x86:7848081193466069690,false,train
2dc043ba8de75bc6b06ff4d6f61f4be099b868d854f927d0692456a1ccc12631,Mirai,x86,x86:5756066657333315451,false,train
2dd0031b3e81b218624c3e7fca488c4ae94c9760d46969981a4422d572681353,Mirai,x86,x86:2427891857291945438,false,train
2deed69532acff58cbd817333eefabfcc0b80b6a84c7920c0efd389ba76c36e8,Mirai,x86,x86:6400594722208118035,false,train
2e09290b419a44782b9c389000c7ac6a95602253af16173d87b30e4e30a82201,Mirai,x86,x86:13263787478342031380,false,train
2e2e417f823ebd786ca87faa223bb96494f590608fa99826ef3e408728affc8b,Mirai,x86,x86:10339640011395860513,false,train
2e4f0116e8ac6b77a36a94727e6d7d0f96ac436b4e3cb7022752fef1516c5d33,Mirai,x86,x86:18109010989782918284,false,train
2e6601482514f6997caa9df3a406106960571022293b095f5c3dc597df97b7a5,Mirai,x86,x86:16579171221207106420,false,train
2e8b5e0bb22c5bf3f61ef64d96c5fa2bd37b905346ed6e4ea580f75cd08f0c38,Mirai,x86,x86:15714892408130519729,false,train
2ea0111f2c15673578f12a65755a41871e1a6dc53ed8b437cd3322a02f99b133,Mirai,x86,x86:7392457871003273569,false,train
2ead80e78ecb75f706458a3a16a2f207911cf388de3c4b5feee596ec082b45ed,Mirai,x86,x86:11641431511926510321,false,train
2ee03e53c79e6be9066325c0061965e24de4317c933c7bed5cc852e27d11ed20,Mirai,x86,x86:11978628534041332930,false,train
2f634299e554ebb416255a1b1fc61f275eb4ff9c626e14c79709f39d9d0806e0,Mirai,x86,x86:5248360082776551016,false,train
2f88ddb1e9ee5831f7ff01f9058d0e6a26765c3f46628c80d246e6da8615d998,Mirai,x86,x86:5756066657333315451,false,train
2f94299173f09d037c39c4407faf234e249a9ee69849019660911e80a17a6c5f,Mirai,x86,x86:1469703345596834269,false,train
2ff5f731e4aeaf4997e63982da6045de5e9f4ec363f9dd04f7e7ffa90f14657f,Mirai,x86,x86:5756066657333315451,false,train
30265541cc66b82a1b795d3a76c7e75b22407936232e1a8f9f1cd3468a536871,Mirai,x86,x86:14610071504514539949,false,train
302d47a448b2f83f5cfc73f9c08625da04a45978266504082ca72d06ff506da3,Mirai,x86,x86:6772122624472704072,false,train
310264926a09027b668268fa0c418801e4828e92a6438a13bcab192a460b36f7,Mirai,x86,x86:7187687830883021735,false,train
313cc9721952a8d8f54f94b10ebae9028ad98c3df872bb46b3732853ea154964,Mirai,x86,x86:1979418655176230961,false,train
3156e07aa90d0bb8e467ad6dc1c5ac00cfc36b7134b1fc56df6bb1c4a72764fb,Mirai,x86,x86:5756066657333315451,false,train
31c9a78388989b23eca1b623b9b9c96488a3478a816f0c0f26c983984ab5d497,Mirai,x86,x86:1771620302930349046,false,train
31cdc3d1acce7dee143ea0070c62eeca3c4dfee9164e0e5b883e552ee70a457f,Mirai,x86,x86:17663139102597383442,false,train
325601878f349c2f0a8cb2bd40d8e59904452dee7023de132c5a21eff33e2d5f,Mirai,x86,x86:1615040949974019643,false,train
334846387f1d45dbeb6c7b43957fe0abaab03bc98894a271191ada55ebb4946a,Mirai,x86,x86:17087637454981710,false,train
336ed4b911bde4e0f6b63a248d80b59165303ad6d37242750781dc99d5075b38,Mirai,x86,x86:54022453506138595,false,train
339f295a76b1dba49782c01baa54ac1af7986cf00a380133a4cf4b88c0e81abb,Mirai,x86,x86:12369004608298003448,false,train
3448f121a598c0fc1eca412782337ef1fbdf8eecfd8369adc444ea910b8c5592,Mirai,x86,x86:5091210452234338016,false,train
34b5e36f680ff915361ccd3a6ad8c7a8d4f9abe79be4550bbb1d2ed3fd6e1377,Mirai,x86,x86:5756066657333315451,false,train
34bf0c7b0e18999f520afb8b1b9bdea77d8146d5654b404b6ffa4b20c16443c8,Mirai,x86,x86:2844015425808430794,false,train
34c08f667cf72d1e57ccce5063ae89e426db8c2d8dbecd78b6f1f02073ea1eba,Mirai,x86,x86:5756066657333315451,false,train
34e7056ef1d1cc0c6f32aac935134593c575177e3c3ccc5237b38373436c85c6,Mirai,x86,x86:4569114205163954905,false,train
35100e9d0fe047cdeb556c5470b2bd861c365fcb0ceb3fe9ce9488611e8300d4,Mirai,x86,x86:6669006186334426199,false,train
352ea81fa250c1fdfcd078cd840b0cdee86551c38a7b18b4d627d7c0162b758d,Mirai,x86,x86:3181644331873790379,false,train
353f5501fbc547fb8d4559272bfb81379c10d4a6204ad0a47b06d6ef4395416a,Mirai,x86,x86:5756066657333315451,false,train
355e1a82312848a300bc0d6e01330b030371b458a54b74be669e334fda8617a4,Mirai,x86,x86:11409810426979412583,false,train
357c8ffab55a213f710d0ac1474a6a6e9bdf36f9d6a392f64c66bf9baaa9d0d8,Mirai,x86,x86:14238475148555009082,false,train
35b89e7d362e83bc76061216a61e6491c4bdc9d83430c49660a2c1579b7dbe6f,Mirai,x86,x86:16655419035083879323,false,train
35f971dc0aabdfd6018a5bce9302a65f76f47a8171839c5ef74b245952b63ba2,Mirai,x86,x86:5756066657333315451,false,train
361bb6d70bcf51a9c377dcb5231719368d26060ed31da366835f3829f06acb0c,Mirai,x86,x86:5756066657333315451,false,train
362107bb7ed2d14beea7647aa561b485a1d7e47fffd5a483570b38aad29929d4,Mirai,x86,x86:5756066657333315451,false,train
3647dc8bb26d5bbf995b44b4c95ef38cd4a39ba582107dbb44dc5f0a45f84ab5,Mirai,x86,x86:5756066657333315451,false,train
371638a0806a11c0bb94da0ec6243ed614e1defc438739a157289bc103c24436,Mirai,x86,x86:16582956963378129625,false,train
3736fd93d1fdc34a48d0c8c2a4ef2047944ac7e855ea312fa79c8c03c2e31e7d,Mirai,x86,x86:1736065336904559671,false,train
37373cfe73cc0457548b4d6e0f90949981c4feba45595784de871a1898761b75,Mirai,x86,x86:9022140872897733287,false,train
37451a463f9cf8dbcb22655921f67f5fb733987924caa6db1b0f3792db2eb773,Mirai,x86,x86:13808403102738471095,false,train
37859c672588959e32d40be264ea00d50fa02e7b951ea8077fe76ab133be951b,Mirai,x86,x86:5756066657333315451,false,train
37c313f71d47db522fca07883a4c469e11792e70b6db2d5991ac1ce6d6c0d06b,Mirai,x86,x86:18172586573034005647,false,train
37c86a63067a1b8c5651b1328f1d9b8254967d782a3c7293b9e2e3e183097e51,Mirai,x86,x86:2858685555615837511,false,train
37dfd173f36f1227f94f0332cf5e212ea262796d65f1aeb04a5ee53971f12201,Mirai,x86,x86:3783527570931510642,false,train
37e5b44e690d4b0428dd7aec74c8438322c31eda92b3f655d4e5ef459e11a3f2,Mirai,x86,x86:7723962793816538922,false,train
386ea627a5811b8de9a283a21abe092ca1bf5e14b4faa13cb2fa170d7c0e28b5,Mirai,x86,x86:14372955081073289707,false,train
38887dcc26bb8f519dec2b6e1f267a1fdba380b37284b8121cf03096d5278cd6,Mirai,x86,x86:176746974210112245,false,train
38f154373f342cc7042ef8fcbc4a2276d8afe7cfda016a7f5abc85df0e479cdb,Mirai,x86,x86:10090885648890296007,false,train
38fb0d94f0ca060b71cd234a6280ed33234eeec3ea2a60db1b9f80f2a61dd468,Mirai,x86,x86:16799754913169600205,false,train
390d728ce68a2cd0d1f93bd24293215b45a34a5940390138d8a746de3a93bcb4,Mirai,x86,x86:393943680587549766,false,train
3947c284fc822c824fb6efe8eeca338f096d62b96cc1b447708df115965e8ef1,Mirai,x86,x86:5440598428843276343,false,train
3967a75a30f1e3714be2341fcc38e0e2e0e9d5326e69c4e54ad882c54b3d030b,Mirai,x86,x86:2000805571557901965,false,train
399cea62c467a952043a3e4256cc2c76e93fc2cd76be70064e964ee4d124e729,Mirai,x86,x86:14183685543927513053,false,train
3a3da274c151de8ddf0bcb8dfb236619b8aa57d1d3cb11024007c2a205caaf4f,Mirai,x86,x86:5756066657333315451,false,train
3a4f9adb49abc9b8ddc4c721388c667d505e306796fb91c57f40582cebcffe04,Mirai,x86,x86:5756066657333315451,false,train
3a731e1bba73bf584cc2c8aefef29864b9bdc6179c31d4fb9732896c23523fb6,Mirai,x86,x86:16108941476978806381,false,train
3aac21df29a042b93b5bd4ed88b035cfe1be62bf94af59336a562f797869751b,Mirai,x86,x86:14934414985314244348,false,train
3aae11f772590dcb9576756aefe16d3ed2d7a0d0515503fc4d7fe65be3239e03,Mirai,x86,x86:8387276177044480723,false,train
3ab7c0ec15b1162e830591f009e8bce6e4e472832975e3cee6b3baf7350b15f2,Mirai,x86,x86:10224865615302742324,false,train
3b4e8677d2c14b21c16528567c4b474977783151ebaf988ed6e475c164c27a0b,Mirai,x86,x86:5756066657333315451,false,train
3b60119b192b69cc62660ee3c3a62701f1ee00f23a9cdd1a3b9596e53c8ae53f,Mirai,x86,x86:4859302980461276151,false,train
3bd36893ab1c64252203e31a629f93e92f2668fe92ce7c14681b1f7a6d440070,Mirai,x86,x86:2053821838162226219,false,train
3c1047f8fd5f5cf6b786ba15e5ec87885fdd9cb2d9f7638b81fe93e49540375f,Mirai,x86,x86:5756066657333315451,false,train
3c3187c90c7f06ec6f2034a81876cefb51bf3809ad7c14cd4420f52259518bd4,Mirai,x86,x86:3495946643674039963,false,train
3c5c71eb6ef7216b2026bd1da2cb4d8af4234606bcf66d84ff367b126dac88a3,Mirai,x86,x86:10530922581521865451,false,train
3c7c1a454c8c895f2193ed71947aaa2d48213f090b9318d4f45bae9e4dd11113,Mirai,x86,x86:11989165147848671876,false,train
3cb2640faacd14993f02396f6bbbc26839c538440cbeb3c2a8cdb7640e0f8e66,Mirai,x86,x86:17796522854755363257,false,train
3cbe4e07b86d274531c60621f8540781939966d203f7fba6bce27e8e9712f50a,Mirai,x86,x86:9015915980355466368,false,train
3cc13b53490267c9a18c74956bc0f95ae9ca59b06b390996ffa35961501282c2,Mirai,x86,x86:6052228672186260990,false,train
3cdb04fb3492d30352c4a9b3f7613f7fca45c99bfad663e5653cc1e617165cb7,Mirai,x86,x86:17887179140199713463,false,train
3d1abd6c5b8ecf77f7a89ec236c7d6e4c04832babacbf6ddfff0ba664a5a22fe,Mirai,x86,x86:12692703383324882625,false,train
3d2864d05276ea6ff311c00d17b969c02d135590c8d7b854a8c285df4cba0a80,Mirai,x86,x86:15706658269095889711,false,train
3d3e2067e0fd77b26034f526aac2f785e8f8efcdf2bf4b6135c1d8bb194da479,Mirai,x86,x86:9221135240353915513,false,train
3d8a0fb591d09f2dc4e2bf34c5ed8b1c291593bdde4540ed0d5c950f6926d67b,Mirai,x86,x86:5024581222211346412,false,train
3dc9c8cd547675155f2b91458330a32ad87e013237710949c69c185ba3f72ddc,Mirai,x86,x86:16826390108444831863,false,train
3ddbced313a4f1c9874a62a84741b446de1590ece58bf50c06e791c9fc65c18d,Mirai,x86,x86:3671897017994723171,false,train
3e3a1a1559bdda8c6a8b5ea460b6a915a93dc70409d98e87347b11a03439a7c9,Mirai,x86,x86:8249945711952647357,false,train
3ed2ac2a2d464c635326d74f3bb7a775f8404f343fe48f02a269121fcdfb1963,Mirai,x86,x86:6174534038272796827,false,train
3ed703cc409092bacdf34cc1d8a12bb422f552106e8152ce9020f4efa7cc02fb,Mirai,x86,x86:5756066657333315451,false,train
3f68e7bfb4439ee182b90b9c1353dbdf8f02ffc6a233efa35224304652d6534f,Mirai,x86,x86:14765439589878483789,false,train
3f71d9fb3919ca76e7828f8c1acdb171b80289bca1b4e65ba7aa00a41e793789,Mirai,x86,x86:16759356846763320413,false,train
3faf53d37b908370311f6adc19c682eb4067d2fcd151388ff828f2dfc8889f1c,Mirai,x86,x86:12469624791920815993,false,train
3fd093486351fa5c1aec70cc7407214d15e2beddf538cfd5e030461d23913544,Mirai,x86,x86:2793780537969019094,false,train
401057304bdd4b7e0446a4a34102228f4e17634e6ce2e4b78de19a52a831246c,Mirai,x86,x86:13306121325464956249,false,train
403e603ffe0f76049c124c4801a94ebf3df092a151be1ddfd7436b25b1e6aaf5,Mirai,x86,x86:2347465587312354001,false,train
4090fcab845b8024b631c2256d2855327165465ea2f8d55bee12b0977c23b342,Mirai,x86,x86:6540695516655442358,false,train
40f9579120acd30103a187e0b6e9a571b1339df3c597fb78ec381acb11d83623,Mirai,x86,x86:5756066657333315451,false,train
4130b27218548605139a94568b30368984a5dcc0e89f0a6d1bd88dfa6b61fdd1,Mirai,x86,x86:8413577767028029469,false,train
41ea0345e50a9d08c1425aadcad5dfcaa663188482eff285336bc44518cce218,Mirai,x86,x86:17227108714667045076,false,train
420657a81018b6006e5fc7208e9d4c7b69b1f03a627a2f4ed45a350bced33f34,Mirai,x86,x86:14648877478455665901,false,train
427f0fa1cf062f84064ae2cb64473e24aafcfb8f4ea9a661a67bd354e9c13ab8,Mirai,x86,x86:5756066657333315451,false,train
4291410a9f5ab2261a71884bb0090eb8f74df32f7b1747fa1c58a3ede7d39a68,Mirai,x86,x86:18188441486354417390,false,train
43008772cbd2ffe4ea5078667ea69244cfad6b20ce3b25a3faa54aed32e40e76,Mirai,x86,x86:3407866654895339505,false,train
4302f53098717105d8c579f167ac3d859ff7f08aff299b1c2bfdfe00d7df6cbd,Mirai,x86,x86:5756066657333315451,false,train
431803b110784e965eb6a185534be9cb8e334679643945f0f535ec41dac9bf46,Mirai,x86,x86:14092264770813047360,false,train
434796c435671353e68190d4a2ff944102829a3988f8905ec928c6d6409ad13a,Mirai,x86,x86:10226940001064484289,false,train
4347d33007feabbb8432d9e5874b05e26c1420a92d758180d27f1fed49ce661b,Mirai,x86,x86:10621562994427869786,false,train
434dc19c8510f6073e4b3c50ca2a53f5e922b1649eb49044bec9cf64caae8774,Mirai,x86,x86:12537172946146791443,false,train
438dfcaf48e1fd8fe44d994b137dab0b3b82b86231c0bc95f2f344b0fdb8d9f8,Mirai,x86,x86:17343530522476466728,false,train
43b25a69f2004a8e2638a7039bb87d18e459c1f547fad940487bde431839f2d9,Mirai,x86,x86:5756066657333315451,false,train
4420cb5ede680f6beebe2c7d8c43fd0e1a85a2f0b5d3f30adc652d8c0cbe82a2,Mirai,x86,x86:9013789440237959576,false,train
4430e37aa8b0f5733e2b44991b58742aabf158d531a5104a42c5f4160cd1bb8a,Mirai,x86,x86:5756066657333315451,false,train
443d5e6de7351af30757e0f595e43fc6f06e3b2d5e973e748462bde9edbe9af3,Mirai,x86,x86:2455315637829436371,false,train
4447a16719aef7c5d64f43decbf19e7f8bb68496b5f763ec0e33cb806cbccba6,Mirai,x86,x86:13707943734022912666,false,train
44e2801423dc2cef95553238860e881f5b8a212aad55d725aa73e2fb1be00c5a,Mirai,x86,x86:11930605630079606118,false,train
450b836d01b1c412f7a6ad29dc632422f4c99d2b5cb9cbb50a5ec950ac42fc0e,Mirai,x86,x86:1640065380041925378,false,train
452e5cef022103681133816389969aee981c135214da32684799ce209fb66a56,Mirai,x86,x86:590144760279816359,false,train
454814e635d321fea4649698600691e4ee880e8ed1c38238eb0507b24bc13c15,Mirai,x86,x86:5756066657333315451,false,train
45980c7d2337156b29fdcc651a148beadc30e23a4ccbf96af6c691a5112aa2a7,Mirai,x86,x86:7221735166421880513,false,train
45b53c05cdd6927eedef6fc92f9f251fb6652ed9d6b975c7033acb6b95762f51,Mirai,x86,x86:1203589316555605044,false,train
45b97ceefea098006ddae7533a1f0268d3895a777c90be5881c6391c1f265ac5,Mirai,x86,x86:4313946506203612318,false,train
45bd32a843326e0b984a666ed05a5056673dcfb437d91326e43562e6a7242f3e,Mirai,x86,x86:12698675392121901255,false,train
45d0a5cdf179c4b15268058c851427320277b83ea6fa1e94790d44c766719710,Mirai,x86,x86:10687568484576143529,false,train
46b4ba4f585c2954b84bb4bb85d85456164dce5ccf8a886a3096a42800bf0ddb,Mirai,x86,x86:17748050385589362532,false,train
46fad879cbebb5dff433f674e6fb591ea92e2594c2e08f5c6141739fcb049fb1,Mirai,x86,x86:15569545454478169962,false,train
473ef36072e249c2176dc845e404a9c33a621fcb8dca9a2d76d94bc939723e59,Mirai,x86,x86:5756066657333315451,false,train
476415f93a9d26b76859cf9f3773be2e7c87ab46742c5c6a0a308e6dfc728573,Mirai,x86,x86:5756066657333315451,false,train
476f7fbc925dd845e66e567bb6af396fad88f207eb88dacf0d14bf7edc18f12c,Mirai,x86,x86:16385633286247461678,false,train
48ed9d5e32d207ee9d516378584ef9232e10d37ed9db11fa6446be9ba307f868,Mirai,x86,x86:12543638223159144711,false,train
496f03313c3ed4fdd303398b8c3afb6db1a348279c87d275312bceee04388e88,Mirai,x86,x86:6669080523624177843,false,train
49857a089e2b131bf84a403648886647585acf450068c0aec7de4d5c1cadcde3,Mirai,x86,x86:11249626121985954755,false,train
49a041451db08df4706a486990e3ffb2ea5fb69205e56396078f745ace2ea1b9,Mirai,x86,x86:5756066657333315451,false,train
49eec25465984e9e9370f5975d7bc02a49ab46d0b5fbbac46347034692e69767,Mirai,x86,x86:1456137969840806826,false,train
4a252dd0c659bef4f015e83859f90e8b87d97f11d0a5b171047851acd6b35901,Mirai,x86,x86:5756066657333315451,false,train
4a2b1152615bd42c72bef7c06a91ba582dd6116036aad739743fbf8390bf7534,Mirai,x86,x86:5756066657333315451,false,train
4a3f38efa662b472b7e54496753deb8b06d1dcddd11b16c5a9129f1aaf75883c,Mirai,x86,x86:13151317779127155808,false,train
4ada1844ff996d8c0e60a1719a53280562a0e003a946932dbb87bddd3c5e4047,Mirai,x86,x86:5756066657333315451,false,train
4afef0edf5d0876984e73db4dd2a72e9d0b7459a9bbd2367b2e2dbfd78fde032,Mirai,x86,x86:1112600111702329334,false,train
4b20c384bac27eb26929009591372267dfc5d2e4db1674d6178ee81731651b8e,Mirai,x86,x86:15121142674652497286,false,train
4b223326181a66dd7005164faaf79fc60de9c282b5ebcbc9b5a0c5b835090cb3,Mirai,x86,x86:1485787029937651203,false,train
4c2c15b731985d9fe4d8e487a7e6f25d8bd69c38baecc8bb852d7597f97af1b6,Mirai,x86,x86:3454144460464871543,false,train
4c3f37dcb6e7333cc30d182e67c1ea5ba0464d3c8262a12dfbdaccf4bdb4b050,Mirai,x86,x86:17475445004902780760,false,train
4c5329b081d59807742a6ab6015f3b6b78afef4632eb7dca99535ec08e56283b,Mirai,x86,x86:769045249794109715,false,train
4c8aa6ab13ce7519aa1c1e051290d410e0bfa941bb70bfb949c7229ebdf5df27,Mirai,x86,x86:16632016168465922437,false,train
4cb95a0413f00cef7a7f48ff69fbf8cb11cd897e90b59050d526eb29c729e98d,Mirai,x86,x86:5756066657333315451,false,train
4cfe6226fb317364dcb6c68f116fefacbff0ff2eb54f980422055627e6ab884a,Mirai,x86,x86:5756066657333315451,false,train
4d19c58de175b57e1488693c96b58bac7b8237cb4fb53a576d84b21ae5206bd7,Mirai,x86,x86:5756066657333315451,false,train
4d4e0a3510a288f8c86fa3a30dcfa8ddecda76d2dd4bb8589dad7783317189be,Mirai,x86,x86:5756066657333315451,false,train
4ddc2d62daec52f9ab852501d7b409ccd9885470a8fe96e2302a6b0a942a1d00,Mirai,x86,x86:9455674247905110748,false,train
4de2b00e462c9e62ec1bffc4fe2c61e01827bf4be7c7b4bb39c107b25119af9a,Mirai,x86,x86:5756066657333315451,false,train
4e1a2f9c7c083195dbe9474a04425784bc008292b7fed58578306acf833e9992,Mirai,x86,x86:11114412590867880931,false,train
4e24af4de31bfbe75270e63c9602bab113e961aea763137bedc0bca5c0f66527,Mirai,x86,x86:15013436368179865568,false,train
4e279498d1670b4a468e98926f3956a927c23428da0a7ffd3ae38e15810aeaaa,Mirai,x86,x86:6643236150423764489,false,train
4e5367501ca7924acb2eb9bef9a91bc982f1d2e95e26c056e73eb9ee1f2182ee,Mirai,x86,x86:8942314974254726077,false,train
4e9dd3d7c4cd56b64d842a833280ff1149078bcce0a89abbde732bff065d5f0f,Mirai,x86,x86:5756066657333315451,false,train
4e9e4ed690f2729404552d032c5e3543d5431e175e90190ba31d281b4b69951e,Mirai,x86,x86:6749678056954369267,false,train
4ebbd7701968c8772eacd8407998c4be35a6d486636e18488984d98c648a2de2,Mirai,x86,x86:4126082090902579325,false,train
4f483ba395bf1b6989401f9efcd2d4d24ef881cb8edc74bf351db2e406b896a5,Mirai,x86,x86:7642039265326463864,false,train
4f689bb3ec56d8c1e0697bfefa1ee3434eb2a49e12d7ffd2eaab26f926ad50aa,Mirai,x86,x86:14641723675711376886,false,train
4f8a761a3a632fe091907160beef37ea7853aef6a31e17fb18d43a61ae6077cf,Mirai,x86,x86:1524363300889937788,false,train
4feb3712bd67a39f26035a1b276e473ad148a507cfe9118ec8e9541986e0496f,Mirai,x86,x86:3872735411338674875,false,train
504f2ddd8f273e4833a0449a45c3de5d12f055a6db6ee9f46d85ca42001fd3fe,Mirai,x86,x86:6701032239147386859,false,train
5086c3f18a75fe0343e31340fcace60f323051b031080bf5beea002d6639e569,Mirai,x86,x86:4786132474486375106,false,train
50c705779d4bc53067ecd9eac912b69176579b5799177ca9fd8226a7102e80d8,Mirai,x86,x86:8872483208553784618,false,train
511963cc4dcb881c42dc09f307ac7afb376c781f1ee62bfd011e700e2c4795de,Mirai,x86,x86:5381835127815560153,false,train
51a7bb74444c5d9e38890cf86fa90cb4e07f3417d6905ba1c965b0331947729d,Mirai,x86,x86:13347089546747857614,false,train
51aa03bec163636a14866c3892e67d50b490ab180142630bf293965af4918db5,Mirai,x86,x86:5961701402703671430,false,train
51aea98164354dce25d4445ab58f22abde320a919dcda3415caa122ef627c6df,Mirai,x86,x86:13293449024497613291,false,train
52c30e3ac169f2269aa0adaa28233e9fe2b65295bbd435435f25757d4df24d6a,Mirai,x86,x86:5756066657333315451,false,train
52fed1aa1a044e30344cb5b4a6a810be5e4a5b9dc45a01f4cefc62af8b3fb992,Mirai,x86,x86:6152608818399945163,false,train
532c67ca0c1d5a703542c845a8d7dbdd3c46264253dba0cc8ff63eab5ef54b6e,Mirai,x86,x86:1922603513082897201,false,train
5334733d35efec464a2567ad896085715b6bdb1c1a21d7752431befc4f60f265,Mirai,x86,x86:10378023660891742371,false,train
53396d6dde590edd75eaca76ff2613a7c44a59fbb21e762538faa8ebce0abe65,Mirai,x86,x86:11787792686197422291,false,train
533e99b122dceb1f28219973dec275cc7a9ecdb5e00fda17bb89ae30f144329b,Mirai,x86,x86:3476785119730783858,false,train
5359dcc13dad63f34f26640e8a7830c334d833f8f9bfef1374d136a12cdda529,Mirai,x86,x86:13569562833732575208,false,train
538e6325d9a8373d4ec2bf62cb59bb48723f8c797d363375e3bd571cd4a75398,Mirai,x86,x86:12185174045040243801,false,train
53bbadbc6380ada3fa577b0ed305c1766cf6d06047919dd1cb8072df10dd1def,Mirai,x86,x86:10807678906986697723,false,train
53cd2656f4caf3dbdf415819e1732165062f126fc88ac73c57ef2d8f4ad9a943,Mirai,x86,x86:10237147308029961527,false,train
53e8d3bec0f47f300b79d9f1e9445402c0a875460f0b50b724c2f70891d9526a,Mirai,x86,x86:3648834920789793295,false,train
5405e5fa050611196830904233c563ba888a76bf3b19796c46534c6cdd03c01c,Mirai,x86,x86:14080736726266106708,false,train
545d656bc451fc73d1de1449030cbe06a18a6c970e240aa043d786f587f3677e,Mirai,x86,x86:5756066657333315451,false,train
547da149020e17583da3857b4f2fb8de1be4d1109b73daf6ede6a5635aeeb9c7,Mirai,x86,x86:15472080266648490707,false,train
55a99395dc2a7526b5c528e4a7db631132cf2ea4455733ed042db6870dbc8650,Mirai,x86,x86:5756066657333315451,false,train
55b8b5dcb99ee7d28ddd68b27ade8f29b5e61903f4cb2c04758b6fc1e9377206,Mirai,x86,x86:15426771658588868042,false,train
561432dd418f72dd5c1edfcb3046a79f8fe3dc069ca5afbcdfaa41c3a861958f,Mirai,x86,x86:15057225396998501923,false,train
561ca3c6b6ff6de3e2af5a4a3a73ee9d96993074467ff5f2ea6afb0c10e980ff,Mirai,x86,x86:8679947435743101447,false,train
5675748992cf1019fb692c3a3daa9958375bdab984472408959805e5c58b01e8,Mirai,x86,x86:3025413777234957210,false,train
567af1bc5b4e12af1fb08763bc3080ca720c062556a1f165d981f70e41876a05,Mirai,x86,x86:4015036303644059326,false,train
56a118bb912b25560b86d086452e83f5fdf24f81e8b8c9629fc0e3c8ebb25c83,Mirai,x86,x86:4310734601999232832,false,train
56db6eaa2bca413b222fbf922effa3a84f54bab6f6fc26f36b98f2b66999b79a,Mirai,x86,x86:14035244380088512697,false,train
5752b22d33818e99787506f744e0d713c512539362db6cb40203295cc6ede2f1,Mirai,x86,x86:16299956299582665152,false,train
577e7c4f9c508c5625c60fc6fdfd21cfb0f94414aaf662ebf0c053581ee5a478,Mirai,x86,x86:15533947907121296028,false,train
58b904fd149887a0dbfb69dac2eb1b8a0daa50e2d2a03a028e05202c4b398bba,Mirai,x86,x86:8189646210438707002,false,train
58bc695c8e281addbc9fbc1bd05997b3ed5168c985a57b0fc24280140f1d2114,Mirai,x86,x86:5756066657333315451,false,train
592ccb7e353cba4a892d30b9ebba87df2e955772af96878745024289ac1e3ab6,Mirai,x86,x86:796585453231882577,false,train
59657b3f1a5936cf1079a2c227fb65fd465631e8ed6756ba4b3e9206b237f6f2,Mirai,x86,x86:12071649797741317935,false,train
598805f2e9b3813a6116a0f4ef29a67564f5ca9a6565367d0d37b69bc36e108c,Mirai,x86,x86:15512957153343622535,false,train
59bcca2037e7f55f5fff9ff02ea3d4f5cc296ca73d4f3a16ace511c3d988d0cb,Mirai,x86,x86:5756066657333315451,false,train
5a3e46f9db972197170b9a65105aa2f8dbf4a61564edfc9bfdf670d5f464a058,Mirai,x86,x86:14501641746465823558,false,train
5ac4ab712ed1d7d6a8bfb03f28ee12d11d67d1ea7320737d64c8359ba16c6716,Mirai,x86,x86:5756066657333315451,false,train
5b07446bd852df7f55a55ca0fde084b73cafbcd6c89f560b6b9e6072794af1f4,Mirai,x86,x86:5756066657333315451,false,train
5b59caf9adf20142588d11a9c8999b8088f843fd9e92a8adbc000b79c9be9815,Mirai,x86,x86:5756066657333315451,false,train
5b7df9147daaf481b04bd9dba6861529cbab67cf89bfbc21624c89d843929985,Mirai,x86,x86:2417938211160799205,false,train
5b803feaf354dafb07ad09a82b76b5e8ae688a6416f00e42616ac6bf085c4c12,Mirai,x86,x86:16298591599679523867,false,train
5bcc9adcedba532df714ac41d6a4b26786f95ad36d6c0fba3144fc29a4933040,Mirai,x86,x86:10229158403259912404,false,train
5bf02c125cc209f369b30f28f87dcaf158ee4bb843d2565067c93ab2c519624a,Mirai,x86,x86:4438056206892598786,false,train
5c407b8e9da33e10258fd817232c078c8f27e2ac3c41f325582439e1d144cb4c,Mirai,x86,x86:13244618779973718049,false,train
5c7bb83410654db6d21d34f9d86e73c8249a68aa04955f15102931f61d035df9,Mirai,x86,x86:2269978435530765770,false,train
5c9c9e46589a52fedd55e14248cb792ac5a809b3855a1e4c656c4f4edd1fd2bd,Mirai,x86,x86:3232348577349458195,false,train
5cb09d88287a137a7c14902bbcf288e2a307614f83545e0f8bb09689d7b03043,Mirai,x86,x86:7331230980566534386,false,train
5cbae9914884c821feedb29fb1cc834266bf2f859954d18ec33a20441b16dddf,Mirai,x86,x86:17578881907071564894,false,train
5ccacbc2fa7d85f6f437a31779db4b56d3b478960ee51bbfd617d3fea4511782,Mirai,x86,x86:14749048867705021513,false,train
5d0ff57f70498ac12c276308e6d06f474a7107f5024d0c113c6e8b3d1bdc2d4f,Mirai,x86,x86:10067083109933387024,false,train
5d63fdc66b0137c2b86de8bbd00df54f23d3eebd4ffcfc17a27f1fdc62070cad,Mirai,x86,x86:8399358072185679731,false,train
5d6e890a7912d2cf1b05680c5984dd1444ac879459102bf6c6215e1515b26af9,Mirai,x86,x86:14229961152816889947,false,train
5da5141d44ea155e87f23b4cc7f332c38eab652e9faec87c7d874f2c87990117,Mirai,x86,x86:5756066657333315451,false,train
5dab5367adf55ed226de2b33e3f9c7c6eb3d8e4644caf4f5146b3fb4b40368da,Mirai,x86,x86:14448777202792887713,false,train
5ddebe07832286999de9fcb5599584bd1984b114095270f9c89fae0abaddaf7c,Mirai,x86,x86:11945129763343518672,false,train
5e12c037c49aa193556ab4c8ec310f917255df71c9b2cdcdaec3e4d3717baa91,Mirai,x86,x86:8218310126860373030,false,train
5e48c71f08950ee58086522a5fcfb8a5a6b774ca598a327e24389f0410ce1ce3,Mirai,x86,x86:3512443444153119071,false,train
5e85f4e634f0b1ca7b9d65274a811d394f9351fe8b5bb6c82ed76901542b558c,Mirai,x86,x86:4283263234776889019,false,train
5ea5e3fe3dafc8cb114852808b5fbbbb09702f7f0da04da82cbb8ce464d1d62e,Mirai,x86,x86:4907841127761619451,false,train
5eb2ea89d21175eefc7911aa614f10b459d8f7d175f24be27ecef6d1b659dd55,Mirai,x86,x86:16385633286247461678,false,train
5edf1c67e8e0de3a5c9c7e08ad82dd861d2ad1f2f5fe7e10eaa118a3614d973e,Mirai,x86,x86:2223463266579398064,false,train
5eff3f094d95b0bb54875d966d53e0ecdd306e6e4d915d9c99bd901f4c4cb4bb,Mirai,x86,x86:15481858936568509477,false,train
5f061bc54ca28b4f28c0b1a84041d9a61597fc71fddfc12537fcf372303f30df,Mirai,x86,x86:5248360082776551016,false,train
5f234c385e0e6ff4b084fe65904324dfda127d4f7fd87dbc0cb480892036fd3a,Mirai,x86,x86:5756066657333315451,false,train
5f6f82faa6494e90a52c274d63b5006487883cf1cc1e3cd0af9a0946f80bff58,Mirai,x86,x86:5756066657333315451,false,train
5fb33fe3469d12a0ff4a4eaf19c78e00f82634012e3d72a600fb7516c47d1c72,Mirai,x86,x86:532600773436904548,false,train
5ff9d5ac4d59d23bbf48f9b5adfc9db86682c300d0572b9fc05943d00bf4b445,Mirai,x86,x86:5756066657333315451,false,train
61881c491edf41da27ea209b4100d66c58ecd85621677758f607136be32b9bea,Mirai,x86,x86:10259109179717891879,false,train
61aa71150cd4ae70c19fbb4d96b8f5f102631a61c38ddbb067ee3badbc155a8b,Mirai,x86,x86:3652570046166110281,false,train
61ed24244fca4dfbdee062685d9b7a05cd097cd00a89422e1a9c2e6f90beac06,Mirai,x86,x86:15259159722334654623,false,train
61f52f5a69229125eb14c3e4e34caae2aaed3b4e1b939bac39f595416023c845,Mirai,x86,x86:1179461355438308207,false,train
6224b89d1f378177e48c0ce15db505c2508f21bf25726cba9945f2256e32e9f9,Mirai,x86,x86:10937045768666799038,false,train
6258ec7e53e6e75e84f6b1de6f7fcc4cc4cec695dadf54217768f7566bf98b14,Mirai,x86,x86:3464851519262811823,false,train
6277486c3d220eb36364f7d54576754f8a90df537fb60c182460bf53fb0dba8e,Mirai,x86,x86:13834574851135795385,false,train
62a7a6a6df69df6abdff07d631260a0ce6053ba70483880e42c0b32a8fa8d963,Mirai,x86,x86:17649863483728065351,false,train
63147f5222051ac43e263a1e444813ad29b50dbb00e66971b73065facaf39d11,Mirai,x86,x86:5756066657333315451,false,train
635e96731079b73449876cc5cb72149321dac4649733c42e635544b7a8494a5a,Mirai,x86,x86:11492210802925882277,false,train
645d611cff582f9fd66186ddc8326af81e2140a5189db99a69e1db90dc3120e1,Mirai,x86,x86:5756066657333315451,false,train
64c0909c9ec8547928dc5484561fc1965b5e2d7b135272598cc76882947c381e,Mirai,x86,x86:10055523996628700293,false,train
64f74d94636aacdc1718a5ffdebc077d888c67d9a3f21d1c6b93fa36a72d4a69,Mirai,x86,x86:5756066657333315451,false,train
65242f01751e0cd61b966ec46da3001945e7738c4f14d7f31faaf0445aa2db22,Mirai,x86,x86:13430303912960535391,false,train
657cedccc391eb29849155cb24ecd75531263f5338bc455c4bddf854fd597fbc,Mirai,x86,x86:3614007376817709594,false,train
65d8e100ef23141b8cf296fb3d2b294900bbdfca6ae8081b9b55b849725a7edc,Mirai,x86,x86:4698552472783866096,false,train
6642b74677e4a53159906d25af494b5349e97f32f12a0137b1d71de05a8dc055,Mirai,x86,x86:3071061472136944798,false,train
6675afcb5598bdafa184356db63d38d3dbb14b07ff84f68432f3eb55f67f3554,Mirai,x86,x86:4231459628035218747,false,train
6679d2c4b4c6053823c0b67347fde76bc5e0ace444fb5c7969e074d744f5c251,Mirai,x86,x86:5756066657333315451,false,train
66bcb813c824e770c402e01e703fe4821bbdf8d52dd86a6ba5548f8baee202e6,Mirai,x86,x86:5771898510133525578,false,train
672afcf36a0cd8e625edd84b2558fe0cd5847039631c06fca15935f267977acf,Mirai,x86,x86:1482689980702656377,false,train
6763783f6869a927687fa58d9251126600fa84b827e5da8fa23d4a7c61adf093,Mirai,x86,x86:5248360082776551016,false,train
67be7a73a5b3fb264925ed226d97909688c0f8f8806f7ea668dc655ab03de14f,Mirai,x86,x86:9495125010494351105,false,train
684a51f4274918956cadec170d00d1ab9627326b8ce565b833e21d6c8d1e3a57,Mirai,x86,x86:2953290084008767668,false,train
6900549b50623904534c6dc95e8408df52a219d44fcd1c433e5deb2e6f7712e8,Mirai,x86,x86:4416386335643934814,false,train
691b85ece0d0495882650d72b14d032d319e7eef525627bf403f7bf6d39bcf9a,Mirai,x86,x86:9978926553518279770,false,train
69670a0cd38fa18ed4af631702b32d2d7471d3b8ccac02eeeb34a621946334c1,Mirai,x86,x86:6622280777469163865,false,train
698ad3cf447ed2c0110f86c62e869549a38928119723a378b265aa6e7e7913ad,Mirai,x86,x86:5248360082776551016,false,train
69981247209ab756d7320f944cb15396b6818ad413930897369912982dd1e883,Mirai,x86,x86:2662411181617495750,false,train
69b0b32c8d77891487528963e2b50aa616f257350816af8b367a6b118e67d7d0,Mirai,x86,x86:15024759438896821875,false,train
69f353e3236cc8c9688849c7afece719bf936042b0e65b3083e0c0dab65ef409,Mirai,x86,x86:13177412232250383877,false,train
6a9503cce99eded0e15e83923f65fdbc7d8e5de36cb6f1bd295090eb797bd56a,Mirai,x86,x86:5756066657333315451,false,train
6ad0841c0d9c6e5ed81b72c81df4a60c28fb190de3e0b4652ed13f9deedc2369,Mirai,x86,x86:7337281822727305911,false,train
6b3a17134cc6a8510fefc4c121e3a5ad61409a4e9cf0f9b7b7eda7ae9e7eca88,Mirai,x86,x86:6170827555227412464,false,train
6b4b4672fb821209f9008e736e2d4ccfef5f96d65716964d8a1dbb208a798e1e,Mirai,x86,x86:625718425724890687,false,train
6b7326b4d2d3c6639529d35b086f95e61578cba65adfe8fb4f95e54fd628ff50,Mirai,x86,x86:11675252817485817644,false,train
6b9759e9d4b81e8c08ddaf3da743c5247053d37b18ab58b74e26fc1ce6744893,Mirai,x86,x86:12172500720910527805,false,train
6b9c05094289580103578a9df0eacd8fae0c3936f9cc51ea274397f13f9c3f60,Mirai,x86,x86:9753279545404711733,false,train
6bb34aea056245c6c9a5022478cab362050bd1556060e5df7c35665b94c059d3,Mirai,x86,x86:9697904444344903133,false,train
6bcaf7a284061e74c05ad3f886efee8fca03479ed86f8b7976ac9943b85dc172,Mirai,x86,x86:4905555444996868584,false,train
6c42ece61019283ac814ea32a9837968baba5d5e3323b834e9a27dbe502649da,Mirai,x86,x86:12011104120192172274,false,train
6c67400a28e3546e91d77a352f972003e175cb794ca78472cc4556f9131e6703,Mirai,x86,x86:12552746619837191862,false,train
6c7ea44a7a879579176864f6ffee26fd7947e180ff8263ed1958eec7d1e52844,Mirai,x86,x86:5756066657333315451,false,train
6cee27c4dac8166016bcf18bf06d5a9d2efcc75a2e089b3cfda3543fcc58bd24,Mirai,x86,x86:6141322123157975915,false,train
6cf297ad37776102807774a0ecd070127a3f157dcfc4e0f79987816f24368429,Mirai,x86,x86:5756066657333315451,false,train
6d0e04858fa357676690ed101828c7bc2992e28d9ec49038f55a39d6875577a0,Mirai,x86,x86:9583811405963232306,false,train
6daf385994f4cd0642d4708b425a8fdfd99fa3ebc65fe1e12d4980223b29fc56,Mirai,x86,x86:3913206271011852448,false,train
6ddbc1e555ae5bf87edcc114d535fce8229299bd36d5f94476cc09332a547ba8,Mirai,x86,x86:13218408987878086100,false,train
6df6c292bc0935e9f340a4ebc229b9acfeeaec81fce2bb92997c3ee8dd8754f5,Mirai,x86,x86:14028451279394000708,false,train
6e02641edf122345f9facd17a964d2032f03f078d242cef5ec56caf8620af754,Mirai,x86,x86:3057342996413952941,false,train
6f18387f32ba1f8d6efc61e430a640cefa571fa0a74192ad68f636acf76702c0,Mirai,x86,x86:5756066657333315451,false,train
6f2f12d167ed7318deb62fabba6af5148a951dc96646da562bae79520285d1e3,Mirai,x86,x86:15537117304980531164,false,train
6f43711578c1bbc224b25a79b50a10d33848b8064e2e9370c034fabb2d03f368,Mirai,x86,x86:10378023660891742371,false,train
6fa3968224c3b54c49b1f73f2a614c6b2819455bedbfbc8e65a25f5b8286d9f1,Mirai,x86,x86:5756066657333315451,false,train
6ff3a7500869fddac5834b493ea6e9cba4e1edc6ed21f26352a99d01be48d3e8,Mirai,x86,x86:13915802023490702956,false,train
70364cf8d6a747700f5c6850693cfd18e9a75d5dccd42aeec23b0e789bed0067,Mirai,x86,x86:8803497312382843629,false,train
7046847a4b8cc27532b91e7abb7616502d2d66434ffd368c87b11480c7dd0a11,Mirai,x86,x86:3475020179746501224,false,train
706915ba45d6d78a92880212aabaa2c222d3b4a8259d3ed3dda357b62333c57f,Mirai,x86,x86:17176056737243466580,false,train
71505bb5cd586868fba5c564a3c16a1669de296c0e9aaabd3836ac9235de42a0,Mirai,x86,x86:5756066657333315451,false,train
715dbef49c458a2cd0bf0fb5dde4e958cb416bcbbde1f16bad8c6f4904872161,Mirai,x86,x86:17106715837532926356,false,train
71967594daf582a64a47b2864fbda0464965936337579c894920aec646345c96,Mirai,x86,x86:1834689133831424369,false,train
719bc5ef1902097fa57d5c9f4e3147f518a3a360bcce34b0064a33ad52b5b623,Mirai,x86,x86:5756066657333315451,false,train
71cce74fae87605e03e4c843e7219dd946e5c577a7db730e9f8f44720f8aeebb,Mirai,x86,x86:4103317869889093258,false,train
72d5cf3f8dcfdcbcaceed6cf6426569b2e899819401a299548be69033d94db49,Mirai,x86,x86:5756066657333315451,false,train
72e24dafc2bc9d0a0e06eac37d34a37835868b1e69a00b64483e313979b5d437,Mirai,x86,x86:12292699616360616629,false,train
732e8daca7e84a277a4cf9eb2de029b6298f0801fa8f8cfdb6484c781c760bab,Mirai,x86,x86:17032320094013277471,false,train
73eb5c9dc4991129b7e74b13912a3571bd58184ebcd60b2a15693dcbca381f97,Mirai,x86,x86:18356424991744673871,false,train
7410c32f9d9e247b0c5bc373ce6999f261fd7adec092bae503b2a4ecec62f4aa,Mirai,x86,x86:18175003941116345240,false,train
744647865b183f61311846578f1386bc88c84ae491762ef10f7343bd22474fd9,Mirai,x86,x86:14727809932423743541,false,train
744c4cc7205e8cdfcde2059da19dae67d9e03ef7fdb5be5888a377c3f7d8e97f,Mirai,x86,x86:5756066657333315451,false,train
74fe36808bf82ce726c183c51580eaaf2e670319248f36c02230ca5c751800f4,Mirai,x86,x86:14363636835737001696,false,train
7505491eb0d0850faf2bf41a334eeeb26d34c2474e59959f32b5392babb98a6c,Mirai,x86,x86:17655818941041843052,false,train
75361e330b858cee417696228ead5ca9ee7af70499769f7c6fac512d89f2fe65,Mirai,x86,x86:17471538314369693327,false,train
75918300d12d8b674cafb867e031e42a4667c0b43dc30c6bb104b1dea1b0081d,Mirai,x86,x86:1752825441558935042,false,train
75b76b1e7aa76fd30e8582484f74b0f8ec02385a2c7f143879928b2de4564c16,Mirai,x86,x86:1410517319147071200,false,train
75d36be4cec7128662a714ed4cb4b7c3ec1936b9edd1c2a79c08c671b4190570,Mirai,x86,x86:2760874503457587193,false,train
75fa8b4b08b0af365bedf1690c5beac4e5c743fffb829133b1a04bfddd67bd40,Mirai,x86,x86:881714325200430595,false,train
7633dbcb3b05107346e76239ebd28351130d45a0e65167a682b1f22b39de425f,Mirai,x86,x86:16957689273203594026,false,train
763aebaea67f0732309fa81df3aec237ffca51bc91891aec9169f2b82f4d3f17,Mirai,x86,x86:18188441486354417390,false,train
763e1b16e9e61b172cfef2d0a84069e613e706b5d91b72a7bde1199f210be30d,Mirai,x86,x86:8783550521182772667,false,train
764d0e7d45ee788875a67652088a708d02c910628ae3ddd007f2a91965371b8e,Mirai,x86,x86:14487777847800682403,false,train
76755d0148d09fbf842298533cad5448364776a38b9b8fe47741dd030f0236a3,Mirai,x86,x86:10378023660891742371,false,train
76ee48891edf285f3e506d0cbb43cb3d02b8b36fbbe4fbf3c42ba06925b335ad,Mirai,x86,x86:6292366350078859740,false,train
77564e20e68b757dc29f2d6f3e0c96c7471c4bf40ce53bd6df79de47ce828f6b,Mirai,x86,x86:13066965998921197997,false,train
776214da5c7665916fe7e162f69bef370c807ff031d9b4079bd5c681e57b3195,Mirai,x86,x86:7481788286053028587,false,train
77941869784efb48fe7edb0dc2fe93c37052a4a0ec4d990dcccff9bda38bb6cc,Mirai,x86,x86:4360275611186313704,false,train
780a084b9e37034ca4243095e722b9cfcc87a4216c62f583327d84e53f279f3a,Mirai,x86,x86:7278772927490781780,false,train
784775d14014e3839e03cf7179916d8fe7d2994d4c6e84fad7f17dd17fe3ea56,Mirai,x86,x86:10087246964031638571,false,train
787454e3cb4e489f5fc14ce46314ad455a2fd225266269cbb0ef3b09a8d2bc68,Mirai,x86,x86:5756066657333315451,false,train
78a3f76c966a07394fd3ae04efeb3c341db16c847dab7c800054362f9161e128,Mirai,x86,x86:1183586970742262888,false,train
78a9fac8c390c1f016ea8ef75f960ab0fc44e6c114a1b3281f322fa0f044a47c,Mirai,x86,x86:5756066657333315451,false,train
78f96468806ad9ba2aab18bd2fe6ea9f8fc14f38de48a021874512a9f5f2d546,Mirai,x86,x86:5248360082776551016,false,train
7956b89ad71eeaece2cc73958cff0213e6786f56999eec0228f7886a96fc755e,Mirai,x86,x86:10326976909141822770,false,train
7986113c8d1054f182fe632f1d58834de2753650bca3660f259ba68806babd44,Mirai,x86,x86:14395638467473704004,false,train
79f5331c37c4519233a2512adc6cfab4619de50ecdf37de631b578b002ea818e,Mirai,x86,x86:1414291223220674620,false,train
7a038d5d4a9cb193e847bea1ee20ceae92e75723b74584a44f6785dc8ced6ab4,Mirai,x86,x86:5756066657333315451,false,train
7a64860666cd02306481641d0e7331452cfb444e104938b182e698b4e6bc19aa,Mirai,x86,x86:1009193117527325948,false,train
7a7744311bad110de6452a8d10c96eb2dc6c02e933f55e9d2750bfb05475b5fc,Mirai,x86,x86:13979034060811814360,false,train
7a7dd3aa45b667563973fb07950a4610bfa8cdceb61598286a6a80773e119eef,Mirai,x86,x86:5756066657333315451,false,train
7a858c4e29e8aa215d08af1d9540b21d52dc7651e51f6735049622e56fcba5fd,Mirai,x86,x86:4368795004212504035,false,train
7a97bea960bc2d0873cf4eaca99b94b32c1ba2a4a5d0f623694c900926f97def,Mirai,x86,x86:16425166003583082607,false,train
7aa6f51ec451a6443ce2e4070839e930fc58e28baf0d9baa830486f0639d55c3,Mirai,x86,x86:7972008500743770258,false,train
7aa6f76c375c3adb6d42a21427325add09f5dec8ae4ad121482bc62647c8306f,Mirai,x86,x86:11157364089800769810,false,train
7ab2e79dbec043ca04cab4e0b5937e434548f65cd7dc894f281adf99f9be6ea3,Mirai,x86,x86:10943977292156209404,false,train
7ad76589ea5037884f5fb62171d614933c8fa87c508d500af2948a39599079b3,Mirai,x86,x86:4398651655117014155,false,train
7adf4681d8a21a6c42c5685edabb40916b89c0cb54f151a766b4d7c9ed511a56,Mirai,x86,x86:1325247090246598079,false,train
7bcc128e58561999a02f6f0248c5e700c0be8df4d0e4ac1dff0334a2d2e0cdd0,Mirai,x86,x86:312569588257058601,false,train
7c29742e0291f7f40af8401ffb150f877d91321570d5aca854494ab44e52de14,Mirai,x86,x86:11739807361045313594,false,train
7c3805d823b9a6335cceba9079905f814aab5d6f873d3da08f9c1fd367333c39,Mirai,x86,x86:7713353698217534795,false,train
7c698e4aa4593ac4e70e0c0029f11b40d9a8019ba6f4f481702781e9ba1f0674,Mirai,x86,x86:17781873419002664499,false,train
7c9db96702a706cd8b39431cc6ed8baebcde3324e479496f835019e9927eaaf6,Mirai,x86,x86:13720078234005008300,false,train
7caed1d339624651718c18f63b00a8ed96b6e079b21346e89d99eb23229cd843,Mirai,x86,x86:12504849664576032429,false,train
7cb609162ee5df14f214c3431a40441237b70cbd2949bb2381d387c92de052ca,Mirai,x86,x86:9386657838684555706,false,train
7d1f3d449b5a8289cab962df0933b70f1a53df69729a2b000c254fbcd88299cc,Mirai,x86,x86:6339384893454342445,false,train
7d7afaf283bea1f5886b32afc89141919e1f94288be1755104bda1de9b7c672c,Mirai,x86,x86:502808470374521434,false,train
7e446fd82045eea5c497ae36457a9d936ec7d9d0fc6600f03c9837d1c22ded1d,Mirai,x86,x86:5756066657333315451,false,train
7e7439ebeb2e36d9a18dd9fc6c5bf61f7628e5e59c820a4853796eb1675e8d95,Mirai,x86,x86:2908616056653474737,false,train
7e7cc80f8056d8e29405ba899d47de0a6fef826bc2ba663a4daaca97b56841f9,Mirai,x86,x86:5756066657333315451,false,train
7ee59b129aa8927fc6b3616c0b573dfe28f1e4940ba2e04d9a0f758e5725ebc3,Mirai,x86,x86:4689350889678812852,false,train
7eeb9c9f8f265a159c7db34a9592679b3dd4eed11eea6576611102d3c3507bf1,Mirai,x86,x86:10378023660891742371,false,train
7f31db6f539f23bae6252393ed95b8e54d2bd84b30cf10df3e32285250b84376,Mirai,x86,x86:10950476799716631297,false,train
7f5a83d4d72dae423154f76fb04b45f49e4c41bfe6788d02e81b99e241d4e7c4,Mirai,x86,x86:5756066657333315451,false,train
801d1fa3d9764d8104221ffab5a985b3c90285b51d9ff7b3ae5ee8f9fa3437c6,Mirai,x86,x86:15148138718974953089,false,train
801d2dcb8d65b40a243be92d7d379201dbaffdddd627111a1269735191b39728,Mirai,x86,x86:14371076431738452708,false,train
806ae17587646e4130a54fe20a14811e3e8f9d151495346c313dd0f2732b25ee,Mirai,x86,x86:2993966437163073624,false,train
809ba7b33b393b6f60f4800f9cef4f596d1ecfacbbc8182c2729c4b0e75e585b,Mirai,x86,x86:17240748696065805514,false,train
80a0420ecd344275720a31f7d3d7fd2046661b1fc1cb8dc37bf6930ff7501818,Mirai,x86,x86:14851308468110663840,false,train
80dfdb571b930dfed5b82e07c73399e8d773443d69a7840a48dad038b3947a43,Mirai,x86,x86:2032067407106183762,false,train
8122984b8957119c1e89a6fcd3f67130c57a51e45ed9683d60631d9dff890b69,Mirai,x86,x86:3259645518055770418,false,train
8182100e7f447e61b1fbe121c783f3d71814c2080b2de25cf55ed534f80cea3f,Mirai,x86,x86:5756066657333315451,false,train
820d0a994787beb28b9c57abb128888aea0b11e8f82e6fb2418f5c11434f7950,Mirai,x86,x86:4984223381500119576,false,train
8217e1fec370553a41fe957db85118c07135e81bee65350b0e73ac50dc8df0b5,Mirai,x86,x86:5756066657333315451,false,train
82331f1c58eff7731799d292f0066dc865803ae2035c6146d33d9fbb56313f39,Mirai,x86,x86:5814762301611446153,false,train
823bc44739df6118448c792945d3c01250785ac67bbd6de695eacbe7c19ae7df,Mirai,x86,x86:17171869020146137923,false,train
82686d896809a60c3779e0bf649daf472a452faad6ed19601d251bbfc03fa7ee,Mirai,x86,x86:1699340274001608311,false,train
834592cd6d3186bbd6f5992bf39ef82e45a5ebc799cf3c17890b2128b67bfcb9,Mirai,x86,x86:16176703032774030428,false,train
83672bdd7846c60f2e72572490af6686d861aed0e63a25e987268cfb740ca936,Mirai,x86,x86:10378023660891742371,false,train
838afcdef529749516a7ec8880f332335dabaca15337fecb571241192b328eff,Mirai,x86,x86:6928903645358384882,false,train
838dd88916781bd034e7875f90be55c56b07e182d6af84603e6f20172e3e8f7a,Mirai,x86,x86:9398994314115305068,false,train
8426730c9486dbd84b68e7657833c756447edb52107135ed778f9c0e2a55bc45,Mirai,x86,x86:1322018231035478068,false,train
84a3af54eb9ea190a59c4c7465e16b5ac662bd6fb2e088273023155fb756afd3,Mirai,x86,x86:7173795451506990352,false,train
84aed3438cc9126d50c145714b0d2903550aafcfb9c58d8f25cc79598195d1a5,Mirai,x86,x86:1315514695067934402,false,train
850e40dd4062e2ac0a637051eab49e057227b9df50f15b250e7dc3d66c6f5c79,Mirai,x86,x86:8229482427208813609,false,train
850e521298d2805d9b867a5bc65c3c0cf0d4f62918c2fb7c1596e72e3cb40615,Mirai,x86,x86:17058951501616009463,false,train
851d5320e08bdaa1b9d6c6c093466498450b361361e930c26008f3a19adfeff5,Mirai,x86,x86:5323808113943620930,false,train
8599a85590a654fd655e9310e9d2c9dc09d8a1923e6b21df6ac187be17a8a864,Mirai,x86,x86:10824120435686672427,false,train
85c1bc3cca0b02038e711dc8085872e3ac795e57fa19a5f60b0e16de3c6958cf,Mirai,x86,x86:14645843322779519192,false,train
85e54df07c8a8ddda9628e8878d8c7aec536e61fdd8e744cea32cabadad2d769,Mirai,x86,x86:11069330365659505331,false,train
85f3b6c63d16784141632602be6c9933176ab7a09db060700bce7fdf2b702886,Mirai,x86,x86:10494522858746457158,false,train
85f750fb63a7be481ad177ff1b32d20afbd5c84a8e8914b73d8f5ff9a28b4a2e,Mirai,x86,x86:5756066657333315451,false,train
8610271d44d091b4f8154d6034d9641038d884573eb2b3c71a87dd6fe78a263c,Mirai,x86,x86:5756066657333315451,false,train
86d45f7ba39985abe1ec98479e23d906ee49d7364b667b02783a74085b34058c,Mirai,x86,x86:7287740973815533005,false,train
86d83c7fde77249562dc13350c69e16648e09f55e75fafcc3e3ab43f29a3d69e,Mirai,x86,x86:7742743992557312255,false,train
87055a7dac61399b9987eaf06f32161a51ecf55569f9fa3814c6e43d5dee886a,Mirai,x86,x86:16045285713311069435,false,train
875046ca63d526d11f1f8dea289ce4650442f6c48e4cda4fbd7a9b27fcb486c0,Mirai,x86,x86:7615719496320334141,false,train
876bf53ca6414ceaa51e05e4639ac1fb21bc322beb7a2bcadfcf34c251036e6c,Mirai,x86,x86:5756066657333315451,false,train
87c527c2226af2e7f62bcf56cd09f9173ffe7fd4d5028eb6550db1219187b83f,Mirai,x86,x86:3678888481719497936,false,train
883ebb6d820b2f829061a26c804baac9b2da01e139daccaf8035c0d95ea93780,Mirai,x86,x86:2812932802503104930,false,train
884699a3a29e3e214f587b55849ad3447eaa6a7737050036afb75dd2600ab53d,Mirai,x86,x86:5248360082776551016,false,train
88613a252f56ee859fe796d627c5a45dbf761ebd13c283d0da16cdc106aa1bb7,Mirai,x86,x86:1714323721560717691,false,train
886b2131e49b217bf63b09dd685fec991e2d3da51d78dd92204dfb28f1af37f8,Mirai,x86,x86:796759103210979052,false,train
8877cd822c3b97bf5b29b0c3a55cbc99be60716ef501e4327006c45ae1fa43fe,Mirai,x86,x86:13553763294441402298,false,train
8897cce99122376a3988fda2ffeef01884daf000f62f7ebfcfd496e06cd64b4a,Mirai,x86,x86:2662411181617495750,false,train
88ab4238c46f2841e442782430d1166d206b9e8c6fe056d10fcf21864e1f1c2d,Mirai,x86,x86:5756066657333315451,false,train
88deff8553b1b7b6dff7afb8c9bc53f4c2ed392b530ac72f79ef7c82b28c03bb,Mirai,x86,x86:10259109179717891879,false,train
88fc38818a0b0e00c74129139dcb1a5cfc0bd04eaf042069781e5745db974896,Mirai,x86,x86:1162316803740504250,false,train
8949141e86a58ef6a0f2b866b95a3b056c0c5738399d8dc15f97166751d92e4f,Mirai,x86,x86:82841330592309245,false,train
89e4e2399bc7dd0bee5d8c912cbe2a6e6be410138ed53b6e0da815d71c866d86,Mirai,x86,x86:9763308325283508945,false,train
8a209384c895970d435da724ddd6cd44a50e1127251ab74fcc6d424b72626311,Mirai,x86,x86:16322865195316959340,false,train
8a40a8a80ccc1155bee32a45bd38c27a31d4f66763f4fc7b74b5ef96289dfa7b,Mirai,x86,x86:6848821007635359901,false,train
8a7bb78648dd52e21303d7032780e2c09ea9bc5e36232f8c78034a83a2db76ac,Mirai,x86,x86:5113234956048469090,false,train
8accf7224127019926b7a2a67e7ebbeced64113eed562762ee4d2c7949bbdc4b,Mirai,x86,x86:7077370184434123286,false,train
8acd1c0c847bc860b5af22ebf33d8c627d872aba2a7caf3cbfba4dac61e0616c,Mirai,x86,x86:15429147149158864141,false,train
8b364199768f325a3dc30b4c222a43fbaa656e49492fde0cebd6cdf63eadd77d,Mirai,x86,x86:5864620056064801039,false,train
8b3b4c2149eff516e61b1b4a46fe604061f8a419d3af0892e2cacf5bae0016ea,Mirai,x86,x86:2104073482409338951,false,train
8b6f78786358c5eea3399f1419d9b7633e34d6f8fccf51f6f0803e8b9cc4be53,Mirai,x86,x86:15423542076607548769,false,train
8b753870628a57337306088cdaaebffcfd0e0a2178b455cee03a12d2008bf21f,Mirai,x86,x86:960972510253741755,false,train
8b890d2536673ecae9a01a9562327e0982eeb1288624a90feb764e178c516606,Mirai,x86,x86:17937115490779836179,false,train
8b94690adc011173c596a8e6dc72ef951d2b2181118f17825a2a8349a2d9969e,Mirai,x86,x86:16614457849256233200,false,train
8bf8f18b932fc24bb5131073760e0eb2a1ad639ffaf38d8b011d3e7a1ad22ad2,Mirai,x86,x86:13499620651021555521,false,train
8c3b96c7a0cc2135993c8b02d60f019295200f98e36c69af350ff51c74188622,Mirai,x86,x86:5756066657333315451,false,train
8c5483626960e59af5606cfaa7314a9113b9e6c007a321bd54aeefddb6529ea6,Mirai,x86,x86:5756066657333315451,false,train
8c74f03850dcbd4e415e05675b6e48a7c4400151576e7a322d1e7bd306595aa4,Mirai,x86,x86:15469207801646957634,false,train
8cc1048be834f8370a0c3129486b43da0d94c4de271afe60c1efe3baf764529d,Mirai,x86,x86:3851125325167280729,false,train
8cf1aaa7c6c4d27d0d7ab3d47505031e599c8a47feb3d6e3152a86dc6b4431e9,Mirai,x86,x86:3773822373808120175,false,train
8cf6098b96a3c36775c06c96c3ea2f1b81a27b44f9cf8d1c380ff6af58b377d1,Mirai,x86,x86:6289225410953001528,false,train
8d1c1ee8c1ff44350625b978781d5bbe5014f22522908fb465615a4f8f9e6b34,Mirai,x86,x86:5756066657333315451,false,train
8d7af93fbefc300b2662999a26d9c5d13af8eb87d12fa5b1d386c86fe670dd6e,Mirai,x86,x86:5756066657333315451,false,train
8d913cc0e5aa2abe1f9bf0acd5fd44ac415dcc8ea045781019897cdb6fb2d417,Mirai,x86,x86:4791405228231464487,false,train
8e0b47ac4c4570a649fc4e788aca3cdcbca090b2ebb8a6e12efa06e826b9df4f,Mirai,x86,x86:14738306877993973161,false,train
8e29c091667d2552c0277f7c80ed84d5f6ae92c518c336a6c80d1ec69f5f3976,Mirai,x86,x86:5756066657333315451,false,train
8e4cac22414859b0efafd672a73d023fe6f68c56eb7adde830a45a0383786a58,Mirai,x86,x86:9031765593641137290,false,train
8ef70eb578bf29a8ef4aa48bc4aefb700f0586b4973f09a3b184eadc31020a54,Mirai,x86,x86:13986809437825883590,false,train
8f4c3ce858086da6017a3084bacd7f8164e706528883b1bd35375405a4bf3cf9,Mirai,x86,x86:937944525552478112,false,train
8f5d60f0e71b599b733a27d5a5ba0ff91206f3e75eba8bd385ab825e714e7958,Mirai,x86,x86:3062953318801088742,false,train
8fba8433b39be1b1f42dac86a484f4a751cede995651428b13844ee0682dab43,Mirai,x86,x86:5756066657333315451,false,train
90106ee6acc4da83ba44ebabd75c5cb7afffc53e4c9aaa37580df8ce38d4ebc6,Mirai,x86,x86:9751434076578999971,false,train
907d758914146479d938c1a8a7366a5ae6e4f07f827b878062b39658ecb41bc1,Mirai,x86,x86:5756066657333315451,false,train
909df48d42585c9fd60a0712f14ffd28db1bb89e7d93eeacca3fd67443811e91,Mirai,x86,x86:5756066657333315451,false,train
90bd21babccc5d79447b0cd94d7b0c3d06d47faae37a97f1bdad7a059af752a2,Mirai,x86,x86:5756066657333315451,false,train
9124e804cf89cec46d49a52b086f46e0a9f0171de24042436846ff9bd643e3b7,Mirai,x86,x86:9173207037866451438,false,train
913834e8cd31ea4bea91e774c635fe641bca9875cb12e9e5f778578915c1e21e,Mirai,x86,x86:17084916989446465883,false,train
91eee1c9a34ace7e5d8f42a0595de415bb191e467e8da08a89f1e3d1b0b49ff9,Mirai,x86,x86:17249109479517993265,false,train
920d8ba367f6c5db37da7c27329f83b6e63b426fa73d28c6edda9e7c7b9314ff,Mirai,x86,x86:6704883898475163675,false,train
923c6640f70a7fd19e2f00471f354973740bff758df3b489a8f050fff625b3d0,Mirai,x86,x86:5756066657333315451,false,train
926afbfd63a4d0d0f6a90c346ff1239afbca854f3c510ee6278e727b7862730f,Mirai,x86,x86:683999491087557688,false,train
9270c25784311409d5d476c116247c4e84cad67ce17a0cf7ff894f930eba732a,Mirai,x86,x86:11550341135449102435,false,train
92b6e466d5e497bfa6c692b78ad4088ca2ddd2ac9eeda050d9a2b2379e2721f2,Mirai,x86,x86:17545846662778258331,false,train
92f6cd19e82f97da06c91716d5ddd969d44ee69a4ecbf3a12bb897050e19cba5,Mirai,x86,x86:11063046461390074036,false,train
92fc3a92f97add75f4c09066c9bc8bfd5524384b6d8e2ae1eaf71ff9f32e60e4,Mirai,x86,x86:15725604084218754193,false,train
932f37e14d95a292b6dd2f140dd052ce1e697f7f16ce282aeefe527488b7b2a3,Mirai,x86,x86:9578268911722255966,false,train
9396c24246b7105866feb042857e015d6faad9c2cdf973ca33b54bc03ad004d7,Mirai,x86,x86:5248360082776551016,false,train
940d5e58989045b050b85f26e643a169640c5e78492a2f6bc7efe3489474d512,Mirai,x86,x86:6052228672186260990,false,train
9439e335e34cc8df36975030d5914d7c3bc9c25e4b06a11abdb65d8a2061014c,Mirai,x86,x86:10339573875439887451,false,train
94ac4d74f8a85873ed1f6ecfa5665a219c9ae86419dc4d5c057a10f676516838,Mirai,x86,x86:13196132205213519244,false,train
94ce2f39043c9d7d163545a94fd4ddaf061e5075c04206c763e9aad453c26ee1,Mirai,x86,x86:2508109871882922600,false,train
94df6553776a848578faaba38ee5eda95f4a7735c807801b89f1eea784d94797,Mirai,x86,x86:10229158403259912404,false,train
95d3c9a9f00090666a72d2ea8acef37adc2b5d8576e042e719d97013d809a642,Mirai,x86,x86:9630034948872392518,false,train
95d46525f69cfadd4830742ec5f4b4ac6bb2f232e751753313daaacf3a2e1aa2,Mirai,x86,x86:14423317153648609519,false,train
95ecc67054acbc666da5f7b9357c959da743328d046edd16978f88c704f83c74,Mirai,x86,x86:10168900971128033455,false,train
9603840df81840d9fe0d695f1a7aae3988619d808878b33edfb9f2d7afe044fc,Mirai,x86,x86:13179014626197015477,false,train
960db5c4c6561d9328279279ec910e0f8c4f6ede02d026ae8f785bb036b1ee60,Mirai,x86,x86:5756066657333315451,false,train
9654409b9f0cb056d54e2704ab9dd960e86292ae2a98308441568684ab09b29b,Mirai,x86,x86:4430097730787691095,false,train
96816791a349f64039f75dc9e657f4959b39fbcac2494fc4ba6b205ea6863748,Mirai,x86,x86:5756066657333315451,false,train
96eb38ac51493a20e0f8309dc02fdb2543a1bd1d71c03ed823918f73b17f0604,Mirai,x86,x86:5756066657333315451,false,train
9710f0317d5884fe29ee262b859442280f0aa797e3c57ce693b9573aff1e1b2d,Mirai,x86,x86:109557121594403078,false,train
973a0deb8f724f96a75585e0e75a9d015c94315c2dc52d567ea98093fd552d21,Mirai,x86,x86:8979564255806267546,false,train
9756db0e7e057b7df777c9942055fd7cf59010d96af9637bfb35c193aad31940,Mirai,x86,x86:4315740247329878108,false,train
978176f8510996377a23a0881b0f1b645c8b133a2a6282380be1e16e048c6817,Mirai,x86,x86:10378023660891742371,false,train
981858f0341e6d2ac8b30216c75272c8b696fae760fd3a70d33b45928b8008c0,Mirai,x86,x86:3235149432688073492,false,train
988bcd7df97906d0912043ef704158a54cffa9ba624bec1ed0c91be4ace45edb,Mirai,x86,x86:9546417492493020159,false,train
9891becc5077af6f6fa3f9de6acca8f6c6c8facc234664b9f846a2fea9a057f0,Mirai,x86,x86:9253495368397799037,false,train
989853c03e1591eddf0515f5f94ac06784805a0a1cd1cfd2e08dd2fa2aaee50d,Mirai,x86,x86:6011532025880272214,false,train
98b27e609186032ceb75f10d589d80fb12405a2f690c0437d9d65de77bfacbc9,Mirai,x86,x86:1948309887085815572,false,train
991db1bb8919d542340b19f0caf27fb5c2a66831fd8b86cef008a80c6da526ae,Mirai,x86,x86:4132701161637530858,false,train
996b5c2cb38272be410a56438a5a1af51c2ca132d8da466412d63000e8ce9393,Mirai,x86,x86:2292943141269294394,false,train
99823157d4749a98be58309ea5776e35c3caed4a672bcd841e7c4e6aa1cb8f2b,Mirai,x86,x86:4654437183387107657,false,train
9982aed9e6bbc48bf99287e08813e1c77c479e6ddc26bfc70942193a20fca99f,Mirai,x86,x86:647528253699375825,false,train
9a067dbc8c337b414c02e590dab79f332d0f1e9bb522ca863ff6afa0837d9532,Mirai,x86,x86:13667129053201552353,false,train
9a08111d85f726243561f457a80fd2758c45701a67903bd7b50c6d7c07826c92,Mirai,x86,x86:5756066657333315451,false,train
9a2399175aee94f641d7ff8249ebf2d154a7925e5a4c2523e367149f4a3fb844,Mirai,x86,x86:15413504784088502503,false,train
9ac28b862a6c3d155696b6602360047291c539d0d546662f29592e05aa1ec787,Mirai,x86,x86:1613774639285925450,false,train
9b5ab0c4a0d0feda07e16107396f798e8d59ac0adb887e701c52027518b578b7,Mirai,x86,x86:11479028486711746110,false,train
9c12459f08b5cdcd16ce7e7d5b6fcfcd7973892051d690ce13080f91cf996e63,Mirai,x86,x86:5756066657333315451,false,train
9c49bcb6c04a04f9b187f069a0fae4ddf974f54dbd8e7dd780684d6602ceeeb8,Mirai,x86,x86:2284470624088556054,false,train
9c674eb2993f2a3bf1f1ea9b0ef7131879a035a0902d5f77cdb2afdf05e1ffcb,Mirai,x86,x86:1557266310735779153,false,train
9cd382ddc13f227c375b4b42fd8e375ca034a3d7551e2d6101d979420c19ab4e,Mirai,x86,x86:13775360707238304637,false,train
9d5b74b837f6974411792505b92d67f7d6b0bfee10e4d9714445f78cd58970fc,Mirai,x86,x86:2910391025884330721,false,train
9d8de0b80cae8a8e06baf04922b173e40031da545eebf059709f2e25c926b490,Mirai,x86,x86:7011644212271435651,false,train
9d9d0e5a9aff239951a7c0725e37034292b1df078343029c5a3e7f5579701c21,Mirai,x86,x86:14881284510560065686,false,train
9dc3d0c60cf1ab6fd9a5d58879026503171204464e0e14a5f41806b3e0d805f4,Mirai,x86,x86:5756066657333315451,false,train
9dc3d8494a54127914c83159dbc9b2c81913c0ef89a49939adc07d5b3ec13c82,Mirai,x86,x86:918137977137799979,false,train
9e143f2cdbe7d14f593af538ba492f8718d5d3580f8f57bec0bcaea3863b155d,Mirai,x86,x86:6154826511294877380,false,train
9e1b367b0fe9330def0926940a927504c18eb9dbe208b3e7ff2b05ff0d59ca1b,Mirai,x86,x86:15701210748774752206,false,train
9e27136ce5a7a2b44825536d893ad52447ffcb14b45f6e650b13ade7308211a5,Mirai,x86,x86:11525796900830827993,false,train
9e2c603dd04942a9af0499887d6a7e74f4ed8d346b2eea565ec27135be7a0d80,Mirai,x86,x86:6805392102481721026,false,train
9e2f77b55579f95ee53df72ab8f3ad7d88f8d90c74ab5bc269d571e85543bc66,Mirai,x86,x86:7881864832357772555,false,train
9e8065d23f446949faf79012f628be980a37d67c656822d6e21cc7bb31cc298d,Mirai,x86,x86:17638100583187932497,false,train
9eb46b0b8658356bfdd7f6dd69a02f98d8b0bb051c8e0883cf79d7082ada2b84,Mirai,x86,x86:9577437373833911161,false,train
9ed75805eb8caf40d01909b531f9d84f91e49d2a766dccfcf0d58f4298f7887f,Mirai,x86,x86:11352967433904009214,false,train
9eebd58ed9e7d2673b9705d28d868c032cba2084a7c4722a6ca7f9952530e6d5,Mirai,x86,x86:5756066657333315451,false,train
9efb70d5d5aeb2ff4c0ab5e31cd8cc045c099b3e7a68e6ce8ca10f92cd27cf37,Mirai,x86,x86:17343530522476466728,false,train
9f52a66df9c91596a94850c03b596beb07cbb549a6957a5893d2122eadc17d3b,Mirai,x86,x86:10788464978059572435,false,train
9f959ecf362732376af9c86cd996cb3cfca977c9b295f46be062784f4bfd8f66,Mirai,x86,x86:5326677243023724703,false,train
9fd6895c150b19e9e71b6c844a5c7f83b173f3fae5911ca5fb8ca5b8e2b986b7,Mirai,x86,x86:16951901878908321971,false,train
a07e83007ab1dad2271467ebe7c9810a28c851444a14d3f4e08432bbae4200a2,Mirai,x86,x86:777687943331601118,false,train
a0b468eaf927a77107ee15feff31abfe0a7097b3e6361e226c1b3d29ed5575d4,Mirai,x86,x86:5248360082776551016,false,train
a16aed6e7eec9b9a47ec80a1385528ef7445b3824dcccdd7e527cafda7c370b1,Mirai,x86,x86:12831736423835626020,false,train
a1c73f65c8bfd7fe6378012a9cfa88d42b0d5913e8bc58004890d71ff31d1672,Mirai,x86,x86:13295456431585831831,false,train
a1ef52ab4aa5e3b2919e3bcdc50bde31b91afa28e694f16659cc1f2ebe0b1dd2,Mirai,x86,x86:17176056737243466580,false,train
a1f14a74ff34ef92d00903bbda3ad1bb7502628248e44f30e63e0df868fc3ba0,Mirai,x86,x86:5756066657333315451,false,train
a20fbc61a376a0321b85340ed66aa72b07fa3a2abbfee0d257c4514f5d7a8b52,Mirai,x86,x86:5010915041599655089,false,train
a24b4c90614941cfddd20c4ca67532165b60aa56f3b1a1ad8e819dd452e2e6b2,Mirai,x86,x86:7661352158811838024,false,train
a292233d4be0b39886ac1d48617f9835e89408fc361b071aaa32148b537e8078,Mirai,x86,x86:5248360082776551016,false,train
a2af81a2bb2668a51756e621540f5bb1837d1746c828db5de382ef111b678d8a,Mirai,x86,x86:5756066657333315451,false,train
a2c77006437ea862762d490f244c38f1cefe7c5e458bcea6fc64b005a7a61430,Mirai,x86,x86:5933185658573954611,false,train
a2d9fcb6a2dc5f7764e7392df8424363bfb7117a0430a46d6b6f56496232ae91,Mirai,x86,x86:7431543247135012121,false,train
a2f84d2e19bf844f03cfe2c056bb10fa2502d7ec92385818205e389bc1fc572a,Mirai,x86,x86:4787383185037483024,false,train
a2fdad39ea6983aa64d289ab3d49227774621f7567e5213596bac80e3fa66d4b,Mirai,x86,x86:17839738182722214747,false,train
a32f3740d39d725af3612112b6740147a10e19a0b14cb90d72972c61e87a15db,Mirai,x86,x86:13917213679627250842,false,train
a386ffa7e747b07735ea494f9b8d4905133fee1a5938b0123c0956800bf6d379,Mirai,x86,x86:16476278063243238075,false,train
a3bc00992c0312c615e9848d0702cbd22a05864c00af84047a476712e15facac,Mirai,x86,x86:16999955150290143537,false,train
a401e3eed236c71a308717da85fb33e619b4ca1a279ace6814e1dbdfcebd99f4,Mirai,x86,x86:10378023660891742371,false,train
a42b5c1d1cf6126f40b5b6017147f9effbb09e56fac94f366bf84edfffa2adbe,Mirai,x86,x86:4005000282647451723,false,train
a4632ab3f36e4f059b9b14e2709596d5ad428e08aad39b50e5c68419fd09cad2,Mirai,x86,x86:5756066657333315451,false,train
a4c2ebf90f20ede8fe63baacfc644282c6215e045839179c68e78747ffdc63e9,Mirai,x86,x86:18287878957187895835,false,train
a4d1464834b796a811023c08226763f89be122f10baf892e4ddee65745697419,Mirai,x86,x86:2164924457515386474,false,train
a50bae0d0751bfe9541f550625deaf0341f1b46b6fee403f65e2959c02304896,Mirai,x86,x86:14602926963693675964,false,train
a51047b29bc62d28ea28e7ca1f07c3c3d3d853ad2dcfe905c4007ed37d06f80f,Mirai,x86,x86:1482423856064232831,false,train
a58d4e03559c1ca999508a0d521b0969da74f7d1c3c2986c383aeb81a9235c50,Mirai,x86,x86:7128558651625924057,false,train
a59f6fa6e246f3945e5852f7193d4b83674cef4104ff4feb36ba922021bcefe1,Mirai,x86,x86:48253435592554514,false,train
a61f7a11cc7ede851eec34410fba716eae62d149b7e617b241ceceeec3396162,Mirai,x86,x86:16423180614905920059,false,train
a61fcb90f79e59ae84f64a35e694d3e902b3082ba909e6df45d90adddd368e2d,Mirai,x86,x86:13486191569693532741,false,train
a65057de2c7d3967842f60d88581c7e33785de1212d5484e4f91e5b2b11f7f48,Mirai,x86,x86:13287782871603978953,false,train
a65a175e97dc5e7bf83e1fa55ccda89ff27904a852e9086618dc5e08fce37cb7,Mirai,x86,x86:5211693122735081361,false,train
a6ab4c09226ef0ebdbff8e595864399e00f69f4882131f769e08b126a097df21,Mirai,x86,x86:5756066657333315451,false,train
a6e984ecc3459be60d40075de45e304ed9af672a44ccfdb82164ac3fd463fe10,Mirai,x86,x86:5756066657333315451,false,train
a727f93caf31506be923067a5cfc885f5a6ea442916df13a15cbab321c6e161b,Mirai,x86,x86:5756066657333315451,false,train
a72ff45b5d33ae5cf878a0ee3e5a88c8780ced70c63307f4f4d3be968adaa3b3,Mirai,x86,x86:3686873396260188539,false,train
a76bd6c99f64b3b5a778acba628c7e6f784cd3e0ed87c190d55d08d61d6a5b33,Mirai,x86,x86:12958663123325405556,false,train
a7917b6b82eb8ce96283c855ab04ced4779f4bb90452c0424b6325a6386b0f57,Mirai,x86,x86:7343749877682552403,false,train
a7b6fe9527200e1e660313c498aa02c9a548ae1763f5aead33a5359d70caa279,Mirai,x86,x86:5756066657333315451,false,train
a7bc4ad32d89e95b15a9c159885dd88dec12d875e7191f6117977ca5ecab3abf,Mirai,x86,x86:7519409303062984396,false,train
a7f40fc90b5de513301ca672cc0e5c1bcb0808120574340520c37bb9b4be3aef,Mirai,x86,x86:2243716565755506924,false,train
a7f9789eef0fd6dd0648a08caada89516eb2a4af07d11b4b70c455f9eb283c2c,Mirai,x86,x86:11492055977422654160,false,train
a86a698c0ac9d755095e84a8c89596991017d496ca14c34ca5de80355eda1c3a,Mirai,x86,x86:5756066657333315451,false,train
a881885d10b1f27973393709065691076b3b61393cc493d8ffb7c66c784f31bf,Mirai,x86,x86:3071879133268226014,false,train
a8a7e9780d0562c9f8e5bdf3ff8ea5136435ab0c7c928dfb7acfe6c87e13072e,Mirai,x86,x86:16233320876346383593,false,train
a8ad7406a1180f61e0c962141de8b63f8e90970c443c9173abd134a22cac47e8,Mirai,x86,x86:2861998899869706138,false,train
a8d29a8e33c09bc4b624fe383192e240f9bf4636a5b6f98f9a4945b843af6b0b,Mirai,x86,x86:5756066657333315451,false,train
a8efecb386e7c83db96c6e639b767833305016aff62405a3545d8b0585b4cc99,Mirai,x86,x86:5771898510133525578,false,train
a9390fe65ba8d645add9061a5493d0c811cfd0563c70e75c605a7ab628d09dca,Mirai,x86,x86:813258598873061107,false,train
a967ee5869b7b59eef9518bb2ea2ed30f2df2b69c328b747ca68f366ba2ac5ac,Mirai,x86,x86:5946586093189253902,false,train
a97e08b2b6d19c8a2562f4908b090013123b57ef333616f706469c2480c16b46,Mirai,x86,x86:3030925639978360083,false,train
a9d02fabfb1b23ea6c8de933dabfd058182f280e84ba4786fba79d9d11e1da3e,Mirai,x86,x86:3228341938868415691,false,train
a9d989783c4ac648e00f3221d22552cecac99110e8b8dfdd355ec0a0c3429634,Mirai,x86,x86:8637643304934938024,false,train
aa46ffabd5834ff8fec3f0495abae24cc6503602474c974fa6c09e228d6f2789,Mirai,x86,x86:16820976127052176612,false,train
aa89124b654d7abecfb02f940de5fad2f2c7b889290633bc4df79e417667c478,Mirai,x86,x86:10121772499010832039,false,train
ab5ad58e703c13350f62e329a3b1215265b7c33d4be28356f298f9b9b84f9d8a,Mirai,x86,x86:8024059139326341624,false,train
ab84d6acd1081948b00148efc74da399f93385f9769fc7394a4a4b0107f9f685,Mirai,x86,x86:7552525542888121239,false,train
abad4dd7cb27d17eeb4cf69d97b6ae72ce9fcf5c17a7335bd157e4066a7030fc,Mirai,x86,x86:2873319061290628415,false,train
ac47d117f2b2aa4eef0fd4bac74e990493826fe2b7ccd136e3e77d9846a839be,Mirai,x86,x86:3979144399530355015,false,train
ac83a457a36512e1ce26c4c53785fd91e22fc4d792468ef900f12281af738e7c,Mirai,x86,x86:10922028205140539411,false,train
ac9ba77046c82d6ecbb8cf959f1ccb00375081cca57fbe6abbd314f3d7e1afde,Mirai,x86,x86:4902023890304063172,false,train
acf6b7b3fb8aa2b3070e1c724810075b1cb4c1354b0462ff2f70cf085e34511f,Mirai,x86,x86:16734682936315730976,false,train
ad0c39dff07834a302dd1f44bb682e26ceebcc77f31f124e955e7fc1f6d12bda,Mirai,x86,x86:5756066657333315451,false,train
ad197157a4244e4e3f1035c6586a5a760da4226522d8775054641d73da174683,Mirai,x86,x86:5756066657333315451,false,train
ad3b2103fc3004e03de713ff1b1c15db3f1ed69347858cf9b08a6300c65f2f7f,Mirai,x86,x86:5821675167052909521,false,train
ad4a5447a860f84f4e5d3705db91e3fd58df5ec97858ea4e9ebefbd404ee41ae,Mirai,x86,x86:8049580225480167699,false,train
ad4bb0bf029565009f7dcd847502967c9451f9053c731919d754dc476a42409c,Mirai,x86,x86:331471973908872280,false,train
ad676ce45ef608d02745870c16925e52e5c7012a62d56d2588ef86fda785a021,Mirai,x86,x86:6052228672186260990,false,train
adc3a24adb354fe8b857cbef75eed077ecc237a3fe816beb6ad2e574d1920bbc,Mirai,x86,x86:5756066657333315451,false,train
aead09b5ee2ad8095cb4a5dbd965b9a4b5a537b8d27a74961dc59557146cff71,Mirai,x86,x86:7774317374286752717,false,train
aee92b81bbb1d0e6e5262166fdcc06bf7b468d3422369dd91823426ac6dbd18b,Mirai,x86,x86:6140965004540544879,false,train
af95f72ecac3691f68e14b44f9d27ec9f265ea9027b494b524555dd832715d51,Mirai,x86,x86:6539423379270181136,false,train
b00ad8b90eebf7107effe9b6588576d10c11ae708c225b45315415072b23aa70,Mirai,x86,x86:15848255186036785763,false,train
b01104e8e333a0b0e5e1e1ee3eaadac71ca674fe8aa32b77e061d601c220d140,Mirai,x86,x86:5756066657333315451,false,train
b027460581afa1f811c6825c439141de5827755de60799d33e2c133f0486947b,Mirai,x86,x86:219867239272553318,false,train
b02fc515fc2d189d9871851daf8ec566001b1a1ad54a07281cb4d51f4ebf4a41,Mirai,x86,x86:12729598883110178212,false,train
b0400c5baefe323f97b6059bc820c3eb7eefa3afa00a76d9a61c13a46312fc5e,Mirai,x86,x86:6125218113985458748,false,train
b06fd6af7bfab631c101e53c3bcf89b09a6e52f3203732c550ead9ae4795d31e,Mirai,x86,x86:5568542712062485083,false,train
b07194492852a6ac6b09b343f5aa10bc6353fd95dc33b229757a9233f1830e79,Mirai,x86,x86:14613366357195487884,false,train
b096008cbfb19e2947a0fb7c653ea571493a73e321ee82ff27849627cfb20ea5,Mirai,x86,x86:17028537535088476722,false,train
b0a217a3385075c4af8fe6f905d67059163aed481c09930d9f00b2b0b3274262,Mirai,x86,x86:17755162558674309734,false,train
b1a581867e3feace3da80c1b926143ca78f1a2869f3355d2c4f6c77ce15dcbc1,Mirai,x86,x86:11224004371234723967,false,train
b1ed7315020291732c7971adae824ed020802fcfb06bf100c03ed1979e973077,Mirai,x86,x86:12684878635349963522,false,train
b22a755c282ccc9dd808bd15d3d7c8bfb0b65c974ac1cdb04b45fa891b6d5f31,Mirai,x86,x86:3343377175945259838,false,train
b28e503890153a10dbaf704e3143563d163fc812e9c459bde369fb12d0572da1,Mirai,x86,x86:5756066657333315451,false,train
b29d9229ce9822685cb4c7c3061dcd87d5046907317d1a9ab1adf0e34f0d10d2,Mirai,x86,x86:16403945473330259604,false,train
b2d238d6d6ba2560daaadc3e3bf7f6ecdd32f002056557b6c5156037815656c7,Mirai,x86,x86:3201654988821041179,false,train
b2ec0f00accecddf1db446b3c98b8e168871c20ef739ed89468c6e26d905a452,Mirai,x86,x86:9011634118639498372,false,train
b321443ec6fd6b9385590cff08edf179cd3f653f9a6b991d2b17ed5c8c320d76,Mirai,x86,x86:5756066657333315451,false,train
b36dda3b46785795f64eb0fab6f90b453fc674122381efd55820a000e80f15b8,Mirai,x86,x86:17048042990692544002,false,train
b398aa391c7f254bf6fe3a3043517db41552c9e7d57ec70910b2f823122acc4e,Mirai,x86,x86:7193531412712915676,false,train
b3c672e26f6474dc11473a30811005500f498070c3f2d4d0bdf4d0b5bd0f0bd7,Mirai,x86,x86:8282280629765396607,false,train
b40af6501c5892a189859da292a0d118b5da31ca31b2c11478cc64c403cf84ed,Mirai,x86,x86:10765249671208297226,false,train
b43b0b150b8ad189de31ecbca7891b16572bddfc5f6acb46c3c3258341d6e478,Mirai,x86,x86:15042636228392641396,false,train
b4caf92e6f1337942749b2ac68e6b4b0a0d34f503ded723afcd54809035f35c3,Mirai,x86,x86:9557356010688904861,false,train
b4d748d75cb427fa5e9c5978be1aed117de78e013040231ff17a35eba61f09a6,Mirai,x86,x86:13909095986378322563,false,train
b5622ac07b3d98d4c40d079976c331d9815b645fc525a68675f8fb6678bb85b5,Mirai,x86,x86:3553074643913892506,false,train
b57cc19a99a04556887ace33280b3500d12a75cae1924d4deed8e489a4d2cfed,Mirai,x86,x86:8523633947653575393,false,train
b5e8cc9e8a661d38267e4cd7d09faef8df92ce76d11a2d6917a34ddf7c21dc83,Mirai,x86,x86:9578268911722255966,false,train
b63112e3d65f9b74fcf75b47a959f59e9a4e508b64975dccfd0f38c7d7dbbf2e,Mirai,x86,x86:1181801285363805581,false,train
b67ec731bb8efe3d536b89206c088a198b35cb9302da011106e9e011c42b80b0,Mirai,x86,x86:17562252195892513260,false,train
b68df19704b095296983f05893f42f0fafb0e83b24fb93a3c9244253692ff8bd,Mirai,x86,x86:1162724354891963036,false,train
b6a5f4cc6e65ea5bd482cf7877757be9bcd4e6491710c64111ea3bdfe8d619fd,Mirai,x86,x86:5756066657333315451,false,train
b6c6338cc2db546f8b02f768447a693e802054986dfc837554de0c8ca6384cb0,Mirai,x86,x86:18351216879079480063,false,train
b6cb09d8edbf6993437c82fafbb84279a8ad80b665f1efa2c7e830dac63f3cf6,Mirai,x86,x86:13449130870255877205,false,train
b6f0bfccf826d2be620f5639befa23dc104d2b028a08a9b8494bd354adb597d7,Mirai,x86,x86:11701576657201214063,false,train
b70380afb55cdcb40a48d5e837409c4254e587822cf3fac82580700d5a952df0,Mirai,x86,x86:6926179814106136707,false,train
b7097dfb54a088afe8f6b402647e501eaa250a9415782d494dfd682906c6bbfe,Mirai,x86,x86:17563243385707674210,false,train
b73f40cc1c02e4f9a92b1d2d146b839a7ed753e80d3d3eca5ee87b7db596c862,Mirai,x86,x86:4354198438414258063,false,train
b823e4e3dcc66d7e40a28628685b413b27f0f2f483894bdc2bc146676573616e,Mirai,x86,x86:15562374640158425281,false,train
b83f1a2a3e279af0960a71672d39719b6711398e6f74b99fd88d0738c061ea82,Mirai,x86,x86:11037998089480384974,false,train
b88b5b38feb27729d6f459e242d858362b40bec019df8d528738bba256538371,Mirai,x86,x86:10378023660891742371,false,train
b8bc509f74c96d4e9a2a753e09c412f86ab1a33a07a679cb7fa8165a42d6854f,Mirai,x86,x86:13389078581292968335,false,train
b8bf944c2eb350b766d8576c4d07a223051701318fcbdaede3e97f7868052a8e,Mirai,x86,x86:4592256185642080255,false,train
b8d85a7ccf53fd0a72104569fccdfd65e3ea61cfe5b7ff89c30eeb7287054d9d,Mirai,x86,x86:11865513529413310754,false,train
b8d925cdaee77abd7993e5351fc611a3b3815a67e5c061e88b710a8ad7497bcd,Mirai,x86,x86:6299050990025402511,false,train
b9042181d0c11607f378014cad3a306cde4befa64f28dc203f72ed758c1bdfca,Mirai,x86,x86:11652633642117963990,false,train
b95c6a314ec7f37de061cc6d16031940a90d181e2150dbe0906a4b6312f4750d,Mirai,x86,x86:9219852719955540282,false,train
b967ec69b200dce32d384236b226e1bfd9e5b445274153f409587e4fadb56761,Mirai,x86,x86:11226121849462077755,false,train
b9851c4a32b3f66f49fb4e8e52ec80c93c7ae54e3c323bb77aab5bb40b476115,Mirai,x86,x86:5756066657333315451,false,train
b99ea0e9117f60d37c811f845e64ae387085fdb4abf133205f008ae31b9c618b,Mirai,x86,x86:5756066657333315451,false,train
b9e36b5031062c2c2b4f0c94d5cb88173167f1e8d0ec802cd13f27d16cc52de4,Mirai,x86,x86:13347558696135374791,false,train
ba9050cc0e3ea8a328ff401f3b683df4075a403775d48376eb3914931e467fa2,Mirai,x86,x86:2759173808682113469,false,train
ba98e42f111fd93c9bf01bd33edee0aef8e5c1b5276451e8e830acdbf39fd98a,Mirai,x86,x86:9250000334484858888,false,train
babb854fd1922d49a1a3bbedd4eed2834a43a2b280d2b404aad6983974338cd1,Mirai,x86,x86:1150671366998243613,false,train
bacaa90a96ffad4e65d707595733951f99adb1ace1b40c65e9b5f74bdc0f7366,Mirai,x86,x86:10192022128145601132,false,train
bacac5e3fc41b211b2a4817f4b106cb698dc3c8b3f9e13b36f52972b8fe1066b,Mirai,x86,x86:5756066657333315451,false,train
bad38e2250acc16e4418138ec5da474e90c3d802dfdb7d0d6af365f8b2c5b6c0,Mirai,x86,x86:5756066657333315451,false,train
bb3f212f2cab960df4f6ddc10a6af6d00348ecf25387efe993a33ee8e1cc6e76,Mirai,x86,x86:5756066657333315451,false,train
bb4dea924baf7fe3d27ae7aff9af882f3619b08cf0e14d18a5c243ea0f829715,Mirai,x86,x86:2195440864013314325,false,train
bbd4d2c055bbb2b92edd56385ed4fcb4a2be8cb931701c15816937b08ae2444c,Mirai,x86,x86:5845990589950852182,false,train
bc5642298b2f34fac2f6101beb47a088f730c61633ae2a0e6721ed082ecab2c0,Mirai,x86,x86:5756066657333315451,false,train
bc69e599037743949fad204aae9e0c52f406a105ae642bf0008949b8e7ef8384,Mirai,x86,x86:17576875150209231246,false,train
bc71a6a8f56bcf9de457bbbcdec9d40fb6f3be4332d8205a1c5733f5e08c2625,Mirai,x86,x86:9546932534864758655,false,train
bc87be9203dbad742f093cd964391f79822ccb78f5deb47637ce861eee14a1b4,Mirai,x86,x86:6210214362538919185,false,train
bc920af57f5d9a8b921231dc1f6672dd45c1bd5371618c9ef40d93e73ee15ff1,Mirai,x86,x86:5248360082776551016,false,train
bc9701bd5d5fa05a0a7a9a7a3b8268ae690bae313069878731e8e69824e06a72,Mirai,x86,x86:5756066657333315451,false,train
bcaf6e33e78769d253a52b88f7e1dbcb53e2479b594a02853366c6527d5f365b,Mirai,x86,x86:6035011190919297036,false,train
bd44cdb9b3c850c4c55e8bf586ca550b91138bccefb30ec0c7943168448e3a34,Mirai,x86,x86:17588070317484404254,false,train
bd64e71a1509570fc078a2f91c9344c39074ebec3c692e6993dbffeeee7ca526,Mirai,x86,x86:1633354936437153569,false,train
bdb59a2b72b21410ff251da430045ff2b1cbe6f8378ca1a36cdac5b47b279f63,Mirai,x86,x86:11057648316141774991,false,train
be1983c343cadf31c925ddd1df857ad559eff94fac7c4f2d4c43f4e406aefab1,Mirai,x86,x86:5531767494769636021,false,train
be5aefadcea62c2fc1442eeaf57897d48f9e25aef9dbc21f0078ded194ff27d2,Mirai,x86,x86:11802147711854934747,false,train
be806e33b26f9f23b8f0912dcc833efd117544327b1295661dcc58c5cdbc4e37,Mirai,x86,x86:3619303403952642497,false,train
bf567db59b214df7f9a2d89d687c3ac650c967123927a7d193dd640e39fdbdb8,Mirai,x86,x86:5894142749737830364,false,train
bf9f2fb431699238a451210829632a49bed4641e00593f57d5a598052638700a,Mirai,x86,x86:5880029508722768150,false,train
bfb880395013eed330974655b9334ff69e0a74bbe7ccf0687560b411e18ca8f7,Mirai,x86,x86:12363602479290635170,false,train
bfc5830c92c53e81ebc6180ed20831deba5a41e84556315e9831669a1fc4cc9d,Mirai,x86,x86:5756066657333315451,false,train
bff0edfaf668ff060dad3462b062af755692ade980989ee633fdbc573cbc50a1,Mirai,x86,x86:11886719127396759269,false,train
bff70068990d14bc35504e459b346543c9dda0d143cfc0d57adae861aa9045fb,Mirai,x86,x86:5756066657333315451,false,train
c006037197f3ac249d31304966b78af86c1aa09a8e21d5b0a891b160ce2ac16c,Mirai,x86,x86:5756066657333315451,false,train
c01264a69622c333b2aa9c99b41110cdcb794f588673d33244f2d3bbff64e437,Mirai,x86,x86:5756066657333315451,false,train
c05b5dbc3c86ad8d2be97189ffd8c651473a79f05416fd8cc6b776581678c401,Mirai,x86,x86:7607592653195940865,false,train
c09b416f8de2fae226e61adf890dc2e5f81c608a58e8b632a855c4da7449ec8b,Mirai,x86,x86:6777542946552343398,false,train
c1a676f99e3a41e77a502ce8f7cc1b0e1cb23537148af6f1b6f10f3197f20b73,Mirai,x86,x86:11017322744333834322,false,train
c26a9c4e83f120f9ee487c4ab9d011fbcf6b5a7dcc633846b6650514c107e7db,Mirai,x86,x86:15252328851959824717,false,train
c2a058eee3abbe78fe86203c3a1e6c4396d43273edd1169fc715f85e76eab753,Mirai,x86,x86:11890020536124096846,false,train
c310a54be70f32eddbbdf91be1568d15eb3189b3736672551ee01c27b2308006,Mirai,x86,x86:5756066657333315451,false,train
c31e586ac175fe191c18db62000860b86f2ada0726092bff61e9326311b2ebb6,Mirai,x86,x86:12166278222024275234,false,train
c34942892a9afa45db38759400737e655ba218bdecf526f3b30d3735ebc7a85e,Mirai,x86,x86:5756066657333315451,false,train
c3d429b0a32942e41c8c13bd83cd18be636185544d0442f70d07878ba9411b7e,Mirai,x86,x86:5756066657333315451,false,train
c41e7438481dd76591472241dc04b5724adacdc0a52bd7162a64806d10708a99,Mirai,x86,x86:4721098795546324291,false,train
c423808d5aaa9624f1c6c8b2151936465d560ef9f2ddfd0f1b8d769a29ddaa43,Mirai,x86,x86:11436610704801592715,false,train
c4737e7211b74893c235f5ba2195c4b3f8ceb8a4158fcf4b29a366a74bb0e7d0,Mirai,x86,x86:4663527136663933118,false,train
c483abd34a0d7284f347f67f672b9d7f991c3fb8a697c5305abee0d1706b6f9f,Mirai,x86,x86:9959195027331919690,false,train
c4b2b4f8991ad8f4ccef0885b7bf6e3fac4b31b81224f6b092473beb9b715601,Mirai,x86,x86:14432209502455442483,false,train
c4c0c93467f1e7c0f44b38a49bf86f80e4d2693bd85f1903767c336dc5b9e8eb,Mirai,x86,x86:9769913906473234718,false,train
c515cb0d62aa08a0486d0334bfb6407523b469d005f52ea56d66be94490b2885,Mirai,x86,x86:13923415613552574094,false,train
c5caee5a1ed073e93a97bfa6f55fd6b5bb56b563a6d7fed80f3f09d709106663,Mirai,x86,x86:9686176960133988619,false,train
c602b12c7322161483446a761291b6498a2a4c2922cf81547ed3e053acda98f7,Mirai,x86,x86:389208545986021202,false,train
c6656fcf634bf2be4c509383d9fb84e0a48a53e0a4595f00e4278af429656d44,Mirai,x86,x86:18188441486354417390,false,train
c6cc081b1c5e96b0dda2be7fc405b83e14301cb18b12e207eef246eebe6e9761,Mirai,x86,x86:11510675674523978657,false,train
c6dd9b0b474e7c94bc6cb34d7138b875e6690ea3c860860239d3701089c7b8c4,Mirai,x86,x86:13151317779127155808,false,train
c72c620477b59e428912c057a780add553e955615483dfd8079ea2970afdf518,Mirai,x86,x86:5884713461765732910,false,train
c76e1e8ecb33d22cd9f60f41b573a8becc5473300cb275d92eb7daa05004e463,Mirai,x86,x86:12822240953520876840,false,train
c7adc776da6798f65597faf15ac1b87e1e83a62ec2161288dbdd684b29a0b924,Mirai,x86,x86:17359411342573584706,false,train
c7fd5c17eff75ef28f72b1aa0547def25051f7d64c5711feefbe1e17921f275f,Mirai,x86,x86:5756066657333315451,false,train
c86d39e8b7ea543ab97df45f5ed8cdab54c0ed922eaee53b6190dda47f9eaa95,Mirai,x86,x86:5756066657333315451,false,train
c8cd23bc0b65a06c2b3eb6af179d2d6620b1d4e8a1053152ff525d9316e0ebaf,Mirai,x86,x86:16610551329597806111,false,train
c8fda0bfe9f54e46ab153fad1f9bbb364261d9d57ba106e3e86609a597e57ed5,Mirai,x86,x86:17036544791290448314,false,train
c9733ac89fd1a0fbb3f7ff949ee25b62f0b6b86674f19b328170a118a344a221,Mirai,x86,x86:13998917334261257765,false,train
c97b36752b458b985e178fd48a042d72acd0eced40d32d2f7c25734aa4aa9210,Mirai,x86,x86:2401840564538714611,false,train
c98c64f406db3164eb3f97844257d7a69f879f682dc2ab457e91d498ffb9e137,Mirai,x86,x86:16184917879549480166,false,train
c9a65f3bd78d60100eebc231ee54e2be0d66182fd3f230b72e895d0c3bd1254b,Mirai,x86,x86:2732337801834838690,false,train
c9ca7e92d154587e2e668fbe932402334ef5e0e8a6c5a48375492223d70a89e6,Mirai,x86,x86:6186315238309500131,false,train
ca58240400898f8055320c80a96e1437795fc97954120500a4c76781833ad1bc,Mirai,x86,x86:1418441414542524281,false,train
ca920730ae73d757708467164f9ea2eb307e0cf4804eb101b2697594899dc883,Mirai,x86,x86:14280310736947577174,false,train
cba6c1078d50dc3e29abd7cc572a5393ef992d5b46bb5d3d2c70d14d4f8c182a,Mirai,x86,x86:5756066657333315451,false,train
cbc58502d82176e06380439644203241e20b6cd426443652d4ab802c845eac9d,Mirai,x86,x86:10115373703376347587,false,train
cbd4367bff6c30e7037d138ea51a28222292be288fd5a2d8f687bf0e6ca50f86,Mirai,x86,x86:5248360082776551016,false,train
cc12d87da393c6089e528eca40949bbaec9dac38cbbb30cf8daf9e523e94fa61,Mirai,x86,x86:2263443188944635610,false,train
cc22981ceb10ab233504fd8337d5295f5551c0b29d63dc62360c4e65d9e1c556,Mirai,x86,x86:5756066657333315451,false,train
cc61375bd4f8b74460f9f5bdc58ebaddfcceda4c812440ce8f0468b3096c9dfa,Mirai,x86,x86:7812981791549967592,false,train
cc835c2aece0908b6bdde4a05450452c69c20ccd0e30dda2806964b549730e0e,Mirai,x86,x86:10386176301635116927,false,train
cd3db6cf2c8eb03ee67be6f51e4a14ab887b9c09a8006d3735f870d887f3c1cc,Mirai,x86,x86:10566441235257366559,false,train
cd67a9db1c069d8a9ee68a76c68d20c53659d319425ecabf8a0c5b193aeb6fe8,Mirai,x86,x86:5756066657333315451,false,train
cd7c5bf916668cb6e009e93bba92cf83f6507aa1e6ecd000002cd5d0811da3d3,Mirai,x86,x86:8937664389576051785,false,train
cdad2a8cd7adc0a91b4a3d1703620181bf912c7c71732da52bd8159ad8473164,Mirai,x86,x86:15814426586840156197,false,train
cdd308609cff06e44f1197c1a6eee16183f9e46dc41e0e0fe094ef160fd8df94,Mirai,x86,x86:5756066657333315451,false,train
ce18cd059b225dab212050e2e042f53333e216b36fd1bf2723db4460e26a3dd6,Mirai,x86,x86:6465007362011004691,false,train
ce7e6df9356d711fb017add31791a813a89b0b8833a48f0825344ddc7853900d,Mirai,x86,x86:4413976032233876083,false,train
cecdf3374b072c3c50e7b8a5ee8fba19af2fd6adb3e037b675b261dfa0f9357e,Mirai,x86,x86:17296068883680132467,false,train
cf15ae7df21c780a8209aa9bc7377992da28880c60298f99b580e76dc8787aa7,Mirai,x86,x86:13271157446006196284,false,train
cf391cf84d0c491ff38cf59b45d2af74ff1b8f3a7ba8a31f0327b3bee78e6c47,Mirai,x86,x86:4102373174796722368,false,train
cf3a961fd767ef8ed7ae6c9ff48bb499bcf3fcaa16912768a3a54947c5a9594c,Mirai,x86,x86:16227428634455763548,false,train
cf4ccc3fbe2a801d7fac1d84ba2c1e5ea6c4f31086714f76684981dc56f3c15a,Mirai,x86,x86:422176234101717256,false,train
cfd43bea431abcdf8ce5a26db61cf11e87ed904f4d8094c95197d60a913dc930,Mirai,x86,x86:16398746730763777164,false,train
d04ede7693404fea91524a078e0cf066716da9140b96ce9d6db1e783e75a666d,Mirai,x86,x86:7116417902841300627,false,train
d0567b765efe40b360414d73a7366b0d73277c22ba2387568ded89ccd77568ac,Mirai,x86,x86:9012952419090923497,false,train
d0728f9e98c701cfad8a00dfe863c742e2adeda808d51777c65f177918279add,Mirai,x86,x86:8701211378667342924,false,train
d0bbbbe861b6fbaa50e4b87e9f1400a8fc3691e13b2423e843eb603371832299,Mirai,x86,x86:17494028271559905107,false,train
d0e8ace477b90a9651640847f3392f6f4bfbfd9bee8b839bea42e2828221e8df,Mirai,x86,x86:14465198846352634199,false,train
d12598a9f4febac45f9e5048d1388ec1085a5737b58797333dcc8841b0c34294,Mirai,x86,x86:5756066657333315451,false,train
d1ca6c55440f0dbf052e43e74244a5ace624a8456f92eba0e2682f682987ff6c,Mirai,x86,x86:1078390564928334564,false,train
d215004e0e6af08d741e48276ce6230a906b683f906f437ee222758a316643fe,Mirai,x86,x86:3970549883519135171,false,train
d21c1dc8aca7769b4b3a24253bfcdaf62343ec08544f381425a10ec1143c1098,Mirai,x86,x86:5756066657333315451,false,train
d28462de2d564535f3f5de4ea94502c31a124821814cec46967e4dced2e1f194,Mirai,x86,x86:2149121532988257271,false,train
d2de38b790ba64c96fcd6dad3385e3ef5fce433e6f5180091bdd7a684da73bf2,Mirai,x86,x86:5756066657333315451,false,train
d3613894cb548aa911be7cb54b81a4be8edb2c9b7ff18893d53d57f91c0d4227,Mirai,x86,x86:13198412483395788190,false,train
d3a2ff4d29ff9161775e337a2cd703c82b22b74076c23cf7c0d3b44c253b5a97,Mirai,x86,x86:6009568144081606006,false,train
d422e584853fad65aad992882a1efb34f4ef8b43219087fb96cc36948c7d7079,Mirai,x86,x86:15682193546830302745,false,train
d4490c751151b9e8704b94e60965bc56f6af6bcab864f6512e95da71d74b747a,Mirai,x86,x86:9250817736012705445,false,train
d468a319df03d8c3e25d1ebfe707276c64227dbd250f1a0579d257fc3e885209,Mirai,x86,x86:2782799011363155404,false,train
d4a325326c9aa67a7a5860b5317960f3ef371e32cec92a44ade92d392397d270,Mirai,x86,x86:14846445987049884045,false,train
d5b2bba485370cb15fb8a64934b29d57d24d1ff65e18fc8add9d4a347c7a5655,Mirai,x86,x86:17575276544187891579,false,train
d62da7f96bbbbd650eba1ad67554711882f021a3e4ace5e22431bc1a1a697643,Mirai,x86,x86:4102373174796722368,false,train
d6b1f109ce119291b0bd58d58771388e8c33fea8f21062220a7171a313c8398e,Mirai,x86,x86:5756066657333315451,false,train
d7007dac049001a9ad2a52a8664216dad91d26ed52b65d243e5d1e5125e9e897,Mirai,x86,x86:10897068452236645992,false,train
d712693aa6738604f39852381b15e04198f3e90a0ba648c3ac177208929489b6,Mirai,x86,x86:7738614550017058229,false,train
d736a294d5808924aaa8f57e17f93d3d0cbe114e678d65a86388186f6fd4a426,Mirai,x86,x86:7507568709527721220,false,train
d7c115774ef9c1b949eb88368de45262c825514e5b704199cd75e95f39a92ab5,Mirai,x86,x86:8023952901759512970,false,train
d7c7ea2f9f28c4f1f3d79c81cde9cb19d88208c860b369f1c34477dacaa44fad,Mirai,x86,x86:14700605914490219318,false,train
d7ebd0cfcb2b983852914967819bedd56351ced3116d446f95ac51e4e533d56b,Mirai,x86,x86:11980973910528107589,false,train
d84cbb5fee1c3b62158919a6efabc724898be58fe609630b7018c8bd3f5090bc,Mirai,x86,x86:5248360082776551016,false,train
d86a1f80649355f013b7beaafbde8365c67ed9d1b92bba3543e15ff1d3526c85,Mirai,x86,x86:3468376847998622267,false,train
d8825909f8d48d054bbc4037b5157da254343c9b3795564b8734373193a176e8,Mirai,x86,x86:10929714382487251882,false,train
d88586ce149d00078e75c99ac5d7e49579e3f3bd23a3d34de15d48e6bb675229,Mirai,x86,x86:8944793683672846232,false,train
d8b55fd18aa6565f991e2b25f82cde847bad070c41a13e199c8ebfd2287525dd,Mirai,x86,x86:5756066657333315451,false,train
d8ec6d6f9fb2e288c8be2ba38b1873f5191daee521237d50f13727f3cd848b7e,Mirai,x86,x86:17670749423084297588,false,train
d8f6258336a3b4b309cf0f9bfceaf75fa929e64b0d782a43834f4f9233bae35b,Mirai,x86,x86:17240972889780955337,false,train
d91e878d0f70497cf620a72e913eb4ed7dced983b0201d0bc675cbb46b758eab,Mirai,x86,x86:5488563589002468556,false,train
d953496a3f3eea10f0ffd10ca72eb474c0978e6b44bd1afd04a8bb1b2f96ae1e,Mirai,x86,x86:5600922492271526626,false,train
d97bd99da05abe73a8c069ddadf811c72033957b9a69e9b45d9ba15be7bac678,Mirai,x86,x86:10084606348698197589,false,train
d9a24bc2bf175f24c792513e8d7e814f71c6c6e673e32594592bd1950bd7fd7b,Mirai,x86,x86:539949995682025601,false,train
d9b8a545ec586736f8fa1762dfaeb03394dd4c227d79ea4770597ce6f51da438,Mirai,x86,x86:5756066657333315451,false,train
d9d1ea52fde3a297da8747c5f54b99884fe5440d17d29e23f166d902ed325ebd,Mirai,x86,x86:13196132205213519244,false,train
da107f6f9ecde6eb51cac20a387c45e8c9e5b0e0b39fe1254786bd7fc5cb5a3d,Mirai,x86,x86:5756066657333315451,false,train
da6680caf608d9a5c4b8a7d91a3c445d6ebc88f5820c124f1c65f7a77d7098be,Mirai,x86,x86:17250702189263552903,false,train
da67cbe21b684aad52b0a31e59fdba96d722e937932be4543a2f458c1d5ced74,Mirai,x86,x86:3226823357838414979,false,train
da9b1f3abe3db9fcaccdb84d8ad1871b84c1deacf13fc7b1b9f3db0001e99bbe,Mirai,x86,x86:5248360082776551016,false,train
daae9969527719a2d6583f67b27fcd351cf4616977cde45d79b7562644cc61af,Mirai,x86,x86:15568836120792791720,false,train
daaf60156ad58dc0358145ecb013369e477b999d392bb73826da327756125dd5,Mirai,x86,x86:350730071934553730,false,train
dae5dd3b29c7758b7b345e117c9f37fe63b89813a135568f3a64e8d030906d76,Mirai,x86,x86:10378023660891742371,false,train
dbbdf52354451795bd0c6e8273213ee2a18de59b5941abacf6363e2753ae97f4,Mirai,x86,x86:5045580400791313524,false,train
dbd428afd8999352831139d1a585226fbf4dba3050c6c279d696107444628b68,Mirai,x86,x86:4506880094718157412,false,train
dc1bc9d1f46905202b804e49d1a0516ceb562fdbd044e15a9873a985234613cc,Mirai,x86,x86:17900175482336131855,false,train
dc44642ddb899d9c01be23d31b2e969dc9d95d99fee35d89b7f872f4db672c40,Mirai,x86,x86:13637346708828924216,false,train
dca8101546b9e8c1ba49df133591e8ea3ebbfbeeedcf4364595fdc6a00248ad7,Mirai,x86,x86:5248360082776551016,false,train
dcb9ec20516877f25291838d7df77325a051121c8a930179e3aaaa7b8778bfb2,Mirai,x86,x86:15338101123040948927,false,train
dcf7daef4e438df0e06ed27dc100b9ea2af77be1964df126d7765e930c8c1a80,Mirai,x86,x86:14449561183536509842,false,train
dd4677e8b077f3c86c120636b79931339b6a5d8a8a9ae07dcdd51ece81bb43b2,Mirai,x86,x86:5756066657333315451,false,train
dd46d07ebf8c7e5793103eec70c7a853ef9bfef496c7f4b22c1d8c79be4a4a46,Mirai,x86,x86:5752076925953852221,false,train
dd7b75f1f6f14a527603f834f12b6290d164f4f8dde51a032d6419d706e14d0c,Mirai,x86,x86:5756066657333315451,false,train
ddb27286ef835c7995594cbfc9a4d0843887c80627f890494394e797b1faed95,Mirai,x86,x86:3142191174255574633,false,train
dde75d7dbb5d9279c93f54bedba6dfe5ae48d30ba3a4ddfef09f6944db7c10c3,Mirai,x86,x86:3386193534696329104,false,train
de0bbf16163e1f6a9b647dba6da11110e38ee5e0e2c2976990985265595eefa7,Mirai,x86,x86:5756066657333315451,false,train
de43b6339efec312834606b8c94b775438242a457acb57af21672760a586c961,Mirai,x86,x86:17748562658601563315,false,train
de7b8114b782c1f30d8dad2b00026f37274d0883a435a14dafe63edd7b104cac,Mirai,x86,x86:17703127900075041226,false,train
dea08ef299820fd622ac3adc193692d281b591d4b62104c65c807183503712c8,Mirai,x86,x86:13196132205213519244,false,train
df093413e0832692e642021c690e9c8df12f811e79415f340332a87e5964cee1,Mirai,x86,x86:7113160416173160590,false,train
df2c83adaca4b806c10de14ca21202e00dc7ceceb40434160c36f2731cbda5da,Mirai,x86,x86:7114743998947520118,false,train
df4b89e3ff79fb2f83b477ded990dde9b9a556ab29a72ad4f4b86af23acc40f9,Mirai,x86,x86:2344486332623268855,false,train
df9ee47c783fbe8c3301ed519033fc92b05d7fd272d35c64b424a7e46c6da43b,Mirai,x86,x86:17357388642675533154,false,train
e00412b46af2bb3f98257746853049e2a4047cb2e50257bdef51c67d73afc38d,Mirai,x86,x86:10378023660891742371,false,train
e0534b50575caa91aea0dfb13dd5010a7b2b6f7f826fd146dbd31822ccf96109,Mirai,x86,x86:12347953109344316498,false,train
e070d4dc5169a94f0b555b39ee258d3aafb54e381c488f9b3fc6d2e0ba6452d4,Mirai,x86,x86:15760015247104017987,false,train
e07f8674cdbb6a4a9cf93328c2a1eadb614884352baaf7d7e3485cc9168844b8,Mirai,x86,x86:18032403837944278985,false,train
e0b581b6de07134d5b2950caf48c9d6b3aacb49a0045c1730c54b977c614752f,Mirai,x86,x86:11550013329602670344,false,train
e0df5fc0c5a25a8030128e3f03f56ef509f5c9637d0d26c907e59a092be3f1db,Mirai,x86,x86:5756066657333315451,false,train
e0ec895f3f65821c2d77d0337cd8f19cf733c25c3c764e9706b9e66ce54b380b,Mirai,x86,x86:9578268911722255966,false,train
e1a78b711b984ea53b7bd34ce87fbf9fa877ef13e15fcb72d914d6802d825220,Mirai,x86,x86:16172818162974019990,false,train
e1eb1d1b3c0c7947c3cda800e95981ecf26cfc1c236024ae3df09c7280b6aceb,Mirai,x86,x86:1174320434864924183,false,train
e26efe8bc1aae97533db7c3c59ab7bb847606513a4b24fcf96889c9365e2f69e,Mirai,x86,x86:5756066657333315451,false,train
e2d82f5d29d608079c842c36e0346300b372fdb4a6ef780e28596b3b177ab154,Mirai,x86,x86:5756066657333315451,false,train
e2da7d06094c9cd6b9e8bcd24cc5cb80affbe80d6311c10f5dd0616a4b157a40,Mirai,x86,x86:5756066657333315451,false,train
e41e86d3b692d8c429d978ce358cc2a4a81d8acf4a78c046d00c8f429af02218,Mirai,x86,x86:5756066657333315451,false,train
e49659c5aea9a71e0a52c9f42cbac68966b6ad8ec135ea6a3a7f4529b26e0d6e,Mirai,x86,x86:1938182952533208481,false,train
e4f2d18d45e5d6eedf4801d67bd85c56968ebfa8bc20e6721fe01796a69b844f,Mirai,x86,x86:9792308658356834228,false,train
e52ac861686e066836f279ae7847a5dce135f371d69f1d64ca4b1246c35b313b,Mirai,x86,x86:12175036267614321475,false,train
e52d3120c6bcf7d43712ae637cd65c94714d0a1138b49ca462087dc56a35f042,Mirai,x86,x86:7063387756919251886,false,train
e57cec83c2a5fad529df693771bea3f5a6ffc4d6af889ef38b2f539519c8c0be,Mirai,x86,x86:4997926741965069460,false,train
e5b607c018729b2741d868247d969fcb6be494aaca40828a946acc4322839cf8,Mirai,x86,x86:15176854631770767153,false,train
e6149c4511dbd85727f946db0b835f02ff0ca65f8c0cbb6c77292cc464c4a1b1,Mirai,x86,x86:1551400299750821787,false,train
e627d596fd40bf7c2d3659bf5968ac85d35661e4056aef77fc86a4e659c49011,Mirai,x86,x86:5756066657333315451,false,train
e646c71fa2864ac7a6826a0e8bb526af10badc6e3680dde54b9bc193e2ccb4ef,Mirai,x86,x86:15854516233278621528,false,train
e66910253180a9f12a9a17c003e728321864f9a53bc5f48b68ac7536399638a1,Mirai,x86,x86:17884830148280714428,false,train
e68a42657029c13411f9b5558cd85e57e3e89a595a4483016ec06113f5f10e08,Mirai,x86,x86:17353110501292215819,false,train
e6a2ba498bfccbbf52a253290d7731379aab32878b5750713551f2ed4a3dcb56,Mirai,x86,x86:6052228672186260990,false,train
e6cfc4a896974456dd9b59fe6e8d38feb41dedc4aa95f773ee7b80546a64d54a,Mirai,x86,x86:817175903176634290,false,train
e6ebd010e235a8ceac08e633d1f0ab888577360876000ff05768af55fa6b46ef,Mirai,x86,x86:9443685884963136427,false,train
e730a2007706ec63b926bb541ad207475bebc136e3392413d6dc467a9e8e0284,Mirai,x86,x86:1209206860240696160,false,train
e773d88e6bde7615c5e22d4d52091ff6648a554dc30bd24913f83e304e6f04de,Mirai,x86,x86:5756066657333315451,false,train
e77cc3683b6dd77bebec28a52033d9ad67bb9a8709d9aa4f6fee8466deac9d5e,Mirai,x86,x86:5756066657333315451,false,train
e78a02821122bb21220c712728f91f41839b883ac78a9624270b9c522de85c54,Mirai,x86,x86:5756066657333315451,false,train
e7be2583819c371d2eb76977cd9e7d6b70a1ece956bbd244c0080ff896592e07,Mirai,x86,x86:18361881807193330681,false,train
e7d4de40209e50f02c611cebc4390d150c3b2f152100be67c51b7badf1ca4aac,Mirai,x86,x86:8094949608479779714,false,train
e7deafec74b0c6c53f60e20d1822398acd7175ed06c52497080a8e3f2a80ea28,Mirai,x86,x86:11783581900136075577,false,train
e8304cf7348daa2ddc4b34b1b73c40b2c28aba291759cdbbf2562aca3090739d,Mirai,x86,x86:4017260012164241321,false,train
e866c8f6585c217ac813187c90aba5073286c7fb38d70f7a51b4e3ee13ab85ef,Mirai,x86,x86:8298806068874222422,false,train
e8670d4c4a5b42c7dbcffbcef7789abbc2fb78faf7cac74063b11ed1860b21d5,Mirai,x86,x86:9629423445595547672,false,train
e88d91dd28f12d65303206a881138038a805bd1cd0d323ea91a6267f34420cc4,Mirai,x86,x86:5852895048917630727,false,train
e8b95a2b55379b6dd95e6a8cc22f5db2ec6be4f7618c255994fa89561bd27bab,Mirai,x86,x86:5756066657333315451,false,train
e8dfb7c2643ceae7a139fe3fc5d173117fcae7dbf5f3d55426a3b41402ad82e3,Mirai,x86,x86:5861476170164361880,false,train
e9320bb360e76ffe9b393c30695ca5e2f0cbe4aeaef1ed2df32ac0b820e9fda2,Mirai,x86,x86:2829257228285922381,false,train
e95da363718b982e8f2f37554f43714d3c95bf049a1484eb4a9399c07bd6f753,Mirai,x86,x86:7669461104009767566,false,train
ea0053626ed92f500f8039f91a68d21d3526241bb1add3b5978fbd4acb29cdb8,Mirai,x86,x86:14583164646219154840,false,train
eac0b4c89f56005b9582b39de0b2907eaf5f49b895055d29a98dbfe9b735f40e,Mirai,x86,x86:14049319766544062571,false,train
eaf0b8ed3c9685abb96e9bdcaa220a3b80befd4b243b33c67dd9d86e4ee5e652,Mirai,x86,x86:5731217091417167787,false,train
eb16e1783903f172ccf74dc534089d4bbe4e5647cbb3f210d356c27d92ef7247,Mirai,x86,x86:5184195708738682271,false,train
eb582b1cb171f2cae421e6f2739356c6e95fafbf6646cf3293a9fea51d3419cd,Mirai,x86,x86:3018938930733318645,false,train
eb6e874cfb4666e6ef0d625eed95fba8ec35b9fb6703560d1de79cd2be57364e,Mirai,x86,x86:3660136252284148697,false,train
eb812589966f7cde24f0913132ab7d2167d5b0f2f660973584dd8e7bb92941e7,Mirai,x86,x86:8351789773267263964,false,train
eb9fa7eb37f9e37214a0e1ff73cd71b5e3ff55a7c61d189ce6ef4bb5fbc75cbe,Mirai,x86,x86:12454434732540448211,false,train
ebe3c98ae141c93e8c24cddf5454f3081b22cc74e4b328044a288269333c974d,Mirai,x86,x86:9027526502612195965,false,train
ebfa7193d7e1bccb3dd28cb13f1efe73fe0c7366e4dc1412565180bb300d00e7,Mirai,x86,x86:5568542712062485083,false,train
eccd5b2a7b203397515129290995cdff978d37444c3c32cd8735cb46a68649cf,Mirai,x86,x86:8351789773267263964,false,train
ecee78cd39a265e225f7cd8aae825685f3858692a624463b88f50afd78c7c404,Mirai,x86,x86:9317052757493575889,false,train
ed2dd45e29cb010b6bb9f8daca34ea78d278c23a7d4e6b923877f932329d055e,Mirai,x86,x86:5756066657333315451,false,train
ed48c3e2181f8112825cee371e98cacf87388c7ca0d8da4fa032a1d0f26ac830,Mirai,x86,x86:16555694668373002216,false,train
edf8129f909bd05103b25802a40d867efd8b638ac13a2d266b536c79bd893ccf,Mirai,x86,x86:18338697444538155255,false,train
ee15d18896394bc2ec57f7b25c57dca6efcdead491de3c0d23ed5f76b9f7fba4,Mirai,x86,x86:16027325383337413601,false,train
ee3538cc8761c87c30f6377daec7a0fd8953c196a1a181286add7ca3c1325ee5,Mirai,x86,x86:3187007992837617872,false,train
ee3f8ad5caad0bf69dad4391948cbd558a3293cf1d253ea2f7f5b8e125e48b7f,Mirai,x86,x86:7550675195365434221,false,train
ee6f6adc5cc92a4ca296f8d7a1782949fb87f41038da0f1a61a9336a79f3bca7,Mirai,x86,x86:7499329196928430066,false,train
f020d3d29091bcb01a6ce6e79358c807f4febdf80494f6fe3780453477d4c839,Mirai,x86,x86:13882310035474515484,false,train
f05f5a0f3ca5a02d68ad95133959b4ad363d2c45bfd783c70718b438134dcbd9,Mirai,x86,x86:9578268911722255966,false,train
f079bcb5913e12714a26b689d2d3d2ed6381eedcfd89f6f72ac0c00361c2e70e,Mirai,x86,x86:6180543549620049951,false,train
f09612a2cae9f934aefec339f24881002c1f8371484793f53bce2ae825847f75,Mirai,x86,x86:11247995702884961342,false,train
f1172e18cdf818305e5ebb44cd6cd583a231fc33b0777394b0aa302a97823816,Mirai,x86,x86:5861466754942242804,false,train
f15a473aa2b93c7bdeaf78e64cb4ab501dfabf792739fa9198158ad304b0e81e,Mirai,x86,x86:8218858521538243862,false,train
f167c1bd3f4703c5fb3e02cc41eed567e6d909102c67496dccab8b60ec5a52e2,Mirai,x86,x86:2662411181617495750,false,train
f197b5a88aa716a54cb4bd0b20cb73735e36173cbab13a19dd55232db51770aa,Mirai,x86,x86:4749605285989019146,false,train
f1b1f93883df686d347619b72d379e8bbe1d173a497d05ba31a88c3a6dc03b0d,Mirai,x86,x86:3736394700654197636,false,train
f1c44752f16d34c31d2bf6e522ff081e506415faf45e6c917da33a7a2785b945,Mirai,x86,x86:14136782660448069870,false,train
f1f365482e72786f2c5a9ca5711b3fb8d5bb7210299eff45419b2508b7fd12ab,Mirai,x86,x86:6132887167915666604,false,train
f1f99a1a98e2353260a1b8f5f074175cb43d794ae2a58e6d9d3d24298958cbb7,Mirai,x86,x86:849189912780128581,false,train
f2197cba3517678bae99f6303c59852f788bec84cd55d5062ac89a4212e59cb3,Mirai,x86,x86:3555138199030356539,false,train
f29ab8c5a6b90b5e2de7ad3f099fd5c782f10c39693833adfee85331bf0dec14,Mirai,x86,x86:18139209977613743072,false,train
f2e674392d08722c27f3274509fedc05e57781f91f778e3e600f6ba85afc85f7,Mirai,x86,x86:17612775122504709224,false,train
f30393a31a62d20de6eec59c3a89dbddabc5995015ef05e08a50611590ae7542,Mirai,x86,x86:14587211551302314638,false,train
f369b85a1d52527e06e0639864ce4307bc0a64d04ce5de96cde05b808a4d2ec4,Mirai,x86,x86:10672884074194790619,false,train
f3ad08a9ce254f4efaf4299e37ac24151daf1214df67456936e3b73a5ba9ce0c,Mirai,x86,x86:6258639352313852844,false,train
f430e3c16555f1c041c4262e9346ccee857d0726fb8671d8e0df8b8ee93a9633,Mirai,x86,x86:7451659195707062315,false,train
f4a89208bc0cfa080f731ee3d1c678216a3e4a6e02702080373689e814477ef6,Mirai,x86,x86:4617330897318114259,false,train
f57114cbe43d10c7fb8311a8056738c88501a85aa1df1bbcbecf34e6a74210a5,Mirai,x86,x86:5248360082776551016,false,train
f5da4bcac0cdef97f0172d7a9a4d602ed77e6c9ccf3e72fa499ec5fd8fef1ae0,Mirai,x86,x86:9578268911722255966,false,train
f5e6b3367844ebc39fcb473a54e4deb37f542b5558f99b5d34d9beb48400307c,Mirai,x86,x86:13793770931917600433,false,train
f691144f2b5c71b1256d7493a15b75fd4d931ef63485425948667f243c0aac1c,Mirai,x86,x86:5756066657333315451,false,train
f69256157b89ab273ba9cd930388ba9f3df38fdfaa372ae261f27517386ec39d,Mirai,x86,x86:5248360082776551016,false,train
f6e6922750c52c13a5fa2a08bb481ec8202304a9ff68b459ee2841eaa6c97020,Mirai,x86,x86:17753553649803623874,false,train
f6ffcc8fb83e54f6842e33734f220d8a04ca6b70d46b94d43b27f5ef9f0f1058,Mirai,x86,x86:13248999864660234070,false,train
f75daaaa5f9e3da084c7cdcafc7efd130208f3d790fe741441999ba40e58fd4b,Mirai,x86,x86:13272769963170057031,false,train
f77112b60f9759b85908b6b3b84d2f99bfabfa31d25bdf134e4673f6173add66,Mirai,x86,x86:13562157239886879982,false,train
f775fbefd700a35a488ba47641ae130aa4e4b4d2e248617227c69bae4b07c876,Mirai,x86,x86:8586839217281859969,false,train
f7c58a927b0e65f18a981d653683eef20173742b4057c8c1c35397d1c6857d52,Mirai,x86,x86:3240990549022675211,false,train
f7f258663933f8f9e094b82f7246297763a6b65138ce27327e13a55917224b87,Mirai,x86,x86:7916246314158342990,false,train
f8864a9ea4a6911c55e7ccf07caa18340d9c36bb5d8d56c9e62016546aa83953,Mirai,x86,x86:17370223054217239361,false,train
f88854a759d058b3d871516ede370339ba1a4a08e62054b6c72367eadd1cedbf,Mirai,x86,x86:5756066657333315451,false,train
f89add2b3cc5cb2310aa7b034dd52644ca05d19cde52e03e07c51056e0000a7d,Mirai,x86,x86:5756066657333315451,false,train
f91120203b74b43e5dd505b7c35efc40652beae809bb7844b012903bac5c9160,Mirai,x86,x86:8745454821309429172,false,train
f957079f06cabd04fc9cf24ee38314d681b919236efcbf92a6c9af1ede88c07b,Mirai,x86,x86:9268866384996272191,false,train
f993f67a2f2c9c535f4a369719f19ba398a2f6bc13cd39cbe10056695b724a4b,Mirai,x86,x86:1602579118555266232,false,train
f9b2aa92ed311468d817a5fcb7d30e490dfd9f1e6450d06d272e97babba162d7,Mirai,x86,x86:5756066657333315451,false,train
fa2541dac4f87ab50f1c9f49bf48b9795d56f0da1a06a0df54de40d4a23a9ec7,Mirai,x86,x86:6125291540667233276,false,train
fa31e4b45fd58c6382026b22789d090ba3e99121df213b1da3143b47a11aa274,Mirai,x86,x86:2662411181617495750,false,train
fa5f201ad7bf7e13a9eb92319bd17be36636816a644932358253fcad602b66ea,Mirai,x86,x86:13632173590891086643,false,train
fa74426bf755a453ace0703bdab27e12af077961eb80c1207f6e91ef5e9a41fd,Mirai,x86,x86:5114501263909073193,false,train
fa805d21722324e9ee86195ee16f68ba69828f1c5f08c6aff6eab3e80db2f129,Mirai,x86,x86:7679597411362753601,false,train
fb22e29a983970d6d2768d848d679e17b19cd2eb34de33bfd00fe5f68c14d59c,Mirai,x86,x86:9383431535636206747,false,train
fb32444e8e73bf5c8b9f41dbba7bff0bdfc5a9d8ef9abdc71ed93dd3b8210fcb,Mirai,x86,x86:6604581299070642,false,train
fb90450f325ede356632dfab1901634ddd8e1f9f5ef01878c4cc5cfc264beb05,Mirai,x86,x86:3730320048786635364,false,train
fbffe5fed580caee10c3b770ad7001fe0e6ade61967a5f6e0774862743739567,Mirai,x86,x86:3093022714452639308,false,train
fc300b5f6de6eda3b62352d1068e5e4312b33816fea8daa4a45bb618aa66ee00,Mirai,x86,x86:14869428132228691105,false,train
fc33a5e8060b7aa373021a418e0fff934791b9156f1dd15ab147c986c224d847,Mirai,x86,x86:6052228672186260990,false,train
fc6df441c4a3446d29ed3932043265d94585f02c1bfb95c07743e2c80b035adc,Mirai,x86,x86:2652179220038359410,false,train
fc7c99049ddaf6556689a542906d155269a3729f09d2a91da1759bc6ab35c18e,Mirai,x86,x86:12852804852736840588,false,train
fca78dd512cdd03cf13c85740364217867190c5c5e67dc8262964a9fcb766bfe,Mirai,x86,x86:17679071359069744601,false,train
fcb7eae70ef67c35e39d7695adc820cc73675eb7254d7326480f4163b40cbc5e,Mirai,x86,x86:17915885628077645963,false,train
fcd716aa491fbb0ca34de6700aeba0dcc3c79e90d9f4701d0537967738e88007,Mirai,x86,x86:5756066657333315451,false,train
fcdfc7569ac0ac423fa8f066f2009879c9a0497540db044aad5df8dd4b9230a7,Mirai,x86,x86:500279157401577815,false,train
fd7b9c5fcb87c00fc6575541be140906fb5b49f2e955a8f5bf098092af375f6e,Mirai,x86,x86:5756066657333315451,false,train
fd9b50930a533e0203aea548c81b3cdf7423206e787678e3484bb007491097e7,Mirai,x86,x86:7582514051515212744,false,train
fdf1c3f78a7f6ba8a8ac8ed6bd00cc599e43f5428a32373cb8c75a9d3cfd05be,Mirai,x86,x86:12351801460192365368,false,train
fdf2160bd9d4ee27ebc32d2cd19625c5749292da56bc11c0ffb512d1cac2451e,Mirai,x86,x86:4086987016584162815,false,train
fe140c321316abcdf1ec3580b9bfaf25675305e2db9a308dac500730484c817c,Mirai,x86,x86:10378023660891742371,false,train
fe391b02471d4132e77107d93429870356a7301e19ff1327d9c6a9f179ed5ee5,Mirai,x86,x86:11808608514407304839,false,train
fe50f008d93bcc6ec96a6dab9a9e8db57ee2f89d7c85cf119191446af2287628,Mirai,x86,x86:5756066657333315451,false,train
fe635fd6e131451a6ff384ec58362ffca5549a377a095275ef24576fc2981e87,Mirai,x86,x86:13291304501239747753,false,train
fea708016b5e264fa5fa0f22ae81440f4fe443eac5317775307fcdb1bc51ba5f,Mirai,x86,x86:5874185563243525850,false,train
ff036fa7210a84a7e7a75e9bb9d868db18d6cb72b909dc465e107928f92a57a2,Mirai,x86,x86:7090906742471951618,false,train
ffb7953e0fa3df2fc24a5d46bfb3113608d0fde37f6a83225d16c05a3ff49931,Mirai,x86,x86:2474614648053420022,false,train
ffcbafbee2f5391cf1fa7f9f28cdac58cc4e2e4fb51afbabbb250757984187da,Mirai,x86,x86:13448811109683257403,false,train
fff10c2029353481ec66aea8bda4b3c9277342b0e3df8fc481cba69ebf5ecf9c,Mirai,x86,x86:5756066657333315451,false,train
005d6aabb8a032a71d2960e01ef413260fc07c666dbcb488c16f352b4efbc193,Mirai,x86,x86:9877469663392877626,false,val
01ff685ca7dbdf59bb18a70f33cea6c3bbc20a38afb16e1a8def26dec3a18ffd,Mirai,x86,x86:11779772399697386276,false,val
02b90819a64ada54d90785167932c1ee1777d688cbdded608699aee3e61e8047,Mirai,x86,x86:15880711171443852719,false,val
0369cdc19c292c85173fbe5bdea31138f4d27b819dde32d27157dd68d277616c,Mirai,x86,x86:4555635418231978199,false,val
03827ca26f1817e157b0dfed983546dba6e55b3234683710e0876d82020283f5,Mirai,x86,x86:11729735891851967716,false,val
03dab45f8a235a3f6cbf34ef64d8408855a3abfe3b9dcf8f03ce52f5060f438f,Mirai,x86,x86:14289428834360243045,false,val
04623ccff10b6eb89d2be7b15ca97dc7417f26075fc92875ed1f074bfbaeb8c0,Mirai,x86,x86:11630609021834657683,false,val
058e2490bd41503bc91204bae977c8fbd4db2cf157be46efa8d9b8b97d81c1f7,Mirai,x86,x86:1255877377417518989,false,val
08209f1e34d8ae3b0e442979e7a72d55b442c88a35e98612a4547748a8fd565b,Mirai,x86,x86:472388484598929211,false,val
0899128b71751af8692700ff90054f52b03495ca9e61942bba691a27959b7577,Mirai,x86,x86:3963570053854803624,false,val
0aecb6503b9671bbb5b1d5cc3536a26f855e7dc0ec2b9e9d8a20a860cd34bf0f,Mirai,x86,x86:14048137721854844366,false,val
1584dfde7bd0095c726c23790b6d98126a4fcbf1fd2e81ba2cd57d6be6f7461f,Mirai,x86,x86:4854265005660714662,false,val
18222c09a6a2d2373204a968967872b0ffa8addcfa76fcc027c81757aa8dddc0,Mirai,x86,x86:15463815185222955299,false,val
18936aa8f1cbd182bdbeac3b4f40692ae38adf3b153576a2c241fbb7c3f8404c,Mirai,x86,x86:3263587043187912496,false,val
18cd8c67494fd0312b00952819f97e7e3a196ea0a7030f28204f63b014d67212,Mirai,x86,x86:7130073733852871949,false,val
19e030edf5b121d1e6117d08270e55cace2c88e12d2e63d80d855e9b7fe30cb3,Mirai,x86,x86:16444647793126108055,false,val
1a0e5c4d6def5c4596fc63b17a8b154d39b616fe1c644ee6d1c340b1218be162,Mirai,x86,x86:3055126540585360190,false,val
1c408cb20b128eac2bd2df69fed3d8ea01147df905f1052e8200181f7b95f498,Mirai,x86,x86:6143381431425713275,false,val
1cbe0cf088463bdee5c670150b5a33ce07b8083c14b3f8276ec57268a32210f8,Mirai,x86,x86:3044515899612909302,false,val
2177b3f3f5e36facfda426ff825c2ab69782cc0ebdf9f401190180ca28b3e8f4,Mirai,x86,x86:4587227287291915026,false,val
249399f5675bfe30a9336957886a75c2dc243ce4d25d15a58c7307d5e3f2bf7c,Mirai,x86,x86:13917692791477298671,false,val
2764dba078e08010005a8ee8fd9c3fafd2662b03e8e897cb4679e1bb526d307c,Mirai,x86,x86:8724692397054964169,false,val
29b5030fcdc937d161d8fda4f74615e3868a71d42a83ce6c95a777776ebc3100,Mirai,x86,x86:8037091795973924534,false,val
2cc69be871495144c40119e659f13bf330e5ad02599a6753901795a04b2b8fe4,Mirai,x86,x86:15914208356409533218,false,val
2ceda4b8d41b0e0066a795cf772f0122be3a31b0a35a6b18482f9a2c04581653,Mirai,x86,x86:11735475367072301753,false,val
2cfad9418c8558f2ea91abfacf2bded666f225d6ac96c0bb8b309518e07a9d16,Mirai,x86,x86:4991708782595101763,false,val
2e514b73ced641aab2657f69d255f1fb1bab91bec0e7b8b183ffb18c1f219312,Mirai,x86,x86:11754688213507043074,false,val
31935481ce3c69f7c275222efa5d8ea97a32337c851229020452804a6adba769,Mirai,x86,x86:12512875590050402253,false,val
31c8b46354df03310f0cafef45fbb2f8fb741a10f98c9aebcd52321b729b5623,Mirai,x86,x86:2990136183376822826,false,val
31dbbd3ab63ecaf9dc043662ea1949f6b264f23038661ab25b2471a8b535213f,Mirai,x86,x86:16040698523656318896,false,val
31ea16ea8f0dff42c66b60821689d659aeef0df7f9939c130b8ebf8a33759cf7,Mirai,x86,x86:2772118523698718586,false,val
345251267d03985a91e62e48fdb2364d6c00b83ef813311fefd1201a059d4367,Mirai,x86,x86:3553619551460377631,false,val
38b2f7cabb3eff70fb94538b152f8008657b9b23f71d0b327d3ffb57bb08f324,Mirai,x86,x86:7643174226595681135,false,val
3949c46488bce6a7934ff020ff1bb3b7977654f0f268a2dec92a66b341065e7f,Mirai,x86,x86:11794627202887436755,false,val
3a5a46c8742fbc8979745c9ce1f7d5047a8e00775f346b1cd5dc22f1557373a6,Mirai,x86,x86:10266447197922801219,false,val
3b397fcf8f3568dd303efd217f87a291e672e63987f024062457ca707eb347e9,Mirai,x86,x86:13365708473771736164,false,val
422c0efc3359da55a76f1e3026da33b4989396dac7e60969998f4bbfe48ea57d,Mirai,x86,x86:13864328664284919237,false,val
44e3a5743acdd666e75eac76726c7e667bf04119f2a153b0b4eeed680de3055b,Mirai,x86,x86:142467697586657143,false,val
456c45d637096f3715ac2313886c205e9fa902dddf0a08c366c9f4fd1c313f87,Mirai,x86,x86:10723409093859045769,false,val
48375e9d21f1ea03a3a1cee83766b49bdd5ffbea762382bb18a89835f35ac651,Mirai,x86,x86:5357730328148281405,false,val
4b4f335d86770cbb34a35e0d2a5d60567ca1f9180f7c87b5d24394692002f11d,Mirai,x86,x86:853820492617066235,false,val
4beb12afef07d5bbe0049879a09a72309e63f75cf8f3d11bb9f092f7c56b0982,Mirai,x86,x86:16433444412435541351,false,val
4f2e751d36fe933c45b39a747099012d151d5e6710bc5052bdf44b1b56c59e01,Mirai,x86,x86:7530583011102254905,false,val
4f75a1d3f49dc2c02f336c2058c39edda1fda9e6f71f1b8855b581460ab69a06,Mirai,x86,x86:1966833051986311892,false,val
52dddb367ab06c91d65688d72b43bb5773c5594b9b64b93db44d2ceca5dbb1a9,Mirai,x86,x86:2051897231736782582,false,val
54bc6dc9682e2e9195c7d46c4c1bb06ae96a4df6ccd0ccb722a5e9885d17955b,Mirai,x86,x86:8286758557129083239,false,val
554a4a8ee48669b70d4af016d330739c387c5d850fdbdc331e55b69a1af11b64,Mirai,x86,x86:179898131139680214,false,val
569420b63be67dda8f5553bec273e5da9875022db6853cc83e7d8ea97fc734e9,Mirai,x86,x86:17843995800643232431,false,val
571e6d7d43628da2db49b3bd5946f5d1a19bb70f4d7e9cddfb7d191ece347e22,Mirai,x86,x86:77544517841202851,false,val
576638bde56c98ed0965a3d186e67f648cb2a23e669da3ec208e907204e4a031,Mirai,x86,x86:1135680511101178095,false,val
5773936b717255c3c4e4c7b94c8ff6447eba88cc5e2390461cd39f5522257902,Mirai,x86,x86:12496621418360447963,false,val
5a56e8031d31c3a0ab3471f5e69fdd29dcdb49f69a9e05d21c6f2963e887241d,Mirai,x86,x86:8982463771039841970,false,val
6040a7843e23ede23a3cad7cf2467fcbe7696535f3360d412e63aee68e90e62a,Mirai,x86,x86:9477911049145819891,false,val
61809476d73635c072c614ab25082fa7ca3d167571c29cf7babd404aaceb1762,Mirai,x86,x86:9867072091941012898,false,val
62643c5fb4d0c0c0f4ad6b0dc93ee77ba6f2925cfd8a8e1e5d9d76d01c751ab4,Mirai,x86,x86:845786172817821369,false,val
62fe078211affd2fb56d33100adfa21b876efa5636388260be08b2c6154d54cc,Mirai,x86,x86:3081754572856937568,false,val
64f9934d3a419cf3c4414a415ba75e7dbc8acabe096dfb682df798a9c92107d1,Mirai,x86,x86:9448566804728188698,false,val
65703e38b482033606407b43552533bc7ef3b142c9ea5041d8ba586fc06aabe8,Mirai,x86,x86:4548632440544214964,false,val
66dccdec81b69c25ccfa292d8281a9715a640e45ae0989502190fbcbdcc19658,Mirai,x86,x86:421093029693445075,false,val
69845ea299df146eddfa8b0d62e9c51915b5f61bff5a060d4b6181fb5cb721d6,Mirai,x86,x86:1906772645750824985,false,val
6a0c203b87be0a41523acb0570ec8dca5684c17ea6f36051a17f2c8ef94febb8,Mirai,x86,x86:8975155165170418400,false,val
6abb61b704e804c5c6124603172effbf8d36e2480620a666d0062825be7263fe,Mirai,x86,x86:17049791063497397312,false,val
6ad54dfd6689c99811f80f1b1813005969bc177e500c61a7b8581d443e2d8e80,Mirai,x86,x86:10454904954737787462,false,val
6d90167b13a74aa44bab85f6d2fb1dde33694ae2257cae1daf35792b6057ed97,Mirai,x86,x86:10855974167660385498,false,val
6e064b3a75b9e697d404447514a0816e4d687a7e17b9dd272e5912bcba22b00e,Mirai,x86,x86:2672441569467414024,false,val
710cc1ef01b59732c53b2a1166f0ae1e0b2031636b478977585f1ddc1d6191ad,Mirai,x86,x86:17566109381641324857,false,val
73618a35f44e26bc9befa104bf9e22161b3dffeca612b0b2e695b8797196213a,Mirai,x86,x86:5483105272360707009,false,val
743f35d0ccfc2b86dab9e1594334342a8c47ed5595781c560fc947aefe0b2b7d,Mirai,x86,x86:8286758557129083239,false,val
7488d7df54ef208079feae909f497c9ea80c43435918d59a7a2a82ea5ffe9f61,Mirai,x86,x86:3519075781592101159,false,val
74c361584f948b4bdb9bd5b8c8dc82707e446808dc4203bb0f953deecc805158,Mirai,x86,x86:213210970382044247,false,val
752393d42689c1633d1fc07692a420694a4e3fceea17ea86e5da22e7db5bbfc4,Mirai,x86,x86:3512487667778078405,false,val
7819e2587042248922606a5c24f728e643d83876b328f07bbf5998fc392e7d8f,Mirai,x86,x86:15794285224886919852,false,val
795444cedf657f1d7286dd07e82bcebca7783cfb200c76ab7a8ae69e289c4b74,Mirai,x86,x86:4354633788999420021,false,val
7acf46e76776b8a625ea0bac9e2ff54514b3103c095ee3a14e6fe18dced2c4b4,Mirai,x86,x86:17502456506740126319,false,val
7b40dd6fd6a6e536ef51819230207466d6e478cdd8876007e557b28640fd8274,Mirai,x86,x86:1906772645750824985,false,val
7c4075075717feaabafdafd5dd0fafa706facb061733e5f206de7d71cacb2828,Mirai,x86,x86:15812362033104372319,false,val
7f82d0556923c5b7fe21325b7f275d89db8f7d4d50038344cc8849e44ba0a10e,Mirai,x86,x86:17954584910843466599,false,val
7fbb48c63c4f37f04051c93c9fafe0d79fd50e22635aa40bcf6c3c9cd9d2ede1,Mirai,x86,x86:5042773308828133332,false,val
84e2b03c53cd46d945814cd42e91390313e73e621053a4acddf175dc4abc6b87,Mirai,x86,x86:16048411886576914874,false,val
85908a8d442c294ebb47dd9077af10b8fc2f5862cbaef9b69f1d2599357d2e7e,Mirai,x86,x86:2956939987047665046,false,val
87a670e2d3a215ecbaaa5bb65b920e49a99066a16a1171fbbfbb6025fc9b3ccd,Mirai,x86,x86:10855974167660385498,false,val
87f30900e392649f4d9a833766f01b3a4aa838f45310a19446886829be18c72b,Mirai,x86,x86:915217018933039801,false,val
87f4f40f5b545fdaeef47067cc8fc252637d5111c29abc7306763ea980c0c25f,Mirai,x86,x86:17637861745399076238,false,val
88a38fee5d86bccd5774d892f10a20f6e072c177bfaa70e150aa68daf4af0e69,Mirai,x86,x86:16914830371204385684,false,val
899366573e547e47c0a243b18f15c4ce9699146b956cbf77e5c285be7d68d5f5,Mirai,x86,x86:4213056097677617818,false,val
8d507e5358049fac355f4c51ff18178bb5847f8e008da6897f8d1643e681f922,Mirai,x86,x86:10621551604603989667,false,val
90adf9ebbc00bafc7ab286961803b8d99bb16bec99d114446cfc1306bd759520,Mirai,x86,x86:9747758391572239666,false,val
914b1fd396717b02ad84afc8e3e9753a60d158f2961c7eefaa2a3954b51c77c1,Mirai,x86,x86:4339269923327742874,false,val
940254023092ace6dc627e84b173f19091b2307fde534a1674a375ac5d4d981a,Mirai,x86,x86:10240693926209152138,false,val
94cd662560827c7c3048e4832791910195d3d00838c2feadf7f614a0cb6c377a,Mirai,x86,x86:17428685608679402199,false,val
9530f887d9cf7e67c0f9397a053b54378340baea0f3343906fdee38750134c44,Mirai,x86,x86:12479239750793196123,false,val
9628f98bece476fa2df5cacee49958a19ffbdb1a72256d49d16e536797082752,Mirai,x86,x86:13992381960325267773,false,val
99188362471cb324a94175d6d0bc5b85e554b541870a98a52cec554be4e74190,Mirai,x86,x86:1213446482304282264,false,val
9b7bfac717bdf629f613acdc9685ca2d1632c8f215a187de73de18af74b1ab0d,Mirai,x86,x86:10906528155820591176,false,val
9ed4cd0e9283c968f3c9a7704a3c66d2a8622e17d57c73e2a22ed6594e145c8c,Mirai,x86,x86:3827765462915759645,false,val
9f3bafefa88f2f641dcd2c96ec87d3c4bb3eab5fc1ae6e8f0441542203febb75,Mirai,x86,x86:2966824781742573065,false,val
a1cc37c19473bbe08e34ffde3cff181e8e26cdf1809201e3de10d780ec41102c,Mirai,x86,x86:2249141481049090480,false,val
a3816f5a99876219d1cdd3cd235c911e94ee94317a7a723e59631a99935e32b7,Mirai,x86,x86:11348188882035152819,false,val
a382c53e45b14ac05c60b7876ad6b595af5426b6c241a20b6a71b4f0aba53821,Mirai,x86,x86:16020377995776431352,false,val
a3d0a411d1c3509552684413e83622cff89c1f4fcd57b75509336e5f02f1637b,Mirai,x86,x86:14034947538876972769,false,val
a3f8f798f52a4363c10d9eb260a6162c099a359cb27f72932e09af3aad583d01,Mirai,x86,x86:12701261164848964535,false,val
a54a4d0662ffb14d642b726631221b9fd293fc888ed33907c1a0b6a5663b039f,Mirai,x86,x86:16465274069146006417,false,val
a8f54e6d4c7c1e5318aaf711ee8e9f5e30bac3944cb32b379e9bd49d2ed3c705,Mirai,x86,x86:8807722598846545786,false,val
a9e76fd0b12c5f07592523fc2a1e62d3bf013a3a3d2e70b4833925429b9d69d3,Mirai,x86,x86:12774080462860602463,false,val
ac5eb77560288723d3306789ac7d02bea8f5a733ae4e8b087c49554aa1df25ce,Mirai,x86,x86:1758347080406814340,false,val
ac90b5f319e129c8232e33cd3fbcdf8d143d8483e59e97f4ffe35678f8ed9632,Mirai,x86,x86:12149640407302671726,false,val
accf92b6c4c77b61e4c23798af45eefa69d43e79ce5b470a066190d711e9b9d4,Mirai,x86,x86:10855974167660385498,false,val
ae0b495b71d583fb126859044476a6f05a92d59af66270f837cf38a337b41769,Mirai,x86,x86:13433506833069016765,false,val
b00c8a10423a88eeb959975bfc7796f341c136731cfc343a28f582b02d2a8616,Mirai,x86,x86:4949321729753165132,false,val
b2ff78122a3dcafc3a4ee676cce88708b1a55b440eadae35ffdc1ff62c6a8f36,Mirai,x86,x86:991589297197115968,false,val
b327504540f49c0fcb2fc2b5ee100974459d8b1178598defa4f80715f3601722,Mirai,x86,x86:14497236378226941574,false,val
b485e38c915750861da5ca6390fef1d7c9187af946156b15cf1edf0824d74124,Mirai,x86,x86:16301225489586862294,false,val
b7a3a8556adc1a4f412d7f04a497bc85130940e8fa15a507d50a8e933b5b9b15,Mirai,x86,x86:18160143888295633386,false,val
b878fabe2a0661d67446febf42282d74431a37a6356b9f733c67a8dcc6720da3,Mirai,x86,x86:15757336408838104476,false,val
ba6485f044ad2e70db69735ab78172ba0c3964641af35d4ae1920a709dc32d30,Mirai,x86,x86:7389644435494629546,false,val
bba3069d33bb53fca1f598f481877f3affe38cca2accf17a83c9b6302ad4da40,Mirai,x86,x86:2546124655267013515,false,val
bbfa89a13a95585f9b1d2430defd72711548d1dd1499eef2bfff9d8ef539f5b6,Mirai,x86,x86:9754616083512753949,false,val
bc7ef3a55598fa507a3c735ce7ea8f400a043a91744d5fded179851d332ed6e3,Mirai,x86,x86:18241451868263488009,false,val
bcf40d4bf9e24d1d1549214f92543aea55b4775264dbcbc763da645a436d35b2,Mirai,x86,x86:12793761817292748348,false,val
be3b14c409d4d1ef8db7b16a1c65577074b9e19b23257e800dcbc648c5ebe2ab,Mirai,x86,x86:6917752751844298178,false,val
c0549f98fe2ce52c6276f87f751cb6023357ab8c7ebb32ccc0e31343ce62890f,Mirai,x86,x86:7829874803465267488,false,val
c1de712842f39515d7b21ce31e269d7608be37f22f7d3ded9de5f27f925c2b51,Mirai,x86,x86:7896984464727318202,false,val
c3f16e35d284dca5dadde47a777d3415c43e2bf6568b79ad8f3df97df43d2061,Mirai,x86,x86:8783635358706332858,false,val
c5f3a5589e59194c7b8e91a205f00195be0fdd9c7661ff73a9133d0bb1d3f884,Mirai,x86,x86:951069098626158948,false,val
c629a08fbc14bb147036eeaac96664db65a1cad2a2b40188253874a57aad5efb,Mirai,x86,x86:17988889626071277576,false,val
c6d57c94969c8a6df8d1b6694838d773a0dcc2dd6583268cfd27b0bc2027e0e8,Mirai,x86,x86:8840963217225298514,false,val
c87763525cebd531d69fb2bc7d548f85df010d85db7bdf1237421c24d072054b,Mirai,x86,x86:8431545876170401959,false,val
c92e14e129e2af54e37c90b225ded304fed40ae186241f6a20d9ee939c8c5dcf,Mirai,x86,x86:15665241788954617682,false,val
ca069bbf45904ab6926fc9af9285cffe2f581e2cf0ac072a02530a6b268bf47f,Mirai,x86,x86:15776086029436895764,false,val
ca2d12cf30d5005f6649d14a4c7802a39d85e5886a68d1f98ce46a490cadf022,Mirai,x86,x86:12123851350388371055,false,val
cb0464f8b4b3b9a4e0296ed880efedebcf2e16522d9b068259691836d23576c2,Mirai,x86,x86:11098008734301549810,false,val
ccf9d897245c4fc71a724850cb363851c179ec827f0ef9fa1881de34107969e6,Mirai,x86,x86:8645838559872124172,false,val
cd80caa060b02d952748f3bc9e72eb7a1f1ac2360e787b607bab52e92c41c759,Mirai,x86,x86:10260151746152631047,false,val
d49bdcab07c46a746fda3003bad05c757729618f66a23c523b069115c08abb0d,Mirai,x86,x86:4627745565303016438,false,val
d6e0999301e1f57c07baf89be158f8e760ec6a3e6223cf82f37db2ff3eb0feb9,Mirai,x86,x86:17764236101482828058,false,val
e20d3c720d42d07d3fa3a4e4c42fdffc25abb685ba6bf10ebcdfd4a1e4d8947f,Mirai,x86,x86:16735813025615172805,false,val
e218908ec858f71ec4d14f97c8ef2dfb6b673edb1e0e8bc7b781fe8e5a505e4b,Mirai,x86,x86:2834796587157531058,false,val
e257ab5c12b20e280e44e73f0143b1097e588cd5f1dbe4f493bbea09e0a377ec,Mirai,x86,x86:3677486597029112890,false,val
e43ae82cc0209f0e1f500f07a862c089af265bf48d776d9313fc393dfff3b353,Mirai,x86,x86:16777598259007620145,false,val
ec4f6da7fe3930949710b8b88ec67cf8be0ee565963c0005174b895cd2cffbaf,Mirai,x86,x86:15501133090533647839,false,val
ec5f700f5a2075a02d6332c2212033ae67db59009520cb5825c20fa098048771,Mirai,x86,x86:3503325536248877870,false,val
edd39e5289dfd243f5c8471c958144642616095fcb53af820138b295aa62f9c2,Mirai,x86,x86:762127603145261602,false,val
ee1a5f585d13d7717644691c92f381505b61f1fc00bc26aece1246a6ba043caa,Mirai,x86,x86:11974493156301679494,false,val
efb125512d080c13b0e00e088f82834ff98f6f6aba219a8cf7a58ef91998db93,Mirai,x86,x86:2500961935144168912,false,val
f0c67e76fd118c15f4239132c3fae89d71512c1caa661701d8464d249e161aee,Mirai,x86,x86:2615895455063028401,false,val
f24765153445bc6ae280b345ae9d679abe3d94b0fa2236b2fb0f050ebd46e8d5,Mirai,x86,x86:8540990295956004529,false,val
f42d2af00baac02affc7234dfecf4d86926dca430d6af872b23ef5418a12de21,Mirai,x86,x86:7919482799193931780,false,val
f476d63c9c685ca86a7ea19b09d4875a0f836089ad5aec53a169e87b32f67cb6,Mirai,x86,x86:17406262008058650733,false,val
f5f4a33ff3cf8a131a92dc638ea90aa37caabd11cf5a2e59ee1957f3dbbf8c9f,Mirai,x86,x86:11969791003909904481,false,val
f8f007842f71e53c24c30522774ca1ef6d1d7ed2dc9feb7d8441f419c874cb53,Mirai,x86,x86:8908655974652137123,false,val
fb7daad3ea646a226dbfe74d2df0e3f36b4e97595fd1fec2f09272ce80b24ab1,Mirai,x86,x86:5672480837451473205,false,val
fca185b5efc7e5df44003d8612f179414eadb71c31386c707a7e6f1f8809790e,Mirai,x86,x86:1189612996534053474,false,val
fcebed5e734c487d2a5625f94d5fcb5a914419e0d5735cdce6f7b54c95aa84d3,Mirai,x86,x86:1473773033507393355,false,val
fe2197e6b4eb6288e64f76ffbb47197f210086a4fd9de75791b0df1f7668c3f2,Mirai,x86,x86:5873931773973303824,false,val
fee146111238834104ff4ebaaa8bbd0a38f22ba65b591a3c4a5ab2737a8a0c14,Mirai,x86,x86:3197466417758665080,false,val
ff5e7f0752b705531e6b2e3a763232f9b6f93f4eb4458626c6c8d654f33cd005,Mirai,x86,x86:3139215443335468308,false,val
